[{"meta": {"id": "a:1", "uuid": "984dbd18-813e-4d60-9221-17a1d888bec5", "sort": "010001000", "src": "collegiate", "section": "alpha", "stems": ["a", "a's", "aes", "as"], "offensive": false}, "hom": 1, "hwi": {"hw": "a", "prs": [{"mw": "\u02c8\u0101", "sound": {"audio": "a0000001", "ref": "c", "stat": "1"}}]}, "fl": "noun", "ins": [{"il": "plural", "if": "a's"}, {"il": "or", "if": "as", "prs": [{"mw": "\u02c8\u0101z", "sound": {"audio": "as000000"}}]}], "lbs": ["often capitalized", "often attributive"], "def": [{"sseq": [[["sense", {"sn": "1 a", "dt": [["text", "{bc}the 1st letter of the English alphabet"]]}], ["sense", {"sn": "b", "dt": [["text", "{bc}a graphic representation of this letter"]]}], ["sense", {"sn": "c", "dt": [["text", "{bc}a speech counterpart of {d_link|orthographic|orthographic} {it}a{/it}"]]}]], [["sense", {"sn": "2", "dt": [["text", "{bc}the sixth tone of a C-major scale"]]}]], [["sense", {"sn": "3", "dt": [["text", "{bc}a graphic device for reproducing the letter {it}a{/it}"]]}]], [["sense", {"sn": "4", "dt": [["text", "{bc}one designated {it}a{/it} especially as the first in order or class"]]}]], [["sense", {"sn": "5 a", "dt": [["text", "{bc}a grade rating a student's work as superior in quality"]]}], ["sense", {"sn": "b", "dt": [["text", "{bc}one graded or rated with an A"]]}]], [["sense", {"sn": "6", "dt": [["text", "{bc}something shaped like the letter A"]]}]], [["sense", {"sn": "7", "lbs": ["capitalized"], "dt": [["text", "{bc}the one of the four ABO blood groups characterized by the presence of antigens designated by the letter A and by the presence of antibodies against the antigens present in the B blood group"]]}]]]}], "date": "before 12th century{ds||1|a|}", "shortdef": ["the 1st letter of the English alphabet", "a graphic representation of this letter", "a speech counterpart of orthographic a"]}, {"meta": {"id": "a:2", "uuid": "88c7b8f6-0652-4503-90bd-152ee40eae65", "sort": "010002000", "src": "collegiate", "section": "alpha", "stems": ["a"], "offensive": false}, "hom": 2, "hwi": {"hw": "a", "prs": [{"mw": "\u0259"}, {"l": "for emphasis", "mw": "(\u02c8)\u0101", "sound": {"audio": "a0000001", "ref": "c", "stat": "1"}}, {"l": "Canadian", "mw": "\u02c8a", "sound": {"audio": "a0000003", "ref": "c", "stat": "1"}}]}, "fl": "indefinite article", "def": [{"sseq": [[["sense", {"sn": "1", "dt": [["uns", [[["text", "used as a function word before singular nouns when the referent is unspecified "], ["vis", [{"t": "{it}a{/it} man overboard"}]], ["text", " and before number collectives and some numbers "], ["vis", [{"t": "{it}a{/it} dozen"}]]]]]]}]], [["sense", {"sn": "2", "dt": [["text", "{bc}the same "], ["vis", [{"t": "birds of {it}a{/it} feather"}, {"t": "swords all of {it}a{/it} length"}]]]}]], [["sense", {"sn": "3 a", "dt": [["uns", [[["text", "used as a function word before a singular noun followed by a restrictive modifier "], ["vis", [{"t": "{it}a{/it} man who was here yesterday"}]]]]]]}], ["sense", {"sn": "b", "dt": [["text", "{bc}{sx|any||} "], ["vis", [{"t": "{it}a{/it} person who is sick can't work"}]]]}], ["sense", {"sn": "c", "dt": [["uns", [[["text", "used as a function word before a mass noun to denote a particular type or instance "], ["vis", [{"t": "{it}a{/it} bronze made in ancient times"}]]]]]]}], ["sense", {"sn": "d", "dt": [["uns", [[["text", "used as a function word before a proper noun representing an example or type "], ["vis", [{"t": "the attractions of {it}a{/it} Boston or {it}a{/it} Cleveland"}]]]]]]}], ["sense", {"sn": "e", "dt": [["uns", [[["text", "used as a function word before a proper noun to indicate limited knowledge about the referent "], ["vis", [{"t": "{it}a{/it} Mr. Smith called to inquire about the job"}]]]]]]}], ["sense", {"sn": "f", "dt": [["uns", [[["text", "used as a function word before a proper noun to distinguish the condition of the referent from a usual, former, or hypothetical condition "], ["vis", [{"t": "{it}a{/it} triumphant Ms. Jones greeted her supporters"}]]]]]]}], ["sense", {"sn": "g", "dt": [["uns", [[["text", "used before the name of a day of the week to refer to one occurrence of it "], ["vis", [{"t": "Christmas falls on {wi}a{/wi} Tuesday this year."}]]]]]]}], ["sense", {"sn": "h", "dt": [["uns", [[["text", "used before the name of a person (such as a famous artist) when the name is being used to refer to something (such as a painting) created by that person "], ["vis", [{"t": "Her violin is {wi}a{/wi} Stradivarius."}]]]]]]}], ["sense", {"sn": "i", "dt": [["uns", [[["text", "used before a family name to show that someone is a member of that family "], ["vis", [{"t": "To be {wi}a{/wi} Kennedy is to lead two lives \u2026", "aq": {"auth": "Margaret Carlson"}}]]]]]]}]], [["sense", {"sn": "4", "dt": [["uns", [[["text", "used as a function word with nouns to form adverbial phrases of quantity, amount, or degree "], ["vis", [{"t": "felt {it}a{/it} bit tired"}]]]]]]}]]]}], "usages": [{"pl": "{parahw}a{/parahw} vs. {parahw}an{/parahw}", "pt": [["text", "In speech and writing {it}a{/it} is used before a consonant sound. "], ["vis", [{"t": "{it}a{/it} door"}, {"t": "{it}a{/it} human"}]], ["text", " Before a vowel sound {it}an{/it} is usual "], ["vis", [{"t": "{it}an{/it} icicle"}, {"t": "{it}an{/it} honor"}]], ["text", " but especially in speech {it}a{/it} is used occasionally, more often in some dialects than in others. "], ["vis", [{"t": "{it}a{/it} apple"}, {"t": "{it}a{/it} hour"}, {"t": "{it}a{/it} obligation"}]], ["text", " Before a consonant sound represented by a vowel letter {it}a{/it} is usual "], ["vis", [{"t": "{it}a{/it} one"}, {"t": "{it}a{/it} union"}]], ["text", " but {it}an{/it} also occurs though less frequently now than formerly. "], ["vis", [{"t": "{it}an{/it} unique"}, {"t": "such {it}an{/it} one"}]], ["text", " Before unstressed or weakly stressed syllables with initial {it}h{/it} both {it}a{/it} and {it}an{/it} are used in writing. "], ["vis", [{"t": "{it}a{/it} historic"}, {"t": "{it}an{/it} historic"}]], ["text", " In the King James Version of the Old Testament and occasionally in writing and speech {it}an{/it} is used before {it}h{/it} in a stressed syllable. "], ["vis", [{"t": "{it}an{/it} huntress"}, {"t": "{it}an{/it} hundred"}, {"t": "children are {it}an{/it} heritage of the Lord", "aq": {"source": "Psalms 127:3 (King James Version)"}}]]]}], "et": [["text", "Middle English, from Old English {it}\u0101n{/it} one {ma}{mat|one|}{/ma}"]], "date": "before 12th century{ds||1||}", "shortdef": ["\u2014used as a function word before singular nouns when the referent is unspecified and before number collectives and some numbers", "the same", "\u2014used as a function word before a singular noun followed by a restrictive modifier"]}, {"meta": {"id": "a:3", "uuid": "6cccde51-d72f-4e1e-b331-bd72cfba46ea", "sort": "010004000", "src": "collegiate", "section": "alpha", "stems": ["a"], "offensive": false}, "hom": 3, "hwi": {"hw": "a", "prs": [{"mw": "\u0259"}, {"l": "also", "mw": "(\u02c8)\u0101", "sound": {"audio": "a0000001", "ref": "c", "stat": "1"}}]}, "fl": "preposition", "def": [{"sseq": [[["sense", {"sn": "1", "dt": [["text", "{bc}in, to, or for each "], ["vis", [{"t": "twice {it}a{/it} week"}]]]}]], [["sense", {"sn": "2", "sls": ["chiefly dialectal"], "dt": [["text", "{bc}{sx|on||}, {sx|in||}, {sx|at||}"]]}]]]}], "et": [["text", "Middle English, from Old English {it}a-, an, on{/it}"]], "date": "before 12th century{ds||2||}", "shortdef": ["in, to, or for each", "on, in, at"]}, {"meta": {"id": "a:4", "uuid": "99a85699-a216-4534-9374-51679468986c", "sort": "010005000", "src": "collegiate", "section": "alpha", "stems": ["a"], "offensive": false}, "hom": 4, "hwi": {"hw": "a", "prs": [{"mw": "\u0259"}]}, "fl": "preposition", "def": [{"sseq": [[["sense", {"dt": [["text", "{bc}{sx|of||} "], ["uns", [[["text", "often attached to the preceding word "], ["vis", [{"t": "kind{it}a{/it}"}, {"t": "lott{it}a{/it}"}]]]]]]}]]]}], "et": [["text", "Middle English, by contraction"]], "date": "15th century", "shortdef": ["of \u2014often attached to the preceding word"]}, {"meta": {"id": "a:5", "uuid": "598d6392-a4a6-4c9a-8399-26e882e2cb88", "sort": "010006000", "src": "collegiate", "section": "alpha", "stems": ["a", "aed", "aing", "as"], "offensive": false}, "hom": 5, "hwi": {"hw": "a", "prs": [{"mw": "\u0259"}, {"mw": "(\u02cc)a", "sound": {"audio": "a0000003", "ref": "c", "stat": "1"}}]}, "fl": "verb", "def": [{"sls": ["archaic"], "sseq": [[["sense", {"dt": [["text", "{bc}{sx|have||} "], ["vis", [{"t": "I might {it}a{/it} had husbands afore now", "aq": {"auth": "John Bunyan"}}]]]}]]]}], "et": [["text", "Middle English, contraction of {it}have{/it}"]], "date": "14th century", "shortdef": ["have"]}, {"meta": {"id": "a:6", "uuid": "a22af8ac-c8d8-4b03-a090-813a063182e8", "sort": "010007000", "src": "collegiate", "section": "alpha", "stems": ["a", "as"], "offensive": false}, "hom": 6, "hwi": {"hw": "a"}, "fl": "abbreviation", "def": [{"sseq": [[["sense", {"sn": "1", "dt": [["text", "absent"]]}]], [["sense", {"sn": "2", "dt": [["text", "acceleration"]]}]], [["sense", {"sn": "3", "dt": [["text", "acre"]]}]], [["sense", {"sn": "4", "dt": [["text", "adult"]]}]], [["sense", {"sn": "5", "dt": [["text", "alto"]]}]], [["sense", {"sn": "6", "sls": ["chemistry"], "dt": [["text", "amorphous "], ["uns", [[["text", "usually used in combination "], ["vis", [{"t": "{wi}a{/wi}-Si"}]]]]]]}]], [["sense", {"sn": "7", "dt": [["text", "anode"]]}]], [["sense", {"sn": "8", "dt": [["text", "answer"]]}]], [["sense", {"sn": "9", "dt": [["text", "ante"]]}]], [["sense", {"sn": "10", "dt": [["text", "anterior"]]}]], [["sense", {"sn": "11", "dt": [["text", "are"]]}]], [["sense", {"sn": "12", "dt": [["text", "area"]]}]], [["sense", {"sn": "13", "dt": [["text", "atto-"]]}]], [["sense", {"sn": "14", "dt": [["text", "author"]]}]]]}], "shortdef": ["absent", "acceleration", "acre", "adult", "alto"]}, {"meta": {"id": "a-:1", "uuid": "ded41384-706a-4862-9b9e-1b5a8345f7bd", "sort": "010008000", "src": "collegiate", "section": "alpha", "stems": ["a-", "an-"], "offensive": false}, "hom": 1, "hwi": {"hw": "a-", "prs": [{"mw": "\u0259"}]}, "fl": "prefix", "def": [{"sseq": [[["sense", {"sn": "1", "dt": [["text", "{bc}on {bc}in {bc}at "], ["vis", [{"t": "{it}a{/it}bed"}]]]}]], [["sense", {"sn": "2", "dt": [["text", "{bc}in (such) a state or condition "], ["vis", [{"t": "{it}a{/it}fire"}]]]}]], [["sense", {"sn": "3", "dt": [["text", "{bc}in (such) a manner "], ["vis", [{"t": "{it}a{/it}loud"}]]]}]], [["sense", {"sn": "4", "dt": [["text", "{bc}in the act or process of "], ["vis", [{"t": "gone {it}a-{/it}hunting"}, {"t": "{it}a{/it}tingle"}]]]}]]]}], "et": [["text", "Middle English, from Old English"]], "shortdef": ["on : in : at", "in (such) a state or condition", "in (such) a manner"]}, {"meta": {"id": "a-:2", "uuid": "2b3f91a2-088a-4712-afde-0635fd79ed5d", "sort": "010009000", "src": "collegiate", "section": "alpha", "stems": ["a-", "an-", "ana-"], "offensive": false}, "hom": 2, "hwi": {"hw": "a-", "prs": [{"mw": "(\u02c8)\u0101"}, {"l": "also", "mw": "(\u02c8)a"}, {"l": "or", "mw": "(\u02c8)\u00e4"}]}, "vrs": [{"vl": "or", "va": "an-", "prs": [{"mw": "(\u02c8)an"}]}], "fl": "prefix", "def": [{"sseq": [[["sense", {"dt": [["text", "{bc}not {bc}without "], ["vis", [{"t": "{it}a{/it}sexual"}]], ["uns", [[["text", "{it}a-{/it} before consonants other than {it}h{/it} and sometimes even before {it}h, an-{/it} before vowels and usually before {it}h{/it} "], ["vis", [{"t": "{it}a{/it}chromatic"}, {"t": "{it}a{/it}historical"}, {"t": "{it}an{/it}astigmatic"}, {"t": "{it}an{/it}hydrous"}]]]]]]}]]]}], "et": [["text", "Latin & Greek; Latin, from Greek {ma}{mat|un-|}{/ma}"]], "shortdef": ["not : without \u2014a- before consonants other than h and sometimes even before h, an- before vowels and usually before h"]}, {"meta": {"id": "-a-", "uuid": "ec0216c4-79d1-40fb-b216-854fd3483b13", "sort": "010010000", "src": "collegiate", "section": "alpha", "stems": ["-a-"], "offensive": false}, "hwi": {"hw": "-a-"}, "fl": "combining form", "def": [{"sseq": [[["sense", {"dt": [["text", "{bc}replacing carbon especially in a ring "], ["vis", [{"t": "az{it}a-{/it}"}]]]}]]]}], "et": [["text", "perhaps from {it}-a-{/it} in ring compounds such as {et_link|thiazole|thiazole} (in which {it}-a-{/it} is the initial of {et_link|azole|azole})"]], "shortdef": ["replacing carbon especially in a ring"]}, {"meta": {"id": "-a", "uuid": "42e6eb64-3780-4914-b0db-7538252eda86", "sort": "010011000", "src": "collegiate", "section": "alpha", "stems": ["-a", "-as"], "offensive": false}, "hwi": {"hw": "-a", "prs": [{"mw": "\u0259"}]}, "fl": "noun suffix", "def": [{"sseq": [[["sense", {"dt": [["text", "{bc}{sx|oxide||} "], ["vis", [{"t": "silic{it}a{/it}"}]]]}]]]}], "et": [["text", "New Latin, from {it}-a{/it} (as in {it}magnesia{/it})"]], "shortdef": ["oxide"]}]