[{"meta": {"id": "be", "uuid": "8af7c92b-9c00-4be7-86f8-841ebeedd7ac", "src": "coll_thes", "section": "alpha", "target": {"tuuid": "97954a00-8172-4294-9481-25134a789ce6", "tsrc": "collegiate"}, "stems": ["be", "am", "are", "been", "being", "is", "was", "were"], "syns": [["breathe", "exist", "live", "subsist"], ["bear", "lie", "sit", "stand"], ["grade", "place", "rank", "rate", "stand"], ["befall", "betide", "chance", "come", "come about", "come down", "come off", "cook", "do", "go down", "go on", "hap", "happen", "occur", "pass", "transpire"]], "ants": [["depart", "die", "expire", "pass away", "perish", "succumb"]], "offensive": false}, "hwi": {"hw": "be"}, "fl": "verb", "def": [{"sseq": [[["sense", {"sn": "1", "dt": [["text", "to have life "], ["vis", [{"t": "stories that begin with the familiar line {ldquo}once upon a time there {it}was{/it} a beautiful maiden{rdquo}"}]]], "syn_list": [[{"wd": "breathe"}, {"wd": "exist"}, {"wd": "live"}, {"wd": "subsist"}]], "rel_list": [[{"wd": "abide"}, {"wd": "continue"}, {"wd": "endure"}, {"wd": "hold on"}, {"wd": "hold up"}, {"wd": "keep (on)"}, {"wd": "kick"}, {"wd": "last"}, {"wd": "lead"}, {"wd": "persist"}, {"wd": "rule"}, {"wd": "run on"}, {"wd": "survive"}], [{"wd": "move"}], [{"wd": "flourish"}, {"wd": "prosper"}, {"wd": "thrive"}]], "near_list": [[{"wd": "disappear"}, {"wd": "evaporate"}, {"wd": "vanish"}], [{"wd": "cease"}, {"wd": "desist"}, {"wd": "discontinue"}, {"wd": "end"}, {"wd": "quit"}, {"wd": "stop"}], [{"wd": "abate"}, {"wd": "die (down)"}, {"wd": "ebb"}, {"wd": "let up"}, {"wd": "moderate"}, {"wd": "subside"}, {"wd": "wane"}]], "ant_list": [[{"wd": "depart"}, {"wd": "die"}, {"wd": "expire"}, {"wd": "pass away"}, {"wd": "perish"}, {"wd": "succumb"}]]}]], [["sense", {"sn": "2", "dt": [["text", "to occupy a place or location "], ["vis", [{"t": "we'll {it}be{/it} there waiting for you"}]]], "syn_list": [[{"wd": "bear"}, {"wd": "lie"}, {"wd": "sit"}, {"wd": "stand"}]], "rel_list": [[{"wd": "command"}, {"wd": "overlook"}], [{"wd": "hang around"}, {"wd": "remain"}, {"wd": "rest"}, {"wd": "stay"}, {"wd": "stick around"}, {"wd": "tarry"}], [{"wd": "await"}, {"wd": "wait"}], [{"wd": "post"}, {"wd": "station"}], [{"wd": "dwell"}, {"wd": "reside"}]]}]], [["sense", {"sn": "3", "dt": [["text", "to take or have a certain position within a group arranged in vertical classes "], ["vis", [{"t": "our school's football team {it}is{/it} first in its division"}]]], "syn_list": [[{"wd": "grade"}, {"wd": "place"}, {"wd": "rank"}, {"wd": "rate"}, {"wd": "stand"}]], "rel_list": [[{"wd": "seed"}], [{"wd": "count"}], [{"wd": "categorize"}, {"wd": "class"}, {"wd": "classify"}, {"wd": "codify"}, {"wd": "compartmentalize"}, {"wd": "group"}, {"wd": "separate"}, {"wd": "set"}, {"wd": "sort"}], [{"wd": "install"}, {"wd": "instate"}]]}]], [["sense", {"sn": "4", "dt": [["text", "to take place "], ["vis", [{"t": "the party {it}is{/it} next Saturday"}]]], "syn_list": [[{"wd": "befall"}, {"wd": "betide"}, {"wd": "chance"}, {"wd": "come"}, {"wd": "come about"}, {"wd": "come down"}, {"wd": "come off"}, {"wd": "cook"}, {"wd": "do"}, {"wd": "go down", "wsls": ["slang"]}, {"wd": "go on"}, {"wd": "hap"}, {"wd": "happen"}, {"wd": "occur"}, {"wd": "pass"}, {"wd": "transpire"}]], "rel_list": [[{"wd": "break"}, {"wd": "develop"}, {"wd": "rise"}, {"wd": "shape (up)"}], [{"wd": "arise"}, {"wd": "come up"}, {"wd": "crop (up)"}, {"wd": "materialize"}, {"wd": "spring (up)"}], [{"wd": "intervene"}], [{"wd": "fall out"}, {"wd": "follow"}, {"wd": "result"}, {"wd": "turn out"}], [{"wd": "go off"}, {"wd": "proceed"}]], "phrase_list": [[{"wd": "come to pass"}]]}]]]}], "shortdef": ["to have life", "to occupy a place or location", "to take or have a certain position within a group arranged in vertical classes"]}, {"meta": {"id": "be (to)", "uuid": "7f39dfb0-a9c4-48a0-a767-e20ceb76e3fa", "src": "coll_thes", "section": "alpha", "stems": ["be (to)", "be", "be to", "am", "are", "been", "being", "is", "was", "were"], "syns": [["act (toward)", "deal (with)", "handle", "serve", "treat", "use"]], "ants": [], "offensive": false}, "hwi": {"hw": "be (to)"}, "fl": "verb", "def": [{"sseq": [[["sense", {"dt": [["text", "to behave toward in a stated way "], ["vis", [{"t": "you need to {it}be{/it} nice {it}to{/it} your brother"}]]], "syn_list": [[{"wd": "act (toward)"}, {"wd": "deal (with)"}, {"wd": "handle"}, {"wd": "serve"}, {"wd": "treat"}, {"wd": "use"}]], "rel_list": [[{"wd": "consider"}, {"wd": "esteem"}, {"wd": "rate"}, {"wd": "reckon"}, {"wd": "regard"}, {"wd": "view"}], [{"wd": "engage (with)"}, {"wd": "react (to)"}, {"wd": "respond (to)"}]], "phrase_list": [[{"wd": "do by"}]]}]]]}], "shortdef": ["to behave toward in a stated way"]}, {"meta": {"id": "be friends with", "uuid": "79ea3854-bb9b-4f9f-92da-07b777190540", "src": "CTenhance", "section": "phrases", "stems": ["be friends with", "been friends with", "being friends with", "is friends with", "am friends with", "are friends with"], "syns": [["associate", "chum", "company", "consociate", "consort", "fraternize", "hang (around or out)", "hobnob", "hook up", "mess around", "pal (around)", "run", "sort", "travel"]], "ants": [], "offensive": false}, "hwi": {"hw": "be friends with"}, "fl": "phrase", "def": [{"sseq": [[["sense", {"dt": [["text", "to come or be together as friends "], ["vis", [{"t": "If you could {it}be friends with{/it} any famous person, past or present, who would you pick?"}]]], "syn_list": [[{"wd": "associate"}, {"wd": "chum"}, {"wd": "company"}, {"wd": "consociate"}, {"wd": "consort"}, {"wd": "fraternize"}, {"wd": "hang (around or out)"}, {"wd": "hobnob"}, {"wd": "hook up"}, {"wd": "mess around"}, {"wd": "pal (around)"}, {"wd": "run"}, {"wd": "sort"}, {"wd": "travel"}]], "rel_list": [[{"wd": "affiliate"}, {"wd": "ally"}, {"wd": "attach"}, {"wd": "band"}, {"wd": "bond"}, {"wd": "club"}, {"wd": "collaborate"}, {"wd": "collude"}, {"wd": "confederate"}, {"wd": "conjoin"}, {"wd": "connect"}, {"wd": "cooperate"}, {"wd": "couple"}, {"wd": "gang"}, {"wd": "get along"}, {"wd": "get on"}, {"wd": "group"}, {"wd": "interrelate"}, {"wd": "join"}, {"wd": "knot"}, {"wd": "league"}, {"wd": "link"}, {"wd": "mingle"}, {"wd": "mix"}, {"wd": "rally"}, {"wd": "relate"}, {"wd": "side"}, {"wd": "socialize"}, {"wd": "team"}, {"wd": "tie"}, {"wd": "wed"}], [{"wd": "befriend"}, {"wd": "friend"}]], "phrase_list": [[{"wd": "fall in with"}, {"wd": "keep company (with)"}, {"wd": "rub elbows (with)", "wvbvrs": [{"wvbvl": "or", "wvbva": "rub shoulders (with)"}]}, {"wd": "take up with"}]], "near_list": [[{"wd": "avoid"}, {"wd": "cold-shoulder"}, {"wd": "shun"}, {"wd": "snub"}], [{"wd": "alienate"}, {"wd": "estrange"}], [{"wd": "break up"}, {"wd": "disband"}, {"wd": "disperse"}, {"wd": "split (up)"}], [{"wd": "disjoin"}, {"wd": "dissociate"}, {"wd": "disunite"}, {"wd": "divorce"}, {"wd": "sever"}, {"wd": "split"}, {"wd": "sunder"}]]}]]]}], "shortdef": ["to come or be together as friends"]}, {"meta": {"id": "be on the lookout for", "uuid": "526fbd23-47aa-4742-9031-be143e485691", "src": "CTenhance", "section": "phrases", "stems": ["keep a lookout for", "keeps a lookout for", "keeping a lookout for", "kept a lookout for", "be on the lookout for", "being on the lookout for", "been on the lookout for", "is on the lookout for", "on the lookout for", "am on the lookout for", "are on the lookout for"], "syns": [["beware (of)", "guard (against)", "look out (for)", "mind", "ware", "watch out (for)"]], "ants": [], "offensive": false}, "hwi": {"hw": "be on the lookout for"}, "vrs": [{"vl": "or", "va": "keep a lookout for"}], "fl": "phrase", "def": [{"sseq": [[["sense", {"dt": [["text", "to be cautious of or on guard against "], ["vis", [{"t": "After the storm, the police told the public to {it}be on the lookout for{/it} downed power lines."}, {"t": "The public should remain vigilant and {it}keep a lookout for{/it} any suspicious activity."}]]], "syn_list": [[{"wd": "beware (of)"}, {"wd": "guard (against)"}, {"wd": "look out (for)"}, {"wd": "mind"}, {"wd": "ware"}, {"wd": "watch out (for)"}]], "rel_list": [[{"wd": "attend"}, {"wd": "heed"}, {"wd": "mark"}, {"wd": "note"}, {"wd": "notice"}], [{"wd": "behold"}, {"wd": "discern"}, {"wd": "observe"}, {"wd": "perceive"}, {"wd": "see"}, {"wd": "watch"}]], "phrase_list": [[{"wd": "keep one's eyes open (for)", "wvrs": [{"wvl": "or", "wva": "keep one's eyes peeled (for)"}]}]], "near_list": [[{"wd": "discount"}, {"wd": "disregard"}, {"wd": "ignore"}, {"wd": "miss"}, {"wd": "overlook"}]]}]]]}], "shortdef": ["to be cautious of or on guard against"]}, {"meta": {"id": "be out of breath", "uuid": "c1da47e5-aa08-4031-8940-c0c8aa485415", "src": "CTenhance", "section": "phrases", "stems": ["be out of breath", "being out of breath", "been out of breath", "is out of breath", "am out of breath", "are out of breath", "was out of breath", "out of breath"], "syns": [["blow", "gasp", "heave", "hyperventilate", "pant", "puff", "wheeze"]], "ants": [], "offensive": false}, "hwi": {"hw": "be out of breath"}, "fl": "phrase", "def": [{"sseq": [[["sense", {"dt": [["text", "to breathe hard, quickly, or with difficulty "], ["vis", [{"t": "They {it}were out of breath{/it} after their five-mile run."}]]], "syn_list": [[{"wd": "blow"}, {"wd": "gasp"}, {"wd": "heave"}, {"wd": "hyperventilate"}, {"wd": "pant"}, {"wd": "puff"}, {"wd": "wheeze"}]], "rel_list": [[{"wd": "choke"}, {"wd": "gag"}, {"wd": "gulp"}, {"wd": "huff"}], [{"wd": "asphyxiate"}, {"wd": "smother"}, {"wd": "stifle"}, {"wd": "strangle"}], [{"wd": "snore"}, {"wd": "snuffle"}], [{"wd": "exhale"}, {"wd": "expire"}]]}]]]}], "shortdef": ["to breathe hard, quickly, or with difficulty"]}, {"meta": {"id": "be partial to", "uuid": "669f90da-fe8b-4d95-b10e-9b8022602fc5", "src": "CTenhance", "section": "phrases", "stems": ["be partial to", "being partial to", "been partial to", "is partial to", "am partial to", "are partial to"], "syns": [["care (for)", "favor", "lean (toward or towards)", "like", "prefer"], ["adore", "delight (in)", "dig", "enjoy", "fancy", "get off (on)", "groove (on)", "like", "love", "rejoice (in)", "relish", "revel (in)", "savor"]], "ants": [], "offensive": false}, "hwi": {"hw": "be partial to"}, "fl": "phrase", "def": [{"sseq": [[["sense", {"sn": "1", "dt": [["text", "to show partiality toward "], ["vis", [{"t": "My girlfriend likes thrillers, but I myself {it}am partial to{/it} comedies."}]]], "syn_list": [[{"wd": "care (for)"}, {"wd": "favor"}, {"wd": "lean (toward or towards)"}, {"wd": "like"}, {"wd": "prefer"}]], "rel_list": [[{"wd": "adore"}, {"wd": "cotton (to)"}, {"wd": "delight (in)"}, {"wd": "dig"}, {"wd": "enjoy"}, {"wd": "fancy"}, {"wd": "groove (on)"}, {"wd": "relish"}, {"wd": "revel (in)"}], [{"wd": "choose"}, {"wd": "cull"}, {"wd": "handpick"}, {"wd": "name"}, {"wd": "pick"}, {"wd": "select"}, {"wd": "single (out)"}, {"wd": "take"}], [{"wd": "covet"}, {"wd": "crave"}, {"wd": "desire"}, {"wd": "hanker (for or after)"}, {"wd": "want"}, {"wd": "wish (for)"}], [{"wd": "bias"}, {"wd": "prejudice"}], [{"wd": "incline (toward)"}, {"wd": "tend (to)"}], [{"wd": "admire"}, {"wd": "appreciate"}, {"wd": "cherish"}, {"wd": "prize"}, {"wd": "treasure"}, {"wd": "value"}]], "phrase_list": [[{"wd": "go in for"}]], "near_list": [[{"wd": "disfavor"}, {"wd": "dislike"}, {"wd": "mislike"}], [{"wd": "abhor"}, {"wd": "abominate"}, {"wd": "detest"}, {"wd": "hate"}, {"wd": "loathe"}], [{"wd": "decline"}, {"wd": "refuse"}, {"wd": "reject"}, {"wd": "turn down"}], [{"wd": "discard"}, {"wd": "jettison"}, {"wd": "throw away"}, {"wd": "throw out"}]]}]], [["sense", {"sn": "2", "dt": [["text", "to take pleasure in "], ["vis", [{"t": "They {it}are{/it} both {it}partial to{/it} weekend camping trips."}]]], "syn_list": [[{"wd": "adore"}, {"wd": "delight (in)"}, {"wd": "dig"}, {"wd": "enjoy"}, {"wd": "fancy"}, {"wd": "get off (on)"}, {"wd": "groove (on)"}, {"wd": "like"}, {"wd": "love"}, {"wd": "rejoice (in)"}, {"wd": "relish"}, {"wd": "revel (in)"}, {"wd": "savor", "wvrs": [{"wvl": "also", "wva": "savour"}]}]], "rel_list": [[{"wd": "admire"}, {"wd": "appreciate"}, {"wd": "cherish"}, {"wd": "revere"}, {"wd": "venerate"}, {"wd": "worship"}], [{"wd": "prize"}, {"wd": "treasure"}, {"wd": "value"}], [{"wd": "devour"}, {"wd": "drink (in)"}, {"wd": "eat (up)"}, {"wd": "feast (on)"}], [{"wd": "dote (on)"}, {"wd": "idolize"}], [{"wd": "cotton (to)"}, {"wd": "favor"}, {"wd": "prefer"}], [{"wd": "indulge (in)"}, {"wd": "luxuriate (in)"}, {"wd": "wallow (in)"}]], "phrase_list": [[{"wd": "get a kick out of", "wvrs": [{"wvl": "or", "wva": "get a charge out of"}]}, {"wd": "go for"}, {"wd": "have a soft spot for"}, {"wd": "take to"}]], "near_list": [[{"wd": "abhor"}, {"wd": "abominate"}, {"wd": "detest"}, {"wd": "dislike"}, {"wd": "hate"}, {"wd": "loathe"}], [{"wd": "condemn"}, {"wd": "despise"}, {"wd": "scorn"}]]}]]]}], "shortdef": ["to show partiality toward", "to take pleasure in"]}]