[{"meta": {"id": "again and again", "uuid": "5b4f4dc9-8f45-4820-b438-232f8df3ab0b", "src": "coll_thes", "section": "alpha", "target": {"tuuid": "ed5e6b0e-6f98-4cb8-a480-bf0d312a01f1", "tsrc": "collegiate"}, "stems": ["again and again"], "syns": [["constantly", "continually", "frequently", "hourly", "much", "oft", "often", "oftentimes", "over and over", "repeatedly"]], "ants": [["infrequently", "little", "rarely", "seldom"]], "offensive": false}, "hwi": {"hw": "again and again"}, "fl": "adverb", "def": [{"sseq": [[["sense", {"dt": [["text", "many times "], ["vis", [{"t": "as she's gotten older, Grandma has tended to ask the same things {it}again and again{/it}"}]]], "syn_list": [[{"wd": "constantly"}, {"wd": "continually"}, {"wd": "frequently"}, {"wd": "hourly"}, {"wd": "much"}, {"wd": "oft"}, {"wd": "often"}, {"wd": "oftentimes", "wvrs": [{"wvl": "or", "wva": "ofttimes"}]}, {"wd": "over and over"}, {"wd": "repeatedly"}]], "rel_list": [[{"wd": "always"}, {"wd": "consistently"}, {"wd": "continuingly"}, {"wd": "continuously"}, {"wd": "night and day"}, {"wd": "perpetually"}, {"wd": "unceasingly"}, {"wd": "uninterruptedly"}], [{"wd": "afresh"}, {"wd": "again"}, {"wd": "anew"}], [{"wd": "commonly"}, {"wd": "habitually"}, {"wd": "ordinarily"}, {"wd": "regularly"}, {"wd": "routinely"}], [{"wd": "intermittently"}, {"wd": "periodically"}, {"wd": "recurrently"}], [{"wd": "generally"}, {"wd": "usually"}]], "phrase_list": [[{"wd": "a lot"}, {"wd": "time after time"}, {"wd": "time and again"}]], "near_list": [[{"wd": "now"}, {"wd": "now and then"}, {"wd": "occasionally"}, {"wd": "sometimes"}, {"wd": "sporadically"}], [{"wd": "ne'er"}, {"wd": "never"}], [{"wd": "once"}]], "ant_list": [[{"wd": "infrequently"}, {"wd": "little"}, {"wd": "rarely"}, {"wd": "seldom"}]]}]]]}], "shortdef": ["many times"]}, {"meta": {"id": "alarums and excursions", "uuid": "224fd649-d4db-44d4-9a4c-8c264b04237b", "src": "coll_thes", "section": "alpha", "target": {"tuuid": "892ba2e4-4538-4557-bc5c-d3ee25ca4663", "tsrc": "collegiate"}, "stems": ["alarums and excursions"], "syns": [["ado", "ballyhoo", "blather", "bluster", "bobbery", "bother", "bustle", "clatter", "clutter", "coil", "commotion", "corroboree", "disturbance", "do", "foofaraw", "fun", "furor", "furore", "fuss", "helter-skelter", "hoo-ha", "hoopla", "hubble-bubble", "hubbub", "hullabaloo", "hurly", "hurly-burly", "hurricane", "hurry", "hurry-scurry", "kerfuffle", "moil", "pandemonium", "pother", "row", "ruckus", "ruction", "rumpus", "shindy", "splore", "squall", "stew", "stir", "storm", "to-do", "tumult", "turmoil", "uproar", "welter", "whirl", "williwaw", "zoo"]], "ants": [], "offensive": false}, "hwi": {"hw": "alarums and excursions"}, "fl": "plural noun", "def": [{"sseq": [[["sense", {"dt": [["text", "a state of noisy, confused activity "], ["vis", [{"t": "the city is preparing for the {it}alarums and excursions{/it} that inevitably accompany a presidential visit"}]]], "syn_list": [[{"wd": "ado"}, {"wd": "ballyhoo"}, {"wd": "blather"}, {"wd": "bluster"}, {"wd": "bobbery"}, {"wd": "bother"}, {"wd": "bustle"}, {"wd": "clatter"}, {"wd": "clutter", "wsls": ["chiefly dialect"]}, {"wd": "coil"}, {"wd": "commotion"}, {"wd": "corroboree", "wsls": ["Australian"]}, {"wd": "disturbance"}, {"wd": "do", "wsls": ["chiefly dialect"]}, {"wd": "foofaraw"}, {"wd": "fun"}, {"wd": "furor"}, {"wd": "furore"}, {"wd": "fuss"}, {"wd": "helter-skelter"}, {"wd": "hoo-ha", "wvrs": [{"wvl": "also", "wva": "hoo-hah"}]}, {"wd": "hoopla"}, {"wd": "hubble-bubble"}, {"wd": "hubbub"}, {"wd": "hullabaloo"}, {"wd": "hurly"}, {"wd": "hurly-burly"}, {"wd": "hurricane"}, {"wd": "hurry"}, {"wd": "hurry-scurry", "wvrs": [{"wvl": "or", "wva": "hurry-skurry"}]}, {"wd": "kerfuffle", "wsls": ["chiefly British"]}, {"wd": "moil"}, {"wd": "pandemonium"}, {"wd": "pother"}, {"wd": "row"}, {"wd": "ruckus"}, {"wd": "ruction"}, {"wd": "rumpus"}, {"wd": "shindy"}, {"wd": "splore", "wsls": ["Scottish"]}, {"wd": "squall"}, {"wd": "stew"}, {"wd": "stir"}, {"wd": "storm"}, {"wd": "to-do"}, {"wd": "tumult"}, {"wd": "turmoil"}, {"wd": "uproar"}, {"wd": "welter"}, {"wd": "whirl"}, {"wd": "williwaw"}, {"wd": "zoo"}]], "rel_list": [[{"wd": "cacophony"}, {"wd": "clamor"}, {"wd": "din"}, {"wd": "howl"}, {"wd": "hue and cry"}, {"wd": "noise"}, {"wd": "outcry"}, {"wd": "racket"}, {"wd": "roar"}], [{"wd": "disorder"}, {"wd": "unrest"}, {"wd": "upheaval"}], [{"wd": "eruption"}, {"wd": "flare-up"}, {"wd": "flurry"}, {"wd": "flutter"}, {"wd": "outbreak"}, {"wd": "outburst"}], [{"wd": "brawl"}, {"wd": "fracas"}, {"wd": "fray"}, {"wd": "hassle"}, {"wd": "melee", "wvrs": [{"wvl": "also", "wva": "m\u00eal\u00e9e"}]}, {"wd": "scuffle"}], [{"wd": "dither"}, {"wd": "fever"}, {"wd": "fret"}, {"wd": "lather"}, {"wd": "tizzy"}]], "near_list": [[{"wd": "calm"}, {"wd": "hush"}, {"wd": "peace"}, {"wd": "quiet"}, {"wd": "quietude"}, {"wd": "rest"}, {"wd": "stillness"}, {"wd": "tranquillity", "wvrs": [{"wvl": "or", "wva": "tranquility"}]}], [{"wd": "order"}, {"wd": "orderliness"}]]}]]]}], "shortdef": ["a state of noisy, confused activity"]}, {"meta": {"id": "back-and-forth", "uuid": "3b03e009-e6d6-485e-af1a-ff00e2302e44", "src": "coll_thes", "section": "alpha", "target": {"tuuid": "e6fbceb8-104f-426a-866d-e7e5f498a51f", "tsrc": "collegiate"}, "stems": ["back-and-forth", "back-and-forths", "backs-and-forths"], "syns": [["barter", "commutation", "dicker", "exchange", "quid pro quo", "swap", "trade", "trade-off", "truck"], ["argument", "argumentation", "argy-bargy", "colloquy", "confab", "confabulation", "conference", "consult", "consultation", "council", "counsel", "debate", "deliberation", "dialogue", "discussion", "give-and-take", "palaver", "parley", "talk"]], "ants": [], "offensive": false}, "hwi": {"hw": "back-and-forth"}, "fl": "noun", "def": [{"sseq": [[["sense", {"sn": "1", "dt": [["text", "a giving or taking of one thing of value in return for another "], ["vis", [{"t": "after the usual {it}back-and-forth{/it} of official gifts, the two leaders entered into a serious discussion"}]]], "syn_list": [[{"wd": "barter"}, {"wd": "commutation"}, {"wd": "dicker"}, {"wd": "exchange"}, {"wd": "quid pro quo"}, {"wd": "swap"}, {"wd": "trade"}, {"wd": "trade-off"}, {"wd": "truck"}]], "rel_list": [[{"wd": "replacement"}, {"wd": "substitution"}], [{"wd": "reciprocation"}, {"wd": "recompense"}, {"wd": "requital"}], [{"wd": "bargain"}, {"wd": "deal"}, {"wd": "horse trade"}, {"wd": "negotiation"}, {"wd": "transaction"}], [{"wd": "bargaining"}, {"wd": "dealing"}, {"wd": "dickering"}, {"wd": "haggling"}, {"wd": "horse trading"}], [{"wd": "logrolling"}]]}]], [["sense", {"sn": "2", "dt": [["text", "an exchange of views for the purpose of exploring a subject or deciding an issue "], ["vis", [{"t": "the others listened with relish to the {it}back-and-forth{/it} between the two noted professors"}]]], "syn_list": [[{"wd": "argument"}, {"wd": "argumentation"}, {"wd": "argy-bargy", "wsls": ["chiefly British"]}, {"wd": "colloquy"}, {"wd": "confab"}, {"wd": "confabulation"}, {"wd": "conference"}, {"wd": "consult"}, {"wd": "consultation"}, {"wd": "council"}, {"wd": "counsel"}, {"wd": "debate"}, {"wd": "deliberation"}, {"wd": "dialogue", "wvrs": [{"wvl": "also", "wva": "dialog"}]}, {"wd": "discussion"}, {"wd": "give-and-take"}, {"wd": "palaver"}, {"wd": "parley"}, {"wd": "talk"}]], "rel_list": [[{"wd": "bull session"}, {"wd": "chat room"}, {"wd": "forum"}, {"wd": "meeting"}, {"wd": "roundtable"}, {"wd": "seminar"}, {"wd": "skull session", "wvrs": [{"wvl": "also", "wva": "skull practice"}]}, {"wd": "symposium"}, {"wd": "talkathon"}], [{"wd": "chat"}, {"wd": "conversation"}, {"wd": "rap"}, {"wd": "words"}], [{"wd": "discourse"}, {"wd": "disquisition"}], [{"wd": "bargaining"}, {"wd": "consultancy"}, {"wd": "negotiation"}, {"wd": "pourparler"}]]}]]]}], "shortdef": ["a giving or taking of one thing of value in return for another", "an exchange of views for the purpose of exploring a subject or deciding an issue"]}, {"meta": {"id": "bat (around or back and forth)", "uuid": "7fa6bc97-cfb3-45f8-8737-0bf061e019f0", "src": "coll_thes", "section": "alpha", "stems": ["bat (around or back and forth)", "bat", "bat around", "bat back and forth", "bats", "batted", "batting"], "syns": [["agitate", "argue", "bandy", "canvass", "debate", "discuss", "dispute", "hash (over or out)", "moot", "talk over"]], "ants": [], "offensive": false}, "hwi": {"hw": "bat (around or back and forth)"}, "fl": "verb", "def": [{"sseq": [[["sense", {"dt": [["text", "to talk about (an issue) usually from various points of view and for the purpose of arriving at a decision or opinion "], ["vis", [{"t": "the issue's been {it}batted around{/it}, but nothing's ever been done"}]]], "syn_list": [[{"wd": "agitate"}, {"wd": "argue"}, {"wd": "bandy"}, {"wd": "canvass", "wvrs": [{"wvl": "also", "wva": "canvas"}]}, {"wd": "debate"}, {"wd": "discuss"}, {"wd": "dispute"}, {"wd": "hash (over or out)"}, {"wd": "moot"}, {"wd": "talk over"}]], "rel_list": [[{"wd": "review"}, {"wd": "speak (about)"}, {"wd": "talk (about)"}], [{"wd": "broach"}, {"wd": "introduce"}, {"wd": "propound"}, {"wd": "raise"}, {"wd": "stir up"}], [{"wd": "forge"}, {"wd": "hammer out"}, {"wd": "talk out"}, {"wd": "thrash (out)"}, {"wd": "wrestle (with)"}], [{"wd": "chew over"}, {"wd": "consider"}, {"wd": "deliberate"}, {"wd": "weigh"}]]}]]]}], "shortdef": ["to talk about (an issue) usually from various points of view and for the purpose of arriving at a decision or opinion"]}, {"meta": {"id": "beer and skittles", "uuid": "624266bf-a614-4cd2-86ad-e7aea9853d36", "src": "coll_thes", "section": "alpha", "target": {"tuuid": "fc597443-d873-4a8e-bb1f-26bcef5c8cdd", "tsrc": "collegiate"}, "stems": ["beer and skittles"], "syns": [["easy street", "fun and games", "hog heaven", "picnic"]], "ants": [], "offensive": false}, "hwi": {"hw": "beer and skittles"}, "fl": "plural noun", "def": [{"sseq": [[["sense", {"dt": [["text", "a situation or state of carefree comfort "], ["vis", [{"t": "a job at a beach resort isn't all {it}beer and skittles{/it}\u2014it's still work"}]]], "syn_list": [[{"wd": "easy street"}, {"wd": "fun and games"}, {"wd": "hog heaven"}, {"wd": "picnic"}]], "rel_list": [[{"wd": "primrose path"}], [{"wd": "heaven"}, {"wd": "paradise"}, {"wd": "utopia"}], [{"wd": "American dream"}, {"wd": "good life"}], [{"wd": "ease"}, {"wd": "relaxation"}, {"wd": "rest"}]], "phrase_list": [[{"wd": "bed of roses"}, {"wd": "the lap of luxury"}, {"wd": "life of Riley", "wvrs": [{"wvl": "also", "wva": "life of Reilly"}]}]], "near_list": [[{"wd": "agony"}, {"wd": "hell"}, {"wd": "horror"}, {"wd": "misery"}, {"wd": "murder"}, {"wd": "nightmare"}, {"wd": "torment"}, {"wd": "torture"}]]}]]]}], "shortdef": ["a situation or state of carefree comfort"]}, {"meta": {"id": "blood-and-guts", "uuid": "52ea0def-de71-4fef-a28a-3906e999e7fc", "src": "coll_thes", "section": "alpha", "target": {"tuuid": "cf443788-77ee-458b-bcf8-6209ea7d0a5b", "tsrc": "collegiate"}, "stems": ["blood-and-guts"], "syns": [["bang-bang", "convulsive", "cyclonic", "explosive", "ferocious", "fierce", "furious", "hammer-and-tongs", "hot", "knock-down, drag-out", "paroxysmal", "rabid", "rough", "stormy", "tempestuous", "tumultuous", "turbulent", "violent", "volcanic"]], "ants": [["nonviolent", "peaceable", "peaceful"]], "offensive": false}, "hwi": {"hw": "blood-and-guts"}, "fl": "adjective", "def": [{"sseq": [[["sense", {"dt": [["text", "marked by bursts of destructive force or intense activity "], ["vis", [{"t": "a hockey team known for its {it}blood-and-guts{/it} play"}]]], "syn_list": [[{"wd": "bang-bang"}, {"wd": "convulsive"}, {"wd": "cyclonic"}, {"wd": "explosive"}, {"wd": "ferocious"}, {"wd": "fierce"}, {"wd": "furious"}, {"wd": "hammer-and-tongs"}, {"wd": "hot"}, {"wd": "knock-down, drag-out", "wvrs": [{"wvl": "or", "wva": "knock-down-and-drag-out"}]}, {"wd": "paroxysmal"}, {"wd": "rabid"}, {"wd": "rough"}, {"wd": "stormy"}, {"wd": "tempestuous"}, {"wd": "tumultuous"}, {"wd": "turbulent"}, {"wd": "violent"}, {"wd": "volcanic"}]], "rel_list": [[{"wd": "barbarous"}, {"wd": "brutal"}, {"wd": "savage"}, {"wd": "vicious"}], [{"wd": "antagonistic"}, {"wd": "hostile"}], [{"wd": "aggressive"}, {"wd": "assertive"}, {"wd": "bellicose"}, {"wd": "belligerent"}, {"wd": "combative"}, {"wd": "contentious"}, {"wd": "gladiatorial"}, {"wd": "pugnacious"}, {"wd": "quarrelsome"}, {"wd": "truculent"}], [{"wd": "combustible"}, {"wd": "volatile"}], [{"wd": "agitated"}, {"wd": "frantic"}, {"wd": "frenzied"}, {"wd": "mad"}], [{"wd": "cataclysmal", "wvrs": [{"wvl": "or", "wva": "cataclysmic"}]}, {"wd": "destructive"}, {"wd": "ruinous"}]], "near_list": [[{"wd": "calm"}, {"wd": "halcyon"}, {"wd": "pacific"}, {"wd": "serene"}, {"wd": "tranquil"}], [{"wd": "nonbelligerent"}, {"wd": "unaggressive"}]], "ant_list": [[{"wd": "nonviolent"}, {"wd": "peaceable"}, {"wd": "peaceful"}]]}]]]}], "shortdef": ["marked by bursts of destructive force or intense activity"]}, {"meta": {"id": "by-and-by", "uuid": "f64f31e9-7c4c-4bc9-a636-d69cf0da70d1", "src": "coll_thes", "section": "alpha", "target": {"tuuid": "cc48be5d-fdf3-49f5-88f6-39b0e50b42a7", "tsrc": "collegiate"}, "stems": ["by-and-by", "by-and-bies", "by-and-bys"], "syns": [["future", "futurity", "hereafter", "offing", "tomorrow"]], "ants": [["past"]], "offensive": false}, "hwi": {"hw": "by-and-by"}, "fl": "noun", "def": [{"sseq": [[["sense", {"dt": [["text", "time that is to come "], ["vis", [{"t": "we shall meet again in the {it}by-and-by{/it}"}]]], "syn_list": [[{"wd": "future"}, {"wd": "futurity"}, {"wd": "hereafter"}, {"wd": "offing"}, {"wd": "tomorrow"}]], "rel_list": [[{"wd": "eventuality"}, {"wd": "finality"}], [{"wd": "posterity"}]], "near_list": [[{"wd": "yesterday"}, {"wd": "yesteryear"}], [{"wd": "antiquity"}, {"wd": "old"}, {"wd": "yore"}], [{"wd": "moment"}, {"wd": "now"}, {"wd": "present"}, {"wd": "today"}]], "ant_list": [[{"wd": "past"}]]}]]]}], "shortdef": ["time that is to come"]}, {"meta": {"id": "by and by", "uuid": "3fc25a83-3e01-4653-967d-abaab7f7a375", "src": "coll_thes", "section": "alpha", "target": {"tuuid": "2c921da0-27e6-44a3-bda4-227a8f40bb0a", "tsrc": "collegiate"}, "stems": ["by and by"], "syns": [["anon", "before long", "directly", "momentarily", "presently", "shortly", "soon"]], "ants": [], "offensive": false}, "hwi": {"hw": "by and by"}, "fl": "adverb", "def": [{"sseq": [[["sense", {"dt": [["text", "at or within a short time "], ["vis", [{"t": "we'll get under way {it}by and by{/it}"}]]], "syn_list": [[{"wd": "anon"}, {"wd": "before long"}, {"wd": "directly"}, {"wd": "momentarily"}, {"wd": "presently"}, {"wd": "shortly"}, {"wd": "soon"}]], "rel_list": [[{"wd": "forthwith"}, {"wd": "immediately"}, {"wd": "incontinently"}, {"wd": "instantaneously"}, {"wd": "instantly"}, {"wd": "now"}, {"wd": "promptly"}, {"wd": "pronto"}, {"wd": "right away"}, {"wd": "right now"}, {"wd": "right off"}, {"wd": "straightaway"}, {"wd": "straightway"}]]}]]]}], "shortdef": ["at or within a short time"]}, {"meta": {"id": "by and large", "uuid": "4c0b4996-d7fb-4c08-be5a-0722c9dec69a", "src": "coll_thes", "section": "alpha", "target": {"tuuid": "c0867de8-63ee-4168-8272-41a4656988a3", "tsrc": "collegiate"}, "stems": ["by and large"], "syns": [["altogether", "basically", "chiefly", "generally", "largely", "mainly", "mostly", "overall", "predominantly", "primarily", "principally", "substantially"]], "ants": [], "offensive": false}, "hwi": {"hw": "by and large"}, "fl": "adverb", "def": [{"sseq": [[["sense", {"dt": [["text", "for the most part "], ["vis", [{"t": "{it}by and large{/it}, that information is accurate"}]]], "syn_list": [[{"wd": "altogether"}, {"wd": "basically"}, {"wd": "chiefly"}, {"wd": "generally"}, {"wd": "largely"}, {"wd": "mainly"}, {"wd": "mostly"}, {"wd": "overall"}, {"wd": "predominantly"}, {"wd": "primarily"}, {"wd": "principally"}, {"wd": "substantially"}]], "rel_list": [[{"wd": "about"}, {"wd": "more or less"}, {"wd": "most"}, {"wd": "much"}, {"wd": "near"}, {"wd": "nearly"}, {"wd": "next to"}, {"wd": "nigh"}, {"wd": "practically"}, {"wd": "some"}, {"wd": "virtually"}, {"wd": "well-nigh"}], [{"wd": "approximately"}, {"wd": "broadly"}, {"wd": "plus or minus"}, {"wd": "roughly"}], [{"wd": "commonly"}, {"wd": "frequently"}, {"wd": "normally"}, {"wd": "ordinarily"}, {"wd": "typically"}, {"wd": "usually"}], [{"wd": "incompletely"}, {"wd": "partially"}, {"wd": "partly"}, {"wd": "rather"}, {"wd": "somewhat"}]], "phrase_list": [[{"wd": "in general"}, {"wd": "on the whole"}]], "near_list": [[{"wd": "completely"}, {"wd": "entirely"}, {"wd": "fully"}, {"wd": "perfectly"}, {"wd": "thoroughly"}, {"wd": "totally"}, {"wd": "wholly"}], [{"wd": "barely"}, {"wd": "hardly"}, {"wd": "just"}, {"wd": "marginally"}, {"wd": "minimally"}, {"wd": "scarcely"}], [{"wd": "absolutely"}, {"wd": "categorically"}, {"wd": "unqualifiedly"}]]}]]]}], "shortdef": ["for the most part"]}, {"meta": {"id": "care and feeding", "uuid": "530f35a2-db5a-473f-a2b7-25cf38905ed3", "src": "coll_thes", "section": "alpha", "target": {"tuuid": "7f355db6-6312-4b58-a3e0-e6aa0510832c", "tsrc": "collegiate"}, "stems": ["care and feeding"], "syns": [["conservation", "conserving", "keep", "maintenance", "preservation", "preserving", "sustentation", "upkeep"]], "ants": [], "offensive": false}, "hwi": {"hw": "care and feeding"}, "fl": "noun", "def": [{"sseq": [[["sense", {"dt": [["text", "the act or activity of keeping something in an existing and usually satisfactory condition "], ["vis", [{"t": "devotes too much time to the {it}care and feeding{/it} of her buggy computer"}]]], "syn_list": [[{"wd": "conservation"}, {"wd": "conserving"}, {"wd": "keep"}, {"wd": "maintenance"}, {"wd": "preservation"}, {"wd": "preserving"}, {"wd": "sustentation"}, {"wd": "upkeep"}]], "rel_list": [[{"wd": "conservancy"}], [{"wd": "support"}, {"wd": "sustaining"}], [{"wd": "care"}, {"wd": "custody"}, {"wd": "guardianship"}], [{"wd": "defense"}, {"wd": "guarding"}, {"wd": "protection"}, {"wd": "safeguarding"}, {"wd": "safekeeping"}]], "near_list": [[{"wd": "dereliction"}, {"wd": "disregard"}, {"wd": "ignoring"}, {"wd": "inattention"}, {"wd": "neglect"}, {"wd": "negligence"}], [{"wd": "damage"}, {"wd": "demolition"}, {"wd": "destruction"}, {"wd": "harm"}, {"wd": "hurt"}, {"wd": "injury"}, {"wd": "ruin"}, {"wd": "ruination"}]]}]]]}], "shortdef": ["the act or activity of keeping something in an existing and usually satisfactory condition"]}]