[{"meta": {"id": "and", "uuid": "0bfd9f79-2cb8-432d-b06e-adfed0ead4f5", "sort": "012665000", "src": "collegiate", "section": "alpha", "stems": ["and", "and so forth", "and so on"], "offensive": false}, "hwi": {"hw": "and", "prs": [{"mw": "\u0259n(d)"}, {"mw": "(\u02c8)an(d)", "sound": {"audio": "and00001", "ref": "c", "stat": "1"}}, {"l": "usually", "mw": "\u1d4an(d)"}, {"l": "after", "mw": "t", "pun": ","}, {"mw": "d ", "pun": ","}, {"mw": "s "}, {"l": "or", "mw": "z", "pun": ";"}, {"l": "often", "mw": "\u1d4am"}, {"l": "after", "mw": "p"}, {"l": "or", "mw": "b", "pun": ";"}, {"l": "sometimes", "mw": "\u1d4a\u014b"}, {"l": "after", "mw": "k"}, {"l": "or", "mw": "g"}]}, "fl": "conjunction", "def": [{"sseq": [[["sense", {"sn": "1", "dt": [["uns", [[["text", "used as a function word to indicate connection or addition especially of items within the same class or type"]], [["text", "used to join sentence elements of the same grammatical rank or function"]]]]]}]], [["sense", {"sn": "2 a", "dt": [["uns", [[["text", "used as a function word to express logical modification, consequence, antithesis, or supplementary explanation"]]]]]}], ["sense", {"sn": "b", "dt": [["uns", [[["text", "used as a function word to join one finite verb (such as {it}go, come, try{/it}) to another so that together they are logically equivalent to an infinitive of purpose "], ["vis", [{"t": "come {wi}and{/wi} see me"}]]]]]]}]], [["sense", {"sn": "3", "sls": ["obsolete"], "dt": [["text", "{bc}{sx|if||}"]]}]], [["sense", {"sn": "4", "dt": [["uns", [[["text", "used in logic to form a conjunction"]]]]]}]]]}], "dros": [{"drp": "and so forth", "prs": [{"mw": "\u0259n-\u02c8s\u014d-\u02ccf\u022frth", "sound": {"audio": "and00002"}}], "def": [{"sseq": [[["sense", {"sn": "1", "dt": [["text", "{bc}and others or more of the same or similar kind"]]}]], [["sense", {"sn": "2", "dt": [["text", "{bc}further in the same or similar manner"]]}]], [["sense", {"sn": "3", "dt": [["text", "{bc}and the rest"]]}]], [["sense", {"sn": "4", "dt": [["text", "{bc}and other things"]]}]]]}]}, {"drp": "and so on", "prs": [{"mw": "\u0259n-\u02c8s\u014d-\u02cc\u022fn", "sound": {"audio": "and00003"}}, {"mw": "-\u02cc\u00e4n"}], "def": [{"sseq": [[["sense", {"dt": [["text", "{bc}and so forth"]]}]]]}]}], "et": [["text", "Middle English, from Old English; akin to Old High German {it}unti{/it} and"]], "date": "before 12th century{ds||1||}", "shortdef": ["\u2014used as a function word to indicate connection or addition especially of items within the same class or type\u2014used to join sentence elements of the same grammatical rank or function", "\u2014used as a function word to express logical modification, consequence, antithesis, or supplementary explanation", "\u2014used as a function word to join one finite verb (such as go, come, try) to another so that together they are logically equivalent to an infinitive of purpose"]}, {"meta": {"id": "AND", "uuid": "84d64788-8261-4be0-9241-103c5ae38472", "sort": "012666000", "src": "collegiate", "section": "alpha", "stems": ["AND", "ANDs"], "offensive": false}, "hwi": {"hw": "AND", "prs": [{"mw": "\u02c8and", "sound": {"audio": "and00001", "ref": "c", "stat": "1"}}]}, "fl": "noun", "def": [{"sseq": [[["sense", {"dt": [["text", "{bc}a logical operator that requires both of two inputs to be present or two conditions to be met for an output to be made or a statement to be executed"]]}]]]}], "date": "1946", "shortdef": ["a logical operator that requires both of two inputs to be present or two conditions to be met for an output to be made or a statement to be executed"]}, {"meta": {"id": "and how", "uuid": "84715c4f-4018-4f45-a526-23169ae89172", "sort": "012675000", "src": "collegiate", "section": "alpha", "stems": ["and how"], "offensive": false}, "hwi": {"hw": "and how"}, "fl": "adverb", "def": [{"sseq": [[["sense", {"dt": [["uns", [[["text", "used to emphasize the preceding idea "], ["vis", [{"t": "having a great time\u2014{it}and how!{/it}"}]]]]]]}]]]}], "date": "1865", "shortdef": ["\u2014used to emphasize the preceding idea"]}, {"meta": {"id": "and a half", "uuid": "4a7eb151-ef5d-4c9f-bb8a-c914d07f5f60", "sort": "3000574000", "src": "ld", "section": "idioms", "stems": ["and a half"], "offensive": false}, "hwi": {"hw": "and a half"}, "fl": "idiom", "def": [{"sseq": [[["sense", {"sn": "1", "dt": [["uns", [[["text", "used in measurements of time, distance, weight, etc., to indicate one half of the stated unit of measurement "], ["vis", [{"t": "My daughter is two and a {it}half{/it} (years old)."}, {"t": "The fish was a foot {it}and a half{/it} long."}, {"t": "weighs ten {it}and a half{/it} pounds"}]]]]]]}]], [["sense", {"sn": "2", "sls": ["informal"], "dt": [["uns", [[["text", "used to say that something is very good, large, difficult, etc. "], ["vis", [{"t": "That was a meal {it}and a half{/it}!"}, {"t": "Renovating a house is a job {it}and a half{/it}."}]]]]]]}]]]}], "shortdef": ["\u2014used in measurements of time, distance, weight, etc., to indicate one half of the stated unit of measurement", "\u2014used to say that something is very good, large, difficult, etc."]}, {"meta": {"id": "and anyway", "uuid": "11802020-c824-4885-83b1-5382491e8fb6", "sort": "3000576000", "src": "ld", "section": "idioms", "stems": ["and anyway"], "offensive": false}, "hwi": {"hw": "and anyway"}, "fl": "idiom", "def": [{"sseq": [[["sense", {"dt": [["text", "{bc}and in addition "], ["vis", [{"t": "It's too expensive, {it}and anyway{/it}, we don't have enough time to do it."}]]]}]]]}], "shortdef": ["and in addition"]}, {"meta": {"id": "and Bob's your uncle", "uuid": "d547cd1c-46f1-4eb2-b554-aff0a7019ce6", "sort": "3000577000", "src": "ld", "section": "idioms", "stems": ["and bob's your uncle"], "offensive": false}, "hwi": {"hw": "and Bob's your uncle"}, "fl": "idiom", "def": [{"sls": ["British", "informal"], "sseq": [[["sense", {"dt": [["uns", [[["text", "used to say that something is easy to do or use "], ["vis", [{"t": "Just complete the form, pay the fee, {it}and Bob's your uncle{/it}!"}]]]]]]}]]]}], "shortdef": ["\u2014used to say that something is easy to do or use"]}, {"meta": {"id": "and change", "uuid": "d4ca128f-a141-4e8e-9954-9fc1d445430a", "sort": "3000578000", "src": "ld", "section": "idioms", "stems": ["and change"], "offensive": false}, "hwi": {"hw": "and change"}, "fl": "idiom", "def": [{"sls": ["US", "informal"], "sseq": [[["sense", {"dt": [["text", "{bc}and a very small additional amount "], ["vis", [{"t": "There's only six minutes {it}and change{/it} left in the game."}]]]}]]]}], "shortdef": ["and a very small additional amount"]}, {"meta": {"id": "and everything", "uuid": "db9432b8-94db-4033-b5c7-dc68ae7410d9", "sort": "3000580000", "src": "ld", "section": "idioms", "stems": ["and everything"], "offensive": false}, "hwi": {"hw": "and everything"}, "fl": "idiom", "def": [{"sls": ["informal"], "sseq": [[["sense", {"dt": [["text", "{bc}and other things like that "], ["vis", [{"t": "I like being out in the forest with all the birds and trees {it}and everything{/it}."}, {"t": "He has a lot on his mind, what with his health problems {it}and everything{/it}."}]]]}]]]}], "shortdef": ["and other things like that"]}, {"meta": {"id": "and no mistake", "uuid": "dc1e23fa-7c88-41b9-8770-eabe8fc1beaf", "sort": "3000582000", "src": "ld", "section": "idioms", "stems": ["and no mistake"], "offensive": false}, "hwi": {"hw": "and no mistake"}, "fl": "idiom", "def": [{"sls": ["chiefly British", "old-fashioned"], "sseq": [[["sense", {"dt": [["uns", [[["text", "used to stress the truth or accuracy of a statement "], ["vis", [{"t": "She's the one I saw, {it}and no mistake{/it}."}]]]]]]}]]]}], "shortdef": ["\u2014used to stress the truth or accuracy of a statement"]}, {"meta": {"id": "and otherwise", "uuid": "208eaa7c-c1fd-4bba-8c78-a5813dd0f377", "sort": "3000584000", "src": "ld", "section": "idioms", "stems": ["and otherwise"], "offensive": false}, "hwi": {"hw": "and otherwise"}, "fl": "idiom", "def": [{"sseq": [[["sense", {"dt": [["uns", [[["text", "used to refer to something that is additional to something already mentioned "], ["vis", [{"t": "The company has been having problems, financial {it}and otherwise{/it}, for several years."}]]]]]]}]]]}], "shortdef": ["\u2014used to refer to something that is additional to something already mentioned"]}]