[{"meta": {"id": "arose", "uuid": "f6147d2b-7120-4814-9c04-a29a5039389c", "sort": "013940000", "src": "collegiate", "section": "alpha", "stems": ["arise", "arose"], "offensive": false}, "hwi": {"hw": "arose"}, "cxs": [{"cxl": "past tense of", "cxtis": [{"cxt": "arise"}]}], "shortdef": []}, {"meta": {"id": "arise", "uuid": "45fb826b-d31d-49b6-9512-0ff4a680d9ad", "sort": "013865000", "src": "collegiate", "section": "alpha", "stems": ["arise", "arisen", "arises", "arising", "arose", "should the need arise"], "offensive": false}, "hwi": {"hw": "arise", "prs": [{"mw": "\u0259-\u02c8r\u012bz", "sound": {"audio": "arise001", "ref": "c", "stat": "1"}}]}, "fl": "verb", "ins": [{"if": "arose", "prs": [{"mw": "\u0259-\u02c8r\u014dz", "sound": {"audio": "arise002", "ref": "c", "stat": "1"}}]}, {"if": "aris*en", "prs": [{"mw": "\u0259-\u02c8ri-z\u1d4an", "sound": {"audio": "arise003", "ref": "c", "stat": "1"}}]}, {"if": "aris*ing", "prs": [{"mw": "\u0259-\u02c8r\u012b-zi\u014b", "sound": {"audio": "arise004", "ref": "c", "stat": "1"}}]}], "def": [{"vd": "intransitive verb", "sseq": [[["sense", {"sn": "1 a", "dt": [["text", "{bc}to begin to occur or to exist {bc}to come into being or to attention "], ["vis", [{"t": "Problems {wi}arise{/wi} when people try to avoid responsibility."}, {"t": "A conflict {wi}arose{/wi} because of a misunderstanding."}, {"t": "Questions have {wi}arisen{/wi} concerning the company's financial records."}, {"t": "He can defend himself {phrase}should the need arise{/phrase}. {gloss}=if it becomes necessary to do so{/gloss}"}]]]}], ["sense", {"sn": "b", "dt": [["text", "{bc}to originate from a source "], ["vis", [{"t": "arteries that {wi}arise{/wi} from the aorta"}, {"t": "a river that {wi}arises{/wi} from two main sources"}]]]}]], [["sense", {"sn": "2", "dt": [["text", "{bc}to get up or stand up {bc}{sx|rise||} "], ["vis", [{"t": "He {wi}arose{/wi} from his chair."}]]], "sdsense": {"sd": "especially", "dt": [["text", "{bc}to get up from sleep or after lying down "], ["vis", [{"t": "He {it}arose{/it} (from bed) refreshed after a good night's sleep."}]]]}}]], [["sense", {"sn": "3", "dt": [["text", "{bc}to move upward {bc}{sx|ascend||} "], ["vis", [{"t": "A mist {it}arose{/it} from the valley."}]]]}]]]}], "syns": [{"pl": "synonyms", "pt": [["text", "{sc}spring{/sc} {sc}arise{/sc} {sc}rise{/sc} {sc}originate{/sc} {sc}derive{/sc} {sc}flow{/sc} {sc}issue{/sc} {sc}emanate{/sc} {sc}proceed{/sc} {sc}stem{/sc} mean to come up or out of something into existence. {sc}spring{/sc} implies rapid or sudden emerging. "], ["vis", [{"t": "an idea that {it}springs{/it} to mind"}]], ["text", " {sc}arise{/sc} and {sc}rise{/sc} may both convey the fact of coming into existence or notice but {sc}rise{/sc} often stresses gradual growth or ascent. "], ["vis", [{"t": "new questions have {it}arisen{/it}"}, {"t": "slowly {it}rose{/it} to prominence"}]], ["text", " {sc}originate{/sc} implies a definite source or starting point. "], ["vis", [{"t": "the fire {it}originated{/it} in the basement"}]], ["text", " {sc}derive{/sc} implies a prior existence in another form. "], ["vis", [{"t": "the holiday {it}derives{/it} from an ancient Roman feast"}]], ["text", " {sc}flow{/sc} adds to {sc}spring{/sc} a suggestion of abundance or ease of inception. "], ["vis", [{"t": "words {it}flowed{/it} easily from her pen"}]], ["text", " {sc}issue{/sc} suggests emerging from confinement through an outlet. "], ["vis", [{"t": "blood {it}issued{/it} from the cut"}]], ["text", " {sc}emanate{/sc} applies to the coming of something immaterial (such as a thought) from a source. "], ["vis", [{"t": "reports {it}emanating{/it} from the capital"}]], ["text", " {sc}proceed{/sc} stresses place of origin, derivation, parentage, or logical cause. "], ["vis", [{"t": "advice that {it}proceeds{/it} from the best of intentions"}]], ["text", " {sc}stem{/sc} implies originating by dividing or branching off from something as an outgrowth or subordinate development. "], ["vis", [{"t": "industries {it}stemming{/it} from space research"}]]]}], "et": [["text", "Middle English, from Old English {it}\u0101r\u012bsan{/it}, from {it}\u0101-{/it}, perfective prefix + {it}r\u012bsan{/it} to rise {ma}{mat|abide|}{/ma}"]], "date": "before 12th century{ds||2||}", "shortdef": ["to begin to occur or to exist : to come into being or to attention", "to originate from a source", "to get up or stand up : rise; especially : to get up from sleep or after lying down"]}, {"meta": {"id": "Rose:b", "uuid": "85ef2085-0862-4b35-824f-9f300a3bad09", "sort": "304934000", "src": "collegiate", "section": "biog", "stems": ["Irwin A. Rose", "Rose"], "offensive": false}, "hwi": {"hw": "Rose", "prs": [{"mw": "\u02c8r\u014dz", "sound": {"audio": "rose0001", "ref": "c", "stat": "1"}}]}, "fl": "biographical name", "def": [{"sseq": [[["sense", {"dt": [["text", "Irwin A. 1926\u20132015 American biologist"]]}]]]}], "shortdef": ["Irwin A. 1926\u20142015 American biologist"]}, {"meta": {"id": "come out/up smelling like a rose", "uuid": "32945067-747a-4ac4-ba86-ba893563e7f1", "sort": "3003687000", "src": "ld", "section": "idioms", "stems": ["come out smelling like a rose", "come out/up smelling like a rose", "come up smelling like a rose"], "offensive": false}, "hwi": {"hw": "come out/up smelling like a rose"}, "fl": "idiom", "def": [{"sls": ["informal"], "sseq": [[["sense", {"dt": [["text", "{bc}to have success or good fortune in a situation in which one was likely to fail, be harmed, etc. "], ["vis", [{"t": "The scandal forced several board members to resign, but the chairman {it}came out smelling like a rose{/it}."}]]]}]]]}], "shortdef": ["to have success or good fortune in a situation in which one was likely to fail, be harmed, etc."]}]