[{"meta": {"id": "as", "uuid": "9b2c736d-5ba4-48bd-85b7-a112f299913d", "src": "coll_thes", "section": "alpha", "target": {"tuuid": "d0fbcabf-2da2-4d82-a701-e46e41a029b4", "tsrc": "collegiate"}, "stems": ["as", "as is", "as it were"], "syns": [["so long as", "when", "while", "whilst"], ["'cause", "as long as", "because", "being (as or as how or that)", "considering", "for", "inasmuch as", "now", "seeing", "since", "whereas"], ["albeit", "although", "howbeit", "much as", "notwithstanding", "though", "when", "whereas", "while", "whilst"], ["as if", "as though", "like"]], "ants": [], "offensive": false}, "hwi": {"hw": "as"}, "fl": "conjunction", "def": [{"sseq": [[["sense", {"sn": "1", "dt": [["text", "at or during the time that "], ["vis", [{"t": "he slipped {it}as{/it} he was walking to his car"}]]], "syn_list": [[{"wd": "so long as"}, {"wd": "when"}, {"wd": "while"}, {"wd": "whilst", "wsls": ["chiefly British"]}]], "near_list": [[{"wd": "after"}]]}]], [["sense", {"sn": "2", "dt": [["text", "for the reason that "], ["vis", [{"t": "had his meals delivered to him {it}as{/it} he couldn't navigate the icy sidewalk with his walker"}]]], "syn_list": [[{"wd": "'cause"}, {"wd": "as long as"}, {"wd": "because"}, {"wd": "being (as or as how or that)", "wsls": ["chiefly dialect"]}, {"wd": "considering"}, {"wd": "for"}, {"wd": "inasmuch as"}, {"wd": "now"}, {"wd": "seeing"}, {"wd": "since"}, {"wd": "whereas"}]]}]], [["sense", {"sn": "3", "dt": [["text", "in spite of the fact that "], ["vis", [{"t": "silly {it}as{/it} it sounds, that's exactly the way that it happened"}]]], "syn_list": [[{"wd": "albeit"}, {"wd": "although", "wvrs": [{"wvl": "also", "wva": "altho"}]}, {"wd": "howbeit"}, {"wd": "much as"}, {"wd": "notwithstanding"}, {"wd": "though"}, {"wd": "when"}, {"wd": "whereas"}, {"wd": "while"}, {"wd": "whilst", "wsls": ["chiefly British"]}]], "rel_list": [[{"wd": "but"}, {"wd": "if"}]]}]], [["sense", {"sn": "4", "dt": [["text", "the way it would be or one would do if "], ["vis", [{"t": "his face looked {it}as{/it} he'd gotten a terrible shock"}]]], "syn_list": [[{"wd": "as if"}, {"wd": "as though"}, {"wd": "like"}]]}]]]}], "shortdef": ["at or during the time that", "for the reason that", "in spite of the fact that"]}, {"meta": {"id": "as far as", "uuid": "b75d332e-c076-4c23-832d-b1d3be4881f9", "src": "coll_thes", "section": "alpha", "target": {"tuuid": "3ff3c47d-8003-4d96-a71d-b7ff9fe11e9c", "tsrc": "collegiate"}, "stems": ["as far as"], "syns": [["about", "apropos", "apropos of", "as for", "as regards", "as to", "concerning", "of", "on", "regarding", "respecting", "touching", "toward"]], "ants": [], "offensive": false}, "hwi": {"hw": "as far as"}, "fl": "preposition", "def": [{"sseq": [[["sense", {"dt": [["text", "having to do with "], ["vis", [{"t": "{it}as far as{/it} a menu for the event, I haven't given it any thought"}]]], "syn_list": [[{"wd": "about"}, {"wd": "apropos"}, {"wd": "apropos of"}, {"wd": "as for"}, {"wd": "as regards", "wvrs": [{"wvl": "also", "wva": "as respects"}]}, {"wd": "as to"}, {"wd": "concerning"}, {"wd": "of"}, {"wd": "on"}, {"wd": "regarding"}, {"wd": "respecting"}, {"wd": "touching"}, {"wd": "toward", "wvrs": [{"wvl": "or", "wva": "towards"}]}]], "rel_list": [[{"wd": "over"}]], "phrase_list": [[{"wd": "in regard to"}, {"wd": "in respect to"}, {"wd": "in view of"}, {"wd": "with regard to"}, {"wd": "with respect to"}]]}]]]}], "shortdef": ["having to do with"]}, {"meta": {"id": "as for", "uuid": "0d554a1d-0369-4b10-899b-a7024b1c21f3", "src": "coll_thes", "section": "alpha", "target": {"tuuid": "95eb369a-a06b-4aa3-8160-ce00b574c86c", "tsrc": "collegiate"}, "stems": ["as for"], "syns": [["about", "apropos", "apropos of", "as far as", "as regards", "as to", "concerning", "of", "on", "regarding", "respecting", "touching", "toward"]], "ants": [], "offensive": false}, "hwi": {"hw": "as for"}, "fl": "preposition", "def": [{"sseq": [[["sense", {"dt": [["text", "having to do with "], ["vis", [{"t": "{it}as for{/it} the others, let them get their own dinner"}]]], "syn_list": [[{"wd": "about"}, {"wd": "apropos"}, {"wd": "apropos of"}, {"wd": "as far as"}, {"wd": "as regards", "wvrs": [{"wvl": "also", "wva": "as respects"}]}, {"wd": "as to"}, {"wd": "concerning"}, {"wd": "of"}, {"wd": "on"}, {"wd": "regarding"}, {"wd": "respecting"}, {"wd": "touching"}, {"wd": "toward", "wvrs": [{"wvl": "or", "wva": "towards"}]}]], "rel_list": [[{"wd": "over"}]], "phrase_list": [[{"wd": "in regard to"}, {"wd": "in respect to"}, {"wd": "in view of"}, {"wd": "with regard to"}, {"wd": "with respect to"}]]}]]]}], "shortdef": ["having to do with"]}, {"meta": {"id": "as if", "uuid": "1a4c845d-6fb3-4478-ab1e-7378b2ad1bfb", "src": "coll_thes", "section": "alpha", "target": {"tuuid": "6f7038e9-2fc2-4292-88ab-3b6d90125aba", "tsrc": "collegiate"}, "stems": ["as if"], "syns": [["as", "as though", "like"]], "ants": [], "offensive": false}, "hwi": {"hw": "as if"}, "fl": "conjunction", "def": [{"sseq": [[["sense", {"dt": [["text", "the way it would be or one would do if "], ["vis", [{"t": "she looked {it}as if{/it} she wanted to ask one more question before we left"}]]], "syn_list": [[{"wd": "as"}, {"wd": "as though"}, {"wd": "like"}]]}]]]}], "shortdef": ["the way it would be or one would do if"]}, {"meta": {"id": "as long as", "uuid": "641fc126-bcd6-40a3-afc1-870f465d1edf", "src": "coll_thes", "section": "alpha", "target": {"tuuid": "ce65490b-e988-4ee9-b288-5b841dd56b98", "tsrc": "collegiate"}, "stems": ["as long as"], "syns": [["'cause", "as", "because", "being (as or as how or that)", "considering", "for", "inasmuch as", "now", "seeing", "since", "whereas"]], "ants": [], "offensive": false}, "hwi": {"hw": "as long as"}, "fl": "conjunction", "def": [{"sseq": [[["sense", {"dt": [["text", "for the reason that "], ["vis", [{"t": "{it}as long as{/it} I've got my boots on, I might as well go out and get the firewood"}]]], "syn_list": [[{"wd": "'cause"}, {"wd": "as"}, {"wd": "because"}, {"wd": "being (as or as how or that)", "wsls": ["chiefly dialect"]}, {"wd": "considering"}, {"wd": "for"}, {"wd": "inasmuch as"}, {"wd": "now"}, {"wd": "seeing"}, {"wd": "since"}, {"wd": "whereas"}]]}]]]}], "shortdef": ["for the reason that"]}, {"meta": {"id": "as regards", "uuid": "0723db48-dbb8-44b5-a66c-ede89c6dbbeb", "src": "coll_thes", "section": "alpha", "target": {"tuuid": "9c08d38d-5692-4f77-9b41-92ca6aef1a0c", "tsrc": "collegiate"}, "stems": ["as regards", "as respects"], "syns": [["about", "apropos", "apropos of", "as far as", "as for", "as to", "concerning", "of", "on", "regarding", "respecting", "touching", "toward"]], "ants": [], "offensive": false}, "hwi": {"hw": "as regards"}, "vrs": [{"vl": "also", "va": "as respects"}], "fl": "preposition", "def": [{"sseq": [[["sense", {"dt": [["text", "having to do with "], ["vis", [{"t": "{it}as regards{/it} her suggestions, I think they require further consideration"}]]], "syn_list": [[{"wd": "about"}, {"wd": "apropos"}, {"wd": "apropos of"}, {"wd": "as far as"}, {"wd": "as for"}, {"wd": "as to"}, {"wd": "concerning"}, {"wd": "of"}, {"wd": "on"}, {"wd": "regarding"}, {"wd": "respecting"}, {"wd": "touching"}, {"wd": "toward", "wvrs": [{"wvl": "or", "wva": "towards"}]}]], "rel_list": [[{"wd": "over"}]], "phrase_list": [[{"wd": "in regard to"}, {"wd": "in respect to"}, {"wd": "in view of"}, {"wd": "with regard to"}, {"wd": "with respect to"}]]}]]]}], "shortdef": ["having to do with"]}, {"meta": {"id": "as soon as", "uuid": "c06c949b-0a1f-415f-ae42-6dcce2c4a704", "src": "coll_thes", "section": "alpha", "target": {"tuuid": "4f9e8dea-d226-481c-b784-516f2c895d15", "tsrc": "collegiate"}, "stems": ["as soon as"], "syns": [["immediately", "instantly", "once", "when"]], "ants": [], "offensive": false}, "hwi": {"hw": "as soon as"}, "fl": "conjunction", "def": [{"sseq": [[["sense", {"dt": [["text", "just at the moment that "], ["vis", [{"t": "let us know {it}as soon as{/it} you get the news from the hospital"}]]], "syn_list": [[{"wd": "immediately", "wsls": ["chiefly British"]}, {"wd": "instantly"}, {"wd": "once"}, {"wd": "when"}]], "near_list": [[{"wd": "after"}, {"wd": "directly", "wsls": ["chiefly British"]}, {"wd": "since"}]]}]]]}], "shortdef": ["just at the moment that"]}, {"meta": {"id": "as though", "uuid": "91563288-7885-40ef-ad3f-bbc44b596286", "src": "coll_thes", "section": "alpha", "target": {"tuuid": "c8101ecc-584e-4108-a888-49b4f8bb3438", "tsrc": "collegiate"}, "stems": ["as though"], "syns": [["as", "as if", "like"]], "ants": [], "offensive": false}, "hwi": {"hw": "as though"}, "fl": "conjunction", "def": [{"sseq": [[["sense", {"dt": [["text", "the way it would be or one would do if "], ["vis", [{"t": "the applause was so great it was {it}as though{/it} the toddler's dance class had been the Bolshoi Ballet"}]]], "syn_list": [[{"wd": "as"}, {"wd": "as if"}, {"wd": "like"}]]}]]]}], "shortdef": ["the way it would be or one would do if"]}, {"meta": {"id": "as to", "uuid": "4919c631-0d71-4aa3-9519-6e7955e3a7d9", "src": "coll_thes", "section": "alpha", "target": {"tuuid": "c2243540-cd94-4e3c-9049-e843cc46a6fa", "tsrc": "collegiate"}, "stems": ["as to"], "syns": [["about", "apropos", "apropos of", "as far as", "as for", "as regards", "concerning", "of", "on", "regarding", "respecting", "touching", "toward"]], "ants": [], "offensive": false}, "hwi": {"hw": "as to"}, "fl": "preposition", "def": [{"sseq": [[["sense", {"dt": [["text", "having to do with "], ["vis", [{"t": "I'm in a quandary {it}as to{/it} how to deal with the problem"}]]], "syn_list": [[{"wd": "about"}, {"wd": "apropos"}, {"wd": "apropos of"}, {"wd": "as far as"}, {"wd": "as for"}, {"wd": "as regards", "wvrs": [{"wvl": "also", "wva": "as respects"}]}, {"wd": "concerning"}, {"wd": "of"}, {"wd": "on"}, {"wd": "regarding"}, {"wd": "respecting"}, {"wd": "touching"}, {"wd": "toward", "wvrs": [{"wvl": "or", "wva": "towards"}]}]], "rel_list": [[{"wd": "over"}]], "phrase_list": [[{"wd": "in regard to"}, {"wd": "in respect to"}, {"wd": "in view of"}, {"wd": "with regard to"}, {"wd": "with respect to"}]]}]]]}], "shortdef": ["having to do with"]}, {"meta": {"id": "as well as", "uuid": "16efb979-72b7-4d59-9dbf-02fb41a5bda5", "src": "coll_thes", "section": "alpha", "target": {"tuuid": "5744d31c-86c8-4341-b4da-456b1b623f98", "tsrc": "collegiate"}, "stems": ["as well as"], "syns": [["beside", "besides", "beyond", "over and above"]], "ants": [], "offensive": false}, "hwi": {"hw": "as well as"}, "fl": "preposition", "def": [{"sseq": [[["sense", {"dt": [["text", "in addition to "], ["vis", [{"t": "we offer electronic toys {it}as well as{/it} rent out video games"}]]], "syn_list": [[{"wd": "beside"}, {"wd": "besides"}, {"wd": "beyond"}, {"wd": "over and above"}]], "rel_list": [[{"wd": "plus"}], [{"wd": "including"}]], "phrase_list": [[{"wd": "along with"}, {"wd": "at that"}, {"wd": "together with"}]], "near_list": [[{"wd": "except", "wvrs": [{"wvl": "also", "wva": "excepting"}]}], [{"wd": "less"}, {"wd": "minus"}, {"wd": "wanting"}]]}]]]}], "shortdef": ["in addition to"]}]