[{"meta": {"id": "back", "uuid": "469c4aa2-d59c-47dd-b124-78aa2d3615e5", "src": "coll_thes", "section": "alpha", "target": {"tuuid": "ef088978-7e6b-4132-9ace-9c12321d7ba2", "tsrc": "collegiate"}, "stems": ["back", "back then"], "syns": [["ago", "agone", "since", "syne"], ["about", "around", "backward", "round"], ["backward", "rearward"]], "ants": [["hence"], ["ahead", "along", "forth", "forward", "forwards", "on", "onward"]], "offensive": false}, "hwi": {"hw": "back"}, "fl": "adverb", "def": [{"sseq": [[["sense", {"sn": "1", "dt": [["text", "earlier than the present time "], ["vis", [{"t": "that's longer {it}back{/it} than I can remember"}]]], "syn_list": [[{"wd": "ago"}, {"wd": "agone", "wsls": ["archaic"]}, {"wd": "since"}, {"wd": "syne", "wsls": ["chiefly Scottish"]}]], "ant_list": [[{"wd": "hence"}]]}]], [["sense", {"sn": "2", "dt": [["text", "toward the opposite direction "], ["vis", [{"t": "turned {it}back{/it} for one last comment"}]]], "syn_list": [[{"wd": "about"}, {"wd": "around"}, {"wd": "backward", "wvrs": [{"wvl": "or", "wva": "backwards"}]}, {"wd": "round"}]], "rel_list": [[{"wd": "behind"}, {"wd": "down"}, {"wd": "downward", "wvrs": [{"wvl": "or", "wva": "downwards"}]}, {"wd": "rearward", "wvrs": [{"wvl": "also", "wva": "rearwards"}]}], [{"wd": "obversely"}, {"wd": "reversely"}], [{"wd": "across"}, {"wd": "athwart"}, {"wd": "counter"}, {"wd": "counterclockwise"}, {"wd": "widdershins", "wvrs": [{"wvl": "also", "wva": "withershins"}]}]], "near_list": [[{"wd": "clockwise"}, {"wd": "deasil"}]]}]], [["sense", {"sn": "3", "dt": [["text", "toward the rear "], ["vis", [{"t": "concert security asked the crowd to move {it}back{/it}"}]]], "syn_list": [[{"wd": "backward", "wvrs": [{"wvl": "or", "wva": "backwards"}]}, {"wd": "rearward", "wvrs": [{"wvl": "also", "wva": "rearwards"}]}]], "rel_list": [[{"wd": "astern"}, {"wd": "sternforemost"}], [{"wd": "anticlockwise", "wsls": ["chiefly British"]}, {"wd": "counterclockwise"}, {"wd": "left-handed"}, {"wd": "left-handedly"}, {"wd": "retrograde"}, {"wd": "reversely"}, {"wd": "widdershins", "wvrs": [{"wvl": "also", "wva": "withershins"}]}]], "near_list": [[{"wd": "before"}]], "ant_list": [[{"wd": "ahead"}, {"wd": "along"}, {"wd": "forth"}, {"wd": "forward"}, {"wd": "forwards"}, {"wd": "on"}, {"wd": "onward", "wvrs": [{"wvl": "also", "wva": "onwards"}]}]]}]]]}], "shortdef": ["earlier than the present time", "toward the opposite direction", "toward the rear"]}, {"meta": {"id": "back", "uuid": "e6f9bb3e-0ea8-48da-9607-323245a6d5c8", "src": "coll_thes", "section": "alpha", "target": {"tuuid": "fb0a9f98-eac6-4e03-9848-9422d78f3149", "tsrc": "collegiate"}, "stems": ["back", "back of one's hand", "back of one's mind", "back of the hand", "backed", "backless", "backs", "behind one's back"], "syns": [["rear", "reverse", "tail"], ["Achilles' heel", "chink", "jugular", "soft spot", "underbelly"]], "ants": [["face", "forehead", "forepart", "front"]], "offensive": false}, "hwi": {"hw": "back"}, "fl": "noun", "def": [{"sseq": [[["sense", {"sn": "1", "dt": [["text", "a behind part or surface "], ["vis", [{"t": "the {it}back{/it} of the page was blank"}]]], "syn_list": [[{"wd": "rear"}, {"wd": "reverse"}, {"wd": "tail"}]], "ant_list": [[{"wd": "face"}, {"wd": "forehead"}, {"wd": "forepart"}, {"wd": "front"}]]}]], [["sense", {"sn": "2", "dt": [["text", "a vulnerable point "], ["vis", [{"t": "a candidate needing a loyal aide who can be relied upon to always watch his {it}back{/it}"}]]], "syn_list": [[{"wd": "Achilles' heel"}, {"wd": "chink"}, {"wd": "jugular"}, {"wd": "soft spot"}, {"wd": "underbelly"}]], "rel_list": [[{"wd": "downfall"}, {"wd": "ruin"}, {"wd": "undoing"}], [{"wd": "hamartia"}, {"wd": "tragic flaw"}]]}]]]}], "shortdef": ["a behind part or surface", "a vulnerable point"]}, {"meta": {"id": "back", "uuid": "80f8446c-826b-45a9-a209-d25f46fdca42", "src": "coll_thes", "section": "alpha", "target": {"tuuid": "915cedf1-c291-4ce5-a517-9ba92400621c", "tsrc": "collegiate"}, "stems": ["back", "back and fill", "back into", "backed", "backer", "backers", "backing", "backs"], "syns": [["advocate", "champion", "endorse", "patronize", "plump (for)", "plunk (for)", "support"], ["abet", "aid", "assist", "backstop", "help", "prop (up)", "support"], ["bolster", "buttress", "corroborate", "reinforce", "shore (up)", "substantiate", "support"]], "ants": [["hinder"]], "offensive": false}, "hwi": {"hw": "back"}, "fl": "verb", "def": [{"sseq": [[["sense", {"sn": "1", "dt": [["text", "to promote the interests or cause of "], ["vis", [{"t": "she enthusiastically {it}backed{/it} the plan to renovate and upgrade the school's facilities"}]]], "syn_list": [[{"wd": "advocate"}, {"wd": "champion"}, {"wd": "endorse", "wvrs": [{"wvl": "also", "wva": "indorse"}]}, {"wd": "patronize"}, {"wd": "plump (for)"}, {"wd": "plunk (for)", "wvbvrs": [{"wvbvl": "or", "wvbva": "plonk (for)"}]}, {"wd": "support"}]], "rel_list": [[{"wd": "adopt"}, {"wd": "embrace"}, {"wd": "espouse"}], [{"wd": "abet"}, {"wd": "aid"}, {"wd": "assist"}, {"wd": "help"}, {"wd": "prop (up)"}, {"wd": "second"}, {"wd": "side (with)"}], [{"wd": "backstop"}, {"wd": "bolster"}, {"wd": "boost"}, {"wd": "buttress"}, {"wd": "reinforce", "wvrs": [{"wvl": "also", "wva": "reenforce"}]}], [{"wd": "advance"}, {"wd": "forward"}, {"wd": "further"}], [{"wd": "plug"}, {"wd": "preach"}, {"wd": "talk up"}], [{"wd": "bail out"}, {"wd": "deliver"}, {"wd": "rescue"}, {"wd": "save"}]], "phrase_list": [[{"wd": "go in for"}, {"wd": "go to bat for"}, {"wd": "hold a brief for"}, {"wd": "stand up for"}, {"wd": "stick up for"}]], "near_list": [[{"wd": "baffle"}, {"wd": "foil"}, {"wd": "frustrate"}, {"wd": "interfere"}, {"wd": "oppose"}, {"wd": "sabotage"}, {"wd": "thwart"}], [{"wd": "desert"}, {"wd": "disappoint"}, {"wd": "fail"}, {"wd": "let down"}]]}]], [["sense", {"sn": "2", "dt": [["text", "to provide (someone) with what is useful or necessary to achieve an end "], ["vis", [{"t": "a number of influential people have already agreed to {it}back{/it} the candidate"}]]], "syn_list": [[{"wd": "abet"}, {"wd": "aid"}, {"wd": "assist"}, {"wd": "backstop"}, {"wd": "help"}, {"wd": "prop (up)"}, {"wd": "support"}]], "rel_list": [[{"wd": "advance"}, {"wd": "ease"}, {"wd": "facilitate"}, {"wd": "forward"}, {"wd": "foster"}, {"wd": "further"}, {"wd": "launch"}], [{"wd": "champion"}, {"wd": "endorse", "wvrs": [{"wvl": "also", "wva": "indorse"}]}, {"wd": "patronize"}, {"wd": "promote"}, {"wd": "sponsor"}], [{"wd": "attend"}, {"wd": "care (for)"}, {"wd": "comfort"}, {"wd": "minister (to)"}, {"wd": "succor"}], [{"wd": "sustain"}], [{"wd": "bolster"}, {"wd": "boost"}, {"wd": "buttress"}, {"wd": "reinforce", "wvrs": [{"wvl": "also", "wva": "reenforce"}]}], [{"wd": "advise"}, {"wd": "counsel"}, {"wd": "guide"}, {"wd": "mentor"}, {"wd": "nurture"}], [{"wd": "bail out"}, {"wd": "deliver"}, {"wd": "rescue"}, {"wd": "save"}], [{"wd": "embolden"}, {"wd": "encourage"}, {"wd": "hearten"}], [{"wd": "benefit"}, {"wd": "favor"}, {"wd": "oblige"}, {"wd": "profit"}, {"wd": "serve"}]], "phrase_list": [[{"wd": "bear a hand"}, {"wd": "to stand one in good stead"}]], "near_list": [[{"wd": "balk"}, {"wd": "bar"}, {"wd": "block"}, {"wd": "constrain"}, {"wd": "hamper"}, {"wd": "handicap"}, {"wd": "hold back"}, {"wd": "impede"}, {"wd": "inhibit"}, {"wd": "obstruct"}, {"wd": "restrain"}, {"wd": "strangle"}], [{"wd": "baffle"}, {"wd": "foil"}, {"wd": "frustrate"}, {"wd": "inconvenience"}, {"wd": "interfere"}, {"wd": "oppose"}, {"wd": "sabotage"}, {"wd": "thwart"}], [{"wd": "desert"}, {"wd": "disappoint"}, {"wd": "fail"}, {"wd": "let down"}], [{"wd": "discourage"}, {"wd": "dishearten"}], [{"wd": "repress"}, {"wd": "retard"}, {"wd": "stifle"}, {"wd": "straiten"}, {"wd": "stunt"}], [{"wd": "damage"}, {"wd": "harm"}, {"wd": "hurt"}, {"wd": "injure"}]], "ant_list": [[{"wd": "hinder"}]]}]], [["sense", {"sn": "3", "dt": [["text", "to provide evidence or information for (as a claim or idea) "], ["vis", [{"t": "the author needs to {it}back{/it} her thesis with more facts"}]]], "syn_list": [[{"wd": "bolster"}, {"wd": "buttress"}, {"wd": "corroborate"}, {"wd": "reinforce", "wvrs": [{"wvl": "also", "wva": "reenforce"}]}, {"wd": "shore (up)"}, {"wd": "substantiate"}, {"wd": "support"}]], "rel_list": [[{"wd": "confirm"}, {"wd": "establish"}, {"wd": "prove"}, {"wd": "verify"}], [{"wd": "affirm"}, {"wd": "avouch"}, {"wd": "validate"}]], "near_list": [[{"wd": "undercut"}, {"wd": "undermine"}, {"wd": "weaken"}]]}]]]}], "shortdef": ["to promote the interests or cause of", "to provide (someone) with what is useful or necessary to achieve an end", "to provide evidence or information for (as a claim or idea)"]}, {"meta": {"id": "back", "uuid": "36a43b8a-3e52-4ef7-aceb-f5ddd0841d5d", "src": "coll_thes", "section": "alpha", "target": {"tuuid": "a911aa3f-747f-4d4c-a94b-8badeab2073f", "tsrc": "collegiate"}, "stems": ["back", "backer"], "syns": [["aft", "after", "hind", "hinder", "hindmost", "posterior", "rear", "rearward"]], "ants": [["anterior", "fore", "forward", "front", "frontal"]], "offensive": false}, "hwi": {"hw": "back"}, "fl": "adjective", "def": [{"sseq": [[["sense", {"dt": [["text", "being at or in the part of something opposite the front part "], ["vis", [{"t": "she carried all the presents in the {it}back{/it} door, as the children were playing in the front yard"}]]], "syn_list": [[{"wd": "aft"}, {"wd": "after"}, {"wd": "hind"}, {"wd": "hinder"}, {"wd": "hindmost"}, {"wd": "posterior"}, {"wd": "rear"}, {"wd": "rearward"}]], "rel_list": [[{"wd": "dorsal"}]], "near_list": [[{"wd": "ventral"}]], "ant_list": [[{"wd": "anterior"}, {"wd": "fore"}, {"wd": "forward"}, {"wd": "front"}, {"wd": "frontal"}]]}]]]}], "shortdef": ["being at or in the part of something opposite the front part"]}, {"meta": {"id": "back-and-forth", "uuid": "3b03e009-e6d6-485e-af1a-ff00e2302e44", "src": "coll_thes", "section": "alpha", "target": {"tuuid": "e6fbceb8-104f-426a-866d-e7e5f498a51f", "tsrc": "collegiate"}, "stems": ["back-and-forth", "back-and-forths", "backs-and-forths"], "syns": [["barter", "commutation", "dicker", "exchange", "quid pro quo", "swap", "trade", "trade-off", "truck"], ["argument", "argumentation", "argy-bargy", "colloquy", "confab", "confabulation", "conference", "consult", "consultation", "council", "counsel", "debate", "deliberation", "dialogue", "discussion", "give-and-take", "palaver", "parley", "talk"]], "ants": [], "offensive": false}, "hwi": {"hw": "back-and-forth"}, "fl": "noun", "def": [{"sseq": [[["sense", {"sn": "1", "dt": [["text", "a giving or taking of one thing of value in return for another "], ["vis", [{"t": "after the usual {it}back-and-forth{/it} of official gifts, the two leaders entered into a serious discussion"}]]], "syn_list": [[{"wd": "barter"}, {"wd": "commutation"}, {"wd": "dicker"}, {"wd": "exchange"}, {"wd": "quid pro quo"}, {"wd": "swap"}, {"wd": "trade"}, {"wd": "trade-off"}, {"wd": "truck"}]], "rel_list": [[{"wd": "replacement"}, {"wd": "substitution"}], [{"wd": "reciprocation"}, {"wd": "recompense"}, {"wd": "requital"}], [{"wd": "bargain"}, {"wd": "deal"}, {"wd": "horse trade"}, {"wd": "negotiation"}, {"wd": "transaction"}], [{"wd": "bargaining"}, {"wd": "dealing"}, {"wd": "dickering"}, {"wd": "haggling"}, {"wd": "horse trading"}], [{"wd": "logrolling"}]]}]], [["sense", {"sn": "2", "dt": [["text", "an exchange of views for the purpose of exploring a subject or deciding an issue "], ["vis", [{"t": "the others listened with relish to the {it}back-and-forth{/it} between the two noted professors"}]]], "syn_list": [[{"wd": "argument"}, {"wd": "argumentation"}, {"wd": "argy-bargy", "wsls": ["chiefly British"]}, {"wd": "colloquy"}, {"wd": "confab"}, {"wd": "confabulation"}, {"wd": "conference"}, {"wd": "consult"}, {"wd": "consultation"}, {"wd": "council"}, {"wd": "counsel"}, {"wd": "debate"}, {"wd": "deliberation"}, {"wd": "dialogue", "wvrs": [{"wvl": "also", "wva": "dialog"}]}, {"wd": "discussion"}, {"wd": "give-and-take"}, {"wd": "palaver"}, {"wd": "parley"}, {"wd": "talk"}]], "rel_list": [[{"wd": "bull session"}, {"wd": "chat room"}, {"wd": "forum"}, {"wd": "meeting"}, {"wd": "roundtable"}, {"wd": "seminar"}, {"wd": "skull session", "wvrs": [{"wvl": "also", "wva": "skull practice"}]}, {"wd": "symposium"}, {"wd": "talkathon"}], [{"wd": "chat"}, {"wd": "conversation"}, {"wd": "rap"}, {"wd": "words"}], [{"wd": "discourse"}, {"wd": "disquisition"}], [{"wd": "bargaining"}, {"wd": "consultancy"}, {"wd": "negotiation"}, {"wd": "pourparler"}]]}]]]}], "shortdef": ["a giving or taking of one thing of value in return for another", "an exchange of views for the purpose of exploring a subject or deciding an issue"]}, {"meta": {"id": "back away", "uuid": "b23977ec-4ab7-4c96-abc3-7db169f04134", "src": "coll_thes", "section": "alpha", "target": {"tuuid": "3b50aaeb-075a-4acb-a00a-c9d91d85526c", "tsrc": "collegiate"}, "stems": ["back away", "backed away", "backing away", "backs away"], "syns": [["drop back", "fall back", "pull out", "recede", "retire", "retreat", "withdraw"]], "ants": [["advance"]], "offensive": false}, "hwi": {"hw": "back away"}, "fl": "verb", "def": [{"sseq": [[["sense", {"dt": [["text", "to move back or away (as from something difficult, dangerous, or disagreeable) "], ["vis", [{"t": "{it}backed away{/it} from the snake very slowly and carefully"}]]], "syn_list": [[{"wd": "drop back"}, {"wd": "fall back"}, {"wd": "pull out"}, {"wd": "recede"}, {"wd": "retire"}, {"wd": "retreat"}, {"wd": "withdraw"}]], "rel_list": [[{"wd": "flee"}, {"wd": "fly"}], [{"wd": "flinch"}, {"wd": "recoil"}, {"wd": "shrink"}], [{"wd": "chicken (out)"}], [{"wd": "bow out"}], [{"wd": "back down"}, {"wd": "backpedal"}, {"wd": "backtrack"}, {"wd": "climb down"}], [{"wd": "detach"}, {"wd": "disengage"}, {"wd": "disentangle"}, {"wd": "pull away"}], [{"wd": "abandon"}, {"wd": "depart"}, {"wd": "evacuate"}, {"wd": "go"}, {"wd": "leave"}, {"wd": "quit"}, {"wd": "vacate"}]], "phrase_list": [[{"wd": "give ground"}, {"wd": "give way"}, {"wd": "lose ground"}]], "near_list": [[{"wd": "beard"}, {"wd": "brave"}, {"wd": "brazen"}, {"wd": "breast"}, {"wd": "confront"}, {"wd": "dare"}, {"wd": "defy"}, {"wd": "face"}, {"wd": "outbrave"}]], "ant_list": [[{"wd": "advance"}]]}]]]}], "shortdef": ["to move back or away (as from something difficult, dangerous, or disagreeable)"]}, {"meta": {"id": "back down", "uuid": "30f86bad-857b-42b2-a47a-942c123fb080", "src": "coll_thes", "section": "alpha", "target": {"tuuid": "2870ff41-0200-4b12-b9f7-14ac72c3b25a", "tsrc": "collegiate"}, "stems": ["back down", "backed down", "backing down", "backs down"], "syns": [["back off", "back out", "cop out", "fink out", "renege"]], "ants": [], "offensive": false}, "hwi": {"hw": "back down"}, "fl": "verb", "def": [{"sseq": [[["sense", {"dt": [["text", "to break a promise or agreement "], ["vis", [{"t": "if you {it}back down{/it} about dinner again, I'm not going to agree to another date"}]]], "syn_list": [[{"wd": "back off"}, {"wd": "back out"}, {"wd": "cop out"}, {"wd": "fink out"}, {"wd": "renege"}]], "rel_list": [[{"wd": "chicken (out)"}, {"wd": "wimp out"}], [{"wd": "backpedal"}, {"wd": "backtrack"}], [{"wd": "abjure"}, {"wd": "abnegate"}, {"wd": "disavow"}, {"wd": "forswear", "wvrs": [{"wvl": "also", "wva": "foreswear"}]}, {"wd": "recall"}, {"wd": "recant"}, {"wd": "repudiate"}, {"wd": "retract"}, {"wd": "take back"}, {"wd": "unsay"}, {"wd": "withdraw"}], [{"wd": "beg off"}, {"wd": "cry off", "wsls": ["chiefly British"]}]], "phrase_list": [[{"wd": "go back on"}]], "near_list": [[{"wd": "adhere (to)"}, {"wd": "follow through (with)"}], [{"wd": "comply (with)"}, {"wd": "fulfill", "wvrs": [{"wvl": "or", "wva": "fulfil"}]}, {"wd": "honor"}, {"wd": "keep"}, {"wd": "satisfy"}]]}]]]}], "shortdef": ["to break a promise or agreement"]}, {"meta": {"id": "back of", "uuid": "fc24639a-72f9-4cb2-826f-43ca8daf03a2", "src": "coll_thes", "section": "alpha", "target": {"tuuid": "e6dbf3b2-6354-48d7-b013-e762d99efd38", "tsrc": "collegiate"}, "stems": ["back of"], "syns": [["abaft", "behind"]], "ants": [["before"]], "offensive": false}, "hwi": {"hw": "back of"}, "fl": "preposition", "def": [{"sseq": [[["sense", {"dt": [["text", "at, to, or toward the rear of "], ["vis", [{"t": "the equipment shed is a concrete structure {it}back of{/it} the school"}]]], "syn_list": [[{"wd": "abaft"}, {"wd": "behind"}]], "phrase_list": [[{"wd": "in back of"}]], "near_list": [[{"wd": "ahead of"}]], "ant_list": [[{"wd": "before"}]]}]]]}], "shortdef": ["at, to, or toward the rear of"]}, {"meta": {"id": "back off", "uuid": "b4fe1be9-25ad-478b-94d5-4687e7056c74", "src": "coll_thes", "section": "alpha", "target": {"tuuid": "a04e16c8-4004-4344-b45d-f08244290bba", "tsrc": "collegiate"}, "stems": ["back off", "backed off", "backing off", "backs off"], "syns": [["back down", "back out", "cop out", "fink out", "renege"]], "ants": [], "offensive": false}, "hwi": {"hw": "back off"}, "fl": "verb", "def": [{"sseq": [[["sense", {"dt": [["text", "to break a promise or agreement "], ["vis", [{"t": "you'd better not {it}back off{/it} on your promise to do all the planning for the big dance"}]]], "syn_list": [[{"wd": "back down"}, {"wd": "back out"}, {"wd": "cop out"}, {"wd": "fink out"}, {"wd": "renege"}]], "rel_list": [[{"wd": "chicken (out)"}, {"wd": "wimp out"}], [{"wd": "backpedal"}, {"wd": "backtrack"}], [{"wd": "abjure"}, {"wd": "abnegate"}, {"wd": "disavow"}, {"wd": "forswear", "wvrs": [{"wvl": "also", "wva": "foreswear"}]}, {"wd": "recall"}, {"wd": "recant"}, {"wd": "repudiate"}, {"wd": "retract"}, {"wd": "take back"}, {"wd": "unsay"}, {"wd": "withdraw"}], [{"wd": "beg off"}, {"wd": "cry off", "wsls": ["chiefly British"]}]], "phrase_list": [[{"wd": "go back on"}]], "near_list": [[{"wd": "adhere (to)"}, {"wd": "follow through (with)"}], [{"wd": "comply (with)"}, {"wd": "fulfill", "wvrs": [{"wvl": "or", "wva": "fulfil"}]}, {"wd": "honor"}, {"wd": "keep"}, {"wd": "satisfy"}]]}]]]}], "shortdef": ["to break a promise or agreement"]}, {"meta": {"id": "back out", "uuid": "5bfd26c7-1a86-47f7-9c5c-8c5a13650138", "src": "coll_thes", "section": "alpha", "target": {"tuuid": "2486f5bd-92b6-4ab9-8971-f52e42de04a7", "tsrc": "collegiate"}, "stems": ["back out", "backed out", "backing out", "backs out"], "syns": [["back down", "back off", "cop out", "fink out", "renege"]], "ants": [], "offensive": false}, "hwi": {"hw": "back out"}, "fl": "verb", "def": [{"sseq": [[["sense", {"dt": [["text", "to break a promise or agreement "], ["vis", [{"t": "she {it}backed out{/it} on her offer to help with the wedding planning"}]]], "syn_list": [[{"wd": "back down"}, {"wd": "back off"}, {"wd": "cop out"}, {"wd": "fink out"}, {"wd": "renege"}]], "rel_list": [[{"wd": "chicken (out)"}, {"wd": "wimp out"}], [{"wd": "backpedal"}, {"wd": "backtrack"}], [{"wd": "abjure"}, {"wd": "abnegate"}, {"wd": "disavow"}, {"wd": "forswear", "wvrs": [{"wvl": "also", "wva": "foreswear"}]}, {"wd": "recall"}, {"wd": "recant"}, {"wd": "repudiate"}, {"wd": "retract"}, {"wd": "take back"}, {"wd": "unsay"}, {"wd": "withdraw"}], [{"wd": "beg off"}, {"wd": "cry off", "wsls": ["chiefly British"]}]], "phrase_list": [[{"wd": "go back on"}]], "near_list": [[{"wd": "adhere (to)"}, {"wd": "follow through (with)"}], [{"wd": "comply (with)"}, {"wd": "fulfill", "wvrs": [{"wvl": "or", "wva": "fulfil"}]}, {"wd": "honor"}, {"wd": "keep"}, {"wd": "satisfy"}]]}]]]}], "shortdef": ["to break a promise or agreement"]}]