[{"meta": {"id": "be", "uuid": "97954a00-8172-4294-9481-25134a789ce6", "sort": "020109500", "src": "collegiate", "section": "alpha", "stems": ["am", "are", "be", "been", "being", "is", "was", "were"], "offensive": false}, "hwi": {"hw": "be", "prs": [{"mw": "\u02c8b\u0113", "sound": {"audio": "be000001", "ref": "c", "stat": "1"}}]}, "fl": "verb", "ins": [{"il": "past tense first- and third-person singular", "if": "was", "prs": [{"mw": "\u02c8w\u0259z", "sound": {"audio": "be000002", "ref": "c", "stat": "1"}}, {"mw": "\u02c8w\u00e4z"}]}, {"il": "past tense second-person singular", "if": "were", "prs": [{"mw": "\u02c8w\u0259r", "sound": {"audio": "were0003", "ref": "c", "stat": "1"}}]}, {"il": "past tense plural", "if": "were"}, {"il": "past subjunctive", "if": "were"}, {"il": "past participle", "if": "been", "prs": [{"mw": "\u02c8bin", "sound": {"audio": "be000004", "ref": "c", "stat": "1"}}, {"mw": "\u02c8ben", "sound": {"audio": "ben00001", "ref": "c", "stat": "1"}}, {"l": "chiefly British", "mw": "\u02c8b\u0113n", "sound": {"audio": "bean0001", "ref": "c", "stat": "1"}}]}, {"il": "present participle", "if": "be*ing", "prs": [{"mw": "\u02c8b\u0113(-i)\u014b", "sound": {"audio": "be000005", "ref": "c", "stat": "1"}}]}, {"il": "present tense first-person singular", "if": "am", "prs": [{"mw": "\u0259m"}, {"mw": "\u02c8am", "sound": {"audio": "be000006", "ref": "c", "stat": "1"}}]}, {"il": "present tense second-person singular", "if": "are", "prs": [{"mw": "\u02c8\u00e4r", "sound": {"audio": "be000007", "ref": "c", "stat": "1"}}, {"mw": "\u0259r"}]}, {"il": "present tense third-person singular", "if": "is", "prs": [{"mw": "\u02c8iz", "sound": {"audio": "be000008", "ref": "c", "stat": "1"}}, {"mw": "\u0259z"}]}, {"il": "present tense plural", "if": "are"}, {"il": "present subjunctive", "if": "be"}], "def": [{"vd": "intransitive verb", "sseq": [[["sense", {"sn": "1 a", "dt": [["text", "{bc}to equal in meaning {bc}have the same connotation as {bc}{sx|symbolize||} "], ["vis", [{"t": "God {it}is{/it} love"}, {"t": "January {it}is{/it} the first month"}, {"t": "let {it}x{/it} {wi}be{/wi} 10"}]]]}], ["sense", {"sn": "b", "dt": [["text", "{bc}to have identity with {bc}to constitute the same idea or object as "], ["vis", [{"t": "The first person I met {it}was{/it} my brother."}]]]}], ["sense", {"sn": "c", "dt": [["text", "{bc}to constitute the same class as "], ["vis", [{"t": "These three books {it}are{/it} the authoritative works on the president's life."}]]]}], ["sense", {"sn": "d", "dt": [["text", "{bc}to have a specified qualification or characterization "], ["vis", [{"t": "The leaves {it}are{/it} green."}]]]}], ["sense", {"sn": "e", "dt": [["text", "{bc}to belong to the class of "], ["vis", [{"t": "the fish {it}is{/it} a trout"}, {"t": "Keeping this room clean {it}is{/it} your responsibility."}]], ["uns", [[["text", "used regularly in senses 1a through 1e as the copula of simple predication"]]]]]}]], [["sense", {"sn": "2 a", "dt": [["text", "{bc}to have an objective existence {bc}have reality or actuality {bc}{sx|live||} "], ["vis", [{"t": "I think, therefore I {it}am{/it}"}]]]}], ["sense", {"sn": "b", "dt": [["text", "{bc}to have, maintain, or occupy a place, situation, or position "], ["vis", [{"t": "the book {it}is{/it} on the table"}]]]}], ["sense", {"sn": "c", "dt": [["text", "{bc}to remain unmolested, undisturbed, or uninterrupted "], ["uns", [[["text", "used only in infinitive form "], ["vis", [{"t": "let him {wi}be{/wi}"}]]]]]]}], ["sense", {"sn": "d", "dt": [["text", "{bc}to take place {bc}{sx|occur||} "], ["vis", [{"t": "the concert {it}was{/it} last night"}]]]}], ["sense", {"sn": "e", "dt": [["text", "{bc}to come or go "], ["vis", [{"t": "has already {it}been{/it} and gone"}, {"t": "has never {it}been{/it} to the circus"}]]]}], ["sense", {"sn": "f", "sls": ["archaic"], "dt": [["text", "{bc}{sx|belong||}, {sx|befall||} "], ["vis", [{"t": "\u2026 to thine and Albany's issue {wi}be{/wi} this perpetual.", "aq": {"auth": "Shakespeare"}}]]]}]]]}, {"vd": "auxiliary verb", "sseq": [[["sense", {"sn": "1", "dt": [["uns", [[["text", "used with the past participle of transitive verbs as a passive-voice auxiliary "], ["vis", [{"t": "the money {it}was{/it} found"}, {"t": "the house is {it}being{/it} built"}]]]]]]}]], [["sense", {"sn": "2", "dt": [["uns", [[["text", "used as the auxiliary of the present participle in progressive tenses expressing continuous action "], ["vis", [{"t": "he {it}is{/it} reading"}, {"t": "I have {it}been{/it} sleeping"}]]]]]]}]], [["sense", {"sn": "3", "dt": [["uns", [[["text", "used with the past participle of some intransitive verbs as an auxiliary forming archaic perfect tenses "], ["vis", [{"t": "\u2026 Christ {it}is{/it} risen from the dead \u2026", "aq": {"source": "1 Corinthians 15:20 (Douay Version)"}}]]]]]]}]], [["sense", {"sn": "4", "dt": [["uns", [[["text", "used with the infinitive with {it}to{/it} to express futurity, arrangement in advance, or obligation "], ["vis", [{"t": "I {it}am{/it} to interview him today"}, {"t": "she {it}was{/it} to become famous"}]]]]]]}]]]}], "et": [["text", "Middle English, from Old English {it}b\u0113on{/it}; akin to Old High German {it}bim{/it} am, Latin {it}fui{/it} I have been, {it}futurus{/it} about to be, {it}fieri{/it} to become, be done, Greek {it}phynai{/it} to be born, be by nature, {it}phyein{/it} to produce"]], "date": "before 12th century{ds|i|1|a|}", "shortdef": ["to equal in meaning : have the same connotation as : symbolize", "to have identity with : to constitute the same idea or object as", "to constitute the same class as"]}, {"meta": {"id": "Be:1", "uuid": "e0759fc9-6632-46cb-b7cd-7ba9724d561e", "sort": "020109600", "src": "collegiate", "section": "alpha", "stems": ["Be"], "offensive": false}, "hom": 1, "hwi": {"hw": "Be"}, "fl": "symbol", "def": [{"sseq": [[["sense", {"dt": [["text", "beryllium"]]}]]]}], "shortdef": ["beryllium"]}, {"meta": {"id": "Be:2", "uuid": "fd6739f5-c5a7-4b4f-b09c-5018f9994c52", "sort": "020109700", "src": "collegiate", "section": "alpha", "stems": ["Be"], "offensive": false}, "hom": 2, "hwi": {"hw": "B\u00e9"}, "fl": "abbreviation", "def": [{"sseq": [[["sense", {"dt": [["text", "Baum\u00e9"]]}]]]}], "shortdef": ["Baum\u00e9"]}, {"meta": {"id": "BE", "uuid": "8ce918a5-2617-4886-983f-ab0f42898c8a", "sort": "020109800", "src": "collegiate", "section": "alpha", "stems": ["BE"], "offensive": false}, "hwi": {"hw": "BE"}, "fl": "abbreviation", "def": [{"sseq": [[["sense", {"sn": "1", "dt": [["text", "bachelor of education"]]}]], [["sense", {"sn": "2", "dt": [["text", "bachelor of engineering"]]}]], [["sense", {"sn": "3", "dt": [["text", "bill of exchange"]]}]], [["sense", {"sn": "4", "dt": [["text", "Black English"]]}]], [["sense", {"sn": "5", "dt": [["text", "{d_link|British English|British English}"]]}]]]}], "shortdef": ["bachelor of education", "bachelor of engineering", "bill of exchange", "Black English", "British English"]}, {"meta": {"id": "be-", "uuid": "80f065d7-2550-4709-9ee8-53781211117b", "sort": "020109900", "src": "collegiate", "section": "alpha", "stems": ["be-"], "offensive": false}, "hwi": {"hw": "be-"}, "fl": "prefix", "def": [{"sseq": [[["sense", {"sn": "1", "dt": [["text", "{bc}on {bc}around {bc}over "], ["vis", [{"t": "{it}be{/it}smear"}]]]}]], [["sense", {"sn": "2", "dt": [["text", "{bc}to a great or greater degree {bc}thoroughly "], ["vis", [{"t": "{it}be{/it}fuddle"}]]]}]], [["sense", {"sn": "3", "dt": [["text", "{bc}excessively {bc}ostentatiously "], ["uns", [[["text", "in intensive verbs formed from simple verbs "], ["vis", [{"t": "{it}be{/it}deck"}]], ["text", " and in adjectives based on adjectives ending in {it}-ed{/it} "], ["vis", [{"t": "{it}be{/it}ribboned"}]]]]]]}]], [["sense", {"sn": "4", "dt": [["text", "{bc}about {bc}to {bc}at {bc}upon {bc}against {bc}across "], ["vis", [{"t": "{it}be{/it}stride"}]]]}]], [["sense", {"sn": "5", "dt": [["text", "{bc}make {bc}cause to be {bc}treat as "], ["vis", [{"t": "{it}be{/it}little"}, {"t": "{it}be{/it}friend"}]]]}]], [["sense", {"sn": "6", "dt": [["text", "{bc}call or dub especially excessively "], ["vis", [{"t": "{it}be{/it}doctor"}]]]}]], [["sense", {"sn": "7", "dt": [["text", "{bc}affect, afflict, treat, provide, or cover with especially excessively "], ["vis", [{"t": "{it}be{/it}devil"}, {"t": "{it}be{/it}fog"}]]]}]]]}], "et": [["text", "Middle English, from Old English {it}bi-, be-{/it}; akin to Old English {it}b\u012b{/it} by, near {ma}{mat|by|}{/ma}"]], "shortdef": ["on : around : over", "to a great or greater degree : thoroughly", "excessively : ostentatiously \u2014in intensive verbs formed from simple verbs and in adjectives based on adjectives ending in -ed"]}, {"meta": {"id": "am", "uuid": "1ef6c3ae-003c-4226-8095-cbe681ed43bf", "sort": "012196000", "src": "collegiate", "section": "alpha", "stems": ["am", "be"], "offensive": false}, "hwi": {"hw": "am"}, "cxs": [{"cxl": "present tense first-person singular of", "cxtis": [{"cxt": "be"}]}], "et": [["text", "Middle English, from Old English {it}eom{/it}; akin to Old Norse {it}em{/it} am, Latin {it}sum{/it}, Greek {it}eimi{/it}"]], "shortdef": []}, {"meta": {"id": "are:1", "uuid": "5a2c8d30-3db1-490e-a4e9-bc3d98e41955", "sort": "013791000", "src": "collegiate", "section": "alpha", "stems": ["are", "be"], "offensive": false}, "hom": 1, "hwi": {"hw": "are"}, "cxs": [{"cxl": "present tense second-person singular and present tense plural of", "cxtis": [{"cxt": "be"}]}], "et": [["text", "Middle English, from Old English {it}earun{/it}; akin to Old Norse {it}eru, erum{/it} are, Old English {it}is{/it} is"]], "shortdef": []}, {"meta": {"id": "art:3", "uuid": "52543566-780f-4a7d-b179-85ed328daacc", "sort": "014006000", "src": "collegiate", "section": "alpha", "stems": ["art", "be"], "offensive": false}, "hom": 3, "hwi": {"hw": "art", "prs": [{"mw": "\u02c8\u00e4rt", "sound": {"audio": "art00001", "ref": "c", "stat": "1"}}, {"mw": "\u0259rt"}]}, "cxs": [{"cxl": "archaic present tense second-person singular of", "cxtis": [{"cxt": "be"}]}], "et": [["text", "Middle English, from Old English {it}eart{/it}; akin to Old Norse {it}est, ert{/it} (thou) art, Old English {it}is{/it} is"]], "shortdef": []}, {"meta": {"id": "been", "uuid": "b11810ab-6973-4d9c-a5a9-206833d392c9", "sort": "020134300", "src": "collegiate", "section": "alpha", "stems": ["be", "been"], "whitelisted": "yes", "variant-type": "found", "offensive": false}, "hwi": {"hw": "been"}, "cxs": [{"cxl": "past participle of", "cxtis": [{"cxt": "be"}]}], "fl": "verb", "def": [{"vd": "intransitive verb", "sseq": [[["sense", {"sn": "1 a", "dt": [["text", "{bc}to equal in meaning {bc}have the same connotation as {bc}{sx|symbolize||} "], ["vis", [{"t": "God {it}is{/it} love"}, {"t": "January {it}is{/it} the first month"}, {"t": "let {it}x{/it} {wi}be{/wi} 10"}]]]}], ["sense", {"sn": "b", "dt": [["text", "{bc}to have identity with {bc}to constitute the same idea or object as "], ["vis", [{"t": "The first person I met {it}was{/it} my brother."}]]]}], ["sense", {"sn": "c", "dt": [["text", "{bc}to constitute the same class as "], ["vis", [{"t": "These three books {it}are{/it} the authoritative works on the president's life."}]]]}], ["sense", {"sn": "d", "dt": [["text", "{bc}to have a specified qualification or characterization "], ["vis", [{"t": "The leaves {it}are{/it} green."}]]]}], ["sense", {"sn": "e", "dt": [["text", "{bc}to belong to the class of "], ["vis", [{"t": "the fish {it}is{/it} a trout"}, {"t": "Keeping this room clean {it}is{/it} your responsibility."}]], ["uns", [[["text", "used regularly in senses 1a through 1e as the copula of simple predication"]]]]]}]], [["sense", {"sn": "2 a", "dt": [["text", "{bc}to have an objective existence {bc}have reality or actuality {bc}{sx|live||} "], ["vis", [{"t": "I think, therefore I {it}am{/it}"}]]]}], ["sense", {"sn": "b", "dt": [["text", "{bc}to have, maintain, or occupy a place, situation, or position "], ["vis", [{"t": "the book {it}is{/it} on the table"}]]]}], ["sense", {"sn": "c", "dt": [["text", "{bc}to remain unmolested, undisturbed, or uninterrupted "], ["uns", [[["text", "used only in infinitive form "], ["vis", [{"t": "let him {wi}be{/wi}"}]]]]]]}], ["sense", {"sn": "d", "dt": [["text", "{bc}to take place {bc}{sx|occur||} "], ["vis", [{"t": "the concert {it}was{/it} last night"}]]]}], ["sense", {"sn": "e", "dt": [["text", "{bc}to come or go "], ["vis", [{"t": "has already {it}been{/it} and gone"}, {"t": "has never {it}been{/it} to the circus"}]]]}], ["sense", {"sn": "f", "sls": ["archaic"], "dt": [["text", "{bc}{sx|belong||}, {sx|befall||} "], ["vis", [{"t": "\u2026 to thine and Albany's issue {wi}be{/wi} this perpetual.", "aq": {"auth": "Shakespeare"}}]]]}]]]}, {"vd": "auxiliary verb", "sseq": [[["sense", {"sn": "1", "dt": [["uns", [[["text", "used with the past participle of transitive verbs as a passive-voice auxiliary "], ["vis", [{"t": "the money {it}was{/it} found"}, {"t": "the house is {it}being{/it} built"}]]]]]]}]], [["sense", {"sn": "2", "dt": [["uns", [[["text", "used as the auxiliary of the present participle in progressive tenses expressing continuous action "], ["vis", [{"t": "he {it}is{/it} reading"}, {"t": "I have {it}been{/it} sleeping"}]]]]]]}]], [["sense", {"sn": "3", "dt": [["uns", [[["text", "used with the past participle of some intransitive verbs as an auxiliary forming archaic perfect tenses "], ["vis", [{"t": "\u2026 Christ {it}is{/it} risen from the dead \u2026", "aq": {"source": "1 Corinthians 15:20 (Douay Version)"}}]]]]]]}]], [["sense", {"sn": "4", "dt": [["uns", [[["text", "used with the infinitive with {it}to{/it} to express futurity, arrangement in advance, or obligation "], ["vis", [{"t": "I {it}am{/it} to interview him today"}, {"t": "she {it}was{/it} to become famous"}]]]]]]}]]]}], "shortdef": ["to equal in meaning : have the same connotation as : symbolize", "to have identity with : to constitute the same idea or object as", "to constitute the same class as"]}, {"meta": {"id": "is:1", "uuid": "b0f8e3dc-7915-4e89-bf9d-ce24711f3f2c", "sort": "092986000", "src": "collegiate", "section": "alpha", "stems": ["be", "is"], "offensive": false}, "hom": 1, "hwi": {"hw": "is"}, "cxs": [{"cxl": "present tense third-person singular of", "cxtis": [{"cxt": "be"}]}, {"cxl": "dialectal present tense first-person and third-person singular of", "cxtis": [{"cxt": "be"}]}, {"cxl": "dialectal present tense plural of", "cxtis": [{"cxt": "be"}]}], "et": [["text", "Middle English, from Old English; akin to Old High German {it}ist{/it} is (from {it}s\u012bn{/it} to be), Latin {it}est{/it} (from {it}esse{/it} to be), Greek {it}esti{/it} (from {it}einai{/it} to be)"]], "shortdef": []}]