[{"meta": {"id": "before:1", "uuid": "8e54eff7-fecd-4ff5-b2f7-ed127453234a", "sort": "020137500", "src": "collegiate", "section": "alpha", "stems": ["before"], "offensive": false}, "hom": 1, "hwi": {"hw": "be*fore", "prs": [{"mw": "bi-\u02c8f\u022fr", "sound": {"audio": "before01", "ref": "c", "stat": "1"}}, {"mw": "b\u0113-"}]}, "fl": "adverb or adjective", "def": [{"sseq": [[["sense", {"sn": "1", "dt": [["text", "{bc}in advance {bc}{sx|ahead||} "], ["vis", [{"t": "marching on {wi}before{/wi}"}]]]}]], [["sense", {"sn": "2", "dt": [["text", "{bc}at an earlier time "], ["vis", [{"t": "the night {wi}before{/wi}"}, {"t": "knew her {wi}before{/wi}"}]]]}]]]}], "et": [["text", "Middle English, adverb & preposition, from Old English {it}beforan{/it}, from {it}be-{/it} + {it}foran{/it} before, from {it}fore{/it}"]], "date": "before 12th century{ds||1||}", "shortdef": ["in advance : ahead", "at an earlier time"]}, {"meta": {"id": "before:2", "uuid": "0ea0e6eb-fd9c-4aea-8b3f-f2ec44fe5cd7", "sort": "020137600", "src": "collegiate", "section": "alpha", "stems": ["before"], "offensive": false}, "hom": 2, "hwi": {"hw": "before"}, "fl": "preposition", "def": [{"sseq": [[["pseq", [["sense", {"sn": "1 a (1)", "dt": [["text", "{bc}forward of {bc}in front of "], ["vis", [{"t": "stood {wi}before{/wi} the fire"}]]]}], ["sense", {"sn": "(2)", "dt": [["text", "{bc}in the presence of "], ["vis", [{"t": "speaking {wi}before{/wi} the conference"}]]]}]]], ["sense", {"sn": "b", "dt": [["text", "{bc}under the jurisdiction or consideration of "], ["vis", [{"t": "the case {wi}before{/wi} the court"}]]]}], ["pseq", [["sense", {"sn": "c (1)", "dt": [["text", "{bc}at the disposal of "], ["vis", [{"t": "the great sums placed {wi}before{/wi} him"}]]]}], ["sense", {"sn": "(2)", "dt": [["text", "{bc}in store for "], ["vis", [{"t": "got the whole summer {wi}before{/wi} you"}]]]}]]]], [["sense", {"sn": "2", "dt": [["text", "{bc}preceding in time {bc}earlier than "], ["vis", [{"t": "just {wi}before{/wi} noon"}]]]}]], [["sense", {"sn": "3", "dt": [["text", "{bc}in a higher or more important position than "], ["vis", [{"t": "put quantity {wi}before{/wi} quality"}]]]}]]]}], "et": [["text", "Middle English {it}before, beforen{/it}, going back to Old English {it}beforan{/it} {ma}{mat|before:1|}{/ma}"]], "date": "before 12th century{ds||1|a|1}", "shortdef": ["forward of : in front of", "in the presence of", "under the jurisdiction or consideration of"]}, {"meta": {"id": "before:3", "uuid": "c5dbce59-62b1-4e4f-99b1-e4c517658848", "sort": "020137700", "src": "collegiate", "section": "alpha", "stems": ["before"], "offensive": false}, "hom": 3, "hwi": {"hw": "before"}, "fl": "conjunction", "def": [{"sseq": [[["pseq", [["sense", {"sn": "1 a (1)", "dt": [["text", "{bc}earlier than the time that "], ["vis", [{"t": "call me {wi}before{/wi} you go"}]]]}], ["sense", {"sn": "(2)", "dt": [["text", "{bc}sooner or quicker than "], ["vis", [{"t": "I'll be done {wi}before{/wi} you know it"}]]]}], ["sense", {"sn": "(3)", "dt": [["text", "{bc}so that \u2026 do not "], ["vis", [{"t": "get out of there {wi}before{/wi} you get dirty"}]]]}]]], ["sense", {"sn": "b", "dt": [["text", "{bc}until the time that "], ["vis", [{"t": "miles to go {wi}before{/wi} I sleep", "aq": {"auth": "Robert Frost"}}]]]}], ["pseq", [["sense", {"sn": "c (1)", "dt": [["text", "{bc}or else \u2026 not "], ["vis", [{"t": "must be convicted {wi}before{/wi} he can be removed from office"}]]]}], ["sense", {"sn": "(2)", "dt": [["text", "{bc}or else "], ["vis", [{"t": "get out of here {wi}before{/wi} I call a cop"}]]]}]]]], [["sense", {"sn": "2", "dt": [["text", "{bc}rather or sooner than "], ["vis", [{"t": "would starve {wi}before{/wi} he'd steal"}]]]}]]]}], "et": [["text", "Middle English {it}before, beforen{/it}, from {it}before, beforen{/it}, {et_link|before:2|before:2}"]], "date": "13th century{ds||1|a|1}", "shortdef": ["earlier than the time that", "sooner or quicker than", "so that \u2026 do not"]}, {"meta": {"id": "before long", "uuid": "24ed29e8-2242-4d00-909f-9db23ae18cd5", "sort": "020137900", "src": "collegiate", "section": "alpha", "stems": ["before long"], "offensive": false}, "hwi": {"hw": "before long"}, "fl": "adverb", "def": [{"sseq": [[["sense", {"dt": [["text", "{bc}in the near future {bc}{sx|soon||}"]]}]]]}], "date": "1585", "shortdef": ["in the near future : soon"]}, {"meta": {"id": "before bed", "uuid": "c23e6ed4-82d4-42ee-99fc-dc5e1e8f5025", "sort": "3001629000", "src": "ld", "section": "idioms", "stems": ["before bed"], "offensive": false}, "hwi": {"hw": "before bed"}, "fl": "idiom", "def": [{"sseq": [[["sense", {"dt": [["text", "{bc}before going to sleep "], ["vis", [{"t": "The kids like to hear a story {it}before bed{/it}."}]]]}]]]}], "shortdef": ["before going to sleep"]}, {"meta": {"id": "before one can blink", "uuid": "1740c6ee-9dd2-4b9a-885b-cfd5e32ec28c", "sort": "3001631000", "src": "ld", "section": "idioms", "stems": ["before one can blink"], "offensive": false}, "hwi": {"hw": "before one can blink"}, "fl": "idiom", "def": [{"sls": ["informal"], "sseq": [[["sense", {"dt": [["text", "{bc}very quickly "], ["vis", [{"t": "This may hurt a little, but it'll be over {it}before you can blink{/it}."}]]]}]]]}], "shortdef": ["very quickly"]}, {"meta": {"id": "before one knows it", "uuid": "f28f0b61-472f-40c5-8dda-a72e2a49c3f0", "sort": "3001632000", "src": "ld", "section": "idioms", "stems": ["before one knows it"], "offensive": false}, "hwi": {"hw": "before one knows it"}, "fl": "idiom", "def": [{"sseq": [[["sense", {"dt": [["text", "{bc}very quickly or soon "], ["vis", [{"t": "We'll be there {it}before you know it{/it}."}, {"t": "The game was over {it}before I knew it{/it}."}]]]}]]]}], "shortdef": ["very quickly or soon"]}, {"meta": {"id": "before one's time", "uuid": "a63e5598-3eb4-4f70-b34b-9e766c9f13ee", "sort": "3001633000", "src": "ld", "section": "idioms", "stems": ["before her time", "before his time", "before one's time", "before their time"], "offensive": false}, "hwi": {"hw": "before one's time"}, "fl": "idiom", "def": [{"sseq": [[["sense", {"dt": [["uns", [[["text", "used to say that something happened before one was born or before one was involved in some activity "], ["vis", [{"t": "You wouldn't know about that. It was {it}before your time{/it}."}]]]]]]}]]]}], "shortdef": ["\u2014used to say that something happened before one was born or before one was involved in some activity"]}, {"meta": {"id": "before someone's eyes", "uuid": "34f6f2f9-12b4-4f33-9c45-631e9448970f", "sort": "3001634000", "src": "ld", "section": "idioms", "stems": ["before someone's eyes", "in front of someone's eyes"], "offensive": false}, "hwi": {"hw": "before someone's eyes"}, "vrs": [{"vl": "or", "va": "in front of someone's eyes"}], "fl": "idiom", "def": [{"sseq": [[["sense", {"dt": [["text", "{bc}in a very open and visible way so that someone can see it very clearly "], ["vis", [{"t": "Technology is changing {it}right before our eyes{/it}."}, {"t": "We were watching a disaster take place {it}in front of our very eyes{/it}."}]]]}]]]}], "shortdef": ["in a very open and visible way so that someone can see it very clearly"]}, {"meta": {"id": "before the hour", "uuid": "40a8c96f-da5a-40b2-976c-82d5b381d1e4", "sort": "3001635000", "src": "ld", "section": "idioms", "stems": ["before the hour"], "offensive": false}, "hwi": {"hw": "before the hour"}, "fl": "idiom", "def": [{"sseq": [[["sense", {"dt": [["uns", [[["text", "used with a certain number of minutes to indicate how long before the beginning of an hour something will happen "], ["vis", [{"t": "Trains leave the station every hour at ten minutes {it}before the hour{/it}."}]]]]]]}]]]}], "shortdef": ["\u2014used with a certain number of minutes to indicate how long before the beginning of an hour something will happen"]}]