[{"meta": {"id": "beg:1", "uuid": "5a1c0672-23f7-4a40-86ae-785ca4ba6e22", "sort": "020138400", "src": "collegiate", "section": "alpha", "stems": ["beg", "beg the question", "begged", "begged the question", "begging", "begging the question", "begs", "begs the question"], "offensive": false}, "hom": 1, "hwi": {"hw": "beg", "prs": [{"mw": "\u02c8beg", "sound": {"audio": "beg00001", "ref": "c", "stat": "1"}}]}, "fl": "verb", "ins": [{"if": "begged"}, {"if": "beg*ging"}], "def": [{"vd": "transitive verb", "sseq": [[["sense", {"sn": "1", "dt": [["text", "{bc}to ask for as a charity {dx_def}see {dxt|charity||1a}{/dx_def} "], ["vis", [{"t": "{it}begging{/it} food from strangers"}, {"t": "{it}begged{/it} him for some change"}]]]}]], [["sense", {"sn": "2 a", "dt": [["text", "{bc}to ask earnestly for {bc}{sx|entreat||} "], ["vis", [{"t": "{wi}beg{/wi} forgiveness"}, {"t": "I {wi}beg{/wi} your pardon."}]]]}], ["sense", {"sn": "b", "dt": [["text", "{bc}to require as necessary or appropriate "], ["vis", [{"t": "a scene that {it}begged{/it} to be photographed"}]]]}]], [["sense", {"sn": "3", "dt": [["text", "{bc}{sx|evade||}, {sx|sidestep||} "], ["vis", [{"t": "{it}begged{/it} the real problems"}]]]}]]]}, {"vd": "intransitive verb", "sseq": [[["sense", {"sn": "1", "dt": [["text", "{bc}to ask for {d_link|alms|alms} "], ["vis", [{"t": "children {it}begging{/it} on the streets"}]]]}]], [["sense", {"sn": "2", "dt": [["text", "{bc}to ask earnestly "], ["vis", [{"t": "{it}begged{/it} for mercy"}]]]}]]]}], "dros": [{"drp": "beg the question", "def": [{"sseq": [[["sense", {"sn": "1", "dt": [["text", "{bc}to elicit a question logically as a reaction or response "], ["vis", [{"t": "the quarterback's injury {it}begs the question{/it} of who will start in his place"}]]]}]], [["sense", {"sn": "2", "dt": [["text", "{bc}to pass over or ignore a question by assuming it to be established or settled"]]}]]]}]}], "syns": [{"pl": "synonyms", "pt": [["text", "{sc}beg{/sc} {sc}entreat{/sc} {sc}beseech{/sc} {sc}implore{/sc} {sc}supplicate{/sc} {sc}adjure{/sc} {sc}importune{/sc} mean to ask urgently. {sc}beg{/sc} suggests earnestness or insistence in the asking. "], ["vis", [{"t": "they {it}begged{/it} for help"}]], ["text", " {sc}entreat{/sc} implies an effort to persuade or to overcome resistance. "], ["vis", [{"t": "{it}entreated{/it} me to join them"}]], ["text", " {sc}beseech{/sc} and {sc}implore{/sc} imply a deeply felt anxiety. "], ["vis", [{"t": "I {it}beseech{/it} you to have mercy"}, {"t": "{it}implored{/it} her not to leave him"}]], ["text", " {sc}supplicate{/sc} suggests a posture of humility. "], ["vis", [{"t": "with bowed heads they {it}supplicated{/it} their Lord"}]], ["text", " {sc}adjure{/sc} implies advising as well as pleading. "], ["vis", [{"t": "we were {it}adjured{/it} to tell the truth"}]], ["text", " {sc}importune{/sc} suggests an annoying persistence in trying to break down resistance to a request. "], ["vis", [{"t": "{it}importuning{/it} viewers for contributions"}]]]}], "et": [["text", "Middle English {it}beggen{/it}"]], "date": "13th century{ds|t|1||}", "shortdef": ["to ask for as a charity", "to ask earnestly for : entreat", "to require as necessary or appropriate"]}, {"meta": {"id": "beg off", "uuid": "0e15f766-bad8-4c5a-95ab-be49265e29da", "sort": "020140300", "src": "collegiate", "section": "alpha", "stems": ["beg off", "beg-off", "beg-offs", "begged off", "begging off", "begs off"], "offensive": false}, "hwi": {"hw": "beg off"}, "fl": "verb", "ins": [{"if": "begged off"}, {"if": "beg*ging off"}, {"if": "begs off"}], "def": [{"vd": "intransitive verb", "sseq": [[["sense", {"dt": [["text", "{bc}to ask to be excused from something"]]}]]]}, {"vd": "transitive verb", "sseq": [[["sense", {"dt": [["text", "{bc}to ask or gain permission to be excused from "], ["vis", [{"t": "{it}begged off{/it} attending the party"}]]]}]]]}], "uros": [{"ure": "beg-off", "prs": [{"mw": "\u02c8beg-\u02cc\u022ff", "sound": {"audio": "beglam02", "ref": "c", "stat": "1"}}], "fl": "noun"}], "date": "1788{ds|i|||}", "shortdef": ["to ask to be excused from something", "to ask or gain permission to be excused from"]}]