[{"meta": {"id": "boy", "uuid": "0c3779d7-9462-4a43-b50b-589227b15896", "src": "coll_thes", "section": "alpha", "target": {"tuuid": "feabf9e6-5f90-4964-ac76-e6dde5b597c4", "tsrc": "collegiate"}, "stems": ["boy", "boyhood", "boyhoods", "boyish", "boyishly", "boyishness", "boyishnesses", "boys"], "syns": [["boychick", "boyo", "callant", "lad", "laddie", "nipper", "shaveling", "shaver", "sonny", "stripling", "tad", "youth"], ["beau", "boyfriend", "fellow", "man", "old man", "swain"]], "ants": [], "offensive": false}, "hwi": {"hw": "boy"}, "fl": "noun", "def": [{"sseq": [[["sense", {"sn": "1", "dt": [["text", "a male person who has not yet reached adulthood "], ["vis", [{"t": "a giggling little {it}boy{/it} ran by"}]]], "syn_list": [[{"wd": "boychick", "wvrs": [{"wvl": "or", "wva": "boychik"}]}, {"wd": "boyo", "wsls": ["Irish"]}, {"wd": "callant", "wsls": ["chiefly Scottish"]}, {"wd": "lad"}, {"wd": "laddie"}, {"wd": "nipper"}, {"wd": "shaveling"}, {"wd": "shaver"}, {"wd": "sonny"}, {"wd": "stripling"}, {"wd": "tad"}, {"wd": "youth"}]], "rel_list": [[{"wd": "adolescent"}, {"wd": "juvenile"}, {"wd": "kid"}, {"wd": "kiddie", "wvrs": [{"wvl": "also", "wva": "kiddy"}]}, {"wd": "kiddo"}, {"wd": "minor"}, {"wd": "moppet"}, {"wd": "teenager"}, {"wd": "tween"}, {"wd": "youngling"}, {"wd": "youngster"}], [{"wd": "gamin"}, {"wd": "guttersnipe"}, {"wd": "hobbledehoy"}, {"wd": "imp"}, {"wd": "squirt"}, {"wd": "urchin"}, {"wd": "whippersnapper"}], [{"wd": "schoolboy"}], [{"wd": "toddler"}, {"wd": "tot"}, {"wd": "tyke", "wvrs": [{"wvl": "also", "wva": "tike"}]}], [{"wd": "mama's boy"}]]}]], [["sense", {"sn": "2", "dt": [["text", "a male romantic companion "], ["vis", [{"t": "their teenaged daughter has a new {it}boy{/it}, and she's just crazy about him"}]]], "syn_list": [[{"wd": "beau"}, {"wd": "boyfriend"}, {"wd": "fellow"}, {"wd": "man"}, {"wd": "old man"}, {"wd": "swain"}]], "rel_list": [[{"wd": "admirer"}, {"wd": "crush"}, {"wd": "steady"}], [{"wd": "gallant"}, {"wd": "suitor"}, {"wd": "wooer"}], [{"wd": "beloved"}, {"wd": "darling"}, {"wd": "dear"}, {"wd": "favorite"}, {"wd": "flame"}, {"wd": "honey"}, {"wd": "love"}, {"wd": "lover"}, {"wd": "significant other"}, {"wd": "soul mate"}, {"wd": "spark"}, {"wd": "sparker"}, {"wd": "squeeze", "wsls": ["slang"]}, {"wd": "sweet"}, {"wd": "sweetheart"}, {"wd": "sweetie"}, {"wd": "sweetie pie"}, {"wd": "valentine"}], [{"wd": "fancy man"}, {"wd": "gigolo"}], [{"wd": "date"}, {"wd": "escort"}], [{"wd": "groom"}, {"wd": "husband"}], [{"wd": "fianc\u00e9"}, {"wd": "intended"}]]}]]]}], "shortdef": ["a male person who has not yet reached adulthood", "a male romantic companion"]}, {"meta": {"id": "big boy", "uuid": "fb3408a4-2a8f-4a30-a4fb-8bff1ca8decc", "src": "coll_thes", "section": "alpha", "target": {"tuuid": "a6aae5b2-967f-4883-8279-17fe0050d574", "tsrc": "collegiate"}, "stems": ["big boy", "big boys"], "syns": [["big", "big cheese", "big gun", "big leaguer", "big shot", "big wheel", "big-timer", "bigfoot", "biggie", "bigwig", "fat cat", "heavy", "heavy hitter", "heavyweight", "high-muck-a-muck", "honcho", "kahuna", "kingfish", "kingpin", "major leaguer", "muckety-muck", "nabob", "nawab", "nibs", "nob", "pooh-bah", "wheel"]], "ants": [["lightweight", "nobody", "nonentity", "nothing", "shrimp", "twerp", "whippersnapper", "zero", "zilch"]], "offensive": false}, "hwi": {"hw": "big boy"}, "fl": "noun", "def": [{"sseq": [[["sense", {"dt": [["text", "one of high position or importance within a group "], ["vis", [{"t": "when she became the network's White House correspondent, she knew that she was now playing with the {it}big boys{/it}"}]]], "syn_list": [[{"wd": "big"}, {"wd": "big cheese"}, {"wd": "big gun"}, {"wd": "big leaguer"}, {"wd": "big shot"}, {"wd": "big wheel"}, {"wd": "big-timer"}, {"wd": "bigfoot"}, {"wd": "biggie"}, {"wd": "bigwig"}, {"wd": "fat cat"}, {"wd": "heavy"}, {"wd": "heavy hitter"}, {"wd": "heavyweight"}, {"wd": "high-muck-a-muck", "wvrs": [{"wvl": "or", "wva": "high-muckety-muck"}]}, {"wd": "honcho"}, {"wd": "kahuna"}, {"wd": "kingfish"}, {"wd": "kingpin"}, {"wd": "major leaguer"}, {"wd": "muckety-muck", "wvrs": [{"wvl": "also", "wva": "muck-a-muck"}, {"wvl": "or", "wva": "mucky-muck"}]}, {"wd": "nabob"}, {"wd": "nawab"}, {"wd": "nibs"}, {"wd": "nob", "wsls": ["chiefly British"]}, {"wd": "pooh-bah", "wvrs": [{"wvl": "also", "wva": "poo-bah"}]}, {"wd": "wheel"}]], "rel_list": [[{"wd": "baron"}, {"wd": "czar", "wvrs": [{"wvl": "also", "wva": "tsar"}, {"wvl": "or", "wva": "tzar"}]}, {"wd": "king"}, {"wd": "lion"}, {"wd": "magnate"}, {"wd": "mogul"}, {"wd": "prince"}, {"wd": "princess"}, {"wd": "queen"}, {"wd": "tycoon"}], [{"wd": "VIP"}]], "near_list": [[{"wd": "inferior"}, {"wd": "subordinate"}, {"wd": "underling"}], [{"wd": "mediocrity"}, {"wd": "obscurity"}]], "ant_list": [[{"wd": "lightweight"}, {"wd": "nobody"}, {"wd": "nonentity"}, {"wd": "nothing"}, {"wd": "shrimp"}, {"wd": "twerp"}, {"wd": "whippersnapper"}, {"wd": "zero"}, {"wd": "zilch"}]]}]]]}], "shortdef": ["one of high position or importance within a group"]}, {"meta": {"id": "po'boy", "uuid": "6d4b547b-22ec-4785-bbe9-5ad29d9668ca", "src": "coll_thes", "section": "alpha", "stems": ["po'boy", "poor boy"], "syns": [["Cuban sandwich", "grinder", "hero", "hoagie", "Italian sandwich", "sub", "submarine", "torpedo"]], "ants": [], "offensive": false}, "hwi": {"hw": "po'boy"}, "vrs": [{"vl": "also", "va": "poor boy"}], "fl": "noun", "def": [{"sseq": [[["sense", {"dt": [["text", "a large sandwich on a long split roll "], ["vis", [{"t": "ordered a fried catfish {it}po'boy{/it}"}]]], "syn_list": [[{"wd": "Cuban sandwich"}, {"wd": "grinder"}, {"wd": "hero"}, {"wd": "hoagie", "wvrs": [{"wvl": "also", "wva": "hoagy"}]}, {"wd": "Italian sandwich"}, {"wd": "sub"}, {"wd": "submarine"}, {"wd": "torpedo"}]]}]]]}], "shortdef": ["a large sandwich on a long split roll"]}, {"meta": {"id": "pretty boy", "uuid": "b4f7e79f-5e4a-4815-88c3-1240a9d589b4", "src": "coll_thes", "section": "alpha", "target": {"tuuid": "b4372c7e-c03b-4a26-a5f0-af982f7215d4", "tsrc": "collegiate"}, "stems": ["pretty boy"], "syns": [["beau", "Beau Brummell", "buck", "dandy", "dude", "fop", "gallant", "jay", "lounge lizard", "macaroni"], ["beefcake", "hunk", "stud", "superstud"]], "ants": [], "offensive": false}, "hwi": {"hw": "pretty boy"}, "fl": "noun", "def": [{"sseq": [[["sense", {"sn": "1", "dt": [["text", "a man extremely interested in his clothing and personal appearance "], ["vis", [{"t": "a downtown dance club with lots of {it}pretty boys{/it} in attendance"}]]], "syn_list": [[{"wd": "beau"}, {"wd": "Beau Brummell"}, {"wd": "buck"}, {"wd": "dandy"}, {"wd": "dude"}, {"wd": "fop"}, {"wd": "gallant"}, {"wd": "jay"}, {"wd": "lounge lizard"}, {"wd": "macaroni"}]], "rel_list": [[{"wd": "coxcomb"}, {"wd": "fancy Dan"}, {"wd": "popinjay"}], [{"wd": "blade"}, {"wd": "cavalier"}, {"wd": "dasher"}], [{"wd": "clotheshorse"}, {"wd": "exquisite"}, {"wd": "swell"}]], "near_list": [[{"wd": "slob"}, {"wd": "sloven"}]]}]], [["sense", {"sn": "2", "dt": [["text", "a physically attractive man "], ["vis", [{"t": "as a musical performer, he has yet to prove that he's more than just another {it}pretty boy{/it}"}]]], "syn_list": [[{"wd": "beefcake"}, {"wd": "hunk"}, {"wd": "stud"}, {"wd": "superstud"}]], "rel_list": [[{"wd": "babe", "wsls": ["slang"]}, {"wd": "dish"}, {"wd": "doll"}, {"wd": "dreamboat", "wsls": ["slang"]}, {"wd": "eye candy"}, {"wd": "eyeful"}, {"wd": "fox"}, {"wd": "knockout"}, {"wd": "stunner"}], [{"wd": "lady-killer"}, {"wd": "sheik"}, {"wd": "womanizer"}]], "near_list": [[{"wd": "dog"}, {"wd": "grotesquerie", "wvrs": [{"wvl": "also", "wva": "grotesquery"}]}, {"wd": "monster"}, {"wd": "nerd"}]]}]]]}], "shortdef": ["a man extremely interested in his clothing and personal appearance", "a physically attractive man"]}, {"meta": {"id": "whipping boy", "uuid": "c78f5131-fdb1-4739-a5a1-40255fa5f0f4", "src": "coll_thes", "section": "alpha", "target": {"tuuid": "d87ddecc-7b1e-4a8f-a2dc-01be0d94f60d", "tsrc": "collegiate"}, "stems": ["whipping boy", "whipping boys"], "syns": [["fall guy", "goat", "scapegoat"]], "ants": [], "offensive": false}, "hwi": {"hw": "whipping boy"}, "fl": "noun", "def": [{"sseq": [[["sense", {"dt": [["text", "a person or thing taking the blame for others "], ["vis", [{"t": "used the government's economic policies as the {it}whipping boy{/it} for every bad decision the company made"}]]], "syn_list": [[{"wd": "fall guy"}, {"wd": "goat"}, {"wd": "scapegoat"}]], "rel_list": [[{"wd": "victim"}], [{"wd": "butt"}, {"wd": "dupe"}, {"wd": "fool"}, {"wd": "laughingstock"}, {"wd": "mark"}, {"wd": "mockery"}, {"wd": "monkey"}], [{"wd": "excuse"}]]}]]]}], "shortdef": ["a person or thing taking the blame for others"]}, {"meta": {"id": "delivery boy", "uuid": "1e2010db-725c-4a38-8068-3b57bab90743", "src": "CTcompile", "section": "alpha", "stems": ["delivery boy"], "syns": [["bearer", "carrier", "courier", "go-between", "liaison", "messenger", "deliverer", "deliveryman"]], "ants": [], "offensive": false}, "hwi": {"hw": "delivery boy"}, "fl": "noun", "def": [{"sseq": [[["sense", {"dt": [["text", "as in {it}carrier{/it}, {it}courier{/it}"]], "sim_list": [[{"wd": "bearer"}, {"wd": "carrier"}, {"wd": "courier"}, {"wd": "go-between"}, {"wd": "liaison"}, {"wd": "messenger"}], [{"wd": "deliverer"}, {"wd": "deliveryman"}]]}]]]}], "shortdef": ["as in carrier, courier"]}, {"meta": {"id": "mama's boy", "uuid": "d0042e03-fba1-4f2b-aa16-42a37e9d153a", "src": "CTcompile", "section": "alpha", "stems": ["mama's boy"], "syns": [["boy", "boychick", "boyo", "callant", "lad", "laddie", "nipper", "shaveling", "shaver", "sonny", "stripling", "tad", "youth", "adolescent", "juvenile", "kid", "kiddie", "kiddo", "minor", "moppet", "teenager", "tween", "youngling", "youngster", "gamin", "guttersnipe", "hobbledehoy", "imp", "squirt", "urchin", "whippersnapper", "toddler", "tot", "tyke", "schoolboy"]], "ants": [], "offensive": false}, "hwi": {"hw": "mama's boy"}, "fl": "noun", "def": [{"sseq": [[["sense", {"dt": [["text", "as in {it}boy{/it}, {it}kid{/it}"]], "sim_list": [[{"wd": "boy"}, {"wd": "boychick", "wvrs": [{"wvl": "or", "wva": "boychik"}]}, {"wd": "boyo", "wsls": ["Irish"]}, {"wd": "callant", "wsls": ["chiefly Scottish"]}, {"wd": "lad"}, {"wd": "laddie"}, {"wd": "nipper"}, {"wd": "shaveling"}, {"wd": "shaver"}, {"wd": "sonny"}, {"wd": "stripling"}, {"wd": "tad"}, {"wd": "youth"}], [{"wd": "adolescent"}, {"wd": "juvenile"}, {"wd": "kid"}, {"wd": "kiddie", "wvrs": [{"wvl": "also", "wva": "kiddy"}]}, {"wd": "kiddo"}, {"wd": "minor"}, {"wd": "moppet"}, {"wd": "teenager"}, {"wd": "tween"}, {"wd": "youngling"}, {"wd": "youngster"}], [{"wd": "gamin"}, {"wd": "guttersnipe"}, {"wd": "hobbledehoy"}, {"wd": "imp"}, {"wd": "squirt"}, {"wd": "urchin"}, {"wd": "whippersnapper"}], [{"wd": "toddler"}, {"wd": "tot"}, {"wd": "tyke", "wvrs": [{"wvl": "also", "wva": "tike"}]}], [{"wd": "schoolboy"}]]}]]]}], "shortdef": ["as in boy, kid"]}]