[{"meta": {"id": "break", "uuid": "2ac07b44-3192-4621-8f24-4ba7334ce1a9", "src": "coll_thes", "section": "alpha", "target": {"tuuid": "6ea9e290-22ce-45db-845e-9b95cfcae56c", "tsrc": "collegiate"}, "stems": ["break", "break a leg", "break camp", "break cover", "break covert", "break even", "break ground", "break into", "break new ground", "break one's heart", "break one's wrists", "break rank", "break ranks", "break the back of", "break the ice", "break wind", "breaking", "breaking even", "breaking into", "breaks", "breaks even", "breaks into", "broke", "broke even", "broke into", "broken", "broken even", "broken into"], "syns": [["break up", "bust", "disintegrate", "dismember", "disrupt", "fracture", "fragment", "rive"], ["break off", "break up", "can", "cease", "cut off", "cut out", "desist (from)", "discontinue", "drop", "end", "give over", "halt", "knock off", "lay off", "leave off", "pack (up or in)", "quit", "shut off", "stop"], ["bust", "degrade", "demote", "disrate", "downgrade", "reduce"], ["crack", "decipher", "decode", "decrypt"], ["pause"], ["furrow", "plow"], ["breach", "contravene", "fracture", "infringe (on or upon)", "offend", "traduce", "transgress", "violate"], ["answer", "crack", "dope (out)", "figure out", "puzzle (out)", "resolve", "riddle (out)", "solve", "unravel", "unriddle", "work", "work out"], ["blemish", "bloody", "compromise", "crab", "cripple", "cross (up)", "damage", "deface", "disfigure", "endamage", "flaw", "harm", "hurt", "impair", "injure", "mar", "spoil", "vitiate"], ["break down", "conk (out)", "crash", "cut out", "die", "fail", "give out", "stall"], ["bolt", "bug out", "flee", "fly", "hightail (it)", "retreat", "run", "run away", "run off", "skedaddle"], ["burn out", "bust", "do in", "do up", "drain", "exhaust", "fag", "fatigue", "frazzle", "harass", "kill", "knock out", "outwear", "tire", "tucker (out)", "wash out", "wear", "wear out", "weary"], ["circulate", "come out", "get about", "get around", "get out", "get round", "leak (out)", "out", "spread"], ["bankrupt", "bust", "ruin"], ["actualize", "appear", "arise", "begin", "commence", "dawn", "engender", "form", "materialize", "originate", "set in", "spring", "start"], ["cut", "sheer", "swerve", "veer", "yaw", "zag", "zig"], ["attenuate", "cheapen", "depreciate", "depress", "devaluate", "devalue", "downgrade", "lower", "mark down", "reduce", "sink", "write down", "write off"], ["exceed", "outreach", "outrun", "overpass", "overreach", "overrun", "overshoot", "overstep", "surpass", "transcend"], ["broach", "surface"]], "ants": [["advance", "elevate", "promote", "raise"], ["cipher", "code", "encipher", "encode", "encrypt"], ["comply (with)", "conform (to)", "follow", "mind", "obey", "observe"], ["doctor", "fix", "mend", "patch", "rebuild", "recondition", "reconstruct", "renovate", "repair", "revamp"], ["start (up)"], ["cease", "end", "stop"], ["straighten"], ["appreciate", "enhance", "mark up", "upgrade"]], "offensive": false}, "hwi": {"hw": "break"}, "fl": "verb", "def": [{"sseq": [[["sense", {"sn": "1", "dt": [["text", "to cause to separate into pieces usually suddenly or forcibly "], ["vis", [{"t": "hated telling her that I had {it}broken{/it} her favorite glass vase"}]]], "syn_list": [[{"wd": "break up"}, {"wd": "bust"}, {"wd": "disintegrate"}, {"wd": "dismember"}, {"wd": "disrupt"}, {"wd": "fracture"}, {"wd": "fragment"}, {"wd": "rive"}]], "rel_list": [[{"wd": "atomize"}, {"wd": "crush"}, {"wd": "grind"}, {"wd": "powder"}, {"wd": "pulverize"}, {"wd": "reduce"}], [{"wd": "blast"}, {"wd": "blow up"}, {"wd": "burst"}, {"wd": "detonate"}, {"wd": "explode"}], [{"wd": "crack"}, {"wd": "pop"}, {"wd": "shatter"}, {"wd": "shiver"}, {"wd": "smash"}], [{"wd": "chip"}, {"wd": "sliver"}, {"wd": "splinter"}, {"wd": "split"}], [{"wd": "implode"}], [{"wd": "destroy"}, {"wd": "ruin"}, {"wd": "wreck"}]], "near_list": [[{"wd": "doctor"}, {"wd": "fix"}, {"wd": "heal"}, {"wd": "mend"}, {"wd": "patch"}, {"wd": "rebuild"}, {"wd": "recondition"}, {"wd": "reconstruct"}, {"wd": "renovate"}, {"wd": "repair"}]]}]], [["sense", {"sn": "2", "dt": [["text", "to bring (as an action or operation) to an immediate end "], ["vis", [{"t": "the final vote {it}broke{/it} the deadlock"}]]], "syn_list": [[{"wd": "break off"}, {"wd": "break up"}, {"wd": "can", "wsls": ["slang"]}, {"wd": "cease"}, {"wd": "cut off"}, {"wd": "cut out"}, {"wd": "desist (from)"}, {"wd": "discontinue"}, {"wd": "drop"}, {"wd": "end"}, {"wd": "give over"}, {"wd": "halt"}, {"wd": "knock off"}, {"wd": "lay off"}, {"wd": "leave off"}, {"wd": "pack (up or in)"}, {"wd": "quit"}, {"wd": "shut off"}, {"wd": "stop"}]], "rel_list": [[{"wd": "complete"}, {"wd": "conclude"}, {"wd": "finish"}], [{"wd": "close (down)"}], [{"wd": "deactivate"}], [{"wd": "block"}, {"wd": "blockade"}, {"wd": "dam"}, {"wd": "delay"}, {"wd": "detain"}, {"wd": "hinder"}, {"wd": "hold"}, {"wd": "hold back"}, {"wd": "impede"}, {"wd": "kibosh"}, {"wd": "obstruct"}, {"wd": "stem"}], [{"wd": "call"}, {"wd": "suspend"}], [{"wd": "arrest"}, {"wd": "brake"}, {"wd": "check"}, {"wd": "clamp down"}, {"wd": "rein (in)"}, {"wd": "squash"}, {"wd": "squelch"}, {"wd": "stamp"}, {"wd": "stanch", "wvrs": [{"wvl": "or", "wva": "staunch"}]}, {"wd": "stunt"}, {"wd": "suppress"}, {"wd": "turn back"}], [{"wd": "pause"}, {"wd": "stay"}, {"wd": "suspend"}], [{"wd": "abolish"}, {"wd": "abort"}, {"wd": "annul"}, {"wd": "demolish"}, {"wd": "destroy"}, {"wd": "dissolve"}, {"wd": "kill"}, {"wd": "ruin"}, {"wd": "scuttle"}, {"wd": "snuff"}]], "phrase_list": [[{"wd": "have done with"}, {"wd": "put the kibosh on"}]], "near_list": [[{"wd": "carry on"}, {"wd": "continue"}, {"wd": "follow through (with)"}, {"wd": "keep up"}, {"wd": "run on"}], [{"wd": "advance"}, {"wd": "proceed"}, {"wd": "progress"}], [{"wd": "actuate"}, {"wd": "drive"}, {"wd": "impel"}, {"wd": "propel"}, {"wd": "stir"}]]}]], [["sense", {"sn": "3", "dt": [["text", "to bring to a lower grade or rank "], ["vis", [{"t": "the captain was {it}broken{/it} to lieutenant commander for disobeying a direct order from his group commander"}]]], "syn_list": [[{"wd": "bust"}, {"wd": "degrade"}, {"wd": "demote"}, {"wd": "disrate"}, {"wd": "downgrade"}, {"wd": "reduce"}]], "rel_list": [[{"wd": "can"}, {"wd": "cashier"}, {"wd": "dismiss"}, {"wd": "downsize"}, {"wd": "fire"}, {"wd": "lay off"}, {"wd": "sack"}], [{"wd": "abase"}, {"wd": "debase"}, {"wd": "demean"}, {"wd": "humble"}, {"wd": "humiliate"}, {"wd": "lower"}]], "near_list": [[{"wd": "hire"}]], "ant_list": [[{"wd": "advance"}, {"wd": "elevate"}, {"wd": "promote"}, {"wd": "raise"}]]}]], [["sense", {"sn": "4", "dt": [["text", "to change (as a secret message) from code into ordinary language "], ["vis", [{"t": "Alan Turing and the Bletchley Park mathematicians {it}broke{/it} the Enigma code being used by the Nazis"}]]], "syn_list": [[{"wd": "crack"}, {"wd": "decipher"}, {"wd": "decode"}, {"wd": "decrypt"}]], "rel_list": [[{"wd": "descramble"}, {"wd": "unscramble"}], [{"wd": "render"}, {"wd": "translate"}], [{"wd": "dope (out)"}, {"wd": "figure out"}, {"wd": "puzzle (out)"}, {"wd": "solve"}, {"wd": "unravel"}, {"wd": "unriddle"}, {"wd": "work"}, {"wd": "work out"}]], "near_list": [[{"wd": "garble"}, {"wd": "jumble (up)"}, {"wd": "mix (up)"}]], "ant_list": [[{"wd": "cipher"}, {"wd": "code"}, {"wd": "encipher"}, {"wd": "encode"}, {"wd": "encrypt"}]]}]], [["sense", {"sn": "5", "dt": [["text", "to come to a temporary halt in one's activity "], ["vis", [{"t": "she {it}broke{/it} from her ruminations to find that it was already dinnertime"}]]], "syn_list": [[{"wd": "pause"}]], "rel_list": [[{"wd": "hesitate"}], [{"wd": "break in"}, {"wd": "interrupt"}], [{"wd": "cease"}, {"wd": "discontinue"}, {"wd": "end"}, {"wd": "finish"}, {"wd": "stop"}, {"wd": "terminate"}], [{"wd": "knock off"}, {"wd": "lay off"}, {"wd": "quit"}], [{"wd": "lapse"}, {"wd": "let up"}]], "phrase_list": [[{"wd": "catch one's breath"}, {"wd": "hold one's horses"}]], "near_list": [[{"wd": "continue"}, {"wd": "persist"}], [{"wd": "advance"}, {"wd": "progress"}], [{"wd": "extend"}, {"wd": "prolong"}, {"wd": "stretch"}]]}]], [["sense", {"sn": "6", "dt": [["text", "to cut into and turn over the sod of (a piece of land) using a bladed implement "], ["vis", [{"t": "farmers once {it}broke{/it} fields with horse-drawn plows"}]]], "syn_list": [[{"wd": "furrow"}, {"wd": "plow"}]], "rel_list": [[{"wd": "cultivate"}, {"wd": "till"}], [{"wd": "fallow"}], [{"wd": "harrow"}, {"wd": "hoe"}, {"wd": "list"}, {"wd": "rake"}, {"wd": "rototill"}]]}]], [["sense", {"sn": "7", "dt": [["text", "to fail to keep "], ["vis", [{"t": "had to confess that he had {it}broken{/it} his promise not to share their conversation with anyone"}]]], "syn_list": [[{"wd": "breach"}, {"wd": "contravene"}, {"wd": "fracture"}, {"wd": "infringe (on or upon)"}, {"wd": "offend"}, {"wd": "traduce"}, {"wd": "transgress"}, {"wd": "violate"}]], "rel_list": [[{"wd": "disobey"}, {"wd": "rebel"}], [{"wd": "blow off"}, {"wd": "brush (off)"}, {"wd": "disregard"}, {"wd": "flout"}, {"wd": "ignore"}, {"wd": "neglect"}, {"wd": "overlook"}, {"wd": "overpass"}, {"wd": "pass over"}, {"wd": "slight"}, {"wd": "tune out"}, {"wd": "wink (at)"}], [{"wd": "dismiss"}, {"wd": "pooh-pooh", "wvrs": [{"wvl": "also", "wva": "pooh"}]}, {"wd": "scorn"}, {"wd": "shrug off"}], [{"wd": "defy"}, {"wd": "resist"}, {"wd": "withstand"}]], "near_list": [[{"wd": "defer (to)"}, {"wd": "serve"}, {"wd": "submit (to)"}, {"wd": "surrender (to)"}, {"wd": "yield (to)"}], [{"wd": "attend"}, {"wd": "hear"}, {"wd": "heed"}, {"wd": "listen (to)"}, {"wd": "mark"}, {"wd": "note"}, {"wd": "notice"}, {"wd": "regard"}, {"wd": "watch"}]], "ant_list": [[{"wd": "comply (with)"}, {"wd": "conform (to)"}, {"wd": "follow"}, {"wd": "mind"}, {"wd": "obey"}, {"wd": "observe"}]]}]], [["sense", {"sn": "8", "dt": [["text", "to find an answer for through reasoning "], ["vis", [{"t": "Professor Bates {it}broke{/it} the problem when she realized that it was possible to synthesize the necessary compounds"}]]], "syn_list": [[{"wd": "answer"}, {"wd": "crack"}, {"wd": "dope (out)"}, {"wd": "figure out"}, {"wd": "puzzle (out)"}, {"wd": "resolve"}, {"wd": "riddle (out)"}, {"wd": "solve"}, {"wd": "unravel"}, {"wd": "unriddle"}, {"wd": "work"}, {"wd": "work out"}]], "rel_list": [[{"wd": "conclude"}, {"wd": "decide"}, {"wd": "deduce"}, {"wd": "gather"}, {"wd": "infer"}, {"wd": "judge"}, {"wd": "reason"}], [{"wd": "clear (up)"}, {"wd": "iron out"}, {"wd": "straighten (out)"}, {"wd": "unscramble"}, {"wd": "untangle"}, {"wd": "untie"}], [{"wd": "assume"}, {"wd": "conjecture"}, {"wd": "divine"}, {"wd": "guess"}, {"wd": "presume"}, {"wd": "speculate"}], [{"wd": "decipher"}, {"wd": "decode"}]]}]], [["sense", {"sn": "9", "dt": [["text", "to reduce the soundness, effectiveness, or perfection of "], ["vis", [{"t": "I {it}broke{/it} a tooth on the hard candy"}]]], "syn_list": [[{"wd": "blemish"}, {"wd": "bloody"}, {"wd": "compromise"}, {"wd": "crab"}, {"wd": "cripple"}, {"wd": "cross (up)"}, {"wd": "damage"}, {"wd": "deface"}, {"wd": "disfigure"}, {"wd": "endamage"}, {"wd": "flaw"}, {"wd": "harm"}, {"wd": "hurt"}, {"wd": "impair"}, {"wd": "injure"}, {"wd": "mar"}, {"wd": "spoil"}, {"wd": "vitiate"}]], "rel_list": [[{"wd": "deteriorate"}, {"wd": "enervate"}, {"wd": "enfeeble"}, {"wd": "undermine"}, {"wd": "weaken"}], [{"wd": "erode"}, {"wd": "scour"}, {"wd": "wash out"}, {"wd": "wear (away)"}], [{"wd": "blight"}, {"wd": "tarnish"}], [{"wd": "dent"}, {"wd": "ding"}, {"wd": "dint"}], [{"wd": "botch"}, {"wd": "gum (up)"}, {"wd": "queer"}], [{"wd": "lacerate"}, {"wd": "wound"}], [{"wd": "disable"}, {"wd": "hamstring"}, {"wd": "lame"}, {"wd": "maim"}, {"wd": "mangle"}, {"wd": "mutilate"}, {"wd": "torment"}, {"wd": "torture"}], [{"wd": "annihilate"}, {"wd": "bang up"}, {"wd": "bash"}, {"wd": "batter"}, {"wd": "clobber"}, {"wd": "crush"}, {"wd": "dash"}, {"wd": "decimate"}, {"wd": "demolish"}, {"wd": "desolate"}, {"wd": "destroy"}, {"wd": "devastate"}, {"wd": "do in"}, {"wd": "pulverize"}, {"wd": "raze"}, {"wd": "ruin"}, {"wd": "scourge"}, {"wd": "shatter"}, {"wd": "smash"}, {"wd": "tear down"}, {"wd": "total"}, {"wd": "waste"}, {"wd": "wipe out"}, {"wd": "wreck"}]], "near_list": [[{"wd": "cure"}, {"wd": "heal"}, {"wd": "help"}, {"wd": "rectify"}, {"wd": "rehabilitate"}, {"wd": "remedy"}], [{"wd": "edit"}, {"wd": "remodel"}, {"wd": "revise"}], [{"wd": "ameliorate"}, {"wd": "better"}, {"wd": "enhance"}, {"wd": "enrich"}, {"wd": "improve"}, {"wd": "meliorate"}, {"wd": "perfect"}, {"wd": "refine"}]], "ant_list": [[{"wd": "doctor"}, {"wd": "fix"}, {"wd": "mend"}, {"wd": "patch"}, {"wd": "rebuild"}, {"wd": "recondition"}, {"wd": "reconstruct"}, {"wd": "renovate"}, {"wd": "repair"}, {"wd": "revamp"}]]}]], [["sense", {"sn": "10", "dt": [["text", "to stop functioning "], ["vis", [{"t": "after working for 30 years, the pump simply {it}broke{/it} one day"}]]], "syn_list": [[{"wd": "break down"}, {"wd": "conk (out)"}, {"wd": "crash"}, {"wd": "cut out"}, {"wd": "die"}, {"wd": "fail"}, {"wd": "give out"}, {"wd": "stall"}]], "rel_list": [[{"wd": "fizzle"}, {"wd": "sputter"}, {"wd": "wheeze"}], [{"wd": "act up"}, {"wd": "malfunction"}], [{"wd": "jam"}]], "ant_list": [[{"wd": "start (up)"}]]}]], [["sense", {"sn": "11", "dt": [["text", "to hasten away from something dangerous or frightening "], ["vis", [{"t": "the herd of gazelles {it}broke{/it} when they saw the lions racing toward them from the ridge above"}]]], "syn_list": [[{"wd": "bolt"}, {"wd": "bug out"}, {"wd": "flee"}, {"wd": "fly"}, {"wd": "hightail (it)"}, {"wd": "retreat"}, {"wd": "run"}, {"wd": "run away"}, {"wd": "run off"}, {"wd": "skedaddle"}]], "rel_list": [[{"wd": "abscond"}, {"wd": "clear out"}, {"wd": "decamp"}, {"wd": "elope"}, {"wd": "escape"}, {"wd": "get (away)"}, {"wd": "get out"}, {"wd": "lam"}, {"wd": "light out"}, {"wd": "make off"}, {"wd": "mizzle", "wsls": ["chiefly British"]}, {"wd": "scarper", "wsls": ["British"]}, {"wd": "scat"}, {"wd": "scram"}, {"wd": "skip (out)"}, {"wd": "skirr"}]], "phrase_list": [[{"wd": "beat a retreat"}, {"wd": "beat it"}, {"wd": "make tracks"}, {"wd": "turn tail"}]], "near_list": [[{"wd": "beard"}, {"wd": "brave"}, {"wd": "confront"}, {"wd": "dare"}, {"wd": "defy"}, {"wd": "face"}], [{"wd": "abide"}, {"wd": "dwell"}, {"wd": "hang around"}, {"wd": "linger"}, {"wd": "remain"}, {"wd": "stay"}, {"wd": "stick around"}, {"wd": "tarry"}]]}]], [["sense", {"sn": "12", "dt": [["text", "to use up all the physical energy of "], ["vis", [{"t": "the trek up the mountain just about {it}broke{/it} me"}]]], "syn_list": [[{"wd": "burn out"}, {"wd": "bust"}, {"wd": "do in"}, {"wd": "do up"}, {"wd": "drain"}, {"wd": "exhaust"}, {"wd": "fag"}, {"wd": "fatigue"}, {"wd": "frazzle"}, {"wd": "harass"}, {"wd": "kill"}, {"wd": "knock out"}, {"wd": "outwear"}, {"wd": "tire"}, {"wd": "tucker (out)"}, {"wd": "wash out"}, {"wd": "wear"}, {"wd": "wear out"}, {"wd": "weary"}]], "rel_list": [[{"wd": "debilitate"}, {"wd": "enervate"}, {"wd": "enfeeble"}, {"wd": "sap"}, {"wd": "waste"}, {"wd": "weaken"}]], "phrase_list": [[{"wd": "wear to a frazzle"}]], "near_list": [[{"wd": "activate"}, {"wd": "energize"}, {"wd": "invigorate"}, {"wd": "rejuvenate"}, {"wd": "strengthen"}, {"wd": "vitalize"}], [{"wd": "relax"}, {"wd": "rest"}, {"wd": "unwind"}]]}]], [["sense", {"sn": "13", "dt": [["text", "to become known "], ["vis", [{"t": "as soon as the scandal {it}broke{/it}, the CEO fled the country"}]]], "syn_list": [[{"wd": "circulate"}, {"wd": "come out"}, {"wd": "get about"}, {"wd": "get around"}, {"wd": "get out"}, {"wd": "get round"}, {"wd": "leak (out)"}, {"wd": "out"}, {"wd": "spread"}]], "rel_list": [[{"wd": "develop"}, {"wd": "transpire"}, {"wd": "unfold"}], [{"wd": "disclose"}, {"wd": "reveal"}, {"wd": "spill"}, {"wd": "tell"}]], "near_list": [[{"wd": "hush (up)"}, {"wd": "suppress"}], [{"wd": "conceal"}, {"wd": "disguise"}, {"wd": "hide"}, {"wd": "mask"}], [{"wd": "secrete"}]]}]], [["sense", {"sn": "14", "dt": [["text", "to cause to lose one's fortune and become unable to pay one's debts "], ["vis", [{"t": "another bad investment could {it}break{/it} him"}]]], "syn_list": [[{"wd": "bankrupt"}, {"wd": "bust"}, {"wd": "ruin"}]], "rel_list": [[{"wd": "beggar"}, {"wd": "impoverish"}, {"wd": "pauperize"}], [{"wd": "reduce"}, {"wd": "straiten"}], [{"wd": "clean (out)"}, {"wd": "wipe out"}]], "near_list": [[{"wd": "enrich"}, {"wd": "richen"}]]}]], [["sense", {"sn": "15", "dt": [["text", "to come into existence "], ["vis", [{"t": "the crisis had passed, and a new day was {it}breaking{/it}"}]]], "syn_list": [[{"wd": "actualize"}, {"wd": "appear"}, {"wd": "arise"}, {"wd": "begin"}, {"wd": "commence"}, {"wd": "dawn"}, {"wd": "engender"}, {"wd": "form"}, {"wd": "materialize"}, {"wd": "originate"}, {"wd": "set in"}, {"wd": "spring"}, {"wd": "start"}]], "rel_list": [[{"wd": "be"}, {"wd": "breathe"}, {"wd": "exist"}, {"wd": "live"}, {"wd": "subsist"}], [{"wd": "arrive"}, {"wd": "come on"}, {"wd": "emerge"}], [{"wd": "coalesce"}, {"wd": "cohere"}, {"wd": "shape (up)"}], [{"wd": "continue"}, {"wd": "endure"}, {"wd": "last"}, {"wd": "persist"}, {"wd": "survive"}]], "near_list": [[{"wd": "conclude"}, {"wd": "desist"}, {"wd": "discontinue"}, {"wd": "finish"}, {"wd": "halt"}, {"wd": "quit"}, {"wd": "terminate"}], [{"wd": "disappear"}, {"wd": "dissolve"}, {"wd": "evaporate"}, {"wd": "vanish"}], [{"wd": "depart"}, {"wd": "die"}, {"wd": "expire"}, {"wd": "pass away"}, {"wd": "perish"}]], "ant_list": [[{"wd": "cease"}, {"wd": "end"}, {"wd": "stop"}]]}]], [["sense", {"sn": "16", "dt": [["text", "to depart abruptly from a straight line or course "], ["vis", [{"t": "the running back {it}broke{/it} to his left before running out of bounds"}]]], "syn_list": [[{"wd": "cut"}, {"wd": "sheer"}, {"wd": "swerve"}, {"wd": "veer"}, {"wd": "yaw"}, {"wd": "zag"}, {"wd": "zig"}]], "rel_list": [[{"wd": "skew"}, {"wd": "slew", "wvrs": [{"wvl": "also", "wva": "slue"}]}], [{"wd": "arc"}, {"wd": "arch"}, {"wd": "bend"}, {"wd": "bow"}, {"wd": "crook"}, {"wd": "curve"}, {"wd": "hook"}, {"wd": "round"}, {"wd": "sweep"}, {"wd": "wheel"}], [{"wd": "about-face"}, {"wd": "pivot"}], [{"wd": "circle"}, {"wd": "coil"}, {"wd": "curl"}, {"wd": "loop"}, {"wd": "spiral"}], [{"wd": "turn"}, {"wd": "twist"}, {"wd": "wind"}], [{"wd": "weave"}, {"wd": "zigzag"}], [{"wd": "deviate"}, {"wd": "stray"}, {"wd": "wander"}, {"wd": "waver"}]], "ant_list": [[{"wd": "straighten"}]]}]], [["sense", {"sn": "17", "dt": [["text", "to diminish the price or value of "], ["vis", [{"t": "distressing economic news that will {it}break{/it} many energy stocks"}]]], "syn_list": [[{"wd": "attenuate"}, {"wd": "cheapen"}, {"wd": "depreciate"}, {"wd": "depress"}, {"wd": "devaluate"}, {"wd": "devalue"}, {"wd": "downgrade"}, {"wd": "lower"}, {"wd": "mark down"}, {"wd": "reduce"}, {"wd": "sink"}, {"wd": "write down"}, {"wd": "write off"}]], "rel_list": [[{"wd": "debase"}, {"wd": "demonetize"}], [{"wd": "underestimate"}, {"wd": "underprice"}, {"wd": "underrate"}, {"wd": "undervalue"}], [{"wd": "abridge"}, {"wd": "compress"}, {"wd": "contract"}, {"wd": "de-escalate"}, {"wd": "deflate"}, {"wd": "downsize"}, {"wd": "dwindle"}, {"wd": "lessen"}, {"wd": "moderate"}, {"wd": "shrink"}]], "near_list": [[{"wd": "bloat"}, {"wd": "blow up"}, {"wd": "inflate"}], [{"wd": "overestimate"}, {"wd": "overprice"}, {"wd": "overrate"}, {"wd": "overvalue"}], [{"wd": "add"}, {"wd": "aggrandize"}, {"wd": "amplify"}, {"wd": "augment"}, {"wd": "balloon"}, {"wd": "boost"}, {"wd": "compound"}, {"wd": "dilate"}, {"wd": "enlarge"}, {"wd": "escalate"}, {"wd": "expand"}, {"wd": "extend"}, {"wd": "heighten"}, {"wd": "increase"}, {"wd": "maximize"}, {"wd": "multiply"}, {"wd": "raise"}, {"wd": "swell"}, {"wd": "up"}]], "ant_list": [[{"wd": "appreciate"}, {"wd": "enhance"}, {"wd": "mark up"}, {"wd": "upgrade"}]]}]], [["sense", {"sn": "18", "dt": [["text", "to go beyond the limit of "], ["vis", [{"t": "a menu with prices that is likely to {it}break{/it} the budgets of all but the wealthiest of diners"}]]], "syn_list": [[{"wd": "exceed"}, {"wd": "outreach"}, {"wd": "outrun"}, {"wd": "overpass"}, {"wd": "overreach"}, {"wd": "overrun"}, {"wd": "overshoot"}, {"wd": "overstep"}, {"wd": "surpass"}, {"wd": "transcend"}]], "rel_list": [[{"wd": "encroach"}, {"wd": "entrench", "wvrs": [{"wvl": "also", "wva": "intrench"}]}, {"wd": "infringe"}, {"wd": "invade"}, {"wd": "trespass"}], [{"wd": "overdo"}, {"wd": "overuse"}, {"wd": "overutilize"}, {"wd": "overwork"}]]}]], [["sense", {"sn": "19", "dt": [["text", "to penetrate the surface (as of water) from below "], ["vis", [{"t": "dolphins were {it}breaking{/it} all around the boat"}]]], "syn_list": [[{"wd": "broach"}, {"wd": "surface"}]], "rel_list": [[{"wd": "emerge"}, {"wd": "rise"}]], "near_list": [[{"wd": "dive"}, {"wd": "drop"}, {"wd": "drown"}, {"wd": "founder"}, {"wd": "plunge"}, {"wd": "sink"}, {"wd": "submerge"}, {"wd": "submerse"}]]}]]]}], "shortdef": ["to cause to separate into pieces usually suddenly or forcibly", "to bring (as an action or operation) to an immediate end", "to bring to a lower grade or rank"]}, {"meta": {"id": "break", "uuid": "3ba18a9a-2388-4689-a903-f380ac87bb1d", "src": "coll_thes", "section": "alpha", "target": {"tuuid": "1ebf2946-443a-4aa2-af37-5c726dfaf1ee", "tsrc": "collegiate"}, "stems": ["break", "brake", "breaks"], "syns": [["breath", "breather", "interruption", "lull", "pause", "recess"], ["holiday", "hols", "leave", "recess", "vacation"], ["breach", "discontinuity", "gap", "gulf", "hiatus", "hole", "interstice", "interval", "opening", "rent", "rift", "separation", "void"], ["chance", "occasion", "opening", "opportunity", "room", "shot"], ["fluke", "strike"], ["breakout", "bunk", "escape", "flight", "getaway", "lam", "rout", "slip"]], "ants": [], "offensive": false}, "hwi": {"hw": "break"}, "fl": "noun", "def": [{"sseq": [[["sense", {"sn": "1", "dt": [["text", "a momentary halt in an activity "], ["vis", [{"t": "there was a brief {it}break{/it} after the first movement as the doors to the concert hall were opened and the latecomers were allowed in"}]]], "syn_list": [[{"wd": "breath"}, {"wd": "breather"}, {"wd": "interruption"}, {"wd": "lull"}, {"wd": "pause"}, {"wd": "recess"}]], "rel_list": [[{"wd": "time-out"}], [{"wd": "interim"}, {"wd": "interlude"}, {"wd": "intermission"}, {"wd": "interval"}, {"wd": "respite"}, {"wd": "rest"}], [{"wd": "cessation"}, {"wd": "discontinuance"}, {"wd": "downtime"}, {"wd": "ending"}, {"wd": "expiration"}, {"wd": "finishing"}, {"wd": "hitch"}, {"wd": "lapse"}, {"wd": "stoppage"}, {"wd": "stopping"}, {"wd": "termination"}], [{"wd": "abeyance"}, {"wd": "moratorium"}, {"wd": "surcease"}, {"wd": "suspension"}], [{"wd": "discontinuity"}, {"wd": "gap"}, {"wd": "hiatus"}]], "near_list": [[{"wd": "continuation"}, {"wd": "endurance"}, {"wd": "persistence"}, {"wd": "progress"}, {"wd": "progression"}], [{"wd": "extension"}, {"wd": "prolongation"}]]}]], [["sense", {"sn": "2", "dt": [["text", "a period during which the usual routine of school or work is suspended "], ["vis", [{"t": "most of the students at the boarding school are going home for Christmas {it}break{/it}"}]]], "syn_list": [[{"wd": "holiday", "wsls": ["chiefly British"]}, {"wd": "hols", "wsls": ["British"]}, {"wd": "leave"}, {"wd": "recess"}, {"wd": "vacation"}]], "rel_list": [[{"wd": "sabbatical"}], [{"wd": "furlough"}, {"wd": "liberty"}], [{"wd": "breather"}, {"wd": "relaxation"}, {"wd": "respite"}, {"wd": "rest"}], [{"wd": "interim"}, {"wd": "intermission"}, {"wd": "interval"}], [{"wd": "feast"}, {"wd": "holy day"}, {"wd": "legal holiday"}], [{"wd": "idling"}, {"wd": "loafing"}, {"wd": "lounging"}, {"wd": "slacking"}]]}]], [["sense", {"sn": "3", "dt": [["text", "an open space in a barrier (as a wall or hedge) "], ["vis", [{"t": "the rancher repaired the {it}break{/it} in the fence where the horse had gotten through"}]]], "syn_list": [[{"wd": "breach"}, {"wd": "discontinuity"}, {"wd": "gap"}, {"wd": "gulf"}, {"wd": "hiatus"}, {"wd": "hole"}, {"wd": "interstice"}, {"wd": "interval"}, {"wd": "opening"}, {"wd": "rent"}, {"wd": "rift"}, {"wd": "separation"}, {"wd": "void"}]], "rel_list": [[{"wd": "chink"}, {"wd": "cleft"}, {"wd": "crack"}, {"wd": "cranny"}, {"wd": "crevice"}, {"wd": "fissure"}], [{"wd": "notch"}, {"wd": "slit"}, {"wd": "slot"}, {"wd": "split"}], [{"wd": "interspace"}, {"wd": "pore"}], [{"wd": "abyss"}, {"wd": "aperture"}, {"wd": "cavity"}, {"wd": "chasm"}, {"wd": "gape"}, {"wd": "orifice"}], [{"wd": "fracture"}, {"wd": "rupture"}, {"wd": "severance"}, {"wd": "sundering"}]]}]], [["sense", {"sn": "4", "dt": [["text", "a favorable combination of circumstances, time, and place "], ["vis", [{"t": "in classic fashion, her big {it}break{/it} came when, as an understudy, she took over for an ailing star"}]]], "syn_list": [[{"wd": "chance"}, {"wd": "occasion"}, {"wd": "opening"}, {"wd": "opportunity"}, {"wd": "room"}, {"wd": "shot"}]], "rel_list": [[{"wd": "play"}, {"wd": "way"}], [{"wd": "juncture"}, {"wd": "pass"}]]}]], [["sense", {"sn": "5", "dt": [["text", "an unexpected benefit or advantage resulting from the uncertain course of events "], ["vis", [{"t": "a guy who just seems to get all the {it}breaks{/it} in life"}]]], "syn_list": [[{"wd": "fluke"}, {"wd": "strike"}]], "rel_list": [[{"wd": "accident"}, {"wd": "chance"}, {"wd": "circumstance"}, {"wd": "hap"}, {"wd": "happenchance"}, {"wd": "happenstance"}, {"wd": "hazard"}, {"wd": "luck"}]], "phrase_list": [[{"wd": "stroke of luck"}]]}]], [["sense", {"sn": "6", "dt": [["text", "the act or an instance of getting free from danger or confinement "], ["vis", [{"t": "a desperate {it}break{/it} from that hellhole"}]]], "syn_list": [[{"wd": "breakout"}, {"wd": "bunk", "wsls": ["British"]}, {"wd": "escape"}, {"wd": "flight"}, {"wd": "getaway"}, {"wd": "lam"}, {"wd": "rout"}, {"wd": "slip"}]], "rel_list": [[{"wd": "jailbreak"}], [{"wd": "deliverance"}, {"wd": "liberation"}, {"wd": "redemption"}, {"wd": "release"}, {"wd": "rescue"}, {"wd": "salvation"}], [{"wd": "close call"}, {"wd": "close shave"}, {"wd": "near miss"}]], "near_list": [[{"wd": "captivity"}, {"wd": "confinement"}, {"wd": "immurement"}, {"wd": "imprisonment"}, {"wd": "incarceration"}, {"wd": "internment"}], [{"wd": "custody"}, {"wd": "detention"}, {"wd": "hold"}, {"wd": "holding"}, {"wd": "retention"}], [{"wd": "endangerment"}, {"wd": "hazard"}, {"wd": "imperilment"}, {"wd": "jeopardy"}, {"wd": "peril"}, {"wd": "risk"}, {"wd": "trouble"}]]}]]]}], "shortdef": ["a momentary halt in an activity", "a period during which the usual routine of school or work is suspended", "an open space in a barrier (as a wall or hedge)"]}, {"meta": {"id": "brake", "uuid": "c41c4263-1ee4-475c-ad95-13930c19ba71", "src": "coll_thes", "section": "alpha", "target": {"tuuid": "08929ec2-cc07-4fc9-a3d1-e68b8b30e180", "tsrc": "collegiate"}, "stems": ["brake", "brakeless", "brakes", "brakier", "brakiest", "braky", "break"], "syns": [["boscage", "bosk", "bosquet", "brushwood", "chaparral", "coppice", "copse", "covert", "thicket"]], "ants": [], "offensive": false}, "hwi": {"hw": "brake"}, "fl": "noun", "def": [{"sseq": [[["sense", {"dt": [["text", "a thick patch of shrubbery, small trees, or underbrush "], ["vis", [{"t": "built a small shelter in the {it}brake{/it} to watch for deer"}]]], "syn_list": [[{"wd": "boscage", "wvrs": [{"wvl": "also", "wva": "boskage"}]}, {"wd": "bosk", "wvrs": [{"wvl": "or", "wva": "bosque"}]}, {"wd": "bosquet"}, {"wd": "brushwood"}, {"wd": "chaparral"}, {"wd": "coppice"}, {"wd": "copse"}, {"wd": "covert"}, {"wd": "thicket"}]], "rel_list": [[{"wd": "canebrake"}], [{"wd": "brush"}, {"wd": "bush"}, {"wd": "scrub"}, {"wd": "scrubland"}], [{"wd": "bramble"}, {"wd": "jungle"}, {"wd": "tangle"}], [{"wd": "grove"}, {"wd": "hedge"}, {"wd": "stand"}, {"wd": "woodlot"}], [{"wd": "forest"}, {"wd": "greenwood"}, {"wd": "wildwood"}, {"wd": "wood"}, {"wd": "woodland"}]]}]]]}], "shortdef": ["a thick patch of shrubbery, small trees, or underbrush"]}, {"meta": {"id": "break down", "uuid": "713ab0d9-2db3-47d4-8114-0412d9efe940", "src": "coll_thes", "section": "alpha", "target": {"tuuid": "c9b90570-dca5-4787-a3b3-7de9441b366a", "tsrc": "collegiate"}, "stems": ["break down", "breaking down", "breaks down", "broke down", "broken down"], "syns": [["assort", "categorize", "class", "classify", "codify", "compartment", "compartmentalize", "digest", "distinguish", "distribute", "grade", "group", "peg", "place", "range", "rank", "relegate", "separate", "sort", "type"], ["corrupt", "decay", "decompose", "disintegrate", "fester", "foul", "mold", "molder", "perish", "putrefy", "rot", "spoil"], ["analyze", "anatomize", "assay", "cut", "deconstruct", "dissect"], ["break", "conk (out)", "crash", "cut out", "die", "fail", "give out", "stall"], ["break up", "crack", "flip (out)", "freak (out)", "melt down", "wig (out)"], ["demount", "disassemble", "dismantle", "dismember", "dismount", "knock down", "strike", "take down"], ["crash", "shatter", "smash"]], "ants": [["start (up)"], ["assemble", "construct"]], "offensive": false}, "hwi": {"hw": "break down"}, "fl": "verb", "def": [{"sseq": [[["sense", {"sn": "1", "dt": [["text", "to arrange or assign according to type "], ["vis", [{"t": "when presented with the pile of files, the first thing he did was to {it}break{/it} them {it}down{/it} by month, order within the month, and region"}]]], "syn_list": [[{"wd": "assort"}, {"wd": "categorize"}, {"wd": "class"}, {"wd": "classify"}, {"wd": "codify"}, {"wd": "compartment"}, {"wd": "compartmentalize"}, {"wd": "digest"}, {"wd": "distinguish"}, {"wd": "distribute"}, {"wd": "grade"}, {"wd": "group"}, {"wd": "peg"}, {"wd": "place"}, {"wd": "range"}, {"wd": "rank"}, {"wd": "relegate"}, {"wd": "separate"}, {"wd": "sort"}, {"wd": "type"}]], "rel_list": [[{"wd": "array"}, {"wd": "dispose"}, {"wd": "draw up"}, {"wd": "marshal", "wvrs": [{"wvl": "also", "wva": "marshall"}]}, {"wd": "order"}, {"wd": "organize"}, {"wd": "systematize"}], [{"wd": "alphabetize"}, {"wd": "catalog", "wvrs": [{"wvl": "or", "wva": "catalogue"}]}, {"wd": "file"}, {"wd": "index"}, {"wd": "list"}, {"wd": "refer"}], [{"wd": "pigeonhole"}, {"wd": "shelve"}], [{"wd": "identify"}, {"wd": "recognize"}], [{"wd": "cull"}, {"wd": "screen"}, {"wd": "set"}, {"wd": "sieve"}, {"wd": "sift"}, {"wd": "winnow"}], [{"wd": "clump"}, {"wd": "cluster"}, {"wd": "colligate"}], [{"wd": "recategorize"}, {"wd": "reclassify"}, {"wd": "regroup"}], [{"wd": "subcategorize"}]], "near_list": [[{"wd": "confuse"}, {"wd": "disarrange"}, {"wd": "jumble"}, {"wd": "lump"}, {"wd": "mix (up)"}, {"wd": "scramble"}], [{"wd": "misclassify"}, {"wd": "missort"}, {"wd": "mistype"}]]}]], [["sense", {"sn": "2", "dt": [["text", "to go through decomposition "], ["vis", [{"t": "the enamel of a human tooth will begin to {it}break down{/it} when exposed to sugar for too long"}]]], "syn_list": [[{"wd": "corrupt"}, {"wd": "decay"}, {"wd": "decompose"}, {"wd": "disintegrate"}, {"wd": "fester"}, {"wd": "foul"}, {"wd": "mold"}, {"wd": "molder"}, {"wd": "perish", "wsls": ["chiefly British"]}, {"wd": "putrefy"}, {"wd": "rot"}, {"wd": "spoil"}]], "rel_list": [[{"wd": "sour"}, {"wd": "turn"}, {"wd": "turn off", "wsls": ["British"]}], [{"wd": "contaminate"}, {"wd": "defile"}, {"wd": "pollute"}, {"wd": "taint"}], [{"wd": "addle"}, {"wd": "curdle"}, {"wd": "ferment"}], [{"wd": "mortify"}], [{"wd": "rust"}], [{"wd": "crumble"}, {"wd": "decline"}, {"wd": "degenerate"}, {"wd": "descend"}, {"wd": "deteriorate"}, {"wd": "dilapidate"}, {"wd": "sink"}, {"wd": "wither"}]], "phrase_list": [[{"wd": "fall apart"}, {"wd": "go to seed", "wvrs": [{"wvl": "or", "wva": "run to seed"}]}]], "near_list": [[{"wd": "age"}, {"wd": "develop"}, {"wd": "grow"}, {"wd": "mature"}, {"wd": "ripen"}], [{"wd": "refresh"}, {"wd": "renew"}, {"wd": "restore"}], [{"wd": "cleanse"}, {"wd": "purify"}], [{"wd": "assemble"}, {"wd": "compose"}, {"wd": "integrate"}], [{"wd": "ameliorate"}, {"wd": "better"}, {"wd": "improve"}, {"wd": "meliorate"}]]}]], [["sense", {"sn": "3", "dt": [["text", "to identify and examine the basic elements or parts of (something) especially for discovering interrelationships "], ["vis", [{"t": "if we {it}break{/it} the problem {it}down{/it} into what appear to be three aspects of it, we'll have a better chance of solving it"}]]], "syn_list": [[{"wd": "analyze"}, {"wd": "anatomize"}, {"wd": "assay"}, {"wd": "cut"}, {"wd": "deconstruct"}, {"wd": "dissect"}]], "rel_list": [[{"wd": "assess"}, {"wd": "diagnose"}, {"wd": "evaluate"}, {"wd": "examine"}, {"wd": "inspect"}, {"wd": "investigate"}, {"wd": "scrutinize"}], [{"wd": "arrange"}, {"wd": "assort"}, {"wd": "catalog", "wvrs": [{"wvl": "or", "wva": "catalogue"}]}, {"wd": "categorize"}, {"wd": "classify"}, {"wd": "codify"}, {"wd": "diagram"}, {"wd": "enumerate"}, {"wd": "index"}, {"wd": "order"}, {"wd": "schematize"}, {"wd": "sort"}, {"wd": "tabulate"}], [{"wd": "divide"}, {"wd": "reduce"}, {"wd": "segment"}, {"wd": "separate"}, {"wd": "subdivide"}]], "near_list": [[{"wd": "agglomerate"}, {"wd": "aggregate"}, {"wd": "amalgamate"}, {"wd": "assimilate"}, {"wd": "coalesce"}, {"wd": "conglomerate"}, {"wd": "consolidate"}, {"wd": "integrate"}, {"wd": "synthesize"}, {"wd": "unify"}]]}]], [["sense", {"sn": "4", "dt": [["text", "to stop functioning "], ["vis", [{"t": "the computer finally {it}broke down{/it} and had to be replaced"}]]], "syn_list": [[{"wd": "break"}, {"wd": "conk (out)"}, {"wd": "crash"}, {"wd": "cut out"}, {"wd": "die"}, {"wd": "fail"}, {"wd": "give out"}, {"wd": "stall"}]], "rel_list": [[{"wd": "fizzle"}, {"wd": "sputter"}, {"wd": "wheeze"}], [{"wd": "act up"}, {"wd": "malfunction"}], [{"wd": "jam"}]], "ant_list": [[{"wd": "start (up)"}]]}]], [["sense", {"sn": "5", "dt": [["text", "to yield to mental or emotional stress "], ["vis", [{"t": "began to {it}break down{/it} when he realized that he was on the verge of bankruptcy"}]]], "syn_list": [[{"wd": "break up"}, {"wd": "crack"}, {"wd": "flip (out)", "wsls": ["slang"]}, {"wd": "freak (out)"}, {"wd": "melt down"}, {"wd": "wig (out)", "wsls": ["slang"]}]], "rel_list": [[{"wd": "choke"}]], "phrase_list": [[{"wd": "blow one's cool"}, {"wd": "fall apart"}, {"wd": "go off the deep end"}, {"wd": "go to pieces"}, {"wd": "lose it"}]]}]], [["sense", {"sn": "6", "dt": [["text", "to take apart "], ["vis", [{"t": "the crew was {it}breaking down{/it} the party tent when we arrived"}]]], "syn_list": [[{"wd": "demount"}, {"wd": "disassemble"}, {"wd": "dismantle"}, {"wd": "dismember"}, {"wd": "dismount"}, {"wd": "knock down"}, {"wd": "strike"}, {"wd": "take down"}]], "rel_list": [[{"wd": "detach"}, {"wd": "disengage"}], [{"wd": "break up"}, {"wd": "disaggregate"}, {"wd": "disarticulate"}, {"wd": "disconnect"}, {"wd": "disjoin"}, {"wd": "disjoint"}, {"wd": "dissever"}, {"wd": "disunite"}, {"wd": "divide"}, {"wd": "separate"}]], "near_list": [[{"wd": "build"}, {"wd": "erect"}, {"wd": "pitch"}], [{"wd": "combine"}, {"wd": "unite"}]], "ant_list": [[{"wd": "assemble"}, {"wd": "construct"}]]}]], [["sense", {"sn": "7", "dt": [["text", "to cause to break with violence and much noise "], ["vis", [{"t": "firefighters had to {it}break down{/it} the wall to rescue the kitten"}]]], "syn_list": [[{"wd": "crash"}, {"wd": "shatter"}, {"wd": "smash"}]], "rel_list": [[{"wd": "bust"}, {"wd": "fracture"}, {"wd": "fragment"}], [{"wd": "annihilate"}, {"wd": "bash"}, {"wd": "decimate"}, {"wd": "demolish"}, {"wd": "desolate"}, {"wd": "destroy"}, {"wd": "devastate"}, {"wd": "nuke"}, {"wd": "pulverize"}, {"wd": "ruin"}, {"wd": "tear down"}, {"wd": "total"}, {"wd": "vaporize"}, {"wd": "waste"}, {"wd": "wrack"}, {"wd": "wreck"}], [{"wd": "shiver"}, {"wd": "splinter"}, {"wd": "split"}], [{"wd": "crack"}, {"wd": "crunch"}, {"wd": "crush"}, {"wd": "snap"}]]}]]]}], "shortdef": ["to arrange or assign according to type", "to go through decomposition", "to identify and examine the basic elements or parts of (something) especially for discovering interrelationships"]}, {"meta": {"id": "break in", "uuid": "978a3acc-9198-481d-8cfc-3fa4e53e874c", "src": "coll_thes", "section": "alpha", "target": {"tuuid": "401f3ca5-bef4-41f8-8871-49234423fe01", "tsrc": "collegiate"}, "stems": ["break in", "breaking in", "breaks in", "broke in", "broken in"], "syns": [["burglarize", "burgle"], ["chime in", "chip in", "cut in", "interpose", "interrupt", "intrude"]], "ants": [], "offensive": false}, "hwi": {"hw": "break in"}, "fl": "verb", "def": [{"sseq": [[["sense", {"sn": "1", "dt": [["text", "to enter a house or building by force usually with illegal intent "], ["vis", [{"t": "the burglars {it}broke in{/it} by smashing a window"}]]], "syn_list": [[{"wd": "burglarize"}, {"wd": "burgle"}]], "rel_list": [[{"wd": "invade"}, {"wd": "trespass"}], [{"wd": "hold up"}, {"wd": "loot"}, {"wd": "plunder"}, {"wd": "rip off"}, {"wd": "rob"}, {"wd": "stick up"}], [{"wd": "ransack"}, {"wd": "rifle"}], [{"wd": "despoil"}, {"wd": "devastate"}, {"wd": "maraud"}, {"wd": "pillage"}, {"wd": "ravage"}, {"wd": "sack"}]]}]], [["sense", {"sn": "2", "dt": [["text", "to cause a disruption in a conversation or discussion "], ["vis", [{"t": "he rudely {it}broke in{/it} to drop the names of several celebrities that he had met"}]]], "syn_list": [[{"wd": "chime in"}, {"wd": "chip in", "wsls": ["chiefly British"]}, {"wd": "cut in"}, {"wd": "interpose"}, {"wd": "interrupt"}, {"wd": "intrude"}]], "rel_list": [[{"wd": "barge (in)"}, {"wd": "bother"}, {"wd": "horn in"}], [{"wd": "add"}, {"wd": "contribute"}, {"wd": "put in"}]]}]]]}], "shortdef": ["to enter a house or building by force usually with illegal intent", "to cause a disruption in a conversation or discussion"]}, {"meta": {"id": "break off", "uuid": "52ffcef6-763e-43af-a7b8-cbb4dcdd03f9", "src": "coll_thes", "section": "alpha", "target": {"tuuid": "beb2deb8-4c61-44ed-968a-880dac576a0a", "tsrc": "collegiate"}, "stems": ["break off", "breaking off", "breaks off", "broke off", "broken off"], "syns": [["break", "break up", "can", "cease", "cut off", "cut out", "desist (from)", "discontinue", "drop", "end", "give over", "halt", "knock off", "lay off", "leave off", "pack (up or in)", "quit", "shut off", "stop"], ["break up", "cease", "close", "conclude", "dead-end", "determine", "die", "discontinue", "elapse", "end", "expire", "finish", "go", "halt", "lapse", "leave off", "let up", "pass", "quit", "stop", "terminate", "wind up", "wink (out)"]], "ants": [["continue", "hang on", "persist"]], "offensive": false}, "hwi": {"hw": "break off"}, "fl": "verb", "def": [{"sseq": [[["sense", {"sn": "1", "dt": [["text", "to bring (as an action or operation) to an immediate end "], ["vis", [{"t": "the judge {it}broke off{/it} court proceedings until after lunch"}]]], "syn_list": [[{"wd": "break"}, {"wd": "break up"}, {"wd": "can", "wsls": ["slang"]}, {"wd": "cease"}, {"wd": "cut off"}, {"wd": "cut out"}, {"wd": "desist (from)"}, {"wd": "discontinue"}, {"wd": "drop"}, {"wd": "end"}, {"wd": "give over"}, {"wd": "halt"}, {"wd": "knock off"}, {"wd": "lay off"}, {"wd": "leave off"}, {"wd": "pack (up or in)"}, {"wd": "quit"}, {"wd": "shut off"}, {"wd": "stop"}]], "rel_list": [[{"wd": "complete"}, {"wd": "conclude"}, {"wd": "finish"}], [{"wd": "close (down)"}], [{"wd": "deactivate"}], [{"wd": "block"}, {"wd": "blockade"}, {"wd": "dam"}, {"wd": "delay"}, {"wd": "detain"}, {"wd": "hinder"}, {"wd": "hold"}, {"wd": "hold back"}, {"wd": "impede"}, {"wd": "kibosh"}, {"wd": "obstruct"}, {"wd": "stem"}], [{"wd": "call"}, {"wd": "suspend"}], [{"wd": "arrest"}, {"wd": "brake"}, {"wd": "check"}, {"wd": "clamp down"}, {"wd": "rein (in)"}, {"wd": "squash"}, {"wd": "squelch"}, {"wd": "stamp"}, {"wd": "stanch", "wvrs": [{"wvl": "or", "wva": "staunch"}]}, {"wd": "stunt"}, {"wd": "suppress"}, {"wd": "turn back"}], [{"wd": "pause"}, {"wd": "stay"}, {"wd": "suspend"}], [{"wd": "abolish"}, {"wd": "abort"}, {"wd": "annul"}, {"wd": "demolish"}, {"wd": "destroy"}, {"wd": "dissolve"}, {"wd": "kill"}, {"wd": "ruin"}, {"wd": "scuttle"}, {"wd": "snuff"}]], "phrase_list": [[{"wd": "have done with"}, {"wd": "put the kibosh on"}]], "near_list": [[{"wd": "carry on"}, {"wd": "continue"}, {"wd": "follow through (with)"}, {"wd": "keep up"}, {"wd": "run on"}], [{"wd": "advance"}, {"wd": "proceed"}, {"wd": "progress"}], [{"wd": "actuate"}, {"wd": "drive"}, {"wd": "impel"}, {"wd": "propel"}, {"wd": "stir"}]]}]], [["sense", {"sn": "2", "dt": [["text", "to come to an end "], ["vis", [{"t": "talks between the two sides {it}broke off{/it} when one began making unreasonable demands"}]]], "syn_list": [[{"wd": "break up"}, {"wd": "cease"}, {"wd": "close"}, {"wd": "conclude"}, {"wd": "dead-end"}, {"wd": "determine"}, {"wd": "die"}, {"wd": "discontinue"}, {"wd": "elapse"}, {"wd": "end"}, {"wd": "expire"}, {"wd": "finish"}, {"wd": "go"}, {"wd": "halt"}, {"wd": "lapse"}, {"wd": "leave off"}, {"wd": "let up"}, {"wd": "pass"}, {"wd": "quit"}, {"wd": "stop"}, {"wd": "terminate"}, {"wd": "wind up"}, {"wd": "wink (out)"}]], "rel_list": [[{"wd": "desist (from)"}, {"wd": "lay off (of)"}, {"wd": "refrain (from)"}], [{"wd": "give over", "wsls": ["British"]}, {"wd": "knock off"}, {"wd": "pack (up or in)"}], [{"wd": "break down"}, {"wd": "conk (out)"}, {"wd": "cut out"}, {"wd": "stall"}], [{"wd": "pause"}, {"wd": "stay"}, {"wd": "suspend"}], [{"wd": "abate"}, {"wd": "peter (out)"}, {"wd": "wind down"}]], "phrase_list": [[{"wd": "bite the dust"}]], "near_list": [[{"wd": "draw out"}, {"wd": "extend"}, {"wd": "prolong"}, {"wd": "protract"}]], "ant_list": [[{"wd": "continue"}, {"wd": "hang on"}, {"wd": "persist"}]]}]]]}], "shortdef": ["to bring (as an action or operation) to an immediate end", "to come to an end"]}, {"meta": {"id": "break off (with)", "uuid": "a530b8e2-126d-4ffa-a922-02b28fabcf8f", "src": "coll_thes", "section": "alpha", "stems": ["break off (with)", "break off", "break off with", "breaking off", "breaks off", "broke off", "broken off"], "syns": [["blow off", "ditch", "dump", "jilt", "kiss off", "leave"]], "ants": [], "offensive": false}, "hwi": {"hw": "break off (with)"}, "fl": "verb", "def": [{"sseq": [[["sense", {"dt": [["text", "to end a usually intimate relationship with "], ["vis", [{"t": "sincerely wants to {it}break off with{/it} him without hurting his feelings"}]]], "syn_list": [[{"wd": "blow off"}, {"wd": "ditch"}, {"wd": "dump"}, {"wd": "jilt"}, {"wd": "kiss off"}, {"wd": "leave"}]], "rel_list": [[{"wd": "brush (aside or off)"}, {"wd": "cold-shoulder"}, {"wd": "cut"}, {"wd": "high-hat"}, {"wd": "slight"}, {"wd": "snub"}], [{"wd": "abandon"}, {"wd": "desert"}, {"wd": "forsake"}, {"wd": "maroon"}, {"wd": "quit"}]], "phrase_list": [[{"wd": "kiss good-bye"}]], "near_list": [[{"wd": "hook up (with)"}, {"wd": "take"}], [{"wd": "befriend"}, {"wd": "latch (on or onto)"}]]}]]]}], "shortdef": ["to end a usually intimate relationship with"]}, {"meta": {"id": "break out", "uuid": "555972f2-b134-4573-bed9-fee2ff19fb96", "src": "coll_thes", "section": "alpha", "target": {"tuuid": "305a299e-9b0f-4f7d-a028-b5c1c0004245", "tsrc": "collegiate"}, "stems": ["break out", "breaking out", "breaks out", "broke out", "broken out"], "syns": [["blaze (up)", "burst (forth)", "erupt", "explode", "flame", "flare (up)"]], "ants": [], "offensive": false}, "hwi": {"hw": "break out"}, "fl": "verb", "def": [{"sseq": [[["sense", {"dt": [["text", "to develop suddenly and violently "], ["vis", [{"t": "in the wake of news reports of deaths from the flu, panic {it}broke out{/it}, and there was a mad rush for flu shots"}]]], "syn_list": [[{"wd": "blaze (up)"}, {"wd": "burst (forth)"}, {"wd": "erupt"}, {"wd": "explode"}, {"wd": "flame"}, {"wd": "flare (up)"}]], "rel_list": [[{"wd": "rocket"}, {"wd": "skyrocket"}], [{"wd": "balloon"}, {"wd": "burgeon", "wvrs": [{"wvl": "also", "wva": "bourgeon"}]}, {"wd": "mount"}, {"wd": "multiply"}, {"wd": "mushroom"}, {"wd": "proliferate"}, {"wd": "snowball"}, {"wd": "swell"}, {"wd": "wax"}], [{"wd": "blow up"}, {"wd": "detonate"}, {"wd": "touch off"}]]}]]]}], "shortdef": ["to develop suddenly and violently"]}, {"meta": {"id": "break out (of)", "uuid": "b5aba9f4-e82e-4aed-ab44-8694d14cc31f", "src": "coll_thes", "section": "alpha", "stems": ["break out (of)", "break out", "break out of", "breaking out", "breaks out", "broke out", "broken out"], "syns": [["abscond", "clear out", "escape", "flee", "fly", "get out", "lam", "run away", "run off"]], "ants": [], "offensive": false}, "hwi": {"hw": "break out (of)"}, "fl": "verb", "def": [{"sseq": [[["sense", {"dt": [["text", "to get free from a dangerous or confining situation "], ["vis", [{"t": "at last she decided to {it}break out of{/it} her suffocating marriage"}]]], "syn_list": [[{"wd": "abscond"}, {"wd": "clear out"}, {"wd": "escape"}, {"wd": "flee"}, {"wd": "fly"}, {"wd": "get out"}, {"wd": "lam"}, {"wd": "run away"}, {"wd": "run off"}]], "rel_list": [[{"wd": "avoid"}, {"wd": "elude"}, {"wd": "evade"}, {"wd": "lose"}, {"wd": "shun"}], [{"wd": "decamp"}, {"wd": "depart"}, {"wd": "elope"}, {"wd": "exit"}, {"wd": "go"}, {"wd": "leave"}, {"wd": "move"}, {"wd": "pull out"}, {"wd": "quit"}, {"wd": "sally (forth)"}, {"wd": "shove (off)"}, {"wd": "take off"}, {"wd": "walk out"}], [{"wd": "disentangle"}, {"wd": "extricate"}], [{"wd": "bring off"}, {"wd": "emancipate"}, {"wd": "enfranchise"}, {"wd": "free"}, {"wd": "liberate"}, {"wd": "loose"}, {"wd": "loosen"}, {"wd": "manumit"}, {"wd": "redeem"}, {"wd": "release"}, {"wd": "rescue"}, {"wd": "spring"}, {"wd": "unbind"}, {"wd": "uncage"}, {"wd": "unchain"}, {"wd": "unfetter"}]], "phrase_list": [[{"wd": "break free"}]], "near_list": [[{"wd": "abide"}, {"wd": "dwell"}, {"wd": "hang around"}, {"wd": "linger"}, {"wd": "remain"}, {"wd": "stay"}, {"wd": "stick around"}, {"wd": "tarry"}], [{"wd": "come back"}, {"wd": "return"}]]}]]]}], "shortdef": ["to get free from a dangerous or confining situation"]}, {"meta": {"id": "break up", "uuid": "ca5775ea-5375-4f4a-88c5-5e90c739a45a", "src": "coll_thes", "section": "alpha", "target": {"tuuid": "e5c79254-83ef-4d01-bfba-61f48fa98c9d", "tsrc": "collegiate"}, "stems": ["break up", "breaking up", "breaks up", "broke up", "broken up"], "syns": [["disband", "disperse", "dissolve"], ["break off", "cease", "close", "conclude", "dead-end", "determine", "die", "discontinue", "elapse", "end", "expire", "finish", "go", "halt", "lapse", "leave off", "let up", "pass", "quit", "stop", "terminate", "wind up", "wink (out)"], ["decouple", "disassociate", "disconnect", "disjoin", "disjoint", "dissever", "dissociate", "disunite", "divide", "divorce", "part", "ramify", "resolve", "separate", "sever", "split", "sunder", "uncouple", "unlink", "unyoke"], ["break down", "crack", "flip (out)", "freak (out)", "melt down", "wig (out)"], ["break", "break off", "can", "cease", "cut off", "cut out", "desist (from)", "discontinue", "drop", "end", "give over", "halt", "knock off", "lay off", "leave off", "pack (up or in)", "quit", "shut off", "stop"], ["break", "bust", "disintegrate", "dismember", "disrupt", "fracture", "fragment", "rive"], ["cackle", "chortle", "chuckle", "crack up", "giggle", "hee-haw", "laugh", "roar", "scream", "snicker", "titter", "twitter"]], "ants": [["band", "join", "unite"], ["continue", "hang on", "persist"], ["join", "link", "unify", "unite"]], "offensive": false}, "hwi": {"hw": "break up"}, "fl": "verb", "def": [{"sseq": [[["sense", {"sn": "1", "dt": [["text", "to cease to exist or cause to cease to exist as a group or organization "], ["vis", [{"t": "the band {it}broke up{/it} when their arguments over money grew too stressful"}]]], "syn_list": [[{"wd": "disband"}, {"wd": "disperse"}, {"wd": "dissolve"}]], "rel_list": [[{"wd": "demobilize"}]], "near_list": [[{"wd": "incorporate"}], [{"wd": "consolidate"}], [{"wd": "hang together"}]], "ant_list": [[{"wd": "band"}, {"wd": "join"}, {"wd": "unite"}]]}]], [["sense", {"sn": "2", "dt": [["text", "to come to an end "], ["vis", [{"t": "the meeting {it}broke up{/it} when all the business for the day had been completed"}]]], "syn_list": [[{"wd": "break off"}, {"wd": "cease"}, {"wd": "close"}, {"wd": "conclude"}, {"wd": "dead-end"}, {"wd": "determine"}, {"wd": "die"}, {"wd": "discontinue"}, {"wd": "elapse"}, {"wd": "end"}, {"wd": "expire"}, {"wd": "finish"}, {"wd": "go"}, {"wd": "halt"}, {"wd": "lapse"}, {"wd": "leave off"}, {"wd": "let up"}, {"wd": "pass"}, {"wd": "quit"}, {"wd": "stop"}, {"wd": "terminate"}, {"wd": "wind up"}, {"wd": "wink (out)"}]], "rel_list": [[{"wd": "desist (from)"}, {"wd": "lay off (of)"}, {"wd": "refrain (from)"}], [{"wd": "give over", "wsls": ["British"]}, {"wd": "knock off"}, {"wd": "pack (up or in)"}], [{"wd": "break down"}, {"wd": "conk (out)"}, {"wd": "cut out"}, {"wd": "stall"}], [{"wd": "pause"}, {"wd": "stay"}, {"wd": "suspend"}], [{"wd": "abate"}, {"wd": "peter (out)"}, {"wd": "wind down"}]], "phrase_list": [[{"wd": "bite the dust"}]], "near_list": [[{"wd": "draw out"}, {"wd": "extend"}, {"wd": "prolong"}, {"wd": "protract"}]], "ant_list": [[{"wd": "continue"}, {"wd": "hang on"}, {"wd": "persist"}]]}]], [["sense", {"sn": "3", "dt": [["text", "to set or force apart "], ["vis", [{"t": "he {it}broke up{/it} the rocks in the old stone wall with a crowbar, sending them tumbling to the ground"}]]], "syn_list": [[{"wd": "decouple"}, {"wd": "disassociate"}, {"wd": "disconnect"}, {"wd": "disjoin"}, {"wd": "disjoint"}, {"wd": "dissever"}, {"wd": "dissociate"}, {"wd": "disunite"}, {"wd": "divide"}, {"wd": "divorce"}, {"wd": "part"}, {"wd": "ramify"}, {"wd": "resolve"}, {"wd": "separate"}, {"wd": "sever"}, {"wd": "split"}, {"wd": "sunder"}, {"wd": "uncouple"}, {"wd": "unlink"}, {"wd": "unyoke"}]], "rel_list": [[{"wd": "break down"}, {"wd": "decompose"}, {"wd": "disassemble"}, {"wd": "disintegrate"}, {"wd": "dissolve"}], [{"wd": "bifurcate"}, {"wd": "bisect"}, {"wd": "cleave"}, {"wd": "dichotomize"}, {"wd": "dissect"}, {"wd": "fractionalize"}, {"wd": "fractionate"}, {"wd": "halve"}, {"wd": "partition"}, {"wd": "quarter"}, {"wd": "segment"}, {"wd": "subdivide"}, {"wd": "trisect"}], [{"wd": "fragment"}, {"wd": "fragmentate"}, {"wd": "fragmentize"}], [{"wd": "break"}, {"wd": "fracture"}, {"wd": "pull"}, {"wd": "rend"}, {"wd": "rift"}, {"wd": "rip"}, {"wd": "rive"}, {"wd": "rupture"}, {"wd": "tear"}], [{"wd": "cut off"}, {"wd": "insulate"}, {"wd": "isolate"}, {"wd": "seclude"}, {"wd": "segregate"}, {"wd": "sequester"}], [{"wd": "detach"}, {"wd": "disengage"}, {"wd": "disentangle"}, {"wd": "unravel"}, {"wd": "untie"}]], "near_list": [[{"wd": "assemble"}, {"wd": "associate"}, {"wd": "blend"}, {"wd": "combine"}, {"wd": "mingle"}, {"wd": "mix"}], [{"wd": "connect"}, {"wd": "couple"}], [{"wd": "accumulate"}, {"wd": "agglutinate"}, {"wd": "attach"}, {"wd": "bind"}, {"wd": "cement"}, {"wd": "close"}, {"wd": "fasten"}, {"wd": "fuse"}, {"wd": "knit"}, {"wd": "stick"}, {"wd": "weld"}]], "ant_list": [[{"wd": "join"}, {"wd": "link"}, {"wd": "unify"}, {"wd": "unite"}]]}]], [["sense", {"sn": "4", "dt": [["text", "to yield to mental or emotional stress "], ["vis", [{"t": "the sort of person who would be among the first to {it}break up{/it} in a prisoner of war camp"}]]], "syn_list": [[{"wd": "break down"}, {"wd": "crack"}, {"wd": "flip (out)", "wsls": ["slang"]}, {"wd": "freak (out)"}, {"wd": "melt down"}, {"wd": "wig (out)", "wsls": ["slang"]}]], "rel_list": [[{"wd": "choke"}]], "phrase_list": [[{"wd": "blow one's cool"}, {"wd": "fall apart"}, {"wd": "go off the deep end"}, {"wd": "go to pieces"}, {"wd": "lose it"}]]}]], [["sense", {"sn": "5", "dt": [["text", "to bring (as an action or operation) to an immediate end "], ["vis", [{"t": "police arrived at the scene and immediately {it}broke up{/it} the fracas"}]]], "syn_list": [[{"wd": "break"}, {"wd": "break off"}, {"wd": "can", "wsls": ["slang"]}, {"wd": "cease"}, {"wd": "cut off"}, {"wd": "cut out"}, {"wd": "desist (from)"}, {"wd": "discontinue"}, {"wd": "drop"}, {"wd": "end"}, {"wd": "give over"}, {"wd": "halt"}, {"wd": "knock off"}, {"wd": "lay off"}, {"wd": "leave off"}, {"wd": "pack (up or in)"}, {"wd": "quit"}, {"wd": "shut off"}, {"wd": "stop"}]], "rel_list": [[{"wd": "complete"}, {"wd": "conclude"}, {"wd": "finish"}], [{"wd": "close (down)"}], [{"wd": "deactivate"}], [{"wd": "block"}, {"wd": "blockade"}, {"wd": "dam"}, {"wd": "delay"}, {"wd": "detain"}, {"wd": "hinder"}, {"wd": "hold"}, {"wd": "hold back"}, {"wd": "impede"}, {"wd": "kibosh"}, {"wd": "obstruct"}, {"wd": "stem"}], [{"wd": "call"}, {"wd": "suspend"}], [{"wd": "arrest"}, {"wd": "brake"}, {"wd": "check"}, {"wd": "clamp down"}, {"wd": "rein (in)"}, {"wd": "squash"}, {"wd": "squelch"}, {"wd": "stamp"}, {"wd": "stanch", "wvrs": [{"wvl": "or", "wva": "staunch"}]}, {"wd": "stunt"}, {"wd": "suppress"}, {"wd": "turn back"}], [{"wd": "pause"}, {"wd": "stay"}, {"wd": "suspend"}], [{"wd": "abolish"}, {"wd": "abort"}, {"wd": "annul"}, {"wd": "demolish"}, {"wd": "destroy"}, {"wd": "dissolve"}, {"wd": "kill"}, {"wd": "ruin"}, {"wd": "scuttle"}, {"wd": "snuff"}]], "phrase_list": [[{"wd": "have done with"}, {"wd": "put the kibosh on"}]], "near_list": [[{"wd": "carry on"}, {"wd": "continue"}, {"wd": "follow through (with)"}, {"wd": "keep up"}, {"wd": "run on"}], [{"wd": "advance"}, {"wd": "proceed"}, {"wd": "progress"}], [{"wd": "actuate"}, {"wd": "drive"}, {"wd": "impel"}, {"wd": "propel"}, {"wd": "stir"}]]}]], [["sense", {"sn": "6", "dt": [["text", "to cause to separate into pieces usually suddenly or forcibly "], ["vis", [{"t": "{it}break up{/it} the feta cheese and spread it over the salad"}]]], "syn_list": [[{"wd": "break"}, {"wd": "bust"}, {"wd": "disintegrate"}, {"wd": "dismember"}, {"wd": "disrupt"}, {"wd": "fracture"}, {"wd": "fragment"}, {"wd": "rive"}]], "rel_list": [[{"wd": "atomize"}, {"wd": "crush"}, {"wd": "grind"}, {"wd": "powder"}, {"wd": "pulverize"}, {"wd": "reduce"}], [{"wd": "blast"}, {"wd": "blow up"}, {"wd": "burst"}, {"wd": "detonate"}, {"wd": "explode"}], [{"wd": "crack"}, {"wd": "pop"}, {"wd": "shatter"}, {"wd": "shiver"}, {"wd": "smash"}], [{"wd": "chip"}, {"wd": "sliver"}, {"wd": "splinter"}, {"wd": "split"}], [{"wd": "implode"}], [{"wd": "destroy"}, {"wd": "ruin"}, {"wd": "wreck"}]], "near_list": [[{"wd": "doctor"}, {"wd": "fix"}, {"wd": "heal"}, {"wd": "mend"}, {"wd": "patch"}, {"wd": "rebuild"}, {"wd": "recondition"}, {"wd": "reconstruct"}, {"wd": "renovate"}, {"wd": "repair"}]]}]], [["sense", {"sn": "7", "dt": [["text", "to show mirth with an explosive vocal sound "], ["vis", [{"t": "if you {it}break up{/it} during the skit, the audience will know that you're in on the joke"}]]], "syn_list": [[{"wd": "cackle"}, {"wd": "chortle"}, {"wd": "chuckle"}, {"wd": "crack up"}, {"wd": "giggle"}, {"wd": "hee-haw"}, {"wd": "laugh"}, {"wd": "roar"}, {"wd": "scream"}, {"wd": "snicker"}, {"wd": "titter"}, {"wd": "twitter"}]], "rel_list": [[{"wd": "grin"}, {"wd": "smile"}]], "phrase_list": [[{"wd": "split one's sides"}]], "near_list": [[{"wd": "bawl"}, {"wd": "blubber"}, {"wd": "cry"}, {"wd": "sob"}, {"wd": "weep"}], [{"wd": "howl"}, {"wd": "squall"}, {"wd": "wail"}, {"wd": "yowl"}], [{"wd": "bleat"}, {"wd": "pule"}, {"wd": "whimper"}, {"wd": "whine"}], [{"wd": "sniffle"}, {"wd": "snivel"}], [{"wd": "groan"}, {"wd": "moan"}, {"wd": "sigh"}]]}]]]}], "shortdef": ["to cease to exist or cause to cease to exist as a group or organization", "to come to an end", "to set or force apart"]}]