[{"meta": {"id": "bring in", "uuid": "2c10c1b2-808d-4742-b3e8-3d97ce541460", "sort": "020424400", "src": "collegiate", "section": "alpha", "stems": ["bring in", "bringing in", "brings in", "brought in"], "offensive": false}, "hwi": {"hw": "bring in"}, "fl": "verb", "ins": [{"if": "brought in"}, {"if": "bring*ing in"}, {"if": "brings in"}], "def": [{"vd": "transitive verb", "sseq": [[["sense", {"sn": "1", "dt": [["text", "{bc}{sx|include||}, {sx|introduce||}"]]}]], [["sense", {"sn": "2", "dt": [["text", "{bc}to produce as profit or return "], ["vis", [{"t": "each sale {it}brought in{/it} $5"}]]]}]], [["sense", {"sn": "3", "dt": [["text", "{bc}to enable (a base runner) to reach home plate by hitting the ball"]]}]], [["sense", {"sn": "4", "dt": [["text", "{bc}to report to a court "], ["vis", [{"t": "the jury {it}brought in{/it} a verdict"}]]]}]], [["sense", {"sn": "5 a", "dt": [["text", "{bc}to cause (something, such as an oil well) to be productive"]]}], ["sense", {"sn": "b", "dt": [["text", "{bc}to win tricks with the cards of (a long suit) in bridge"]]}]], [["sense", {"sn": "6", "dt": [["text", "{bc}{sx|earn||} "], ["vis", [{"t": "{it}brings in{/it} a good salary"}]]]}]]]}], "date": "14th century{ds||1||}", "shortdef": ["include, introduce", "to produce as profit or return", "to enable (a base runner) to reach home plate by hitting the ball"]}, {"meta": {"id": "bring out the best in", "uuid": "d3ac19fa-197a-4a83-9e2b-cd62b8f8d91a", "sort": "3002384000", "src": "ld", "section": "idioms", "stems": ["bring out the best in"], "offensive": false}, "hwi": {"hw": "bring out the best in"}, "fl": "idiom", "def": [{"sseq": [[["sense", {"dt": [["uns", [[["text", "used to say that a person or thing helps one to use or show one's best qualities. "], ["vis", [{"t": "She seems to {it}bring out the best in{/it} him."}, {"t": "Performing in front of an audience {it}brings out the best in{/it} me."}]]]]]]}]]]}], "shortdef": ["\u2014used to say that a person or thing helps one to use or show one's best qualities."]}, {"meta": {"id": "bring out the worst in", "uuid": "af19511a-d18f-4fc0-8104-d577d05e3311", "sort": "3002385000", "src": "ld", "section": "idioms", "stems": ["bring out the worst in"], "offensive": false}, "hwi": {"hw": "bring out the worst in"}, "fl": "idiom", "def": [{"sseq": [[["sense", {"dt": [["text", "{bc}to cause someone to show his or her worst qualities "], ["vis", [{"t": "I think competition {it}brings out the worst in{/it} people."}, {"t": "Drinking {it}brings out the worst in{/it} him."}]]]}]]]}], "shortdef": ["to cause someone to show his or her worst qualities"]}]