[{"meta": {"id": "building", "uuid": "be9ad0b3-6fc4-4633-9596-a2773524718a", "src": "coll_thes", "section": "alpha", "target": {"tuuid": "0bc90cc7-853c-413e-a0c6-85fedfb02990", "tsrc": "collegiate"}, "stems": ["building", "buildings"], "syns": [["edifice", "structure"]], "ants": [], "offensive": false}, "hwi": {"hw": "building"}, "fl": "noun", "def": [{"sseq": [[["sense", {"dt": [["text", "something built as a dwelling, shelter, or place for human activity "], ["vis", [{"t": "English class will be in that big stone {it}building{/it} over there"}]]], "syn_list": [[{"wd": "edifice"}, {"wd": "structure"}]], "rel_list": [[{"wd": "construction"}, {"wd": "erection"}], [{"wd": "bungalow"}, {"wd": "cabin"}, {"wd": "chalet"}, {"wd": "cottage"}, {"wd": "house"}, {"wd": "lodge"}, {"wd": "summerhouse"}], [{"wd": "hovel"}, {"wd": "hut"}, {"wd": "hutment"}, {"wd": "shack"}, {"wd": "shanty"}, {"wd": "shed"}], [{"wd": "castle"}, {"wd": "ch\u00e2teau"}, {"wd": "estate"}, {"wd": "hall"}, {"wd": "manor"}, {"wd": "mansion"}, {"wd": "palace"}, {"wd": "pile"}, {"wd": "villa"}], [{"wd": "skyscraper"}, {"wd": "tower"}]]}]]]}], "shortdef": ["something built as a dwelling, shelter, or place for human activity"]}, {"meta": {"id": "building", "uuid": "58ef290b-0c45-4def-aef0-ad6609c7b584", "src": "coll_thes", "section": "alpha", "stems": ["building"], "syns": [["assembling", "confecting", "constructing", "erecting", "fabricating", "making", "making up", "piecing", "putting up", "raising", "rearing", "setting up"]], "ants": [["demounting", "disassembling", "dismantling", "dismembering", "knocking down", "striking", "taking down", "tearing down"]], "offensive": false}, "hwi": {"hw": "building"}, "fl": "verb", "sls": ["present participle of {d_link|build|build}"], "def": [{"sseq": [[["sense", {"dt": [["text", "to form by putting together parts or materials "], ["vis", [{"t": "he spent hours {it}building{/it} a model airplane from a kit"}]]], "syn_list": [[{"wd": "assembling"}, {"wd": "confecting"}, {"wd": "constructing"}, {"wd": "erecting"}, {"wd": "fabricating"}, {"wd": "making"}, {"wd": "making up"}, {"wd": "piecing"}, {"wd": "putting up"}, {"wd": "raising"}, {"wd": "rearing"}, {"wd": "setting up"}]], "rel_list": [[{"wd": "carpentering"}, {"wd": "fashioning"}, {"wd": "forging"}, {"wd": "framing"}, {"wd": "hammering"}, {"wd": "handcrafting"}, {"wd": "manufacturing"}, {"wd": "molding"}, {"wd": "producing"}, {"wd": "shaping"}], [{"wd": "prefabricating"}], [{"wd": "beginning"}, {"wd": "coining"}, {"wd": "creating"}, {"wd": "generating"}, {"wd": "inaugurating"}, {"wd": "initiating"}, {"wd": "innovating"}, {"wd": "inventing"}, {"wd": "originating"}], [{"wd": "constituting"}, {"wd": "establishing"}, {"wd": "fathering"}, {"wd": "founding"}, {"wd": "instituting"}, {"wd": "organizing"}], [{"wd": "conceiving"}, {"wd": "concocting"}, {"wd": "contriving"}, {"wd": "cooking (up)"}, {"wd": "designing"}, {"wd": "devising"}, {"wd": "imagining"}, {"wd": "thinking (up)"}], [{"wd": "reassembling"}, {"wd": "rebuilding"}, {"wd": "reconstructing"}, {"wd": "redeveloping"}, {"wd": "reedifying", "wsls": ["British"]}, {"wd": "retrofitting"}], [{"wd": "jerry-building"}, {"wd": "rigging (up)"}, {"wd": "throwing up"}], [{"wd": "combining"}, {"wd": "uniting"}]], "phrase_list": [[{"wd": "putting together"}]], "near_list": [[{"wd": "demolishing"}, {"wd": "destroying"}, {"wd": "devastating"}, {"wd": "flattening"}, {"wd": "leveling", "wvrs": [{"wvl": "or", "wva": "levelling"}]}, {"wd": "pulling down"}, {"wd": "pulverizing"}, {"wd": "razing"}, {"wd": "ruinating"}, {"wd": "ruining"}, {"wd": "shattering"}, {"wd": "smashing"}, {"wd": "wrecking"}], [{"wd": "blowing up"}, {"wd": "exploding"}], [{"wd": "detaching"}, {"wd": "disengaging"}], [{"wd": "disconnecting"}, {"wd": "disjoining"}, {"wd": "disuniting"}, {"wd": "dividing"}, {"wd": "separating"}]], "ant_list": [[{"wd": "demounting"}, {"wd": "disassembling"}, {"wd": "dismantling"}, {"wd": "dismembering"}, {"wd": "knocking down"}, {"wd": "striking"}, {"wd": "taking down"}, {"wd": "tearing down"}]]}]]]}], "shortdef": ["to form by putting together parts or materials"]}, {"meta": {"id": "build", "uuid": "c690c19d-2b77-4f4b-84e4-c70127809be8", "src": "coll_thes", "section": "alpha", "target": {"tuuid": "76f733b9-a1cd-43e9-8391-67c4bb4ab08e", "tsrc": "collegiate"}, "stems": ["build", "building", "builds", "built"], "syns": [["assemble", "confect", "construct", "erect", "fabricate", "make", "make up", "piece", "put up", "raise", "rear", "set up"]], "ants": [["demount", "disassemble", "dismantle", "dismember", "knock down", "strike", "take down", "tear down"]], "offensive": false}, "hwi": {"hw": "build"}, "fl": "verb", "def": [{"sseq": [[["sense", {"dt": [["text", "to form by putting together parts or materials "], ["vis", [{"t": "he spent hours {it}building{/it} a model airplane from a kit"}]]], "syn_list": [[{"wd": "assemble"}, {"wd": "confect"}, {"wd": "construct"}, {"wd": "erect"}, {"wd": "fabricate"}, {"wd": "make"}, {"wd": "make up"}, {"wd": "piece"}, {"wd": "put up"}, {"wd": "raise"}, {"wd": "rear"}, {"wd": "set up"}]], "rel_list": [[{"wd": "carpenter"}, {"wd": "fashion"}, {"wd": "forge"}, {"wd": "frame"}, {"wd": "hammer"}, {"wd": "handcraft"}, {"wd": "manufacture"}, {"wd": "mold"}, {"wd": "produce"}, {"wd": "shape"}], [{"wd": "prefabricate"}], [{"wd": "begin"}, {"wd": "coin"}, {"wd": "create"}, {"wd": "generate"}, {"wd": "inaugurate"}, {"wd": "initiate"}, {"wd": "innovate"}, {"wd": "invent"}, {"wd": "originate"}], [{"wd": "constitute"}, {"wd": "establish"}, {"wd": "father"}, {"wd": "found"}, {"wd": "institute"}, {"wd": "organize"}], [{"wd": "conceive"}, {"wd": "concoct"}, {"wd": "contrive"}, {"wd": "cook (up)"}, {"wd": "design"}, {"wd": "devise"}, {"wd": "imagine"}, {"wd": "think (up)"}], [{"wd": "reassemble"}, {"wd": "rebuild"}, {"wd": "reconstruct"}, {"wd": "redevelop"}, {"wd": "reedify", "wsls": ["British"]}, {"wd": "retrofit"}], [{"wd": "jerry-build"}, {"wd": "rig (up)"}, {"wd": "throw up"}], [{"wd": "combine"}, {"wd": "unite"}]], "phrase_list": [[{"wd": "put together"}]], "near_list": [[{"wd": "demolish"}, {"wd": "destroy"}, {"wd": "devastate"}, {"wd": "flatten"}, {"wd": "level"}, {"wd": "pull down"}, {"wd": "pulverize"}, {"wd": "raze"}, {"wd": "ruin"}, {"wd": "ruinate"}, {"wd": "shatter"}, {"wd": "smash"}, {"wd": "wreck"}], [{"wd": "blow up"}, {"wd": "explode"}], [{"wd": "detach"}, {"wd": "disengage"}], [{"wd": "disconnect"}, {"wd": "disjoin"}, {"wd": "disunite"}, {"wd": "divide"}, {"wd": "separate"}]], "ant_list": [[{"wd": "demount"}, {"wd": "disassemble"}, {"wd": "dismantle"}, {"wd": "dismember"}, {"wd": "knock down"}, {"wd": "strike"}, {"wd": "take down"}, {"wd": "tear down"}]]}]]]}], "shortdef": ["to form by putting together parts or materials"]}, {"meta": {"id": "building block", "uuid": "42d5dd65-bdb3-401e-93f1-1ce1a45f2852", "src": "coll_thes", "section": "alpha", "target": {"tuuid": "57a44a52-37eb-40b9-848f-334f8300de27", "tsrc": "collegiate"}, "stems": ["building block", "building blocks"], "syns": [["component", "constituent", "element", "factor", "ingredient", "member"]], "ants": [["whole"]], "offensive": false}, "hwi": {"hw": "building block"}, "fl": "noun", "def": [{"sseq": [[["sense", {"dt": [["text", "one of the parts that make up a whole "], ["vis", [{"t": "historically the infantry division has been a basic {it}building block{/it} of armies"}]]], "syn_list": [[{"wd": "component"}, {"wd": "constituent"}, {"wd": "element"}, {"wd": "factor"}, {"wd": "ingredient"}, {"wd": "member"}]], "rel_list": [[{"wd": "basis"}, {"wd": "part and parcel"}], [{"wd": "detail"}, {"wd": "item"}, {"wd": "particular"}, {"wd": "point"}], [{"wd": "aspect"}, {"wd": "characteristic"}, {"wd": "facet"}, {"wd": "feature"}, {"wd": "trait"}], [{"wd": "division"}, {"wd": "fragment"}, {"wd": "particle"}, {"wd": "partition"}, {"wd": "piece"}, {"wd": "portion"}, {"wd": "section"}, {"wd": "sector"}, {"wd": "segment"}], [{"wd": "subcomponent"}]], "near_list": [[{"wd": "aggregate"}, {"wd": "composite"}, {"wd": "compound"}, {"wd": "mass"}], [{"wd": "entirety"}, {"wd": "sum"}, {"wd": "summation"}, {"wd": "total"}, {"wd": "totality"}], [{"wd": "admixture"}, {"wd": "amalgam"}, {"wd": "amalgamation"}, {"wd": "blend"}, {"wd": "combination"}, {"wd": "intermixture"}, {"wd": "mix"}, {"wd": "mixture"}]], "ant_list": [[{"wd": "whole"}]]}]]]}], "shortdef": ["one of the parts that make up a whole"]}, {"meta": {"id": "building blocks", "uuid": "672f2e12-74db-415f-9148-f83fbd3255b6", "src": "coll_thes", "section": "alpha", "stems": ["building blocks"], "syns": [["components", "constituents", "elements", "factors", "ingredients", "members"]], "ants": [["wholes"]], "offensive": false}, "hwi": {"hw": "building blocks"}, "fl": "noun", "sls": ["plural of {d_link|building block|building block}"], "def": [{"sseq": [[["sense", {"dt": [["text", "one of the parts that make up a whole "], ["vis", [{"t": "historically the infantry division has been a basic {it}building block{/it} of armies"}]]], "syn_list": [[{"wd": "components"}, {"wd": "constituents"}, {"wd": "elements"}, {"wd": "factors"}, {"wd": "ingredients"}, {"wd": "members"}]], "rel_list": [[{"wd": "bases"}, {"wd": "part and parcels"}], [{"wd": "details"}, {"wd": "items"}, {"wd": "particulars"}, {"wd": "points"}], [{"wd": "aspects"}, {"wd": "characteristics"}, {"wd": "facets"}, {"wd": "features"}, {"wd": "traits"}], [{"wd": "divisions"}, {"wd": "fragments"}, {"wd": "particles"}, {"wd": "partitions"}, {"wd": "pieces"}, {"wd": "portions"}, {"wd": "sections"}, {"wd": "sectors"}, {"wd": "segments"}], [{"wd": "subcomponents", "wvrs": [{"wvl": "or", "wva": "sub-components"}]}]], "near_list": [[{"wd": "aggregates"}, {"wd": "composites"}, {"wd": "compounds"}, {"wd": "masses"}], [{"wd": "entireties"}, {"wd": "summations"}, {"wd": "sums"}, {"wd": "totalities"}, {"wd": "totals"}], [{"wd": "admixtures"}, {"wd": "amalgamations"}, {"wd": "amalgams"}, {"wd": "blends"}, {"wd": "combinations"}, {"wd": "intermixtures"}, {"wd": "mixes"}, {"wd": "mixtures"}]], "ant_list": [[{"wd": "wholes"}]]}]]]}], "shortdef": ["one of the parts that make up a whole"]}, {"meta": {"id": "building up", "uuid": "a3e868e2-d622-4b59-9b82-e1c53633b238", "src": "coll_thes", "section": "alpha", "stems": ["building up"], "syns": [["accelerating", "accumulating", "appreciating", "ballooning", "booming", "burgeoning", "climbing", "enlarging", "escalating", "expanding", "gaining", "increasing", "mounting", "multiplying", "mushrooming", "proliferating", "rising", "rolling up", "snowballing", "spreading", "swelling", "waxing"], ["gaining", "gathering", "growing (in)", "picking up"], ["accreting", "accumulating", "amassing", "collecting", "concentrating", "conglomerating", "gathering", "massing", "piling (up)", "stacking (up)"], ["accelerating", "adding (to)", "aggrandizing", "amplifying", "augmenting", "boosting", "compounding", "enlarging", "escalating", "expanding", "extending", "hyping", "increasing", "multiplying", "pumping up", "raising", "stoking", "supersizing", "swelling", "upping"]], "ants": [["contracting", "decreasing", "diminishing", "dwindling", "lessening", "receding", "waning"], ["decreasing (in)", "losing"], ["abating", "decreasing", "de-escalating", "diminishing", "downsizing", "dwindling", "lessening", "lowering", "minifying", "reducing", "subtracting (from)"]], "offensive": false}, "hwi": {"hw": "building up"}, "fl": "verb", "sls": ["present participle of {d_link|build up|build up}"], "def": [{"sseq": [[["sense", {"sn": "1", "dt": [["text", "to become greater in extent, volume, amount, or number "], ["vis", [{"t": "static electricity {it}built up{/it} on the cat's fur"}]]], "syn_list": [[{"wd": "accelerating"}, {"wd": "accumulating"}, {"wd": "appreciating"}, {"wd": "ballooning"}, {"wd": "booming"}, {"wd": "burgeoning", "wvrs": [{"wvl": "also", "wva": "bourgeoning"}]}, {"wd": "climbing"}, {"wd": "enlarging"}, {"wd": "escalating"}, {"wd": "expanding"}, {"wd": "gaining"}, {"wd": "increasing"}, {"wd": "mounting"}, {"wd": "multiplying"}, {"wd": "mushrooming"}, {"wd": "proliferating"}, {"wd": "rising"}, {"wd": "rolling up"}, {"wd": "snowballing"}, {"wd": "spreading"}, {"wd": "swelling"}, {"wd": "waxing"}]], "rel_list": [[{"wd": "jumping"}, {"wd": "rocketing"}, {"wd": "skyrocketing"}, {"wd": "surging"}], [{"wd": "heightening"}, {"wd": "intensifying"}, {"wd": "redoubling"}], [{"wd": "blowing up"}, {"wd": "bulking"}, {"wd": "distending"}, {"wd": "inflating"}, {"wd": "puffing (up)"}], [{"wd": "crescendoing"}, {"wd": "cresting"}, {"wd": "peaking"}]], "ant_list": [[{"wd": "contracting"}, {"wd": "decreasing"}, {"wd": "diminishing"}, {"wd": "dwindling"}, {"wd": "lessening"}, {"wd": "receding"}, {"wd": "waning"}]]}]], [["sense", {"sn": "2", "dt": [["text", "to gradually increase in "], ["vis", [{"t": "the roller coaster {it}built up{/it} momentum"}]]], "syn_list": [[{"wd": "gaining"}, {"wd": "gathering"}, {"wd": "growing (in)"}, {"wd": "picking up"}]], "rel_list": [[{"wd": "doubling (in)"}, {"wd": "tripling (in)"}], [{"wd": "accruing"}, {"wd": "accumulating"}, {"wd": "amassing"}], [{"wd": "exciting"}, {"wd": "stimulating"}], [{"wd": "enhancing"}, {"wd": "enlarging"}, {"wd": "enriching"}, {"wd": "expanding"}, {"wd": "extending"}, {"wd": "maximizing"}], [{"wd": "boosting"}, {"wd": "elevating"}, {"wd": "jacking (up)"}, {"wd": "mounting"}, {"wd": "ramping (up)"}, {"wd": "stepping up"}]], "near_list": [[{"wd": "abating"}, {"wd": "declining (in)"}, {"wd": "diminishing (in)"}, {"wd": "dipping"}, {"wd": "dwindling"}, {"wd": "falling (in)"}, {"wd": "lessening"}, {"wd": "tapering"}, {"wd": "tapering off"}]], "ant_list": [[{"wd": "decreasing (in)"}, {"wd": "losing"}]]}]], [["sense", {"sn": "3", "dt": [["text", "to gradually form into a layer, pile, or mass "], ["vis", [{"t": "evidence that the toxic chemical {it}builds up{/it} in the bloodstream to unhealthy levels"}]]], "syn_list": [[{"wd": "accreting"}, {"wd": "accumulating"}, {"wd": "amassing"}, {"wd": "collecting"}, {"wd": "concentrating"}, {"wd": "conglomerating"}, {"wd": "gathering"}, {"wd": "massing"}, {"wd": "piling (up)"}, {"wd": "stacking (up)"}]], "rel_list": [[{"wd": "agglutinating"}, {"wd": "clumping"}, {"wd": "lumping"}], [{"wd": "banking"}, {"wd": "drifting"}, {"wd": "ridging"}]], "near_list": [[{"wd": "dispersing"}, {"wd": "dissipating"}, {"wd": "scattering"}]]}]], [["sense", {"sn": "4", "dt": [["text", "to make greater in size, amount, or number "], ["vis", [{"t": "he patiently {it}built up{/it} his coin collection over several decades"}, {"t": "the young stockbroker worked hard to {it}build up{/it} a clientele"}]]], "syn_list": [[{"wd": "accelerating"}, {"wd": "adding (to)"}, {"wd": "aggrandizing"}, {"wd": "amplifying"}, {"wd": "augmenting"}, {"wd": "boosting"}, {"wd": "compounding"}, {"wd": "enlarging"}, {"wd": "escalating"}, {"wd": "expanding"}, {"wd": "extending"}, {"wd": "hyping"}, {"wd": "increasing"}, {"wd": "multiplying"}, {"wd": "pumping up"}, {"wd": "raising"}, {"wd": "stoking"}, {"wd": "supersizing"}, {"wd": "swelling"}, {"wd": "upping"}]], "rel_list": [[{"wd": "booming"}, {"wd": "jumping"}, {"wd": "skyrocketing"}, {"wd": "spiking"}], [{"wd": "bumping (up)"}, {"wd": "ratcheting (up)", "wvbvrs": [{"wvbvl": "also", "wvbva": "racheting (up)"}]}], [{"wd": "blowing up"}, {"wd": "dilating"}, {"wd": "distending"}, {"wd": "inflating"}], [{"wd": "drawing out"}, {"wd": "elongating"}, {"wd": "fleshing (out)"}, {"wd": "lengthening"}, {"wd": "prolonging"}, {"wd": "protracting"}, {"wd": "stretching"}], [{"wd": "developing"}, {"wd": "enhancing"}, {"wd": "heightening"}, {"wd": "intensifying"}, {"wd": "magnifying"}], [{"wd": "complementing"}, {"wd": "supplementing"}], [{"wd": "beefing (up)"}, {"wd": "reinforcing", "wvrs": [{"wvl": "also", "wva": "reenforcing"}]}, {"wd": "strengthening"}], [{"wd": "maximizing"}], [{"wd": "accumulating"}, {"wd": "amassing"}, {"wd": "collecting"}], [{"wd": "following up"}, {"wd": "parlaying"}]], "near_list": [[{"wd": "abbreviating"}, {"wd": "abridging"}, {"wd": "curtailing"}, {"wd": "shortening"}], [{"wd": "compressing"}, {"wd": "condensing"}, {"wd": "constricting"}, {"wd": "contracting"}], [{"wd": "cutting back"}, {"wd": "retrenching"}]], "ant_list": [[{"wd": "abating"}, {"wd": "decreasing"}, {"wd": "de-escalating"}, {"wd": "diminishing"}, {"wd": "downsizing"}, {"wd": "dwindling"}, {"wd": "lessening"}, {"wd": "lowering"}, {"wd": "minifying"}, {"wd": "reducing"}, {"wd": "subtracting (from)"}]]}]]]}], "shortdef": ["to become greater in extent, volume, amount, or number", "to gradually increase in", "to gradually form into a layer, pile, or mass"]}, {"meta": {"id": "building a fire under", "uuid": "269a05e7-3f0b-461b-8742-a55ee02e58dc", "src": "CTenhance", "section": "phrases", "stems": ["building a fire under"], "syns": [["arousing", "encouraging", "exciting", "firing (up)", "impassioning", "inciting", "instigating", "moving", "piquing", "provoking", "revving (up)", "sparking", "stimulating", "stirring"]], "ants": [], "offensive": false}, "hwi": {"hw": "building a fire under"}, "fl": "phrase", "sls": ["present participle of {d_link|build a fire under|build a fire under}"], "def": [{"sseq": [[["sense", {"dt": [["text", "to rouse to strong feeling or action "], ["vis", [{"t": "He was a well-known self-help guru who could {it}build a fire under{/it} anyone to finally take those next steps."}]]], "syn_list": [[{"wd": "arousing"}, {"wd": "encouraging"}, {"wd": "exciting"}, {"wd": "firing (up)"}, {"wd": "impassioning"}, {"wd": "inciting"}, {"wd": "instigating"}, {"wd": "moving"}, {"wd": "piquing"}, {"wd": "provoking"}, {"wd": "revving (up)"}, {"wd": "sparking"}, {"wd": "stimulating"}, {"wd": "stirring"}]], "rel_list": [[{"wd": "fanning"}, {"wd": "igniting"}, {"wd": "inflaming", "wvrs": [{"wvl": "also", "wva": "enflaming"}]}, {"wd": "kindling"}, {"wd": "triggering"}], [{"wd": "activating"}, {"wd": "animating"}, {"wd": "driving"}, {"wd": "energizing"}, {"wd": "galvanizing"}, {"wd": "inducing"}, {"wd": "inspiring"}, {"wd": "keying (up)"}, {"wd": "motivating"}, {"wd": "motiving"}, {"wd": "pumping up"}, {"wd": "quickening"}, {"wd": "setting off"}, {"wd": "vitalizing"}], [{"wd": "abetting"}, {"wd": "fermenting"}, {"wd": "fomenting"}, {"wd": "raising"}, {"wd": "whipping (up)"}], [{"wd": "angering"}, {"wd": "enraging"}, {"wd": "maddening"}, {"wd": "upsetting"}], [{"wd": "jeering"}, {"wd": "taunting"}, {"wd": "teasing"}], [{"wd": "aggravating"}, {"wd": "annoying"}, {"wd": "bothering"}, {"wd": "exasperating"}, {"wd": "galling"}, {"wd": "getting"}, {"wd": "irritating"}, {"wd": "vexing"}]], "near_list": [[{"wd": "calming"}, {"wd": "soothing"}, {"wd": "subduing"}, {"wd": "tranquilizing", "wvrs": [{"wvl": "also", "wva": "tranquillizing"}]}], [{"wd": "appeasing"}, {"wd": "mollifying"}, {"wd": "pacifying"}, {"wd": "placating"}]]}]]]}], "shortdef": ["to rouse to strong feeling or action"]}, {"meta": {"id": "apartment building", "uuid": "2063ed36-e1b8-4b95-a9cb-fd76ce88683b", "src": "CTcompile", "section": "alpha", "stems": ["apartment building"], "syns": [["apartment house", "tenement house", "gallery", "wing", "bed-sitter", "cohousing", "condo", "condominium", "duplex", "duplex apartment", "efficiency", "efficiency apartment", "flatlet", "floor-through", "garden apartment", "granny flat", "maisonette", "penthouse", "railroad flat", "salon", "saloon", "studio", "studio apartment", "triplex", "walk-up", "apartment", "diggings", "digs", "flat", "lodgings", "suite", "tenement"]], "ants": [], "offensive": false}, "hwi": {"hw": "apartment building"}, "fl": "noun", "def": [{"sseq": [[["sense", {"dt": [["text", "as in {it}apartment house{/it}, {it}tenement house{/it}"]], "sim_list": [[{"wd": "apartment house"}, {"wd": "tenement house"}], [{"wd": "gallery"}, {"wd": "wing"}], [{"wd": "bed-sitter", "wvrs": [{"wvl": "also", "wva": "bedsit"}, {"wvl": "or", "wva": "bed-sitting-room"}], "wsls": ["British"]}, {"wd": "cohousing"}, {"wd": "condo"}, {"wd": "condominium"}, {"wd": "duplex"}, {"wd": "duplex apartment"}, {"wd": "efficiency"}, {"wd": "efficiency apartment"}, {"wd": "flatlet", "wsls": ["British"]}, {"wd": "floor-through"}, {"wd": "garden apartment"}, {"wd": "granny flat", "wsls": ["chiefly British"]}, {"wd": "maisonette"}, {"wd": "penthouse"}, {"wd": "railroad flat"}, {"wd": "salon"}, {"wd": "saloon", "wsls": ["chiefly British"]}, {"wd": "studio"}, {"wd": "studio apartment"}, {"wd": "triplex"}, {"wd": "walk-up"}], [{"wd": "apartment"}, {"wd": "diggings", "wsls": ["chiefly British"]}, {"wd": "digs"}, {"wd": "flat", "wsls": ["chiefly British"]}, {"wd": "lodgings"}, {"wd": "suite"}, {"wd": "tenement"}]]}]]]}], "shortdef": ["as in apartment house, tenement house"]}, {"meta": {"id": "jerry-building", "uuid": "43f664b9-01fb-4120-9744-c8efd775d72f", "src": "CTcompile", "section": "alpha", "stems": ["jerry-building"], "syns": [["rigging (up)", "throwing up", "reassembling", "rebuilding", "reconstructing", "redeveloping", "reedifying", "retrofitting", "combining", "uniting", "conceiving", "concocting", "contriving", "cooking (up)", "designing", "devising", "imagining", "thinking (up)", "constituting", "establishing", "fathering", "founding", "instituting", "organizing", "beginning", "coining", "creating", "generating", "inaugurating", "initiating", "innovating", "inventing", "originating", "prefabricating", "carpentering", "fashioning", "forging", "framing", "hammering", "handcrafting", "manufacturing", "molding", "producing", "shaping", "assembling", "building", "confecting", "constructing", "erecting", "fabricating", "making", "making up", "piecing", "putting up", "raising", "rearing", "setting up"]], "ants": [["demounting", "disassembling", "dismantling", "dismembering", "knocking down", "striking", "taking down", "tearing down", "demolishing", "destroying", "devastating", "flattening", "leveling", "pulling down", "pulverizing", "razing", "ruinating", "ruining", "shattering", "smashing", "wrecking", "blowing up", "exploding", "detaching", "disengaging", "disconnecting", "disjoining", "disuniting", "dividing", "separating"]], "offensive": false}, "hwi": {"hw": "jerry-building"}, "fl": "verb", "sls": ["present participle of {d_link|jerry-build|jerry-build}"], "def": [{"sseq": [[["sense", {"dt": [["text", "as in {it}throwing up{/it}, {it}rigging (up){/it}"]], "sim_list": [[{"wd": "rigging (up)"}, {"wd": "throwing up"}], [{"wd": "reassembling"}, {"wd": "rebuilding"}, {"wd": "reconstructing"}, {"wd": "redeveloping"}, {"wd": "reedifying", "wsls": ["British"]}, {"wd": "retrofitting"}], [{"wd": "combining"}, {"wd": "uniting"}], [{"wd": "conceiving"}, {"wd": "concocting"}, {"wd": "contriving"}, {"wd": "cooking (up)"}, {"wd": "designing"}, {"wd": "devising"}, {"wd": "imagining"}, {"wd": "thinking (up)"}], [{"wd": "constituting"}, {"wd": "establishing"}, {"wd": "fathering"}, {"wd": "founding"}, {"wd": "instituting"}, {"wd": "organizing"}], [{"wd": "beginning"}, {"wd": "coining"}, {"wd": "creating"}, {"wd": "generating"}, {"wd": "inaugurating"}, {"wd": "initiating"}, {"wd": "innovating"}, {"wd": "inventing"}, {"wd": "originating"}], [{"wd": "prefabricating"}], [{"wd": "carpentering"}, {"wd": "fashioning"}, {"wd": "forging"}, {"wd": "framing"}, {"wd": "hammering"}, {"wd": "handcrafting"}, {"wd": "manufacturing"}, {"wd": "molding"}, {"wd": "producing"}, {"wd": "shaping"}], [{"wd": "assembling"}, {"wd": "building"}, {"wd": "confecting"}, {"wd": "constructing"}, {"wd": "erecting"}, {"wd": "fabricating"}, {"wd": "making"}, {"wd": "making up"}, {"wd": "piecing"}, {"wd": "putting up"}, {"wd": "raising"}, {"wd": "rearing"}, {"wd": "setting up"}]], "opp_list": [[{"wd": "demounting"}, {"wd": "disassembling"}, {"wd": "dismantling"}, {"wd": "dismembering"}, {"wd": "knocking down"}, {"wd": "striking"}, {"wd": "taking down"}, {"wd": "tearing down"}], [{"wd": "demolishing"}, {"wd": "destroying"}, {"wd": "devastating"}, {"wd": "flattening"}, {"wd": "leveling", "wvrs": [{"wvl": "or", "wva": "levelling"}]}, {"wd": "pulling down"}, {"wd": "pulverizing"}, {"wd": "razing"}, {"wd": "ruinating"}, {"wd": "ruining"}, {"wd": "shattering"}, {"wd": "smashing"}, {"wd": "wrecking"}], [{"wd": "blowing up"}, {"wd": "exploding"}], [{"wd": "detaching"}, {"wd": "disengaging"}], [{"wd": "disconnecting"}, {"wd": "disjoining"}, {"wd": "disuniting"}, {"wd": "dividing"}, {"wd": "separating"}]]}]]]}], "shortdef": ["as in throwing up, rigging (up)"]}, {"meta": {"id": "build up", "uuid": "124f52dc-fb12-4b1a-b2da-66b6e9d05ab2", "src": "coll_thes", "section": "alpha", "target": {"tuuid": "2eac760a-6235-45a6-8e65-b97cdae96eda", "tsrc": "collegiate"}, "stems": ["build up", "builder-upper", "builder-uppers", "building up", "builds up", "built up"], "syns": [["accelerate", "accumulate", "appreciate", "balloon", "boom", "burgeon", "climb", "enlarge", "escalate", "expand", "gain", "increase", "mount", "multiply", "mushroom", "proliferate", "rise", "roll up", "snowball", "spread", "swell", "wax"], ["gain", "gather", "grow (in)", "pick up"], ["accrete", "accumulate", "amass", "collect", "concentrate", "conglomerate", "gather", "mass", "pile (up)", "stack (up)"], ["accelerate", "add (to)", "aggrandize", "amplify", "augment", "boost", "compound", "enlarge", "escalate", "expand", "extend", "hype", "increase", "multiply", "pump up", "raise", "stoke", "supersize", "swell", "up"]], "ants": [["contract", "decrease", "diminish", "dwindle", "lessen", "recede", "wane"], ["decrease (in)", "lose"], ["abate", "decrease", "de-escalate", "diminish", "downsize", "dwindle", "lessen", "lower", "minify", "reduce", "subtract (from)"]], "offensive": false}, "hwi": {"hw": "build up"}, "fl": "verb", "def": [{"sseq": [[["sense", {"sn": "1", "dt": [["text", "to become greater in extent, volume, amount, or number "], ["vis", [{"t": "static electricity {it}built up{/it} on the cat's fur"}]]], "syn_list": [[{"wd": "accelerate"}, {"wd": "accumulate"}, {"wd": "appreciate"}, {"wd": "balloon"}, {"wd": "boom"}, {"wd": "burgeon", "wvrs": [{"wvl": "also", "wva": "bourgeon"}]}, {"wd": "climb"}, {"wd": "enlarge"}, {"wd": "escalate"}, {"wd": "expand"}, {"wd": "gain"}, {"wd": "increase"}, {"wd": "mount"}, {"wd": "multiply"}, {"wd": "mushroom"}, {"wd": "proliferate"}, {"wd": "rise"}, {"wd": "roll up"}, {"wd": "snowball"}, {"wd": "spread"}, {"wd": "swell"}, {"wd": "wax"}]], "rel_list": [[{"wd": "jump"}, {"wd": "rocket"}, {"wd": "skyrocket"}, {"wd": "surge"}], [{"wd": "heighten"}, {"wd": "intensify"}, {"wd": "redouble"}], [{"wd": "blow up"}, {"wd": "bulk"}, {"wd": "distend"}, {"wd": "inflate"}, {"wd": "puff (up)"}], [{"wd": "crescendo"}, {"wd": "crest"}, {"wd": "peak"}]], "ant_list": [[{"wd": "contract"}, {"wd": "decrease"}, {"wd": "diminish"}, {"wd": "dwindle"}, {"wd": "lessen"}, {"wd": "recede"}, {"wd": "wane"}]]}]], [["sense", {"sn": "2", "dt": [["text", "to gradually increase in "], ["vis", [{"t": "the roller coaster {it}built up{/it} momentum"}]]], "syn_list": [[{"wd": "gain"}, {"wd": "gather"}, {"wd": "grow (in)"}, {"wd": "pick up"}]], "rel_list": [[{"wd": "double (in)"}, {"wd": "triple (in)"}], [{"wd": "accrue"}, {"wd": "accumulate"}, {"wd": "amass"}], [{"wd": "excite"}, {"wd": "stimulate"}], [{"wd": "enhance"}, {"wd": "enlarge"}, {"wd": "enrich"}, {"wd": "expand"}, {"wd": "extend"}, {"wd": "maximize"}], [{"wd": "boost"}, {"wd": "elevate"}, {"wd": "jack (up)"}, {"wd": "mount"}, {"wd": "ramp (up)"}, {"wd": "step up"}]], "near_list": [[{"wd": "abate"}, {"wd": "decline (in)"}, {"wd": "diminish (in)"}, {"wd": "dip"}, {"wd": "dwindle"}, {"wd": "fall (in)"}, {"wd": "lessen"}, {"wd": "taper"}, {"wd": "taper off"}]], "ant_list": [[{"wd": "decrease (in)"}, {"wd": "lose"}]]}]], [["sense", {"sn": "3", "dt": [["text", "to gradually form into a layer, pile, or mass "], ["vis", [{"t": "evidence that the toxic chemical {it}builds up{/it} in the bloodstream to unhealthy levels"}]]], "syn_list": [[{"wd": "accrete"}, {"wd": "accumulate"}, {"wd": "amass"}, {"wd": "collect"}, {"wd": "concentrate"}, {"wd": "conglomerate"}, {"wd": "gather"}, {"wd": "mass"}, {"wd": "pile (up)"}, {"wd": "stack (up)"}]], "rel_list": [[{"wd": "agglutinate"}, {"wd": "clump"}, {"wd": "lump"}], [{"wd": "bank"}, {"wd": "drift"}, {"wd": "ridge"}]], "near_list": [[{"wd": "disperse"}, {"wd": "dissipate"}, {"wd": "scatter"}]]}]], [["sense", {"sn": "4", "dt": [["text", "to make greater in size, amount, or number "], ["vis", [{"t": "he patiently {it}built up{/it} his coin collection over several decades"}, {"t": "the young stockbroker worked hard to {it}build up{/it} a clientele"}]]], "syn_list": [[{"wd": "accelerate"}, {"wd": "add (to)"}, {"wd": "aggrandize"}, {"wd": "amplify"}, {"wd": "augment"}, {"wd": "boost"}, {"wd": "compound"}, {"wd": "enlarge"}, {"wd": "escalate"}, {"wd": "expand"}, {"wd": "extend"}, {"wd": "hype"}, {"wd": "increase"}, {"wd": "multiply"}, {"wd": "pump up"}, {"wd": "raise"}, {"wd": "stoke"}, {"wd": "supersize"}, {"wd": "swell"}, {"wd": "up"}]], "rel_list": [[{"wd": "boom"}, {"wd": "jump"}, {"wd": "skyrocket"}, {"wd": "spike"}], [{"wd": "bump (up)"}, {"wd": "ratchet (up)", "wvbvrs": [{"wvbvl": "also", "wvbva": "rachet (up)"}]}], [{"wd": "blow up"}, {"wd": "dilate"}, {"wd": "distend"}, {"wd": "inflate"}], [{"wd": "draw out"}, {"wd": "elongate"}, {"wd": "flesh (out)"}, {"wd": "lengthen"}, {"wd": "prolong"}, {"wd": "protract"}, {"wd": "stretch"}], [{"wd": "develop"}, {"wd": "enhance"}, {"wd": "heighten"}, {"wd": "intensify"}, {"wd": "magnify"}], [{"wd": "complement"}, {"wd": "supplement"}], [{"wd": "beef (up)"}, {"wd": "reinforce", "wvrs": [{"wvl": "also", "wva": "reenforce"}]}, {"wd": "strengthen"}], [{"wd": "maximize"}], [{"wd": "accumulate"}, {"wd": "amass"}, {"wd": "collect"}], [{"wd": "follow up"}, {"wd": "parlay"}]], "near_list": [[{"wd": "abbreviate"}, {"wd": "abridge"}, {"wd": "curtail"}, {"wd": "shorten"}], [{"wd": "compress"}, {"wd": "condense"}, {"wd": "constrict"}, {"wd": "contract"}], [{"wd": "cut back"}, {"wd": "retrench"}]], "ant_list": [[{"wd": "abate"}, {"wd": "decrease"}, {"wd": "de-escalate"}, {"wd": "diminish"}, {"wd": "downsize"}, {"wd": "dwindle"}, {"wd": "lessen"}, {"wd": "lower"}, {"wd": "minify"}, {"wd": "reduce"}, {"wd": "subtract (from)"}]]}]]]}], "shortdef": ["to become greater in extent, volume, amount, or number", "to gradually increase in", "to gradually form into a layer, pile, or mass"]}]