[{"meta": {"id": "but", "uuid": "05d8265f-6c26-4d04-92aa-da365c6d5379", "src": "coll_thes", "section": "alpha", "target": {"tuuid": "4fd053eb-e363-46d4-bfeb-6adc7d0d1697", "tsrc": "collegiate"}, "stems": ["but"], "syns": [["apart from", "aside from", "bar", "barring", "beside", "besides", "except", "except for", "excluding", "exclusive of", "other than", "outside", "outside of", "save", "saving"]], "ants": [], "offensive": false}, "hwi": {"hw": "but"}, "fl": "preposition", "def": [{"sseq": [[["sense", {"dt": [["text", "not including "], ["vis", [{"t": "brought everything {it}but{/it} the kitchen table to the campground"}]]], "syn_list": [[{"wd": "apart from"}, {"wd": "aside from"}, {"wd": "bar"}, {"wd": "barring"}, {"wd": "beside"}, {"wd": "besides"}, {"wd": "except", "wvrs": [{"wvl": "also", "wva": "excepting"}]}, {"wd": "except for"}, {"wd": "excluding"}, {"wd": "exclusive of"}, {"wd": "other than"}, {"wd": "outside"}, {"wd": "outside of"}, {"wd": "save"}, {"wd": "saving"}]]}]]]}], "shortdef": ["not including"]}, {"meta": {"id": "but", "uuid": "806e1b46-c571-469f-8a50-b4cf5e22f289", "src": "coll_thes", "section": "alpha", "target": {"tuuid": "b37fc7f1-4716-4a5c-a66e-a3a541ac162c", "tsrc": "collegiate"}, "stems": ["but"], "syns": [["just", "merely", "only", "purely", "simply"]], "ants": [], "offensive": false}, "hwi": {"hw": "but"}, "fl": "adverb", "def": [{"sseq": [[["sense", {"dt": [["text", "nothing more than "], ["vis", [{"t": "she is {it}but{/it} a child and too young to understand such things"}]]], "syn_list": [[{"wd": "just"}, {"wd": "merely"}, {"wd": "only"}, {"wd": "purely"}, {"wd": "simply"}]]}]]]}], "shortdef": ["nothing more than"]}, {"meta": {"id": "but", "uuid": "9d521026-7cd5-477e-9d3e-92ac0f5ab083", "src": "coll_thes", "section": "alpha", "target": {"tuuid": "ad15616b-f6a7-49b6-8057-75c0166f521a", "tsrc": "collegiate"}, "stems": ["but", "but that", "but what"], "syns": [["except", "only", "saving", "yet"]], "ants": [], "offensive": false}, "hwi": {"hw": "but"}, "fl": "conjunction", "def": [{"sseq": [[["sense", {"dt": [["text", "if it were not for the fact that "], ["vis", [{"t": "I would have said something {it}but{/it} I was too chicken"}]]], "syn_list": [[{"wd": "except", "wvrs": [{"wvl": "also", "wva": "excepting"}]}, {"wd": "only"}, {"wd": "saving"}, {"wd": "yet"}]]}]]]}], "shortdef": ["if it were not for the fact that"]}, {"meta": {"id": "all but", "uuid": "5937d2e8-6163-434f-9415-e32aa500a2ce", "src": "coll_thes", "section": "alpha", "target": {"tuuid": "2a36b9c1-bff9-4772-99ab-307fdc5f8bd5", "tsrc": "collegiate"}, "stems": ["all but"], "syns": [["about", "almost", "borderline", "fair", "fairly", "feckly", "more or less", "most", "much", "near", "nearly", "next to", "nigh", "practically", "somewhere", "virtually", "well-nigh"]], "ants": [], "offensive": false}, "hwi": {"hw": "all but"}, "fl": "adverb", "def": [{"sseq": [[["sense", {"dt": [["text", "very close to but not completely "], ["vis", [{"t": "dinner is {it}all but{/it} on the table, so don't go anywhere"}]]], "syn_list": [[{"wd": "about"}, {"wd": "almost"}, {"wd": "borderline"}, {"wd": "fair", "wsls": ["chiefly British"]}, {"wd": "fairly"}, {"wd": "feckly", "wsls": ["chiefly Scottish"]}, {"wd": "more or less"}, {"wd": "most"}, {"wd": "much"}, {"wd": "near"}, {"wd": "nearly"}, {"wd": "next to"}, {"wd": "nigh"}, {"wd": "practically"}, {"wd": "somewhere"}, {"wd": "virtually"}, {"wd": "well-nigh"}]], "rel_list": [[{"wd": "appreciably"}, {"wd": "by and large"}, {"wd": "chiefly"}, {"wd": "largely"}, {"wd": "mainly"}, {"wd": "mostly"}], [{"wd": "kind of"}, {"wd": "partially"}, {"wd": "partly"}, {"wd": "somewhat"}]], "phrase_list": [[{"wd": "as good as"}, {"wd": "just about"}, {"wd": "pretty much"}, {"wd": "within an inch of"}]], "near_list": [[{"wd": "absolutely"}, {"wd": "altogether"}, {"wd": "completely"}, {"wd": "entirely"}, {"wd": "fully"}, {"wd": "plain"}, {"wd": "plumb", "wsls": ["chiefly dialect"]}, {"wd": "quite"}, {"wd": "thoroughly"}], [{"wd": "totally"}, {"wd": "utterly"}, {"wd": "well"}, {"wd": "wholly"}], [{"wd": "barely"}, {"wd": "hardly"}, {"wd": "scarcely"}]]}]]]}], "shortdef": ["very close to but not completely"]}]