[{"meta": {"id": "butt:1", "uuid": "a7b98480-b12e-4b6f-918a-c419fb74fff3", "src": "coll_thes", "section": "alpha", "target": {"tuuid": "f23fe99d-cc70-498d-818b-8aa209132b60", "tsrc": "collegiate"}, "stems": ["butt", "butts"], "syns": [["backside", "behind", "booty", "bottom", "breech", "bum", "buns", "buttocks", "caboose", "can", "cheeks", "derriere", "duff", "fanny", "fundament", "hams", "haunches", "heinie", "hunkers", "keister", "nates", "posterior", "rear", "rear end", "rump", "seat", "tail", "tail end", "tush"]], "ants": [], "offensive": false}, "hom": 1, "hwi": {"hw": "butt"}, "fl": "noun", "def": [{"sseq": [[["sense", {"dt": [["text", "the part of the body upon which someone sits "], ["vis", [{"t": "park your {it}butts{/it} in the seats and keep quiet, or I'm turning this car around"}]]], "syn_list": [[{"wd": "backside"}, {"wd": "behind"}, {"wd": "booty", "wvrs": [{"wvl": "also", "wva": "bootie"}], "wsls": ["slang"]}, {"wd": "bottom"}, {"wd": "breech"}, {"wd": "bum"}, {"wd": "buns"}, {"wd": "buttocks"}, {"wd": "caboose"}, {"wd": "can"}, {"wd": "cheeks"}, {"wd": "derriere", "wvrs": [{"wvl": "or", "wva": "derri\u00e8re"}]}, {"wd": "duff"}, {"wd": "fanny"}, {"wd": "fundament"}, {"wd": "hams"}, {"wd": "haunches"}, {"wd": "heinie", "wsls": ["slang"]}, {"wd": "hunkers"}, {"wd": "keister", "wvrs": [{"wvl": "also", "wva": "keester"}], "wsls": ["slang"]}, {"wd": "nates"}, {"wd": "posterior"}, {"wd": "rear"}, {"wd": "rear end"}, {"wd": "rump"}, {"wd": "seat"}, {"wd": "tail"}, {"wd": "tail end"}, {"wd": "tush", "wsls": ["slang"]}]], "rel_list": [[{"wd": "beam"}, {"wd": "stern"}], [{"wd": "moon", "wsls": ["slang"]}]]}]]]}], "shortdef": ["the part of the body upon which someone sits"]}, {"meta": {"id": "butt:2", "uuid": "8a7485a8-cf1c-49bf-b46c-4318789d363f", "src": "coll_thes", "section": "alpha", "target": {"tuuid": "f98c6796-c771-4401-8ce6-3b954f42fd2f", "tsrc": "collegiate"}, "stems": ["butt", "butts"], "syns": [["derision", "jest", "joke", "laughingstock", "mark", "mock", "mockery", "sport", "target"], ["mark", "prey", "sitting duck", "target", "victim"]], "ants": [], "offensive": false}, "hom": 2, "hwi": {"hw": "butt"}, "fl": "noun", "def": [{"sseq": [[["sense", {"sn": "1", "dt": [["text", "a person or thing that is made fun of "], ["vis", [{"t": "the social outcast got tired of being the {it}butt{/it} of everyone's jokes"}]]], "syn_list": [[{"wd": "derision"}, {"wd": "jest"}, {"wd": "joke"}, {"wd": "laughingstock"}, {"wd": "mark"}, {"wd": "mock"}, {"wd": "mockery"}, {"wd": "sport"}, {"wd": "target"}]], "rel_list": [[{"wd": "chump"}, {"wd": "dupe"}, {"wd": "fall guy"}, {"wd": "fool"}, {"wd": "gull"}, {"wd": "monkey"}, {"wd": "pigeon"}, {"wd": "sap"}, {"wd": "sucker"}, {"wd": "victim"}]], "near_list": [[{"wd": "darling"}, {"wd": "favorite"}, {"wd": "pet"}]]}]], [["sense", {"sn": "2", "dt": [["text", "a person or thing that is the object of abuse, criticism, or ridicule "], ["vis", [{"t": "usually the U.S. Congress is the {it}butt{/it} of the radio commentator's scathing wit"}]]], "syn_list": [[{"wd": "mark"}, {"wd": "prey"}, {"wd": "sitting duck"}, {"wd": "target"}, {"wd": "victim"}]], "rel_list": [[{"wd": "laughingstock"}, {"wd": "mockery"}, {"wd": "pilgarlic"}], [{"wd": "lightning rod"}], [{"wd": "fall guy"}, {"wd": "goat"}, {"wd": "scapegoat"}, {"wd": "whipping boy"}]], "near_list": [[{"wd": "gossip"}, {"wd": "gossiper"}, {"wd": "talebearer"}, {"wd": "tattler"}, {"wd": "tattletale"}, {"wd": "troublemaker"}], [{"wd": "defamer"}, {"wd": "libeler"}, {"wd": "libelist"}, {"wd": "traducer"}], [{"wd": "baiter"}, {"wd": "heckler"}, {"wd": "needler"}, {"wd": "ribber"}, {"wd": "taunter"}, {"wd": "tease"}, {"wd": "teaser"}, {"wd": "tormentor", "wvrs": [{"wvl": "also", "wva": "tormenter"}]}, {"wd": "torturer"}], [{"wd": "derider"}, {"wd": "insulter"}, {"wd": "mocker"}, {"wd": "ridiculer"}, {"wd": "scoffer"}, {"wd": "scorner"}], [{"wd": "caricaturist"}, {"wd": "lampooner"}, {"wd": "parodist"}, {"wd": "satirist"}]]}]]]}], "shortdef": ["a person or thing that is made fun of", "a person or thing that is the object of abuse, criticism, or ridicule"]}, {"meta": {"id": "butt:3", "uuid": "0757184a-e565-4fdf-8b43-104f5817b4a9", "src": "coll_thes", "section": "alpha", "target": {"tuuid": "cfe6b6fd-f528-4561-8c96-6d03822150ea", "tsrc": "collegiate"}, "stems": ["butt", "butts"], "syns": [["barrel", "cask", "firkin", "hogshead", "keg", "kilderkin", "pipe", "puncheon", "rundlet", "tun"]], "ants": [], "offensive": false}, "hom": 3, "hwi": {"hw": "butt"}, "fl": "noun", "def": [{"sseq": [[["sense", {"dt": [["text", "an enclosed wooden vessel for holding beverages "], ["vis", [{"t": "a {it}butt{/it} of hard cider that we had pressed ourselves"}]]], "syn_list": [[{"wd": "barrel"}, {"wd": "cask"}, {"wd": "firkin"}, {"wd": "hogshead"}, {"wd": "keg"}, {"wd": "kilderkin"}, {"wd": "pipe"}, {"wd": "puncheon"}, {"wd": "rundlet", "wvrs": [{"wvl": "or", "wva": "runlet"}]}, {"wd": "tun"}]], "rel_list": [[{"wd": "scuttlebutt"}], [{"wd": "cistern"}, {"wd": "tub"}, {"wd": "vat"}], [{"wd": "can"}, {"wd": "drum"}]]}]]]}], "shortdef": ["an enclosed wooden vessel for holding beverages"]}, {"meta": {"id": "butt", "uuid": "95f14967-ce65-404e-ab7e-dde02cabcef9", "src": "CTcompile", "section": "alpha", "stems": ["butt"], "syns": [["bump", "jab", "jostle", "kick", "knee", "poke", "prod", "push", "shove", "stamp", "bunt", "flick", "stroke", "tap", "bowl (down or over)", "cream", "deck", "dump", "fell", "floor", "knock down", "level", "scuff", "rabbit-punch", "sucker punch", "batter", "beat", "buffet", "bung", "chop", "cuff", "drub", "lace", "lambaste", "lick", "mangle", "maul", "pelt", "pepper", "pommel", "pummel", "rough", "cane", "club", "cudgel", "flail", "flog", "lash", "sap", "slash", "sledge", "sledgehammer", "spear", "stab", "switch", "thrash", "whip", "bang", "bash", "bat", "belt", "biff", "bludgeon", "bob", "bonk", "bop", "box", "bust", "clap", "clip", "clobber", "clock", "clout", "crack", "hammer", "hit", "knock", "nail", "paste", "pound", "punch", "rap", "slam", "slap", "slog", "slug", "smack", "smite", "sock", "strike", "swat", "swipe", "tag", "thump", "thwack", "wallop", "whack", "whale", "zap", "bean", "brain", "conk", "skull"]], "ants": [], "offensive": false}, "hwi": {"hw": "butt"}, "fl": "verb", "def": [{"sseq": [[["sense", {"dt": [["text", "as in {it}push{/it}, {it}kick{/it}"]], "sim_list": [[{"wd": "bump"}, {"wd": "jab"}, {"wd": "jostle"}, {"wd": "kick"}, {"wd": "knee"}, {"wd": "poke"}, {"wd": "prod"}, {"wd": "push"}, {"wd": "shove"}, {"wd": "stamp"}], [{"wd": "bunt"}, {"wd": "flick"}, {"wd": "stroke"}, {"wd": "tap"}], [{"wd": "bowl (down or over)"}, {"wd": "cream"}, {"wd": "deck"}, {"wd": "dump", "wsls": ["slang"]}, {"wd": "fell"}, {"wd": "floor"}, {"wd": "knock down"}, {"wd": "level"}], [{"wd": "scuff"}], [{"wd": "rabbit-punch"}, {"wd": "sucker punch"}], [{"wd": "batter"}, {"wd": "beat"}, {"wd": "buffet"}, {"wd": "bung"}, {"wd": "chop"}, {"wd": "cuff"}, {"wd": "drub"}, {"wd": "lace"}, {"wd": "lambaste", "wvrs": [{"wvl": "or", "wva": "lambast"}]}, {"wd": "lick"}, {"wd": "mangle"}, {"wd": "maul"}, {"wd": "pelt"}, {"wd": "pepper"}, {"wd": "pommel"}, {"wd": "pummel"}, {"wd": "rough"}], [{"wd": "cane"}, {"wd": "club"}, {"wd": "cudgel"}, {"wd": "flail"}, {"wd": "flog"}, {"wd": "lash"}, {"wd": "sap"}, {"wd": "slash"}, {"wd": "sledge"}, {"wd": "sledgehammer"}, {"wd": "spear"}, {"wd": "stab"}, {"wd": "switch"}, {"wd": "thrash"}, {"wd": "whip"}], [{"wd": "bang"}, {"wd": "bash"}, {"wd": "bat"}, {"wd": "belt"}, {"wd": "biff"}, {"wd": "bludgeon"}, {"wd": "bob"}, {"wd": "bonk"}, {"wd": "bop"}, {"wd": "box"}, {"wd": "bust"}, {"wd": "clap"}, {"wd": "clip"}, {"wd": "clobber"}, {"wd": "clock"}, {"wd": "clout"}, {"wd": "crack"}, {"wd": "hammer"}, {"wd": "hit"}, {"wd": "knock"}, {"wd": "nail"}, {"wd": "paste"}, {"wd": "pound"}, {"wd": "punch"}, {"wd": "rap"}, {"wd": "slam"}, {"wd": "slap"}, {"wd": "slog"}, {"wd": "slug"}, {"wd": "smack"}, {"wd": "smite"}, {"wd": "sock"}, {"wd": "strike"}, {"wd": "swat"}, {"wd": "swipe"}, {"wd": "tag"}, {"wd": "thump"}, {"wd": "thwack"}, {"wd": "wallop"}, {"wd": "whack"}, {"wd": "whale"}, {"wd": "zap"}], [{"wd": "bean"}, {"wd": "brain"}, {"wd": "conk"}, {"wd": "skull"}]]}]]]}], "shortdef": ["as in push, kick"]}, {"meta": {"id": "butt (on or against)", "uuid": "e87ca94a-373f-452d-859f-3f41e671aede", "src": "coll_thes", "section": "alpha", "target": {"tuuid": "ce6404a0-d3c8-48ec-9ac0-b200a3a947c0", "tsrc": "collegiate"}, "stems": ["butt (on or against)", "butt", "butt on", "butt against", "butted", "butting", "butts"], "syns": [["abut", "adjoin", "border (on)", "flank", "fringe", "join", "march (with)", "neighbor", "skirt", "touch", "verge (on)"]], "ants": [], "offensive": false}, "hwi": {"hw": "butt (on or against)"}, "fl": "verb", "def": [{"sseq": [[["sense", {"dt": [["text", "to be adjacent to "], ["vis", [{"t": "our property {it}butts on{/it} a swamp"}]]], "syn_list": [[{"wd": "abut"}, {"wd": "adjoin"}, {"wd": "border (on)"}, {"wd": "flank"}, {"wd": "fringe"}, {"wd": "join"}, {"wd": "march (with)"}, {"wd": "neighbor"}, {"wd": "skirt"}, {"wd": "touch"}, {"wd": "verge (on)"}]], "rel_list": [[{"wd": "attach (to)"}, {"wd": "communicate (with)"}, {"wd": "connect (with)"}, {"wd": "link (with)"}], [{"wd": "bound"}, {"wd": "embrace"}, {"wd": "encircle"}, {"wd": "enclose", "wvrs": [{"wvl": "also", "wva": "inclose"}]}, {"wd": "fence"}, {"wd": "line"}, {"wd": "margin"}, {"wd": "rim"}, {"wd": "surround"}], [{"wd": "contact"}, {"wd": "converge"}, {"wd": "meet"}]]}]]]}], "shortdef": ["to be adjacent to"]}, {"meta": {"id": "butt in", "uuid": "cf3952e6-0b05-4a1f-809b-ec0f469c8c9e", "src": "coll_thes", "section": "alpha", "target": {"tuuid": "3aeaead1-cfbf-449e-a13f-10c6010de767", "tsrc": "collegiate"}, "stems": ["butt in", "butted in", "butting in", "butts in"], "syns": [["interfere", "interlope", "intermeddle", "intrude", "meddle", "mess", "muck (about or around)", "nose", "obtrude", "poke", "pry", "snoop"]], "ants": [], "offensive": false}, "hwi": {"hw": "butt in"}, "fl": "verb", "def": [{"sseq": [[["sense", {"dt": [["text", "to interest oneself in what is not one's concern "], ["vis", [{"t": "stop {it}butting in{/it} on my personal life"}]]], "syn_list": [[{"wd": "interfere"}, {"wd": "interlope"}, {"wd": "intermeddle"}, {"wd": "intrude"}, {"wd": "meddle"}, {"wd": "mess"}, {"wd": "muck (about or around)"}, {"wd": "nose"}, {"wd": "obtrude"}, {"wd": "poke"}, {"wd": "pry"}, {"wd": "snoop"}]], "rel_list": [[{"wd": "intercede"}, {"wd": "interpose"}, {"wd": "intervene"}], [{"wd": "barge (in)"}, {"wd": "chisel (in)"}, {"wd": "encroach"}, {"wd": "infringe"}, {"wd": "invade"}, {"wd": "trespass"}], [{"wd": "fiddle"}, {"wd": "fool"}, {"wd": "monkey"}, {"wd": "play"}, {"wd": "tamper"}]], "near_list": [[{"wd": "avoid"}, {"wd": "eschew"}, {"wd": "shun"}], [{"wd": "disregard"}, {"wd": "ignore"}, {"wd": "neglect"}, {"wd": "overlook"}]]}]]]}], "shortdef": ["to interest oneself in what is not one's concern"]}, {"meta": {"id": "butt heads", "uuid": "e777217b-4f25-4db9-b255-5c104c1e92da", "src": "CTenhance", "section": "phrases", "stems": ["butt heads", "butting heads", "butted heads", "butts heads"], "syns": [["altercate", "argue", "argufy", "bicker", "brabble", "brawl", "controvert", "dispute", "fall out", "fight", "hassle", "jar", "quarrel", "quibble", "row", "scrap", "spat", "squabble", "tiff", "wrangle"]], "ants": [], "offensive": false}, "hwi": {"hw": "butt heads"}, "fl": "phrase", "def": [{"sseq": [[["sense", {"dt": [["text", "to express different opinions about something often angrily "], ["vis", [{"t": "Our boss tries not to schedule Rosie and Mark for the same shifts, since the two often {it}butt heads{/it}."}]]], "syn_list": [[{"wd": "altercate"}, {"wd": "argue"}, {"wd": "argufy"}, {"wd": "bicker"}, {"wd": "brabble"}, {"wd": "brawl"}, {"wd": "controvert"}, {"wd": "dispute"}, {"wd": "fall out"}, {"wd": "fight"}, {"wd": "hassle"}, {"wd": "jar"}, {"wd": "quarrel"}, {"wd": "quibble"}, {"wd": "row"}, {"wd": "scrap"}, {"wd": "spat"}, {"wd": "squabble"}, {"wd": "tiff"}, {"wd": "wrangle"}]], "rel_list": [[{"wd": "challenge"}, {"wd": "dare"}, {"wd": "defy"}], [{"wd": "clash"}, {"wd": "contend"}, {"wd": "contest"}, {"wd": "tangle"}], [{"wd": "cavil"}, {"wd": "fuss"}, {"wd": "nitpick"}], [{"wd": "consider"}, {"wd": "debate"}, {"wd": "discuss"}], [{"wd": "kick"}, {"wd": "object"}, {"wd": "protest"}]], "phrase_list": [[{"wd": "bandy words"}, {"wd": "lock horns"}, {"wd": "mix it up"}]], "near_list": [[{"wd": "coexist"}, {"wd": "get along"}], [{"wd": "accept"}, {"wd": "agree"}, {"wd": "assent"}, {"wd": "concur"}, {"wd": "consent"}]]}]]]}], "shortdef": ["to express different opinions about something often angrily"]}, {"meta": {"id": "kick butt", "uuid": "93dde54a-9f39-4b99-9318-7ca900f8698b", "src": "CTenhance", "section": "phrases", "stems": ["kick butt", "kicking butt", "kicked butt", "kicks butt"], "syns": [["conquer", "prevail", "triumph", "win"]], "ants": [["lose"]], "offensive": false}, "hwi": {"hw": "kick butt"}, "fl": "phrase", "def": [{"sseq": [[["sense", {"dt": [["text", "to achieve victory (as in a contest) "], ["vis", [{"t": "Everyone was surprised when the shy student {it}kicked butt{/it} in the school talent show."}]]], "syn_list": [[{"wd": "conquer"}, {"wd": "prevail"}, {"wd": "triumph"}, {"wd": "win"}]], "rel_list": [[{"wd": "overcome"}, {"wd": "sweep"}], [{"wd": "squeak"}, {"wd": "squeeze"}], [{"wd": "contend"}, {"wd": "vie"}], [{"wd": "succeed"}], [{"wd": "breeze"}, {"wd": "romp"}]], "phrase_list": [[{"wd": "carry the day"}]], "near_list": [[{"wd": "collapse"}, {"wd": "fail"}, {"wd": "flop"}, {"wd": "fold"}, {"wd": "wash out"}], [{"wd": "flounder"}, {"wd": "struggle"}], [{"wd": "decline"}, {"wd": "slip"}, {"wd": "slump"}, {"wd": "wane"}]], "ant_list": [[{"wd": "lose"}]]}]]]}], "shortdef": ["to achieve victory (as in a contest)"]}, {"meta": {"id": "kicked butt", "uuid": "e3bbaa78-41f7-45b1-a8c0-ff2db76f85f0", "src": "CTenhance", "section": "phrases", "stems": ["kicked butt"], "syns": [["conquered", "prevailed", "triumphed", "won"]], "ants": [["lost"]], "offensive": false}, "hwi": {"hw": "kicked butt"}, "fl": "phrase", "sls": ["past tense of {d_link|kick butt|kick butt}"], "def": [{"sseq": [[["sense", {"dt": [["text", "to achieve victory (as in a contest) "], ["vis", [{"t": "Everyone was surprised when the shy student {it}kicked butt{/it} in the school talent show."}]]], "syn_list": [[{"wd": "conquered"}, {"wd": "prevailed"}, {"wd": "triumphed"}, {"wd": "won"}]], "rel_list": [[{"wd": "overcame"}, {"wd": "swept"}], [{"wd": "squeaked"}, {"wd": "squeezed"}], [{"wd": "contended"}, {"wd": "vied"}], [{"wd": "succeeded"}], [{"wd": "breezed"}, {"wd": "romped"}]], "phrase_list": [[{"wd": "carried the day"}]], "near_list": [[{"wd": "collapsed"}, {"wd": "failed"}, {"wd": "flopped"}, {"wd": "folded"}, {"wd": "washed out"}], [{"wd": "floundered"}, {"wd": "struggled"}], [{"wd": "declined"}, {"wd": "slipped"}, {"wd": "slumped"}, {"wd": "waned"}]], "ant_list": [[{"wd": "lost"}]]}]]]}], "shortdef": ["to achieve victory (as in a contest)"]}, {"meta": {"id": "kicks butt", "uuid": "4eee802a-9037-4da0-a6e4-81464fdbd1fa", "src": "CTenhance", "section": "phrases", "stems": ["kicks butt"], "syns": [["conquers", "prevails", "triumphs", "wins"]], "ants": [["loses"]], "offensive": false}, "hwi": {"hw": "kicks butt"}, "fl": "phrase", "sls": ["present tense third-person singular of {d_link|kick butt|kick butt}"], "def": [{"sseq": [[["sense", {"dt": [["text", "to achieve victory (as in a contest) "], ["vis", [{"t": "Everyone was surprised when the shy student {it}kicked butt{/it} in the school talent show."}]]], "syn_list": [[{"wd": "conquers"}, {"wd": "prevails"}, {"wd": "triumphs"}, {"wd": "wins"}]], "rel_list": [[{"wd": "overcomes"}, {"wd": "sweeps"}], [{"wd": "squeaks"}, {"wd": "squeezes"}], [{"wd": "contends"}, {"wd": "vies"}], [{"wd": "succeeds"}], [{"wd": "breezes"}, {"wd": "romps"}]], "phrase_list": [[{"wd": "carries the day"}]], "near_list": [[{"wd": "collapses"}, {"wd": "fails"}, {"wd": "flops"}, {"wd": "folds"}, {"wd": "washes out"}], [{"wd": "flounders"}, {"wd": "struggles"}], [{"wd": "declines"}, {"wd": "slips"}, {"wd": "slumps"}, {"wd": "wanes"}]], "ant_list": [[{"wd": "loses"}]]}]]]}], "shortdef": ["to achieve victory (as in a contest)"]}]