[{"meta": {"id": "car", "uuid": "af66ae63-d0ad-40e4-8624-a24478037975", "sort": "030814000", "src": "collegiate", "section": "alpha", "stems": ["car", "cars"], "offensive": false}, "hwi": {"hw": "car", "prs": [{"mw": "\u02c8k\u00e4r", "sound": {"audio": "car00001", "ref": "c", "stat": "1"}}, {"l": "dialectal also", "mw": "\u02c8k\u022fr"}, {"mw": "\u02c8ky\u00e4r"}]}, "fl": "noun", "def": [{"sseq": [[["bs", {"sense": {"sn": "1", "dt": [["text", "{bc}a vehicle moving on wheels: such as"]]}}], ["sense", {"sn": "a", "sls": ["archaic"], "dt": [["text", "{bc}{sx|carriage||}, {sx|chariot||}"]]}], ["sense", {"sn": "b", "dt": [["text", "{bc}a vehicle designed to move on rails (as of a railroad) "], ["vis", [{"t": "The train has 20 {wi}cars{/wi}."}]]]}], ["sense", {"sn": "c", "dt": [["text", "{bc}{sx|automobile||} "], ["vis", [{"t": "traveled to Boston by {wi}car{/wi}"}]]]}]], [["sense", {"sn": "2", "dt": [["text", "{bc}the passenger compartment of an elevator"]]}]], [["sense", {"sn": "3", "dt": [["text", "{bc}the part of an {d_link|airship|airship} or balloon that carries the passengers and cargo"]]}]]]}], "et": [["text", "Middle English {it}carre{/it} \"cart, wagon, small cartload,\" borrowed from Anglo-French {it}carre, charre,{/it} going back to Latin {it}carra,{/it} plural of {it}carrum,{/it} neuter variant of {it}carrus{/it} \"a kind of Gaulish wagon,\" borrowed from the Gaulish outcome of Celtic {it}*kr\u0325s-o-,{/it} whence also Old Irish {it}carr{/it} \"cart, wagon,\" Welsh {it}car{/it} \"vehicle\" {ma}{mat|current:1|}{/ma}"]], "date": "14th century{ds||1||}", "shortdef": ["a vehicle moving on wheels: such as", "carriage, chariot", "a vehicle designed to move on rails (as of a railroad)"]}, {"meta": {"id": "CAR", "uuid": "134a8178-f996-4e84-92f0-6d24208aa4ce", "sort": "030815000", "src": "collegiate", "section": "alpha", "stems": ["CAR"], "offensive": false}, "hwi": {"hw": "CAR"}, "fl": "abbreviation", "def": [{"sseq": [[["sense", {"dt": [["text", "civil air regulations"]]}]]]}], "shortdef": ["civil air regulations"]}, {"meta": {"id": "car bomb", "uuid": "963eca8b-72d4-42ea-b047-d7c7f0dd0a59", "sort": "030863000", "src": "collegiate", "section": "alpha", "stems": ["car bomb", "car bombs"], "offensive": false}, "hwi": {"hw": "car bomb"}, "fl": "noun", "def": [{"sseq": [[["sense", {"dt": [["text", "{bc}an explosive device concealed in an automobile for use as a weapon of terrorism"]]}]]]}], "date": "1923", "shortdef": ["an explosive device concealed in an automobile for use as a weapon of terrorism"]}, {"meta": {"id": "car coat", "uuid": "52e3aa6f-029a-49e6-b7cc-0ba4a51e65c2", "sort": "030927000", "src": "collegiate", "section": "alpha", "stems": ["car coat", "car coats"], "offensive": false}, "hwi": {"hw": "car coat"}, "fl": "noun", "def": [{"sseq": [[["sense", {"dt": [["text", "{bc}a three-quarter-length overcoat"]]}]]]}], "date": "1958", "shortdef": ["a three-quarter-length overcoat"]}, {"meta": {"id": "car park", "uuid": "f675a703-73a4-4ba0-bab2-b516be9c9d5a", "sort": "031078000", "src": "collegiate", "section": "alpha", "stems": ["car park", "car parks"], "offensive": false}, "hwi": {"hw": "car park"}, "fl": "noun", "def": [{"sls": ["chiefly British"], "sseq": [[["sense", {"dt": [["text", "{bc}a lot or garage for parking"]]}]]]}], "date": "1926", "shortdef": ["a lot or garage for parking"]}, {"meta": {"id": "car pool", "uuid": "3847d7b2-7fbf-4898-9fc7-1bd7c4ad671c", "sort": "031099000", "src": "collegiate", "section": "alpha", "stems": ["car pool", "car pools"], "offensive": false}, "hwi": {"hw": "car pool"}, "fl": "noun", "def": [{"sseq": [[["sense", {"dt": [["text", "{bc}an arrangement in which a group of people commute together by car"]], "sdsense": {"sd": "also", "dt": [["text", "{bc}the group entering into such an arrangement"]]}}]]]}], "date": "1942", "shortdef": ["an arrangement in which a group of people commute together by car; also : the group entering into such an arrangement"]}, {"meta": {"id": "car seat", "uuid": "c74ba224-5ad6-40ee-a05e-1614c58d915a", "sort": "031143000", "src": "collegiate", "section": "alpha", "stems": ["car seat", "car seats"], "offensive": false}, "hwi": {"hw": "car seat"}, "fl": "noun", "def": [{"sseq": [[["sense", {"dt": [["text", "{bc}a portable seat for an infant or a small child that attaches to an automobile seat and holds the child safely"]]}]]]}], "date": "1968", "shortdef": ["a portable seat for an infant or a small child that attaches to an automobile seat and holds the child safely"]}, {"meta": {"id": "car wash", "uuid": "37d3e390-b28a-454f-994b-50dfa83096d3", "sort": "031180000", "src": "collegiate", "section": "alpha", "stems": ["car wash", "car washes"], "offensive": false}, "hwi": {"hw": "car wash"}, "fl": "noun", "def": [{"sseq": [[["sense", {"sn": "1", "dt": [["text", "{bc}an area or structure equipped with facilities for washing automobiles"]]}]], [["sense", {"sn": "2", "sls": ["US"], "dt": [["text", "{bc}an event at which people pay to have their cars washed to raise money for some purpose"]]}]]]}], "date": "1915{ds||1||}", "shortdef": ["an area or structure equipped with facilities for washing automobiles", "an event at which people pay to have their cars washed to raise money for some purpose"]}, {"meta": {"id": "car boot sale", "uuid": "e71ac86e-3c03-4055-87e1-607916d8acd6", "sort": "3002842000", "src": "ld", "section": "idioms", "stems": ["car boot sale"], "offensive": false}, "hwi": {"hw": "car boot sale"}, "fl": "noun", "def": [{"sls": ["British"], "sseq": [[["sense", {"dt": [["text", "{bc}a sale in which people gather to sell items that they bring to the sale in their cars"]]}]]]}], "shortdef": ["a sale in which people gather to sell items that they bring to the sale in their cars"]}, {"meta": {"id": "bar car", "uuid": "deb2be15-952b-4c0c-92cf-42ca022d046d", "sort": "020063500", "src": "collegiate", "section": "alpha", "stems": ["bar car", "bar cars"], "offensive": false}, "hwi": {"hw": "bar car"}, "fl": "noun", "def": [{"sseq": [[["sense", {"dt": [["text", "{bc}{sx|club car||}"]]}]]]}], "date": "1933", "shortdef": ["club car"]}]