[{"meta": {"id": "castle:1", "uuid": "8d5753ee-3c7d-43f1-91d3-e98d74f1812a", "sort": "031281000", "src": "collegiate", "section": "alpha", "stems": ["castle", "castles"], "offensive": false}, "hom": 1, "hwi": {"hw": "cas*tle", "prs": [{"mw": "\u02c8ka-s\u0259l", "sound": {"audio": "castle01", "ref": "c", "stat": "1"}}]}, "fl": "noun", "def": [{"sseq": [[["sense", {"sn": "1 a", "dt": [["text", "{bc}a large fortified building or set of buildings"]]}], ["sense", {"sn": "b", "dt": [["text", "{bc}a massive or imposing house"]]}]], [["sense", {"sn": "2", "dt": [["text", "{bc}a retreat safe against intrusion or invasion"]]}]], [["sense", {"sn": "3", "dt": [["text", "{bc}{sx|rook:3||}"]]}]]]}], "art": {"artid": "castle", "capt": "castle 1a: {it}1{/it} fortified approach, {it}2{/it} moat, {it}3{/it} drawbridge, {it}4{/it} ward, {it}5{/it} angle tower, {it}6{/it} donjon {it}or{/it} keep, {it}7{/it} chapel, {it}8{/it} gallery"}, "et": [["text", "Middle English {it}castel{/it}, from Old English, from Old French & Latin; Old French dialect (Norman-Picard) {it}castel{/it}, from Latin {it}castellum{/it} fortress, diminutive of {it}castrum{/it} fortified place; perhaps akin to Latin {it}castrare{/it} to castrate"]], "date": "before 12th century{ds||1|a|}", "shortdef": ["a large fortified building or set of buildings", "a massive or imposing house", "a retreat safe against intrusion or invasion"]}, {"meta": {"id": "castle:2", "uuid": "92981e66-694c-4432-adfc-af3baabbd00a", "sort": "031282000", "src": "collegiate", "section": "alpha", "stems": ["castle", "castled", "castles", "castling"], "offensive": false}, "hom": 2, "hwi": {"hw": "castle"}, "fl": "verb", "ins": [{"if": "cas*tled"}, {"if": "cas*tling", "prs": [{"mw": "\u02c8ka-s(\u0259-)li\u014b", "sound": {"audio": "castle02", "ref": "c", "stat": "1"}}]}], "def": [{"vd": "transitive verb", "sseq": [[["sense", {"sn": "1", "dt": [["text", "{bc}to establish in a castle"]]}]], [["sense", {"sn": "2", "dt": [["text", "{bc}to move (the chess king) in {a_link|castling}"]]}]]]}, {"vd": "intransitive verb", "sseq": [[["sense", {"dt": [["text", "{bc}to move a chess king two squares toward a rook and in the same move the rook to the square next past the king"]]}]]]}], "date": "1587{ds|t|1||}", "shortdef": ["to establish in a castle", "to move (the chess king) in castling", "to move a chess king two squares toward a rook and in the same move the rook to the square next past the king"]}, {"meta": {"id": "castle in the air", "uuid": "bb2467d1-a9ed-4ac4-8425-9f6c5d29f825", "sort": "031284000", "src": "collegiate", "section": "alpha", "stems": ["castle in Spain", "castle in the air", "castles in Spain", "castles in the air"], "offensive": false}, "hwi": {"hw": "castle in the air"}, "vrs": [{"vl": "or less commonly", "va": "castle in Spain"}], "fl": "noun phrase", "def": [{"sseq": [[["sense", {"dt": [["text", "{bc}an impracticable project {bc}{sx|daydream||}"]]}]]]}], "date": "1566", "shortdef": ["an impracticable project : daydream"]}]