[{"meta": {"id": "cd", "uuid": "c45dc174-348a-44f2-b466-0158ef96d3d2", "sort": "031597000", "src": "collegiate", "section": "alpha", "stems": ["cd"], "offensive": false}, "hwi": {"hw": "cd"}, "fl": "abbreviation", "def": [{"sseq": [[["sense", {"sn": "1", "dt": [["text", "candela"]]}]], [["sense", {"sn": "2", "dt": [["text", "candle"]]}]], [["sense", {"sn": "3", "dt": [["text", "cord"]]}]]]}], "shortdef": ["candela", "candle", "cord"]}, {"meta": {"id": "Cd", "uuid": "d04f32c3-fba6-4c7c-aa97-c7602cae5994", "sort": "031598000", "src": "collegiate", "section": "alpha", "stems": ["Cd"], "offensive": false}, "hwi": {"hw": "Cd"}, "fl": "symbol", "def": [{"sseq": [[["sense", {"dt": [["text", "cadmium"]]}]]]}], "shortdef": ["cadmium"]}, {"meta": {"id": "CD:1", "uuid": "a8538ce1-23ae-4e2e-b093-b33f367456a3", "sort": "031599000", "src": "collegiate", "section": "alpha", "stems": ["CD", "CDs"], "offensive": false}, "hom": 1, "hwi": {"hw": "CD", "prs": [{"mw": "\u02ccs\u0113-\u02c8d\u0113", "sound": {"audio": "cd000001", "ref": "c", "stat": "1"}}]}, "fl": "noun", "def": [{"sseq": [[["sense", {"dt": [["text", "{bc}{sx|certificate of deposit||}"]]}]]]}], "date": "1866", "shortdef": ["certificate of deposit"]}, {"meta": {"id": "CD:2", "uuid": "0e161e53-d781-49e6-ba12-d8b5230d8bc6", "sort": "031600000", "src": "collegiate", "section": "alpha", "stems": ["CD", "CDs"], "offensive": false}, "hom": 2, "hwi": {"hw": "CD"}, "fl": "noun", "def": [{"sseq": [[["sense", {"dt": [["text", "{bc}a small optical disk usually containing recorded music or computer data"]], "sdsense": {"sd": "also", "dt": [["text", "{bc}the content (such as music or a computer program) of a CD released as a unit "], ["vis", [{"t": "promoting her latest {wi}CD{/wi}"}]]]}}]]]}], "et": [["text", "{it}c{/it}ompact {it}d{/it}isc"]], "date": "1979", "shortdef": ["a small optical disk usually containing recorded music or computer data; also : the content (such as music or a computer program) of a CD released as a unit"]}, {"meta": {"id": "CD:3", "uuid": "dabc3c83-8f05-43d8-9cce-3b4da79cb034", "sort": "031601000", "src": "collegiate", "section": "alpha", "stems": ["CD"], "offensive": false}, "hom": 3, "hwi": {"hw": "CD"}, "fl": "abbreviation", "def": [{"sseq": [[["sense", {"sn": "1", "dt": [["text", "carried down"]]}]], [["sense", {"sn": "2", "dt": [["text", "civil defense"]]}]], [["sense", {"sn": "3", "et": [["text", "French {it}corps diplomatique{/it}"]], "dt": [["text", "diplomatic corps"]]}]]]}], "shortdef": ["carried down", "civil defense", "diplomatic corps"]}, {"meta": {"id": "CD-ROM", "uuid": "34d4bb35-973d-471d-8a6e-91914544f0ed", "sort": "031609000", "src": "collegiate", "section": "alpha", "stems": ["CD-ROM", "CD-ROMs"], "offensive": false}, "hwi": {"hw": "CD-ROM", "prs": [{"mw": "\u02ccs\u0113-\u02ccd\u0113-\u02c8r\u00e4m", "sound": {"audio": "cd_rom01", "ref": "c", "stat": "1"}}]}, "fl": "noun", "def": [{"sseq": [[["sense", {"dt": [["text", "{bc}a CD containing computer data that cannot be altered"]]}]]]}], "et": [["text", "{it}c{/it}ompact {it}d{/it}isc {it}r{/it}ead-{it}o{/it}nly {it}m{/it}emory"]], "date": "1983", "shortdef": ["a CD containing computer data that cannot be altered"]}]