[{"meta": {"id": "choose", "uuid": "9f596bff-7e10-450b-bda2-d3567d9b4979", "src": "coll_thes", "section": "alpha", "target": {"tuuid": "6df21bfe-c3d9-4504-827d-4954356342e1", "tsrc": "collegiate"}, "stems": ["choose", "chooser", "choosers", "chooses", "choosing", "chose", "chosen"], "syns": [["cherry-pick", "cull", "elect", "handpick", "name", "opt (for)", "pick", "prefer", "select", "single (out)", "tag", "take"], ["like", "please", "want", "will", "wish"], ["conclude", "decide", "determine", "figure", "name", "opt", "resolve", "settle (on or upon)"]], "ants": [["decline", "refuse", "reject", "turn down"]], "offensive": false}, "hwi": {"hw": "choose"}, "fl": "verb", "def": [{"sseq": [[["sense", {"sn": "1", "dt": [["text", "to decide to accept (someone or something) from a group of possibilities "], ["vis", [{"t": "{it}choose{/it} a computer that best suits your needs"}]]], "syn_list": [[{"wd": "cherry-pick"}, {"wd": "cull"}, {"wd": "elect"}, {"wd": "handpick"}, {"wd": "name"}, {"wd": "opt (for)"}, {"wd": "pick"}, {"wd": "prefer"}, {"wd": "select"}, {"wd": "single (out)"}, {"wd": "tag"}, {"wd": "take"}]], "rel_list": [[{"wd": "preselect"}], [{"wd": "appoint"}, {"wd": "designate"}, {"wd": "fix"}, {"wd": "mark"}, {"wd": "nominate"}, {"wd": "set"}, {"wd": "tab"}, {"wd": "tap"}], [{"wd": "accept"}, {"wd": "adopt"}, {"wd": "embrace"}, {"wd": "espouse"}], [{"wd": "settle (on or upon)"}]], "near_list": [[{"wd": "disapprove"}, {"wd": "negative"}, {"wd": "repudiate"}, {"wd": "spurn"}], [{"wd": "discard"}, {"wd": "jettison"}, {"wd": "throw away"}, {"wd": "throw out"}]], "ant_list": [[{"wd": "decline"}, {"wd": "refuse"}, {"wd": "reject"}, {"wd": "turn down"}]]}]], [["sense", {"sn": "2", "dt": [["text", "to see fit "], ["vis", [{"t": "you can wear whatever you {it}choose{/it} to the party"}]]], "syn_list": [[{"wd": "like"}, {"wd": "please"}, {"wd": "want"}, {"wd": "will"}, {"wd": "wish"}]], "rel_list": [[{"wd": "ache (for)"}, {"wd": "covet"}, {"wd": "crave"}, {"wd": "desire"}, {"wd": "die (for)"}, {"wd": "fancy"}, {"wd": "hanker (for)"}, {"wd": "hunger (for)"}, {"wd": "itch (for)"}, {"wd": "long (for)"}, {"wd": "lust (for or after)"}, {"wd": "pant (after)"}, {"wd": "pine (for)"}, {"wd": "repine (for)"}, {"wd": "sigh (for)"}, {"wd": "thirst (for)"}, {"wd": "yearn (for)"}], [{"wd": "decide"}, {"wd": "determine"}, {"wd": "resolve"}]]}]], [["sense", {"sn": "3", "dt": [["text", "to come to a judgment about after discussion or consideration "], ["vis", [{"t": "{it}chose{/it} to write on a controversial topic for the local newspaper"}]]], "syn_list": [[{"wd": "conclude"}, {"wd": "decide"}, {"wd": "determine"}, {"wd": "figure"}, {"wd": "name"}, {"wd": "opt"}, {"wd": "resolve"}, {"wd": "settle (on or upon)"}]], "rel_list": [[{"wd": "decree"}, {"wd": "rule"}], [{"wd": "cull"}, {"wd": "elect"}, {"wd": "handpick"}, {"wd": "pick"}, {"wd": "prefer"}, {"wd": "select"}, {"wd": "single (out)"}], [{"wd": "adjudge"}, {"wd": "adjudicate"}, {"wd": "arbitrate"}, {"wd": "find"}, {"wd": "judge"}, {"wd": "referee"}, {"wd": "rule (on)"}, {"wd": "umpire"}], [{"wd": "chew over"}, {"wd": "cogitate"}, {"wd": "consider"}, {"wd": "contemplate"}, {"wd": "debate"}, {"wd": "deliberate"}, {"wd": "entertain"}, {"wd": "meditate"}, {"wd": "mull (over)"}, {"wd": "ponder"}, {"wd": "question"}, {"wd": "ruminate"}, {"wd": "study"}, {"wd": "think (about or over)"}, {"wd": "weigh"}]], "near_list": [[{"wd": "abstain"}, {"wd": "decline"}, {"wd": "refuse"}, {"wd": "reject"}, {"wd": "turn down"}], [{"wd": "delay"}, {"wd": "halt"}, {"wd": "hesitate"}, {"wd": "stall"}, {"wd": "temporize"}], [{"wd": "shilly-shally"}, {"wd": "vacillate"}, {"wd": "waffle"}, {"wd": "waver"}]]}]]]}], "shortdef": ["to decide to accept (someone or something) from a group of possibilities", "to see fit", "to come to a judgment about after discussion or consideration"]}]