[{"meta": {"id": "come", "uuid": "ca7b7fb7-1180-4fc6-b968-7f68b04cf79e", "src": "coll_thes", "section": "alpha", "target": {"tuuid": "45a3b6dc-f6d0-40bb-a58e-72721fd61192", "tsrc": "collegiate"}, "stems": ["come", "came", "came over", "came to", "come into", "come into one's own", "come of age", "come off it", "come over", "come to", "come to oneself", "come upon", "comes", "comes over", "comes to", "coming", "coming over", "coming to", "cum"], "syns": [["advance", "approach", "near", "nigh"], ["appear", "arrive", "get in", "get through", "land", "show up", "turn up"], ["become", "get", "go", "grow", "run", "turn", "wax"], ["be", "befall", "betide", "chance", "come about", "come down", "come off", "cook", "do", "go down", "go on", "hap", "happen", "occur", "pass", "transpire"], ["advance", "come along", "do", "fare", "forge", "get along", "get on", "go", "go along", "go off", "march", "pace", "proceed", "progress"]], "ants": [["go", "recede (from)", "retreat", "withdraw"], ["go", "leave"], ["remain", "stand", "stay", "stop"]], "offensive": false}, "hwi": {"hw": "come"}, "fl": "verb", "def": [{"sseq": [[["sense", {"sn": "1", "dt": [["text", "to move closer to "], ["vis", [{"t": "{it}come{/it} here and sit by the fire"}]]], "syn_list": [[{"wd": "advance"}, {"wd": "approach"}, {"wd": "near"}, {"wd": "nigh"}]], "rel_list": [[{"wd": "drop in"}, {"wd": "enter"}, {"wd": "pop (in)"}]], "near_list": [[{"wd": "depart"}, {"wd": "exit"}, {"wd": "leave"}]], "ant_list": [[{"wd": "go"}, {"wd": "recede (from)"}, {"wd": "retreat"}, {"wd": "withdraw"}]]}]], [["sense", {"sn": "2", "dt": [["text", "to get to a destination "], ["vis", [{"t": "when do you think they'll {it}come{/it}?"}]]], "syn_list": [[{"wd": "appear"}, {"wd": "arrive"}, {"wd": "get in"}, {"wd": "get through"}, {"wd": "land"}, {"wd": "show up"}, {"wd": "turn up"}]], "rel_list": [[{"wd": "fetch"}, {"wd": "hit"}, {"wd": "make"}, {"wd": "reach"}], [{"wd": "pull in"}, {"wd": "touch down"}], [{"wd": "debark"}, {"wd": "disembark"}], [{"wd": "barge (in)"}, {"wd": "blow in"}, {"wd": "breeze (in)"}, {"wd": "burst (in or into)"}, {"wd": "waltz (in)"}], [{"wd": "check in"}, {"wd": "clock (in)"}]], "near_list": [[{"wd": "check out"}, {"wd": "clock (out)"}], [{"wd": "flee"}, {"wd": "vamoose"}]], "ant_list": [[{"wd": "go"}, {"wd": "leave"}]]}]], [["sense", {"sn": "3", "dt": [["text", "to eventually have as a state or quality "], ["vis", [{"t": "your dreams can {it}come{/it} true"}]]], "syn_list": [[{"wd": "become"}, {"wd": "get"}, {"wd": "go"}, {"wd": "grow"}, {"wd": "run"}, {"wd": "turn"}, {"wd": "wax"}]], "rel_list": [[{"wd": "alter"}, {"wd": "change"}, {"wd": "metamorphose"}, {"wd": "modify"}, {"wd": "mutate"}, {"wd": "transfigure"}, {"wd": "transform"}, {"wd": "transmute"}]], "near_list": [[{"wd": "abide"}, {"wd": "be"}, {"wd": "continue"}, {"wd": "linger"}, {"wd": "remain"}, {"wd": "stay"}]]}]], [["sense", {"sn": "4", "dt": [["text", "to take place "], ["vis", [{"t": "whatever may {it}come{/it} we'll always be together"}]]], "syn_list": [[{"wd": "be"}, {"wd": "befall"}, {"wd": "betide"}, {"wd": "chance"}, {"wd": "come about"}, {"wd": "come down"}, {"wd": "come off"}, {"wd": "cook"}, {"wd": "do"}, {"wd": "go down", "wsls": ["slang"]}, {"wd": "go on"}, {"wd": "hap"}, {"wd": "happen"}, {"wd": "occur"}, {"wd": "pass"}, {"wd": "transpire"}]], "rel_list": [[{"wd": "break"}, {"wd": "develop"}, {"wd": "rise"}, {"wd": "shape (up)"}], [{"wd": "arise"}, {"wd": "come up"}, {"wd": "crop (up)"}, {"wd": "materialize"}, {"wd": "spring (up)"}], [{"wd": "intervene"}], [{"wd": "fall out"}, {"wd": "follow"}, {"wd": "result"}, {"wd": "turn out"}], [{"wd": "go off"}, {"wd": "proceed"}]], "phrase_list": [[{"wd": "come to pass"}]]}]], [["sense", {"sn": "5", "dt": [["text", "to move forward along a course "], ["vis", [{"t": "how is the remodeling job {it}coming{/it}?"}]]], "syn_list": [[{"wd": "advance"}, {"wd": "come along"}, {"wd": "do"}, {"wd": "fare"}, {"wd": "forge"}, {"wd": "get along"}, {"wd": "get on"}, {"wd": "go"}, {"wd": "go along"}, {"wd": "go off"}, {"wd": "march"}, {"wd": "pace"}, {"wd": "proceed"}, {"wd": "progress"}]], "rel_list": [[{"wd": "accelerate"}, {"wd": "fast-forward"}, {"wd": "speed"}], [{"wd": "approach"}, {"wd": "near"}], [{"wd": "journey"}, {"wd": "pass"}, {"wd": "repair"}, {"wd": "run"}, {"wd": "travel"}, {"wd": "wend"}], [{"wd": "actuate"}, {"wd": "drive"}, {"wd": "impel"}, {"wd": "propel"}, {"wd": "push"}], [{"wd": "take out"}]], "phrase_list": [[{"wd": "gain ground"}]], "near_list": [[{"wd": "arrest"}, {"wd": "balk"}, {"wd": "block"}, {"wd": "check"}, {"wd": "detain"}, {"wd": "halt"}, {"wd": "hinder"}, {"wd": "hold back"}, {"wd": "impede"}, {"wd": "nip"}, {"wd": "obstruct"}, {"wd": "slow (down or up)"}, {"wd": "stem"}], [{"wd": "repress"}, {"wd": "retard"}, {"wd": "stunt"}, {"wd": "suppress"}], [{"wd": "delay"}, {"wd": "interrupt"}, {"wd": "stall"}], [{"wd": "cramp"}, {"wd": "hamper"}, {"wd": "inhibit"}], [{"wd": "cease"}, {"wd": "let up"}, {"wd": "pause"}], [{"wd": "regress"}], [{"wd": "wait"}]], "ant_list": [[{"wd": "remain"}, {"wd": "stand"}, {"wd": "stay"}, {"wd": "stop"}]]}]]]}], "shortdef": ["to move closer to", "to get to a destination", "to eventually have as a state or quality"]}, {"meta": {"id": "come (to)", "uuid": "8312c78d-7bc9-44c7-850e-49fdbeebd22d", "src": "coll_thes", "section": "alpha", "stems": ["come (to)", "come", "come to", "came", "came over", "came to", "come into", "come into one's own", "come of age", "come off it", "come over", "come to oneself", "come upon", "comes", "comes over", "comes to", "coming", "coming over", "coming to", "cum"], "syns": [["add up (to)", "aggregate", "amount (to)", "count (up to)", "number", "sum (to or into)", "total"], ["add up (to)", "amount (to)", "correspond (to)", "emulate", "equal"], ["cross", "dawn (on)", "occur (to)", "strike"]], "ants": [], "offensive": false}, "hwi": {"hw": "come (to)"}, "fl": "verb", "def": [{"sseq": [[["sense", {"sn": "1", "dt": [["text", "to have a total of "], ["vis", [{"t": "your bill {it}comes to{/it} $53.74"}]]], "syn_list": [[{"wd": "add up (to)"}, {"wd": "aggregate"}, {"wd": "amount (to)"}, {"wd": "count (up to)"}, {"wd": "number"}, {"wd": "sum (to or into)"}, {"wd": "total"}]], "rel_list": [[{"wd": "average"}, {"wd": "equal"}, {"wd": "measure"}, {"wd": "reach"}], [{"wd": "compose"}, {"wd": "comprise"}, {"wd": "constitute"}, {"wd": "make up"}]], "phrase_list": [[{"wd": "clock in at"}]]}]], [["sense", {"sn": "2", "dt": [["text", "to be the same in meaning or effect "], ["vis", [{"t": "it all {it}comes to{/it} nothing in the end"}]]], "syn_list": [[{"wd": "add up (to)"}, {"wd": "amount (to)"}, {"wd": "correspond (to)"}, {"wd": "emulate"}, {"wd": "equal"}]], "rel_list": [[{"wd": "approach"}, {"wd": "match"}, {"wd": "measure (up)"}, {"wd": "meet"}, {"wd": "rival"}, {"wd": "touch"}], [{"wd": "connote"}, {"wd": "denote"}, {"wd": "express"}, {"wd": "import"}, {"wd": "mean"}, {"wd": "signify"}, {"wd": "smack (of)"}, {"wd": "spell"}, {"wd": "suggest"}]]}]], [["sense", {"sn": "3", "dt": [["text", "to enter the mind of "], ["vis", [{"t": "the actual name of the item didn't {it}come to{/it} me until I was walking out of the store"}]]], "syn_list": [[{"wd": "cross"}, {"wd": "dawn (on)"}, {"wd": "occur (to)"}, {"wd": "strike"}]], "rel_list": [[{"wd": "recall"}, {"wd": "recollect"}, {"wd": "remember"}, {"wd": "reminisce"}], [{"wd": "con"}, {"wd": "learn"}, {"wd": "memorize"}], [{"wd": "appear"}, {"wd": "arrive"}, {"wd": "emerge"}, {"wd": "materialize"}]], "near_list": [[{"wd": "forget"}, {"wd": "unlearn"}], [{"wd": "disregard"}, {"wd": "ignore"}, {"wd": "neglect"}, {"wd": "overlook"}]]}]]]}], "shortdef": ["to have a total of", "to be the same in meaning or effect", "to enter the mind of"]}, {"meta": {"id": "come about", "uuid": "3458ba8e-2cd5-498e-96fe-7faaa1e52b59", "src": "coll_thes", "section": "alpha", "target": {"tuuid": "a651774c-7da2-4de3-bc71-85ac54572400", "tsrc": "collegiate"}, "stems": ["come about", "came about", "comes about", "coming about"], "syns": [["be", "befall", "betide", "chance", "come", "come down", "come off", "cook", "do", "go down", "go on", "hap", "happen", "occur", "pass", "transpire"]], "ants": [], "offensive": false}, "hwi": {"hw": "come about"}, "fl": "verb", "def": [{"sseq": [[["sense", {"dt": [["text", "to take place "], ["vis", [{"t": "how did all this {it}come about{/it}?"}]]], "syn_list": [[{"wd": "be"}, {"wd": "befall"}, {"wd": "betide"}, {"wd": "chance"}, {"wd": "come"}, {"wd": "come down"}, {"wd": "come off"}, {"wd": "cook"}, {"wd": "do"}, {"wd": "go down", "wsls": ["slang"]}, {"wd": "go on"}, {"wd": "hap"}, {"wd": "happen"}, {"wd": "occur"}, {"wd": "pass"}, {"wd": "transpire"}]], "rel_list": [[{"wd": "break"}, {"wd": "develop"}, {"wd": "rise"}, {"wd": "shape (up)"}], [{"wd": "arise"}, {"wd": "come up"}, {"wd": "crop (up)"}, {"wd": "materialize"}, {"wd": "spring (up)"}], [{"wd": "intervene"}], [{"wd": "fall out"}, {"wd": "follow"}, {"wd": "result"}, {"wd": "turn out"}], [{"wd": "go off"}, {"wd": "proceed"}]], "phrase_list": [[{"wd": "come to pass"}]]}]]]}], "shortdef": ["to take place"]}, {"meta": {"id": "come across (as)", "uuid": "1ac1c553-c34f-4b8b-b918-6b96a651ac58", "src": "coll_thes", "section": "alpha", "target": {"tuuid": "333b2de4-6a8c-48cb-8d13-afadb3a1eb35", "tsrc": "collegiate"}, "stems": ["come across (as)", "come across as"], "syns": [["act", "appear", "come off (as)", "feel", "look", "make", "seem", "sound"]], "ants": [], "offensive": false}, "hwi": {"hw": "come across (as)"}, "fl": "verb", "def": [{"sseq": [[["sense", {"dt": [["text", "to give the impression of being "], ["vis", [{"t": "the law professor {it}comes across as{/it} a bit of an ogre at first, but he's actually quite personable"}]]], "syn_list": [[{"wd": "act"}, {"wd": "appear"}, {"wd": "come off (as)"}, {"wd": "feel"}, {"wd": "look"}, {"wd": "make"}, {"wd": "seem"}, {"wd": "sound"}]], "rel_list": [[{"wd": "dissemble"}, {"wd": "pretend"}], [{"wd": "recall"}, {"wd": "resemble"}, {"wd": "suggest"}], [{"wd": "hint"}, {"wd": "imply"}, {"wd": "insinuate"}]]}]]]}], "shortdef": ["to give the impression of being"]}, {"meta": {"id": "come along", "uuid": "d43663bc-10f4-4cc9-9046-855414216602", "src": "coll_thes", "section": "alpha", "target": {"tuuid": "d99aa8a9-8c6c-4493-a6cb-a60b3702e23e", "tsrc": "collegiate"}, "stems": ["come along", "came along", "comes along", "coming along"], "syns": [["advance", "come", "do", "fare", "forge", "get along", "get on", "go", "go along", "go off", "march", "pace", "proceed", "progress"]], "ants": [["remain", "stand", "stay", "stop"]], "offensive": false}, "hwi": {"hw": "come along"}, "fl": "verb", "def": [{"sseq": [[["sense", {"dt": [["text", "to move forward along a course "], ["vis", [{"t": "our backyard makeover is {it}coming along{/it} nicely"}]]], "syn_list": [[{"wd": "advance"}, {"wd": "come"}, {"wd": "do"}, {"wd": "fare"}, {"wd": "forge"}, {"wd": "get along"}, {"wd": "get on"}, {"wd": "go"}, {"wd": "go along"}, {"wd": "go off"}, {"wd": "march"}, {"wd": "pace"}, {"wd": "proceed"}, {"wd": "progress"}]], "rel_list": [[{"wd": "accelerate"}, {"wd": "fast-forward"}, {"wd": "speed"}], [{"wd": "approach"}, {"wd": "near"}], [{"wd": "journey"}, {"wd": "pass"}, {"wd": "repair"}, {"wd": "run"}, {"wd": "travel"}, {"wd": "wend"}], [{"wd": "actuate"}, {"wd": "drive"}, {"wd": "impel"}, {"wd": "propel"}, {"wd": "push"}], [{"wd": "take out"}]], "phrase_list": [[{"wd": "gain ground"}]], "near_list": [[{"wd": "arrest"}, {"wd": "balk"}, {"wd": "block"}, {"wd": "check"}, {"wd": "detain"}, {"wd": "halt"}, {"wd": "hinder"}, {"wd": "hold back"}, {"wd": "impede"}, {"wd": "nip"}, {"wd": "obstruct"}, {"wd": "slow (down or up)"}, {"wd": "stem"}], [{"wd": "repress"}, {"wd": "retard"}, {"wd": "stunt"}, {"wd": "suppress"}], [{"wd": "delay"}, {"wd": "interrupt"}, {"wd": "stall"}], [{"wd": "cramp"}, {"wd": "hamper"}, {"wd": "inhibit"}], [{"wd": "cease"}, {"wd": "let up"}, {"wd": "pause"}], [{"wd": "regress"}], [{"wd": "wait"}]], "ant_list": [[{"wd": "remain"}, {"wd": "stand"}, {"wd": "stay"}, {"wd": "stop"}]]}]]]}], "shortdef": ["to move forward along a course"]}, {"meta": {"id": "come around", "uuid": "5721f990-e50b-4475-afcb-816b4d0165d1", "src": "coll_thes", "section": "alpha", "target": {"tuuid": "8076cdb1-dd63-4784-9921-562f8b2194cf", "tsrc": "collegiate"}, "stems": ["come around", "came around", "comes around", "coming around"], "syns": [["come round", "come to", "revive"]], "ants": [], "offensive": false}, "hwi": {"hw": "come around"}, "fl": "verb", "def": [{"sseq": [[["sense", {"dt": [["text", "to gain consciousness again "], ["vis", [{"t": "she {it}came around{/it} surprisingly quickly after falling off the horse"}]]], "syn_list": [[{"wd": "come round"}, {"wd": "come to"}, {"wd": "revive"}]], "rel_list": [[{"wd": "pull through"}, {"wd": "rally"}, {"wd": "recover"}], [{"wd": "awake"}, {"wd": "awaken"}, {"wd": "wake up"}]], "near_list": [[{"wd": "black out"}, {"wd": "faint"}, {"wd": "pass out"}]]}]]]}], "shortdef": ["to gain consciousness again"]}, {"meta": {"id": "come back", "uuid": "54ca6cb2-1faf-41a2-8cee-a3b7afd2a96c", "src": "coll_thes", "section": "alpha", "target": {"tuuid": "c426760f-bc07-470b-856d-89a1eb5f5892", "tsrc": "collegiate"}, "stems": ["come back", "came back", "comes back", "coming back"], "syns": [["convalesce", "gain", "heal", "mend", "pull round", "rally", "recoup", "recover", "recuperate", "snap back"], ["bounce (back)", "rally", "rebound", "recover", "snap back"], ["answer", "rejoin", "reply", "respond", "retort", "return", "riposte"]], "ants": [["ask", "inquire", "question"]], "offensive": false}, "hwi": {"hw": "come back"}, "fl": "verb", "def": [{"sseq": [[["sense", {"sn": "1", "dt": [["text", "to become healthy and strong again after illness or weakness "], ["vis", [{"t": "she's slowly {it}coming back{/it} after being in a coma"}]]], "syn_list": [[{"wd": "convalesce"}, {"wd": "gain"}, {"wd": "heal"}, {"wd": "mend"}, {"wd": "pull round", "wsls": ["chiefly British"]}, {"wd": "rally"}, {"wd": "recoup"}, {"wd": "recover"}, {"wd": "recuperate"}, {"wd": "snap back"}]], "rel_list": [[{"wd": "come around"}, {"wd": "come round"}, {"wd": "come to"}, {"wd": "improve"}, {"wd": "pick up"}, {"wd": "revive"}], [{"wd": "cheer (up)"}, {"wd": "perk (up)"}], [{"wd": "pull through"}, {"wd": "survive"}], [{"wd": "recruit"}]], "near_list": [[{"wd": "ail"}, {"wd": "collapse"}, {"wd": "come down"}, {"wd": "sicken"}], [{"wd": "decline"}, {"wd": "degenerate"}, {"wd": "deteriorate"}, {"wd": "fade"}, {"wd": "fail"}, {"wd": "languish"}, {"wd": "sink"}, {"wd": "waste (away)"}, {"wd": "weaken"}, {"wd": "wilt"}, {"wd": "wither"}, {"wd": "worsen"}], [{"wd": "regress"}, {"wd": "relapse"}]]}]], [["sense", {"sn": "2", "dt": [["text", "to regain a former or normal state "], ["vis", [{"t": "the American bald eagle was once nearly extinct but has {it}come back{/it} strong"}]]], "syn_list": [[{"wd": "bounce (back)"}, {"wd": "rally"}, {"wd": "rebound"}, {"wd": "recover"}, {"wd": "snap back"}]], "rel_list": [[{"wd": "reanimate"}, {"wd": "revitalize"}, {"wd": "revive"}]], "phrase_list": [[{"wd": "make a comeback", "wvrs": [{"wvl": "or", "wva": "stage a comeback"}]}]], "near_list": [[{"wd": "decline"}, {"wd": "fail"}, {"wd": "worsen"}]]}]], [["sense", {"sn": "3", "dt": [["text", "to speak or write in reaction to a question or to another reaction "], ["vis", [{"t": "he {it}came back{/it} with another one of his smart remarks"}]]], "syn_list": [[{"wd": "answer"}, {"wd": "rejoin"}, {"wd": "reply"}, {"wd": "respond"}, {"wd": "retort"}, {"wd": "return"}, {"wd": "riposte"}]], "rel_list": [[{"wd": "acknowledge"}, {"wd": "comment"}, {"wd": "communicate"}, {"wd": "correspond"}, {"wd": "react"}, {"wd": "remark"}], [{"wd": "counter"}, {"wd": "defend"}, {"wd": "deny"}, {"wd": "explain"}, {"wd": "field"}, {"wd": "rebut"}, {"wd": "refute"}]], "near_list": [[{"wd": "challenge"}, {"wd": "cross-examine"}, {"wd": "examine"}, {"wd": "grill"}, {"wd": "interrogate"}, {"wd": "pump"}, {"wd": "quiz"}], [{"wd": "poll"}, {"wd": "query"}, {"wd": "survey"}]], "ant_list": [[{"wd": "ask"}, {"wd": "inquire"}, {"wd": "question"}]]}]]]}], "shortdef": ["to become healthy and strong again after illness or weakness", "to regain a former or normal state", "to speak or write in reaction to a question or to another reaction"]}, {"meta": {"id": "come by", "uuid": "d4293f8a-d622-4390-9083-f1034943427b", "src": "coll_thes", "section": "alpha", "target": {"tuuid": "7a332ac8-7db2-4297-a074-a252244edfaf", "tsrc": "collegiate"}, "stems": ["come by", "came by", "comes by", "coming by"], "syns": [["call", "come over", "drop by", "drop in", "pop (in)", "run (over)", "run in", "step in", "stop (by or in)", "visit"], ["acquire", "attain", "bag", "bring in", "capture", "carry", "draw", "earn", "gain", "garner", "get", "knock down", "land", "make", "obtain", "procure", "pull down", "realize", "reap", "secure", "win"]], "ants": [["forfeit", "lose"]], "offensive": false}, "hwi": {"hw": "come by"}, "fl": "verb", "def": [{"sseq": [[["sense", {"sn": "1", "dt": [["text", "to make a brief visit "], ["vis", [{"t": "{it}come by{/it} after work and I'll give you some clothes for the rummage sale"}]]], "syn_list": [[{"wd": "call"}, {"wd": "come over"}, {"wd": "drop by"}, {"wd": "drop in"}, {"wd": "pop (in)"}, {"wd": "run (over)"}, {"wd": "run in"}, {"wd": "step in"}, {"wd": "stop (by or in)"}, {"wd": "visit"}]], "rel_list": [[{"wd": "barge (in)"}], [{"wd": "look up"}, {"wd": "see"}], [{"wd": "bop (into)"}, {"wd": "happen (by)"}], [{"wd": "frequent"}, {"wd": "hang (at)"}, {"wd": "haunt"}, {"wd": "resort (to)"}]]}]], [["sense", {"sn": "2", "dt": [["text", "to receive as return for effort "], ["vis", [{"t": "a literary award like that isn't easy to {it}come by{/it}"}]]], "syn_list": [[{"wd": "acquire"}, {"wd": "attain"}, {"wd": "bag"}, {"wd": "bring in"}, {"wd": "capture"}, {"wd": "carry"}, {"wd": "draw"}, {"wd": "earn"}, {"wd": "gain"}, {"wd": "garner"}, {"wd": "get"}, {"wd": "knock down"}, {"wd": "land"}, {"wd": "make"}, {"wd": "obtain"}, {"wd": "procure"}, {"wd": "pull down"}, {"wd": "realize"}, {"wd": "reap"}, {"wd": "secure"}, {"wd": "win"}]], "rel_list": [[{"wd": "clear"}, {"wd": "gross"}, {"wd": "net"}], [{"wd": "accomplish"}, {"wd": "achieve"}, {"wd": "notch (up)"}, {"wd": "score"}], [{"wd": "accumulate"}, {"wd": "amass"}, {"wd": "rack up"}], [{"wd": "catch"}, {"wd": "pick up"}], [{"wd": "annex"}, {"wd": "occupy"}, {"wd": "take over"}], [{"wd": "reacquire"}, {"wd": "reattain"}, {"wd": "recapture"}, {"wd": "regain"}, {"wd": "remake"}]], "near_list": [[{"wd": "accord"}, {"wd": "give"}, {"wd": "grant"}, {"wd": "pay"}], [{"wd": "give up"}, {"wd": "hand over"}, {"wd": "part (with)"}, {"wd": "relinquish"}, {"wd": "surrender"}, {"wd": "yield"}]], "ant_list": [[{"wd": "forfeit"}, {"wd": "lose"}]]}]]]}], "shortdef": ["to make a brief visit", "to receive as return for effort"]}, {"meta": {"id": "come down", "uuid": "9bbb4f0b-4a8d-41be-bcfb-78b36a99042c", "src": "coll_thes", "section": "alpha", "target": {"tuuid": "aa1d7a74-b48f-40ff-bcf2-cb8ea7b29887", "tsrc": "collegiate"}, "stems": ["come down", "came down", "comes down", "coming down"], "syns": [["be", "befall", "betide", "chance", "come", "come about", "come off", "cook", "do", "go down", "go on", "hap", "happen", "occur", "pass", "transpire"]], "ants": [], "offensive": false}, "hwi": {"hw": "come down"}, "fl": "verb", "def": [{"sseq": [[["sense", {"dt": [["text", "to take place "], ["vis", [{"t": "let's wait and see what {it}comes down{/it} at the meeting"}]]], "syn_list": [[{"wd": "be"}, {"wd": "befall"}, {"wd": "betide"}, {"wd": "chance"}, {"wd": "come"}, {"wd": "come about"}, {"wd": "come off"}, {"wd": "cook"}, {"wd": "do"}, {"wd": "go down", "wsls": ["slang"]}, {"wd": "go on"}, {"wd": "hap"}, {"wd": "happen"}, {"wd": "occur"}, {"wd": "pass"}, {"wd": "transpire"}]], "rel_list": [[{"wd": "break"}, {"wd": "develop"}, {"wd": "rise"}, {"wd": "shape (up)"}], [{"wd": "arise"}, {"wd": "come up"}, {"wd": "crop (up)"}, {"wd": "materialize"}, {"wd": "spring (up)"}], [{"wd": "intervene"}], [{"wd": "fall out"}, {"wd": "follow"}, {"wd": "result"}, {"wd": "turn out"}], [{"wd": "go off"}, {"wd": "proceed"}]], "phrase_list": [[{"wd": "come to pass"}]]}]]]}], "shortdef": ["to take place"]}, {"meta": {"id": "come down (with)", "uuid": "f9c09e26-6b43-44c0-b9f1-c16d12144080", "src": "coll_thes", "section": "alpha", "stems": ["come down (with)", "come down", "come down with", "came down", "comes down", "coming down"], "syns": [["catch", "contract", "get", "go down (with)", "sicken (with)", "take"]], "ants": [], "offensive": false}, "hwi": {"hw": "come down (with)"}, "fl": "verb", "def": [{"sseq": [[["sense", {"dt": [["text", "to become affected with (a disease or disorder) "], ["vis", [{"t": "I hope that you're not {it}coming down with{/it} a cold"}]]], "syn_list": [[{"wd": "catch"}, {"wd": "contract"}, {"wd": "get"}, {"wd": "go down (with)", "wsls": ["chiefly British"]}, {"wd": "sicken (with)"}, {"wd": "take"}]], "rel_list": [[{"wd": "break out (with)"}], [{"wd": "die (from)"}, {"wd": "succumb (to)"}], [{"wd": "fail"}, {"wd": "languish"}, {"wd": "sink"}, {"wd": "waste (away)"}, {"wd": "weaken"}, {"wd": "wilt"}, {"wd": "wither"}, {"wd": "worsen"}]], "near_list": [[{"wd": "come back"}, {"wd": "gain"}, {"wd": "heal"}, {"wd": "mend"}, {"wd": "recoup"}, {"wd": "recover"}, {"wd": "recuperate"}, {"wd": "snap back"}], [{"wd": "rally"}, {"wd": "rebound"}, {"wd": "recover (from)"}, {"wd": "shake (off)"}]]}]]]}], "shortdef": ["to become affected with (a disease or disorder)"]}]