[{"meta": {"id": "comedy", "uuid": "6e272d1d-d5bd-4727-85e8-94569a235109", "sort": "035459300", "src": "collegiate", "section": "alpha", "stems": ["comedies", "comedy"], "offensive": false}, "hwi": {"hw": "com*e*dy", "prs": [{"mw": "\u02c8k\u00e4-m\u0259-d\u0113", "sound": {"audio": "comedy01", "ref": "c", "stat": "1"}}]}, "fl": "noun", "ins": [{"il": "plural", "ifc": "-dies", "if": "com*e*dies"}], "def": [{"sseq": [[["sense", {"sn": "1 a", "dt": [["text", "{bc}a medieval narrative that ends happily "], ["vis", [{"t": "Dante's Divine {it}Comedy{/it}"}]]]}], ["sense", {"sn": "b", "dt": [["text", "{bc}a literary work written in a comic style or treating a comic theme "], ["vis", [{"t": "the ancient Roman {wi}comedies{/wi} of Plautus"}]]]}]], [["sense", {"sn": "2 a", "dt": [["text", "{bc}a drama of light and amusing character and typically with a happy ending "], ["vis", [{"t": "a {wi}comedy{/wi} about parenthood"}]]]}], ["sense", {"sn": "b", "dt": [["text", "{bc}the genre of dramatic literature dealing with the comic or with the serious in a light or satirical manner {dx}compare {dxt|tragedy||}{/dx}"]]}]], [["sense", {"sn": "3", "dt": [["text", "{bc}a ludicrous or farcical event or series of events "], ["vis", [{"t": "a {wi}comedy{/wi} of errors"}]]]}]], [["sense", {"sn": "4 a", "dt": [["text", "{bc}the comic element "], ["vis", [{"t": "the {wi}comedy{/wi} of many life situations"}]]]}], ["sense", {"sn": "b", "dt": [["text", "{bc}humorous entertainment "], ["vis", [{"t": "nightclub {wi}comedy{/wi}"}]]]}]]]}], "et": [["text", "Middle English, from Medieval Latin {it}comoedia{/it}, from Latin, drama with a happy ending, from Greek {it}k\u014dm\u014didia{/it}, from {it}k\u014dmos{/it} revel + {it}aeidein{/it} to sing {ma}{mat|ode|}{/ma}"]], "date": "14th century{ds||1|a|}", "shortdef": ["a medieval narrative that ends happily", "a literary work written in a comic style or treating a comic theme", "a drama of light and amusing character and typically with a happy ending"]}, {"meta": {"id": "comedy drama", "uuid": "900d4132-2adf-4139-8d16-944a2eee3acf", "sort": "035459400", "src": "collegiate", "section": "alpha", "stems": ["comedy drama", "comedy dramas"], "offensive": false}, "hwi": {"hw": "comedy drama"}, "fl": "noun", "def": [{"sseq": [[["sense", {"dt": [["text", "{bc}serious drama that has comic elements"]]}]]]}], "date": "1838", "shortdef": ["serious drama that has comic elements"]}, {"meta": {"id": "comedy of manners", "uuid": "aa3f3e42-904a-40d2-972f-87f81cbd90b2", "sort": "035459500", "src": "collegiate", "section": "alpha", "stems": ["comedy of manners"], "offensive": false}, "hwi": {"hw": "comedy of manners"}, "fl": "noun phrase", "def": [{"sseq": [[["sense", {"dt": [["text", "{bc}comedy that satirically portrays the manners and fashions of a particular class or set"]]}]]]}], "date": "1822", "shortdef": ["comedy that satirically portrays the manners and fashions of a particular class or set"]}, {"meta": {"id": "comedy of errors", "uuid": "dd7846a1-5dfc-406a-a115-db689022a683", "sort": "3003624000", "src": "ld", "section": "idioms", "stems": ["comedy of errors"], "offensive": false}, "hwi": {"hw": "comedy of errors"}, "fl": "noun phrase", "def": [{"sseq": [[["sense", {"dt": [["text", "{bc}an event or series of events made ridiculous by the number of errors that were made throughout "], ["vis", [{"t": "The project was a {it}comedy of errors{/it}."}]]]}]]]}], "shortdef": ["an event or series of events made ridiculous by the number of errors that were made throughout"]}, {"meta": {"id": "high comedy", "uuid": "f1c18d1a-d280-40d4-8ff6-c4af7aa67efe", "sort": "080179400", "src": "collegiate", "section": "alpha", "stems": ["high comedies", "high comedy"], "offensive": false}, "hwi": {"hw": "high comedy"}, "fl": "noun", "def": [{"sseq": [[["sense", {"dt": [["text", "{bc}comedy employing subtle characterizations and witty dialogue {dx}compare {dxt|low comedy||}{/dx}"]]}]]]}], "date": "1707", "shortdef": ["comedy employing subtle characterizations and witty dialogue"]}, {"meta": {"id": "low comedy", "uuid": "7c60309c-d3a9-4dbd-bab9-0c4b788bae54", "sort": "120267100", "src": "collegiate", "section": "alpha", "stems": ["low comedies", "low comedy"], "offensive": false}, "hwi": {"hw": "low comedy"}, "fl": "noun", "def": [{"sseq": [[["sense", {"dt": [["text", "{bc}comedy employing burlesque, horseplay, or the representation of low life {dx}compare {dxt|high comedy||}{/dx}"]]}]]]}], "date": "1608", "shortdef": ["comedy employing burlesque, horseplay, or the representation of low life"]}, {"meta": {"id": "musical comedy", "uuid": "2c4dfb03-560b-402f-b41d-7ba9ddad7e54", "sort": "134891000", "src": "collegiate", "section": "alpha", "stems": ["musical comedies", "musical comedy"], "offensive": false}, "hwi": {"hw": "musical comedy"}, "fl": "noun", "def": [{"sseq": [[["sense", {"dt": [["text", "{bc}{sx|musical||2}"]]}]]]}], "date": "1765", "shortdef": ["musical"]}, {"meta": {"id": "romantic comedy", "uuid": "99b0fb63-444d-44b1-9bca-cecafb25f2b5", "sort": "183739000", "src": "collegiate", "section": "alpha", "stems": ["romantic comedies", "romantic comedy"], "offensive": false}, "hwi": {"hw": "romantic comedy"}, "fl": "noun", "ins": [{"il": "plural", "if": "romantic comedies"}], "def": [{"sseq": [[["sense", {"dt": [["text", "{bc}a light, comic movie or other work whose plot focuses on the development of a romantic relationship "], ["vis", [{"t": "This brings us to {wi}romantic comedies{/wi}. \u2026 They make money, spawn franchises, and are popular in books, movies, and on television. Sexual tension is fun to watch, and we like rooting for a will-they-won't-they couple.", "aq": {"auth": "Elizabeth Logan"}}]]], "sdsense": {"sd": "also", "dt": [["text", "{bc}this style or genre of work "], ["vis", [{"t": "an actor with a talent for {wi}romantic comedy{/wi}"}]], ["ca", {"intro": "called also", "cats": [{"cat": "rom-com"}]}]]}}]]]}], "date": "1818", "shortdef": ["a light, comic movie or other work whose plot focuses on the development of a romantic relationship; also : this style or genre of work \u2014called also rom-com"]}, {"meta": {"id": "situation comedy", "uuid": "d947c763-b6d9-4ce5-89ef-bf9f42ac1d8b", "sort": "194437400", "src": "collegiate", "section": "alpha", "stems": ["situation comedies", "situation comedy"], "offensive": false}, "hwi": {"hw": "situation comedy"}, "fl": "noun", "def": [{"sseq": [[["sense", {"dt": [["text", "{bc}a radio or television comedy series that involves a continuing cast of characters in a succession of episodes"]]}]]]}], "date": "1932", "shortdef": ["a radio or television comedy series that involves a continuing cast of characters in a succession of episodes"]}]