[{"meta": {"id": "crept", "uuid": "7170ade6-953b-46a5-8b80-fbe0f9231385", "sort": "035709000", "src": "collegiate", "section": "alpha", "stems": ["creep", "crept"], "offensive": false}, "hwi": {"hw": "crept"}, "cxs": [{"cxl": "past tense and past participle of", "cxtis": [{"cxt": "creep"}]}], "shortdef": []}, {"meta": {"id": "creep:1", "uuid": "bb54da86-0605-4cf1-8c32-b776909d1e48", "sort": "035704800", "src": "collegiate", "section": "alpha", "stems": ["creep", "creeping", "creeps", "crept"], "offensive": false}, "hom": 1, "hwi": {"hw": "creep", "prs": [{"mw": "\u02c8kr\u0113p", "sound": {"audio": "creep001", "ref": "c", "stat": "1"}}]}, "fl": "verb", "ins": [{"if": "crept", "prs": [{"mw": "\u02c8krept", "sound": {"audio": "creep002", "ref": "c", "stat": "1"}}]}, {"if": "creep*ing"}], "def": [{"vd": "intransitive verb", "sseq": [[["sense", {"sn": "1 a", "dt": [["text", "{bc}to move along with the body prone and close to the ground "], ["vis", [{"t": "A spider was {wi}creeping{/wi} along the bathroom floor."}]]]}], ["sense", {"sn": "b", "dt": [["text", "{bc}to move slowly on hands and knees "], ["vis", [{"t": "He {it}crept{/it} toward the edge of the cliff."}]]]}]], [["sense", {"sn": "2 a", "dt": [["text", "{bc}to go very slowly "], ["vis", [{"t": "The hours {it}crept{/it} by."}]]]}], ["sense", {"sn": "b", "dt": [["text", "{bc}to go timidly or cautiously so as to escape notice "], ["vis", [{"t": "She {it}crept{/it} away from the festive scene."}]]]}], ["sense", {"sn": "c", "dt": [["text", "{bc}to enter or advance gradually so as to be almost unnoticed "], ["vis", [{"t": "Age {wi}creeps{/wi} up on us."}, {"t": "A note of irritation {it}crept{/it} into her voice."}]]]}]], [["sense", {"sn": "3", "dt": [["text", "{bc}to have the sensation of being covered with {a_link|creeping} things "], ["vis", [{"t": "The thought made his flesh {wi}creep{/wi}."}]]]}]], [["sense", {"sn": "4", "sls": ["of a plant"], "dt": [["text", "{bc}to spread or grow over a surface rooting at intervals or clinging with tendrils, stems, or aerial roots"]]}]], [["sense", {"sn": "5 a", "dt": [["text", "{bc}to slip or gradually shift position "], ["vis", [{"t": "The high temperatures of the jet engine cause the turbine blade to {wi}creep{/wi}."}]]]}], ["sense", {"sn": "b", "dt": [["text", "{bc}to change shape permanently from prolonged stress or exposure to high temperatures"]]}]]]}], "et": [["text", "Middle English {it}crepen{/it}, from Old English {it}cr\u0113opan{/it}; akin to Old Norse {it}krj\u016bpa{/it} to creep"]], "date": "before 12th century{ds||1|a|}", "shortdef": ["to move along with the body prone and close to the ground", "to move slowly on hands and knees", "to go very slowly"]}, {"meta": {"id": "creep out", "uuid": "c55a345b-84b6-421b-ad4c-2349dbff0974", "sort": "3004142000", "src": "ld", "section": "idioms", "stems": ["creep out", "creeped out", "creeping out", "creeps out", "crept out"], "offensive": false}, "hwi": {"hw": "creep out"}, "fl": "phrasal verb", "ins": [{"if": "creeped out"}, {"if": "creep*ing out"}, {"if": "creeps out"}], "def": [{"sls": ["US", "informal"], "sseq": [[["sense", {"dt": [["text", "{bc}to cause (someone) to have an uncomfortable feeling of nervousness or fear {bc}to give (someone) the creeps "], ["vis", [{"t": "That guy really {it}creeps{/it} me {it}out{/it}."}, {"t": "I felt {it}creeped out{/it} being alone in the office at night."}]]]}]]]}], "shortdef": ["to cause (someone) to have an uncomfortable feeling of nervousness or fear : to give (someone) the creeps"]}, {"meta": {"id": "creep up on", "uuid": "4eb779c0-b3b9-455e-bf09-353edc94adc9", "sort": "3004143000", "src": "ld", "section": "idioms", "stems": ["creep up", "creep up on", "creeped up", "creeping up", "creeping up on", "creeps up", "creeps up on", "crept up", "crept up on"], "offensive": false}, "hwi": {"hw": "creep up on"}, "fl": "phrasal verb", "ins": [{"if": "crept up on"}, {"if": "creep*ing up on"}, {"if": "creeps up on"}], "def": [{"sls": ["informal"], "sseq": [[["sense", {"dt": [["text", "{bc}to slowly and quietly move closer to (someone) without being noticed "], ["vis", [{"t": "We tried to {it}creep up on{/it} them but they heard our footsteps."}]], ["uns", [[["text", "often used figuratively "], ["vis", [{"t": "Old age {it}creeps up on{/it} us."}, {"t": "The deadline had {it}crept up on{/it} them."}]]]]]]}]]]}], "shortdef": ["to slowly and quietly move closer to (someone) without being noticed \u2014often used figuratively"]}]