[{"meta": {"id": "crib:1", "uuid": "2972b865-9b8e-41c5-825c-65a5daf2a9d3", "sort": "035712900", "src": "collegiate", "section": "alpha", "stems": ["crib", "cribs"], "offensive": false}, "hom": 1, "hwi": {"hw": "crib", "prs": [{"mw": "\u02c8krib", "sound": {"audio": "crib0001", "ref": "c", "stat": "1"}}]}, "fl": "noun", "def": [{"sseq": [[["sense", {"sn": "1", "dt": [["text", "{bc}a manger for feeding animals"]]}]], [["bs", {"sense": {"sn": "2", "dt": [["text", "{bc}an enclosure especially of framework: such as"]]}}], ["sense", {"sn": "a", "dt": [["text", "{bc}a stall for a stabled animal"]]}], ["sense", {"sn": "b", "dt": [["text", "{bc}a small child's bedstead with high enclosing usually slatted sides"]]}], ["sense", {"sn": "c", "dt": [["text", "{bc}any of various devices resembling a crate or framework in structure"]]}], ["sense", {"sn": "d", "dt": [["text", "{bc}a building for storage {bc}{sx|bin||}"]]}]], [["sense", {"sn": "3 a", "dt": [["text", "{bc}a small narrow room or dwelling {bc}{sx|hut||}, {sx|shack||}"]]}], ["sense", {"sn": "b", "dt": [["text", "{bc}a room or shack used for prostitution"]]}]], [["sense", {"sn": "4", "dt": [["text", "{bc}the cards discarded in {a_link|cribbage} for the dealer to use in scoring"]]}]], [["sense", {"sn": "5 a", "dt": [["text", "{bc}a small theft"]]}], ["sense", {"sn": "b", "dt": [["text", "{bc}{sx|plagiarism||}"]]}], ["sense", {"sn": "c", "dt": [["text", "{bc}a literal translation"]], "sdsense": {"sd": "especially", "dt": [["text", "{bc}{sx|pony||3}"]]}}], ["sense", {"sn": "d", "dt": [["text", "{bc}a summary and key to understanding a literary work"]]}], ["sense", {"sn": "e", "dt": [["text", "{bc}something used for cheating in an examination"]]}]], [["sense", {"sn": "6", "dt": [["text", "{bc}{sx|cr\u00e8che||1}"]]}]]]}], "et": [["text", "Middle English, from Old English {it}cribb{/it}; akin to Old High German {it}krippa{/it} manger, and perhaps to Greek {it}griphos{/it} reed basket"]], "date": "before 12th century{ds||1||}", "shortdef": ["a manger for feeding animals", "an enclosure especially of framework: such as", "a stall for a stabled animal"]}, {"meta": {"id": "crib:2", "uuid": "3d3647b4-b9f7-4123-a017-d92ebd5a35f2", "sort": "035713000", "src": "collegiate", "section": "alpha", "stems": ["crib", "cribbed", "cribber", "cribbers", "cribbing", "cribs"], "offensive": false}, "hom": 2, "hwi": {"hw": "crib"}, "fl": "verb", "ins": [{"if": "cribbed"}, {"if": "crib*bing"}], "def": [{"vd": "transitive verb", "sseq": [[["sense", {"sn": "1", "dt": [["text", "{bc}{sx|confine||}, {sx|cramp||}"]]}]], [["sense", {"sn": "2", "dt": [["text", "{bc}to provide with or put into a crib"]], "sdsense": {"sd": "especially", "dt": [["text", "{bc}to line or support with a framework of timber"]]}}]], [["sense", {"sn": "3", "dt": [["text", "{bc}{sx|pilfer||}, {sx|steal||}"]], "sdsense": {"sd": "especially", "dt": [["text", "{bc}{sx|plagiarize||}"]]}}]]]}, {"vd": "intransitive verb", "sseq": [[["sense", {"sn": "1 a", "dt": [["text", "{bc}{sx|steal||}, {sx|plagiarize||}"]]}], ["sense", {"sn": "b", "dt": [["text", "{bc}to use a crib {bc}{sx|cheat||}"]]}]], [["sense", {"sn": "2", "dt": [["text", "{bc}to have the vice of {a_link|cribbing}"]]}]]]}], "uros": [{"ure": "crib*ber", "fl": "noun"}], "date": "1605{ds|t|1||}", "shortdef": ["confine, cramp", "to provide with or put into a crib; especially : to line or support with a framework of timber", "pilfer, steal; especially : plagiarize"]}, {"meta": {"id": "crib biting", "uuid": "4a5d2990-3bba-41ba-bfc2-343780747177", "sort": "035713300", "src": "collegiate", "section": "alpha", "stems": ["crib biting"], "offensive": false}, "hwi": {"hw": "crib biting"}, "fl": "noun", "def": [{"sseq": [[["sense", {"dt": [["text", "{bc}{sx|cribbing||2}"]]}]]]}], "date": "1831", "shortdef": ["cribbing"]}, {"meta": {"id": "crib death", "uuid": "be9746d5-e1a0-4d47-974c-23010735f0fc", "sort": "035713400", "src": "collegiate", "section": "alpha", "stems": ["cot death", "cot deaths", "crib death", "crib deaths"], "offensive": false}, "hwi": {"hw": "crib death"}, "vrs": [{"vl": "US", "va": "crib death"}, {"vl": "or British", "va": "cot death"}], "fl": "noun", "def": [{"sseq": [[["sense", {"dt": [["text", "{bc}death of a baby while sleeping that occurs for no known reason {bc}{sx|sudden infant death syndrome||} "], ["vis", [{"t": "\u2026 in the conditions of early modern Europe, {wi}crib death{/wi} was all too real.", "aq": {"auth": "Simon Schama"}}]]]}]]]}], "date": "1944", "shortdef": ["death of a baby while sleeping that occurs for no known reason : sudden infant death syndrome"]}, {"meta": {"id": "crib sheet", "uuid": "689bbcf3-7c11-453d-9106-b9f6215c3138", "sort": "035713600", "src": "collegiate", "section": "alpha", "stems": ["crib sheet"], "offensive": false}, "hwi": {"hw": "crib sheet"}, "fl": "noun", "def": [{"sseq": [[["sense", {"dt": [["text", "{bc}{sx|cheat sheet||}"]]}]]]}], "date": "circa 1940", "shortdef": ["cheat sheet"]}, {"meta": {"id": "sudden infant death syndrome", "uuid": "b95e31fc-32ef-4957-a6ba-00df66c4d8c5", "sort": "194921900", "src": "collegiate", "section": "alpha", "stems": ["crib death", "sudden infant death syndrome", "sudden infant death syndromes"], "offensive": false}, "hwi": {"hw": "sudden infant death syndrome"}, "fl": "noun", "def": [{"sseq": [[["sense", {"dt": [["text", "{bc}death of an apparently healthy infant usually before one year of age that is of unknown cause and occurs especially during sleep "], ["uns", [[["text", "abbreviation {it}SIDS{/it}"]]]], ["ca", {"intro": "called also", "cats": [{"cat": "crib death"}]}]]}]]]}], "date": "1969", "shortdef": ["death of an apparently healthy infant usually before one year of age that is of unknown cause and occurs especially during sleep \u2014abbreviation SIDS\u2014called also crib death"]}]