[{"meta": {"id": "daddy", "uuid": "d36ea2ae-3cd9-43c0-8708-2978f706891f", "src": "coll_thes", "section": "alpha", "target": {"tuuid": "1d07dcd2-3a71-498b-8fc5-8a731434bf06", "tsrc": "collegiate"}, "stems": ["daddy", "daddies"], "syns": [["dad", "father", "old man", "pa", "papa", "pater", "pop", "sire"], ["ancestor", "antecedent", "archetype", "foregoer", "forerunner", "granddaddy", "precursor", "predecessor", "prototype"]], "ants": [["descendant"]], "offensive": false}, "hwi": {"hw": "daddy"}, "fl": "noun", "def": [{"sseq": [[["sense", {"sn": "1", "dt": [["text", "a male human parent "], ["vis", [{"t": "I stopped calling my father {ldquo}{it}Daddy{/it}{rdquo} because I thought it sounded childish"}]]], "syn_list": [[{"wd": "dad"}, {"wd": "father"}, {"wd": "old man"}, {"wd": "pa"}, {"wd": "papa", "wvrs": [{"wvl": "also", "wva": "poppa"}]}, {"wd": "pater", "wsls": ["chiefly British"]}, {"wd": "pop"}, {"wd": "sire"}]], "rel_list": [[{"wd": "paterfamilias"}, {"wd": "patriarch"}], [{"wd": "father figure"}, {"wd": "father image"}], [{"wd": "stepfather"}]]}]], [["sense", {"sn": "2", "dt": [["text", "something belonging to an earlier time from which something else was later developed "], ["vis", [{"t": "Cook's Tours can be considered the {it}daddy{/it} of all organized travel tours"}]]], "syn_list": [[{"wd": "ancestor"}, {"wd": "antecedent"}, {"wd": "archetype"}, {"wd": "foregoer"}, {"wd": "forerunner"}, {"wd": "granddaddy", "wvrs": [{"wvl": "also", "wva": "grandaddy"}]}, {"wd": "precursor"}, {"wd": "predecessor"}, {"wd": "prototype"}]], "rel_list": [[{"wd": "model"}, {"wd": "original"}], [{"wd": "originator"}, {"wd": "sire"}], [{"wd": "father"}, {"wd": "mother"}]], "near_list": [[{"wd": "by-product"}, {"wd": "derivative"}, {"wd": "offshoot"}, {"wd": "outgrowth"}, {"wd": "spin-off"}], [{"wd": "daughter"}, {"wd": "son"}]], "ant_list": [[{"wd": "descendant", "wvrs": [{"wvl": "also", "wva": "descendent"}]}]]}]]]}], "shortdef": ["a male human parent", "something belonging to an earlier time from which something else was later developed"]}, {"meta": {"id": "sugar daddy", "uuid": "7325e856-d615-4cb9-8332-3720c8bb1a09", "src": "coll_thes", "section": "alpha", "target": {"tuuid": "3f3f1551-7230-4f98-ac51-8c2f50b44c1c", "tsrc": "collegiate"}, "stems": ["sugar daddy", "sugar daddies"], "syns": [["angel", "benefactor", "donator", "donor", "fairy godmother", "Maecenas", "patron"]], "ants": [], "offensive": false}, "hwi": {"hw": "sugar daddy"}, "fl": "noun", "def": [{"sseq": [[["sense", {"dt": [["text", "one that helps another with gifts or money "], ["vis", [{"t": "the only reason the town has any Independence Day fireworks in the first place is because the Internet tycoon has willingly become the event's de facto {it}sugar daddy{/it}"}]]], "syn_list": [[{"wd": "angel"}, {"wd": "benefactor"}, {"wd": "donator"}, {"wd": "donor"}, {"wd": "fairy godmother"}, {"wd": "Maecenas"}, {"wd": "patron"}]], "rel_list": [[{"wd": "benefactress"}, {"wd": "patroness"}], [{"wd": "almoner"}, {"wd": "almsgiver"}, {"wd": "philanthropist"}], [{"wd": "altruist"}, {"wd": "bestower"}, {"wd": "contributor"}, {"wd": "giver"}], [{"wd": "helper"}, {"wd": "subscriber"}, {"wd": "supporter"}], [{"wd": "guardian angel"}, {"wd": "protector"}, {"wd": "savior", "wvrs": [{"wvl": "or", "wva": "saviour"}]}]], "near_list": [[{"wd": "beneficiary"}, {"wd": "donee"}, {"wd": "giftee"}, {"wd": "recipient"}]]}]]]}], "shortdef": ["one that helps another with gifts or money"]}, {"meta": {"id": "mack daddy", "uuid": "50317294-6bd1-4420-a14b-5c4addf342c5", "src": "CTcompile", "section": "alpha", "stems": ["mack daddy"], "syns": [["cadet", "fancy man", "pander", "pimp", "procurer"]], "ants": [], "offensive": false}, "hwi": {"hw": "mack daddy"}, "fl": "noun", "sls": ["slang"], "def": [{"sseq": [[["sense", {"dt": [["text", "as in {it}pimp{/it}, {it}cadet{/it}"]], "sim_list": [[{"wd": "cadet", "wsls": ["slang"]}, {"wd": "fancy man"}, {"wd": "pander"}, {"wd": "pimp"}, {"wd": "procurer"}]]}]]]}], "shortdef": ["as in pimp, cadet"]}]