[{"meta": {"id": "death", "uuid": "60d28156-1203-46b9-9bf3-de255bdcbf25", "sort": "040458000", "src": "collegiate", "section": "alpha", "stems": ["at death's door", "death", "deaths", "to death"], "offensive": false}, "hwi": {"hw": "death", "prs": [{"mw": "\u02c8deth", "sound": {"audio": "death001", "ref": "c", "stat": "1"}}]}, "fl": "noun", "def": [{"sseq": [[["sense", {"sn": "1 a", "dt": [["text", "{bc}a permanent {d_link|cessation|cessation} of all vital {dx_def}see {dxt|vital||2a}{/dx_def} functions {bc}the end of life "], ["vis", [{"t": "The cause of {wi}death{/wi} has not been determined."}, {"t": "managed to escape {wi}death{/wi}"}, {"t": "prisoners were put to {wi}death{/wi}"}, {"t": "{wi}death{/wi} threats"}]], ["text", " {dx}compare {dxt|brain death||}{/dx}"]]}], ["sense", {"sn": "b", "dt": [["text", "{bc}an instance of dying "], ["vis", [{"t": "a disease causing many {wi}deaths{/wi}"}, {"t": "lived there until her {wi}death{/wi}"}]]]}]], [["sense", {"sn": "2 a", "dt": [["text", "{bc}the cause or occasion of loss of life "], ["vis", [{"t": "drinking was the {wi}death{/wi} of him"}]]]}], ["sense", {"sn": "b", "dt": [["text", "{bc}a cause of ruin "], ["vis", [{"t": "the slander that was {wi}death{/wi} to my character", "aq": {"auth": "Wilkie Collins"}}, {"t": "The drought was {wi}death{/wi} to the farm."}]]]}]], [["sense", {"sn": "3", "lbs": ["capitalized"], "sls": ["folklore"], "dt": [["text", "{bc}the destroyer of life represented usually as a skeleton with a scythe "], ["vis", [{"t": "when {wi}death{/wi} comes to take me away"}]]]}]], [["sense", {"sn": "4", "dt": [["text", "{bc}the state of being no longer alive {bc}the state of being dead"]]}]], [["sense", {"sn": "5 a", "dt": [["text", "{bc}the passing or destruction of something {d_link|inanimate|inanimate} "], ["vis", [{"t": "the {wi}death{/wi} of vaudeville"}]]]}], ["sense", {"sn": "b", "dt": [["text", "{bc}{sx|extinction||} "], ["vis", [{"t": "the {wi}death{/wi} of the dinosaurs"}]]]}]], [["sense", {"sn": "6", "sls": ["law"], "dt": [["text", "{bc}{sx|civil death||}"]]}]], [["sense", {"sn": "7", "dt": [["text", "{bc}{sx|slaughter||} "], ["vis", [{"t": "{wi}death{/wi} and destruction"}]]]}]], [["sense", {"sn": "8", "sls": ["Christian Science"], "dt": [["text", "{bc}the lie of life in matter {bc}that which is unreal and untrue"]]}]]]}], "dros": [{"drp": "at death's door", "def": [{"sseq": [[["sense", {"dt": [["text", "{bc}close to death {bc}critically ill"]]}]]]}]}, {"drp": "to death", "def": [{"sseq": [[["sense", {"dt": [["text", "{bc}beyond endurance {bc}{sx|excessively||} "], ["vis", [{"t": "bored {it}to death{/it}"}, {"t": "scared {wi}to death{/wi} of spiders"}, {"t": "I am sick {wi}to death{/wi} of hearing your excuses."}, {"t": "Most high rollers prefer Atlantic City and Las Vegas, where they are comped {wi}to death{/wi} and have more diversions.", "aq": {"auth": "William G. Flanagan et al."}}]]]}]]]}]}], "et": [["text", "Middle English {it}deeth{/it}, from Old English {it}d\u0113ath{/it}; akin to Old Norse {it}dauthi{/it} death, {it}deyja{/it} to die {ma}{mat|die|}{/ma}"]], "date": "before 12th century{ds||1|a|}", "shortdef": ["a permanent cessation of all vital functions : the end of life", "an instance of dying", "the cause or occasion of loss of life"]}, {"meta": {"id": "death benefit", "uuid": "b91223e4-377b-4fc6-b932-d70717ec22cd", "sort": "040460000", "src": "collegiate", "section": "alpha", "stems": ["death benefit", "death benefits"], "offensive": false}, "hwi": {"hw": "death benefit"}, "fl": "noun", "def": [{"sseq": [[["sense", {"dt": [["text", "{bc}money payable to the beneficiary of a deceased"]]}]]]}], "date": "1867", "shortdef": ["money payable to the beneficiary of a deceased"]}, {"meta": {"id": "death blow", "uuid": "6c60e947-f297-48d3-ac43-2317e7dc6d1b", "sort": "040461000", "src": "collegiate", "section": "alpha", "stems": ["death blow", "death blows", "deathblow", "deathblows"], "offensive": false}, "hwi": {"hw": "death blow"}, "vrs": [{"vl": "or", "va": "death*blow", "prs": [{"mw": "\u02c8deth-\u02ccbl\u014d", "sound": {"audio": "deathb02", "ref": "c", "stat": "1"}}]}], "fl": "noun", "def": [{"sseq": [[["sense", {"sn": "1", "dt": [["text", "{bc}a forcible stroke that kills a living thing {bc}an act that ends the life of a person or animal "], ["vis", [{"t": "A gaping wound in the back of his head suggests the {wi}death blow{/wi} was delivered by a halberd, a bladed pole weapon favored in the 15th century.", "aq": {"auth": "Rachel Ehrenberg"}}, {"t": "\u2026 the tooth helps to dislocate the prey's neck vertebrae, the {wi}death blow{/wi} most often dealt to small mammals and birds.", "aq": {"auth": "Sarah A. Sloane"}}]]]}]], [["sense", {"sn": "2", "dt": [["text", "{bc}an act or event that causes the end or failure of something "], ["vis", [{"t": " It shows how investors with risky business plans, unrealistic financial assumptions, and competing agendas can deliver a {wi}death blow{/wi} to companies that otherwise could have survived.", "aq": {"auth": "Emily Thornton"}}, {"t": "Nevis's fortunes declined after 1822, when the European sugar beet dealt a {wi}deathblow{/wi} to the distant, inefficient cane mills of the Indies.", "aq": {"auth": "Peter Theroux"}}]]]}]]]}], "date": "circa 1586{ds||1||}", "shortdef": ["a forcible stroke that kills a living thing : an act that ends the life of a person or animal", "an act or event that causes the end or failure of something"]}, {"meta": {"id": "death camas", "uuid": "c2ceb93c-4a58-4f54-ac6d-9ccc23b05a19", "sort": "040462000", "src": "collegiate", "section": "alpha", "stems": ["death camas", "death camases"], "offensive": false}, "hwi": {"hw": "death camas"}, "fl": "noun", "def": [{"sseq": [[["sense", {"dt": [["text", "{bc}any of several plants (genus {it}Zigadenus{/it}) of the lily family that cause poisoning of livestock in the western U.S."]]}]]]}], "date": "1856", "shortdef": ["any of several plants (genus Zigadenus) of the lily family that cause poisoning of livestock in the western U.S."]}, {"meta": {"id": "death camp", "uuid": "a4e6f546-05cb-4cbf-9269-bd8158d8a3f6", "sort": "040463000", "src": "collegiate", "section": "alpha", "stems": ["death camp", "death camps"], "offensive": false}, "hwi": {"hw": "death camp"}, "fl": "noun", "def": [{"sseq": [[["sense", {"dt": [["text", "{bc}a concentration camp in which large numbers of prisoners are systematically killed"]]}]]]}], "date": "1944", "shortdef": ["a concentration camp in which large numbers of prisoners are systematically killed"]}, {"meta": {"id": "death cap", "uuid": "dfe49043-3f21-40a8-b29a-52fe0d139f40", "sort": "040464000", "src": "collegiate", "section": "alpha", "stems": ["death cap", "death cup"], "offensive": false}, "hwi": {"hw": "death cap"}, "fl": "noun", "def": [{"sseq": [[["sense", {"dt": [["text", "{bc}a very poisonous mushroom ({it}Amanita phalloides{/it}) of deciduous woods of North America and Europe that varies in color from pure white to olive or yellow and has a prominent volva at the base "], ["ca", {"intro": "called also", "cats": [{"cat": "death cup"}]}]]}]]]}], "date": "1925", "shortdef": ["a very poisonous mushroom (Amanita phalloides) of deciduous woods of North America and Europe that varies in color from pure white to olive or yellow and has a prominent volva at the base \u2014called also death cup"]}, {"meta": {"id": "death duty", "uuid": "0bcb01b9-ec1e-448b-875e-28b90c77f5a8", "sort": "040466000", "src": "collegiate", "section": "alpha", "stems": ["death duties", "death duty"], "offensive": false}, "hwi": {"hw": "death duty"}, "fl": "noun", "def": [{"sls": ["chiefly British"], "sseq": [[["sense", {"dt": [["text", "{bc}{sx|death tax||}"]]}]]]}], "date": "1852", "shortdef": ["death tax"]}, {"meta": {"id": "death grip", "uuid": "e5f6d1cb-f560-4a5d-b5fa-c21f3811cbbe", "sort": "040467000", "src": "collegiate", "section": "alpha", "stems": ["death grip", "death grips"], "offensive": false}, "hwi": {"hw": "death grip"}, "fl": "noun", "def": [{"sseq": [[["sense", {"sn": "1", "dt": [["text", "{bc}an extremely tight grip caused especially by fear"]]}]], [["sense", {"sn": "2", "dt": [["text", "{bc}{sx|hold||3b} "], ["vis", [{"t": "maintained their {it}death grip{/it} on overseas markets"}]]]}]]]}], "date": "1792{ds||1||}", "shortdef": ["an extremely tight grip caused especially by fear", "hold"]}, {"meta": {"id": "death instinct", "uuid": "d88074bc-4094-44c7-a1f5-6a7147e8dfc6", "sort": "040468000", "src": "collegiate", "section": "alpha", "stems": ["Thanatos", "death instinct", "death instincts"], "offensive": false}, "hwi": {"hw": "death instinct"}, "fl": "noun", "def": [{"sseq": [[["sense", {"dt": [["text", "{bc}an innate and unconscious tendency toward self-destruction postulated in psychoanalytic theory to explain aggressive and destructive behavior not satisfactorily explained by the pleasure principle "], ["ca", {"intro": "called also", "cats": [{"cat": "Thanatos"}]}], ["text", " {dx}compare {dxt|eros||2}{/dx}"]]}]]]}], "date": "1921", "shortdef": ["an innate and unconscious tendency toward self-destruction postulated in psychoanalytic theory to explain aggressive and destructive behavior not satisfactorily explained by the pleasure principle \u2014called also Thanatos"]}, {"meta": {"id": "death mask", "uuid": "1f99f820-8aef-4458-9fde-f7b90d7b6014", "sort": "040471000", "src": "collegiate", "section": "alpha", "stems": ["death mask", "death masks"], "offensive": false}, "hwi": {"hw": "death mask"}, "fl": "noun", "def": [{"sseq": [[["sense", {"dt": [["text", "{bc}a cast taken from the face of a dead person"]]}]]]}], "date": "1838", "shortdef": ["a cast taken from the face of a dead person"]}]