[{"meta": {"id": "death", "uuid": "9ab30f60-66e4-411c-a5fd-445b6fb3483e", "src": "coll_thes", "section": "alpha", "target": {"tuuid": "60d28156-1203-46b9-9bf3-de255bdcbf25", "tsrc": "collegiate"}, "stems": ["death", "at death's door", "deaths"], "syns": [["curtains", "decease", "demise", "dissolution", "doom", "end", "exit", "expiration", "expiry", "fate", "grave", "great divide", "passage", "passing", "quietus", "sleep"], ["dead", "deadness", "grave", "lifelessness", "nothingness", "sleep"], ["demise", "expiration", "expiry", "termination"], ["destruction", "downfall", "ruin", "ruination", "undoing"], ["bloodbath", "butchery", "carnage", "holocaust", "massacre", "slaughter"]], "ants": [["birth", "nativity"], ["existence", "life"], ["alpha", "beginning", "birth", "commencement", "creation", "dawn", "genesis", "inception", "incipience", "incipiency", "launch", "morning", "onset", "outset", "start"]], "offensive": false}, "hwi": {"hw": "death"}, "fl": "noun", "def": [{"sseq": [[["sense", {"sn": "1", "dt": [["text", "the permanent stopping of all the vital bodily activities "], ["vis", [{"t": "we were all saddened by the {it}death{/it} of our friend"}]]], "syn_list": [[{"wd": "curtains"}, {"wd": "decease"}, {"wd": "demise"}, {"wd": "dissolution"}, {"wd": "doom"}, {"wd": "end"}, {"wd": "exit"}, {"wd": "expiration"}, {"wd": "expiry"}, {"wd": "fate"}, {"wd": "grave"}, {"wd": "great divide"}, {"wd": "passage"}, {"wd": "passing"}, {"wd": "quietus"}, {"wd": "sleep"}]], "rel_list": [[{"wd": "casualty"}, {"wd": "fatality"}], [{"wd": "martyrdom"}, {"wd": "self-destruction"}, {"wd": "self-murder"}, {"wd": "self-slaughter"}, {"wd": "suicide"}], [{"wd": "annihilation"}, {"wd": "destruction"}, {"wd": "ending"}, {"wd": "extermination"}, {"wd": "ruin"}], [{"wd": "assassination"}, {"wd": "execution"}, {"wd": "killing"}, {"wd": "massacre"}, {"wd": "slaughter"}]], "near_list": [[{"wd": "existence"}, {"wd": "life"}], [{"wd": "creation"}, {"wd": "genesis"}, {"wd": "origination"}, {"wd": "rise"}]], "ant_list": [[{"wd": "birth"}, {"wd": "nativity"}]]}]], [["sense", {"sn": "2", "dt": [["text", "the state of being dead "], ["vis", [{"t": "{it}death{/it} is one of the few constants in the universe"}]]], "syn_list": [[{"wd": "dead"}, {"wd": "deadness"}, {"wd": "grave"}, {"wd": "lifelessness"}, {"wd": "nothingness"}, {"wd": "sleep"}]], "rel_list": [[{"wd": "mortality"}]], "near_list": [[{"wd": "immortality"}], [{"wd": "life span"}, {"wd": "lifetime"}]], "ant_list": [[{"wd": "existence"}, {"wd": "life"}]]}]], [["sense", {"sn": "3", "dt": [["text", "the act of ceasing to exist "], ["vis", [{"t": "the {it}death{/it} of the Soviet economic system in the wake of the breakup of the USSR"}]]], "syn_list": [[{"wd": "demise"}, {"wd": "expiration"}, {"wd": "expiry"}, {"wd": "termination"}]], "rel_list": [[{"wd": "dispersion"}, {"wd": "dissolution"}], [{"wd": "cessation"}, {"wd": "close"}, {"wd": "conclusion"}, {"wd": "decease"}, {"wd": "discontinuance"}, {"wd": "doom"}, {"wd": "end"}, {"wd": "ending"}, {"wd": "finish"}, {"wd": "halt"}, {"wd": "lapse"}, {"wd": "passing"}, {"wd": "quietus"}, {"wd": "shutdown"}, {"wd": "shutoff"}, {"wd": "stop"}, {"wd": "stoppage"}, {"wd": "surcease"}], [{"wd": "suicide"}], [{"wd": "annihilation"}, {"wd": "destruction"}, {"wd": "ruin"}]], "near_list": [[{"wd": "existence"}, {"wd": "persistence"}, {"wd": "prolongation"}], [{"wd": "inauguration"}, {"wd": "initiation"}, {"wd": "institution"}, {"wd": "origination"}]], "ant_list": [[{"wd": "alpha"}, {"wd": "beginning"}, {"wd": "birth"}, {"wd": "commencement"}, {"wd": "creation"}, {"wd": "dawn"}, {"wd": "genesis"}, {"wd": "inception"}, {"wd": "incipience"}, {"wd": "incipiency"}, {"wd": "launch"}, {"wd": "morning"}, {"wd": "onset"}, {"wd": "outset"}, {"wd": "start"}]]}]], [["sense", {"sn": "4", "dt": [["text", "something that is the cause of one's ultimate failure or loss of life "], ["vis", [{"t": "that muscle car will be the {it}death{/it} of him yet"}]]], "syn_list": [[{"wd": "destruction"}, {"wd": "downfall"}, {"wd": "ruin"}, {"wd": "ruination"}, {"wd": "undoing"}]], "rel_list": [[{"wd": "bane"}, {"wd": "curse"}, {"wd": "torment"}], [{"wd": "Achilles' heel"}, {"wd": "tragic flaw"}]], "phrase_list": [[{"wd": "kiss of death"}]]}]], [["sense", {"sn": "5", "dt": [["text", "the killing of a large number of people "], ["vis", [{"t": "thousands of soldiers were lost on the field of {it}death{/it}"}]]], "syn_list": [[{"wd": "bloodbath"}, {"wd": "butchery"}, {"wd": "carnage"}, {"wd": "holocaust"}, {"wd": "massacre"}, {"wd": "slaughter"}]], "rel_list": [[{"wd": "bloodletting"}, {"wd": "bloodshed"}, {"wd": "foul play"}, {"wd": "homicide"}, {"wd": "killing"}, {"wd": "manslaughter"}, {"wd": "murder"}, {"wd": "slaying"}], [{"wd": "mortality"}], [{"wd": "annihilation"}, {"wd": "decimation"}, {"wd": "demolishing"}, {"wd": "destruction"}, {"wd": "devastation"}, {"wd": "eradication"}, {"wd": "extermination"}], [{"wd": "genocide"}, {"wd": "pogrom"}], [{"wd": "assassination"}, {"wd": "execution"}]]}]]]}], "shortdef": ["the permanent stopping of all the vital bodily activities", "the state of being dead", "the act of ceasing to exist"]}, {"meta": {"id": "death grip", "uuid": "3489f09a-4645-45c4-be6b-8dd7b882b177", "src": "coll_thes", "section": "alpha", "target": {"tuuid": "e5f6d1cb-f560-4a5d-b5fa-c21f3811cbbe", "tsrc": "collegiate"}, "stems": ["death grip", "death grips"], "syns": [["arm", "authority", "clutch", "command", "control", "dominion", "grip", "hold", "mastery", "power", "reign", "rein(s)", "sway"]], "ants": [["impotence", "impotency", "powerlessness"]], "offensive": false}, "hwi": {"hw": "death grip"}, "fl": "noun", "def": [{"sseq": [[["sense", {"dt": [["text", "the right or means to command or control others "], ["vis", [{"t": "the cult leader had such a {it}death grip{/it} on his followers that all orders were carried out without the slightest objection"}]]], "syn_list": [[{"wd": "arm"}, {"wd": "authority"}, {"wd": "clutch"}, {"wd": "command"}, {"wd": "control"}, {"wd": "dominion"}, {"wd": "grip"}, {"wd": "hold"}, {"wd": "mastery"}, {"wd": "power"}, {"wd": "reign"}, {"wd": "rein(s)"}, {"wd": "sway"}]], "rel_list": [[{"wd": "clout"}, {"wd": "influence"}, {"wd": "leverage"}, {"wd": "pull"}, {"wd": "voice"}, {"wd": "weight"}], [{"wd": "jurisdiction"}], [{"wd": "direction"}, {"wd": "management"}], [{"wd": "dominance"}, {"wd": "imperium"}, {"wd": "predominance"}, {"wd": "sovereignty", "wvrs": [{"wvl": "also", "wva": "sovranty"}]}, {"wd": "supremacy"}], [{"wd": "prerogative"}, {"wd": "privilege"}, {"wd": "right"}], [{"wd": "eminence"}, {"wd": "importance"}, {"wd": "moment"}]], "near_list": [[{"wd": "helplessness"}, {"wd": "weakness"}]], "ant_list": [[{"wd": "impotence"}, {"wd": "impotency"}, {"wd": "powerlessness"}]]}]]]}], "shortdef": ["the right or means to command or control others"]}, {"meta": {"id": "death's-head", "uuid": "bc4373a2-2e23-4a2b-8212-c76ad0710a55", "src": "CTcompile", "section": "alpha", "stems": ["death's-head"], "syns": [["head", "noddle", "noggin", "pate", "poll", "cranium", "skull", "crown", "scalp", "braincase"]], "ants": [], "offensive": false}, "hwi": {"hw": "death's-head"}, "fl": "noun", "def": [{"sseq": [[["sense", {"dt": [["text", "as in {it}head{/it}, {it}skull{/it}"]], "sim_list": [[{"wd": "head"}, {"wd": "noddle"}, {"wd": "noggin"}, {"wd": "pate"}, {"wd": "poll"}], [{"wd": "cranium"}, {"wd": "skull"}], [{"wd": "crown"}, {"wd": "scalp"}], [{"wd": "braincase"}]]}]]]}], "shortdef": ["as in head, skull"]}, {"meta": {"id": "death's-heads", "uuid": "efe244a5-eb5d-4538-b067-8a98d53d74b0", "src": "CTcompile", "section": "alpha", "stems": ["death's-heads"], "syns": [["heads", "noddles", "noggins", "pates", "polls", "craniums", "skulls", "crowns", "scalps", "braincases"]], "ants": [], "offensive": false}, "hwi": {"hw": "death's-heads"}, "fl": "noun", "sls": ["plural of {d_link|death's-head|death's-head}"], "def": [{"sseq": [[["sense", {"dt": [["text", "as in {it}heads{/it}, {it}skulls{/it}"]], "sim_list": [[{"wd": "heads"}, {"wd": "noddles"}, {"wd": "noggins"}, {"wd": "pates"}, {"wd": "polls"}], [{"wd": "craniums", "wvrs": [{"wvl": "or", "wva": "crania"}]}, {"wd": "skulls"}], [{"wd": "crowns"}, {"wd": "scalps"}], [{"wd": "braincases"}]]}]]]}], "shortdef": ["as in heads, skulls"]}, {"meta": {"id": "death tax", "uuid": "f6e2c656-0444-4c59-9139-fc44d173ec23", "src": "CTcompile", "section": "alpha", "stems": ["death tax"], "syns": [["estate tax", "inheritance tax", "supertax", "surcharge", "surtax", "flat tax", "proportional tax", "capitation", "custom(s)", "excise", "hidden tax", "income tax", "poll tax", "property tax", "sales tax", "single tax", "sin tax", "tariff", "toll", "tribute", "value-added tax", "withholding tax", "direct tax", "personal tax", "assessment", "duty", "imposition", "impost", "levy", "tax"]], "ants": [], "offensive": false}, "hwi": {"hw": "death tax"}, "fl": "noun", "def": [{"sseq": [[["sense", {"dt": [["text", "as in {it}estate tax{/it}, {it}inheritance tax{/it}"]], "sim_list": [[{"wd": "estate tax"}, {"wd": "inheritance tax"}], [{"wd": "supertax"}, {"wd": "surcharge"}, {"wd": "surtax"}], [{"wd": "flat tax"}, {"wd": "proportional tax"}], [{"wd": "capitation"}, {"wd": "custom(s)"}, {"wd": "excise"}, {"wd": "hidden tax"}, {"wd": "income tax"}, {"wd": "poll tax"}, {"wd": "property tax"}, {"wd": "sales tax"}, {"wd": "single tax"}, {"wd": "sin tax"}, {"wd": "tariff"}, {"wd": "toll"}, {"wd": "tribute"}, {"wd": "value-added tax"}, {"wd": "withholding tax"}], [{"wd": "direct tax"}, {"wd": "personal tax"}], [{"wd": "assessment"}, {"wd": "duty"}, {"wd": "imposition"}, {"wd": "impost"}, {"wd": "levy"}, {"wd": "tax"}]]}]]]}], "shortdef": ["as in estate tax, inheritance tax"]}, {"meta": {"id": "death taxes", "uuid": "1f2093b3-cdd2-4b20-94b1-41bd6f847119", "src": "CTcompile", "section": "alpha", "stems": ["death taxes"], "syns": [["estate taxes", "inheritance taxes", "supertaxes", "surcharges", "surtaxes", "flat taxes", "proportional taxes", "capitations", "customs", "excises", "hidden taxes", "income taxes", "poll taxes", "property taxes", "sales taxes", "single taxes", "sin taxes", "tariffs", "tolls", "tributes", "value-added taxes", "withholding taxes", "direct taxes", "personal taxes", "assessments", "duties", "impositions", "imposts", "levies", "taxes"]], "ants": [], "offensive": false}, "hwi": {"hw": "death taxes"}, "fl": "noun", "sls": ["plural of {d_link|death tax|death tax}"], "def": [{"sseq": [[["sense", {"dt": [["text", "as in {it}estate taxes{/it}, {it}inheritance taxes{/it}"]], "sim_list": [[{"wd": "estate taxes"}, {"wd": "inheritance taxes"}], [{"wd": "supertaxes"}, {"wd": "surcharges"}, {"wd": "surtaxes"}], [{"wd": "flat taxes"}, {"wd": "proportional taxes"}], [{"wd": "capitations"}, {"wd": "customs"}, {"wd": "excises"}, {"wd": "hidden taxes"}, {"wd": "income taxes"}, {"wd": "poll taxes"}, {"wd": "property taxes"}, {"wd": "sales taxes"}, {"wd": "single taxes"}, {"wd": "sin taxes"}, {"wd": "tariffs"}, {"wd": "tolls"}, {"wd": "tributes"}, {"wd": "value-added taxes"}, {"wd": "withholding taxes"}], [{"wd": "direct taxes"}, {"wd": "personal taxes"}], [{"wd": "assessments"}, {"wd": "duties"}, {"wd": "impositions"}, {"wd": "imposts"}, {"wd": "levies"}, {"wd": "taxes"}]]}]]]}], "shortdef": ["as in estate taxes, inheritance taxes"]}, {"meta": {"id": "death grips", "uuid": "dab309bf-21f9-49cf-90e5-2de582c0759d", "src": "coll_thes", "section": "alpha", "stems": ["death grips"], "syns": [["arms", "authorities", "clutches", "commands", "controls", "dominions", "grips", "holds", "masteries", "powers", "reigns", "reins", "sways"]], "ants": [["impotences", "impotencies"]], "offensive": false}, "hwi": {"hw": "death grips"}, "fl": "noun", "sls": ["plural of {d_link|death grip|death grip}"], "def": [{"sseq": [[["sense", {"dt": [["text", "the right or means to command or control others "], ["vis", [{"t": "the cult leader had such a {it}death grip{/it} on his followers that all orders were carried out without the slightest objection"}]]], "syn_list": [[{"wd": "arms"}, {"wd": "authorities"}, {"wd": "clutches"}, {"wd": "commands"}, {"wd": "controls"}, {"wd": "dominions"}, {"wd": "grips"}, {"wd": "holds"}, {"wd": "masteries"}, {"wd": "powers"}, {"wd": "reigns"}, {"wd": "reins"}, {"wd": "sways"}]], "rel_list": [[{"wd": "clouts"}, {"wd": "influences"}, {"wd": "leverages"}, {"wd": "pulls"}, {"wd": "voices"}, {"wd": "weights"}], [{"wd": "jurisdictions"}], [{"wd": "directions"}, {"wd": "managements"}], [{"wd": "dominances"}, {"wd": "imperiums"}, {"wd": "predominances"}, {"wd": "sovereignties", "wvrs": [{"wvl": "also", "wva": "sovranties"}]}, {"wd": "supremacies"}], [{"wd": "prerogatives"}, {"wd": "privileges"}, {"wd": "rights"}], [{"wd": "eminences"}, {"wd": "importances"}, {"wd": "moments"}]], "near_list": [[{"wd": "weaknesses"}]], "ant_list": [[{"wd": "impotences"}, {"wd": "impotencies"}]]}]]]}], "shortdef": ["the right or means to command or control others"]}, {"meta": {"id": "at death's door", "uuid": "4765389b-8ba0-4cf6-8e9b-d6528f5a0d51", "src": "CTenhance", "section": "phrases", "stems": ["at death's door"], "syns": [["dying", "moribund"]], "ants": [], "offensive": false}, "hwi": {"hw": "at death's door"}, "fl": "phrase", "def": [{"sseq": [[["sense", {"dt": [["text", "nearly dead "], ["vis", [{"t": "They found him {it}at death's door{/it}, but he has since recovered."}]]], "syn_list": [[{"wd": "dying"}, {"wd": "moribund"}]], "rel_list": [[{"wd": "expiring"}, {"wd": "fading"}, {"wd": "passing away"}, {"wd": "sinking"}], [{"wd": "decadent"}, {"wd": "declining"}, {"wd": "deteriorating"}], [{"wd": "dead"}, {"wd": "deceased"}, {"wd": "defunct"}, {"wd": "demised"}, {"wd": "departed"}, {"wd": "fallen"}, {"wd": "gone"}, {"wd": "lifeless"}, {"wd": "passed away"}], [{"wd": "terminal"}]], "near_list": [[{"wd": "alive"}, {"wd": "animate"}, {"wd": "live"}, {"wd": "living"}, {"wd": "quick"}], [{"wd": "being"}, {"wd": "breathing"}, {"wd": "existing"}, {"wd": "subsisting"}, {"wd": "surviving"}], [{"wd": "booming"}, {"wd": "flourishing"}, {"wd": "prospering"}, {"wd": "roaring"}, {"wd": "thriving"}], [{"wd": "animated"}, {"wd": "bouncing"}, {"wd": "energetic"}, {"wd": "frisky"}, {"wd": "jazzy"}, {"wd": "lively"}, {"wd": "peppy"}, {"wd": "perky"}, {"wd": "spirited"}, {"wd": "sprightful"}, {"wd": "sprightly"}, {"wd": "springy"}, {"wd": "vital"}, {"wd": "vivacious"}, {"wd": "zippy"}]]}]]]}], "shortdef": ["nearly dead"]}, {"meta": {"id": "kiss of death", "uuid": "b898dfa1-9cc2-4585-b3a8-09250990b1b8", "src": "CTenhance", "section": "phrases", "stems": ["kiss of death", "kisses of death"], "syns": [["death", "destruction", "downfall", "ruin", "ruination", "undoing"]], "ants": [], "offensive": false}, "hwi": {"hw": "kiss of death"}, "fl": "phrase", "def": [{"sseq": [[["sense", {"dt": [["text", "something that is the cause of one's ultimate failure or loss of life "], ["vis", [{"t": "Bringing the work files proved to be the {it}kiss of death{/it} for what may have been a relaxing vacation."}]]], "syn_list": [[{"wd": "death"}, {"wd": "destruction"}, {"wd": "downfall"}, {"wd": "ruin"}, {"wd": "ruination"}, {"wd": "undoing"}]], "rel_list": [[{"wd": "bane"}, {"wd": "curse"}, {"wd": "torment"}], [{"wd": "Achilles' heel"}, {"wd": "tragic flaw"}]]}]]]}], "shortdef": ["something that is the cause of one's ultimate failure or loss of life"]}, {"meta": {"id": "to death", "uuid": "7e890f9e-eedf-451c-8d7d-260066c54fa9", "src": "CTenhance", "section": "phrases", "stems": ["to death"], "syns": [["devilishly", "excessively", "exorbitantly", "inordinately", "intolerably", "monstrously", "overly", "overmuch", "too", "unacceptably", "unduly"]], "ants": [["deficiently", "inadequately", "insufficiently"]], "offensive": false}, "hwi": {"hw": "to death"}, "fl": "phrase", "def": [{"sseq": [[["sense", {"dt": [["text", "beyond a normal or acceptable limit "], ["vis", [{"t": "A movie with a tired plot that has been done {it}to death{/it}."}]]], "syn_list": [[{"wd": "devilishly"}, {"wd": "excessively"}, {"wd": "exorbitantly"}, {"wd": "inordinately"}, {"wd": "intolerably"}, {"wd": "monstrously"}, {"wd": "overly"}, {"wd": "overmuch"}, {"wd": "too"}, {"wd": "unacceptably"}, {"wd": "unduly"}]], "rel_list": [[{"wd": "extravagantly"}, {"wd": "immoderately"}, {"wd": "intemperately"}], [{"wd": "extortionately"}, {"wd": "inexcusably"}, {"wd": "obscenely"}, {"wd": "unbearably"}, {"wd": "unconscionably"}, {"wd": "unreasonably"}], [{"wd": "improperly"}, {"wd": "inappropriately"}], [{"wd": "abnormally"}, {"wd": "extraordinarily"}, {"wd": "freakishly"}, {"wd": "singularly"}, {"wd": "uncommonly"}, {"wd": "uncustomarily"}, {"wd": "unusually"}], [{"wd": "astronomically"}, {"wd": "considerably"}, {"wd": "deadly"}, {"wd": "eminently"}, {"wd": "especially"}, {"wd": "exceedingly", "wvrs": [{"wvl": "also", "wva": "exceeding"}]}, {"wd": "exceptionally"}, {"wd": "extensively"}, {"wd": "extra"}, {"wd": "extremely"}, {"wd": "greatly"}, {"wd": "highly"}, {"wd": "hugely"}, {"wd": "incredibly"}, {"wd": "mightily"}, {"wd": "remarkably"}, {"wd": "significantly"}, {"wd": "substantially"}, {"wd": "super"}, {"wd": "terribly"}, {"wd": "very"}, {"wd": "whacking"}]], "phrase_list": [[{"wd": "to a fault"}, {"wd": "with a vengeance"}]], "near_list": [[{"wd": "acceptably"}, {"wd": "moderately"}, {"wd": "modestly"}, {"wd": "reasonably"}, {"wd": "temperately"}], [{"wd": "barely"}, {"wd": "hardly"}, {"wd": "just"}, {"wd": "marginally"}, {"wd": "meagerly"}, {"wd": "minimally"}, {"wd": "scantily"}, {"wd": "scarcely"}, {"wd": "slightly"}]], "ant_list": [[{"wd": "deficiently"}, {"wd": "inadequately"}, {"wd": "insufficiently"}]]}]]]}], "shortdef": ["beyond a normal or acceptable limit"]}]