[{"meta": {"id": "dignity", "uuid": "89601732-7df3-4828-832f-cacae48c4731", "src": "coll_thes", "section": "alpha", "target": {"tuuid": "f6081ce4-9331-463d-a15f-2a3610873fda", "tsrc": "collegiate"}, "stems": ["dignity", "dignities"], "syns": [["class", "fashion", "quality", "rank", "standing", "state"]], "ants": [], "offensive": false}, "hwi": {"hw": "dignity"}, "fl": "noun", "def": [{"sseq": [[["sense", {"dt": [["text", "high position within society "], ["vis", [{"t": "the archbishop is very conscious of his {it}dignity{/it}"}]]], "syn_list": [[{"wd": "class"}, {"wd": "fashion"}, {"wd": "quality"}, {"wd": "rank"}, {"wd": "standing"}, {"wd": "state"}]], "rel_list": [[{"wd": "gentility"}, {"wd": "gentleness"}, {"wd": "nobility"}, {"wd": "nobleness"}], [{"wd": "grandness"}, {"wd": "highness"}, {"wd": "loftiness"}], [{"wd": "distinction"}, {"wd": "dominance"}, {"wd": "precedence"}, {"wd": "preeminence"}, {"wd": "primacy"}, {"wd": "superiority"}], [{"wd": "caste"}, {"wd": "station"}, {"wd": "status"}], [{"wd": "preferment"}]], "near_list": [[{"wd": "debasement"}, {"wd": "degradation"}], [{"wd": "subordinateness"}, {"wd": "subordination"}], [{"wd": "baseness"}, {"wd": "commonness"}, {"wd": "inferiority"}, {"wd": "lowliness"}, {"wd": "lowness"}]]}]]]}], "shortdef": ["high position within society"]}]