[{"meta": {"id": "does", "uuid": "2b469c21-17a1-456a-8e12-298473004b6e", "src": "coll_thes", "section": "alpha", "stems": ["does", "does with"], "syns": [["befits", "beseems", "fits", "goes", "serves", "suits"], ["serves", "suffices"], ["accomplishes", "achieves", "brings off", "carries off", "carries out", "commits", "compasses", "executes", "follows through (with)", "fulfills", "makes", "negotiates", "performs", "perpetrates", "prosecutes", "pulls off", "puts through"], ["adorns", "arrays", "beautifies", "bedecks", "bedizens", "blazons", "caparisons", "decks", "decorates", "does up", "dolls up", "drapes", "dresses", "embellishes", "emblazes", "embosses", "enriches", "fancies up", "fancifies", "festoons", "garnishes", "glitzes (up)", "graces", "gussies up", "ornaments", "pretties (up)", "trims"], ["copes", "fares", "gets along", "gets by", "gets on", "makes out", "manages", "shifts"], ["begets", "breeds", "brings", "brings about", "brings on", "catalyzes", "causes", "creates", "draws on", "effects", "effectuates", "engenders", "generates", "induces", "invokes", "makes", "occasions", "produces", "prompts", "results (in)", "spawns", "translates (into)", "works", "yields"], ["burlesques", "caricatures", "imitates", "mimics", "mocks", "parodies", "sends up", "spoofs", "travesties"], ["advances", "comes", "comes along", "fares", "forges", "gets along", "gets on", "goes", "goes along", "goes off", "marches", "paces", "proceeds", "progresses"], ["acts", "impersonates", "interprets", "performs", "plays", "portrays"], ["beats", "bilks", "bleeds", "cheats", "chisels", "chouses", "cons", "cozens", "defrauds", "diddles", "does in", "euchres", "fiddles", "fleeces", "flimflams", "gaffs", "hoses", "hustles", "mulcts", "nobbles", "plucks", "reams", "rips off", "rooks", "screws", "shakes down", "shortchanges", "shorts", "skins", "skunks", "squeezes", "sticks", "stiffs", "stings", "suckers", "swindles", "thimblerigs", "victimizes"], ["bashes", "bastes", "bats", "batters", "beats", "belabors", "belts", "birches", "bludgeons", "buffets", "bungs up", "clubs", "curries", "drubs", "fibs", "flogs", "hammers", "hides", "laces", "lambastes", "lashes", "lathers", "licks", "mauls", "messes (up)", "paddles", "pelts", "pommels", "pounds", "pummels", "punches out", "roughs (up)", "slates", "slogs", "switches", "tans", "thrashes", "threshes", "thumps", "tromps", "wallops", "whales", "whips", "whops", "whups", "works over"], ["befalls", "betides", "chances", "comes", "comes about", "comes down", "comes off", "cooks", "goes down", "goes on", "happens", "haps", "is", "occurs", "passes", "transpires"]], "ants": [["blemishes", "defaces", "disfigures", "mars", "scars", "spoils"], ["remains", "stands", "stays", "stops"]], "offensive": false}, "hwi": {"hw": "does"}, "fl": "verb", "sls": ["present tense third-person singular of {d_link|do|do}"], "def": [{"sseq": [[["sense", {"sn": "1", "dt": [["text", "to be fitting or proper "], ["vis", [{"t": "that outfit just won't {it}do{/it} for the opera"}]]], "syn_list": [[{"wd": "befits"}, {"wd": "beseems", "wsls": ["archaic"]}, {"wd": "fits", "wsls": ["archaic"]}, {"wd": "goes"}, {"wd": "serves"}, {"wd": "suits"}]], "rel_list": [[{"wd": "satisfies"}, {"wd": "suffices"}], [{"wd": "functions"}, {"wd": "works"}]], "phrase_list": [[{"wd": "fills the bill", "wvrs": [{"wvl": "or", "wva": "fits the bill"}]}]]}]], [["sense", {"sn": "2", "dt": [["text", "to be enough "], ["vis", [{"t": "even half of that amount of sugar will {it}do{/it}"}]]], "syn_list": [[{"wd": "serves"}, {"wd": "suffices"}]], "rel_list": [[{"wd": "answers"}, {"wd": "suits"}], [{"wd": "assuages"}, {"wd": "contents"}, {"wd": "quenches"}, {"wd": "sates"}, {"wd": "satiates"}, {"wd": "satisfies"}]]}]], [["sense", {"sn": "3", "dt": [["text", "to carry through (as a process) to completion "], ["vis", [{"t": "{it}do{/it} as much as you can and leave the rest"}]]], "syn_list": [[{"wd": "accomplishes"}, {"wd": "achieves"}, {"wd": "brings off"}, {"wd": "carries off"}, {"wd": "carries out"}, {"wd": "commits"}, {"wd": "compasses"}, {"wd": "executes"}, {"wd": "follows through (with)"}, {"wd": "fulfills", "wvrs": [{"wvl": "or", "wva": "fulfils"}]}, {"wd": "makes"}, {"wd": "negotiates"}, {"wd": "performs"}, {"wd": "perpetrates"}, {"wd": "prosecutes"}, {"wd": "pulls off"}, {"wd": "puts through"}]], "rel_list": [[{"wd": "brings about"}, {"wd": "effects"}, {"wd": "effectuates"}, {"wd": "implements"}], [{"wd": "aces"}, {"wd": "nails"}], [{"wd": "engages (in)"}, {"wd": "practices", "wvrs": [{"wvl": "also", "wva": "practises"}]}], [{"wd": "works (at)"}], [{"wd": "reduplicates"}, {"wd": "reenacts"}, {"wd": "repeats"}], [{"wd": "actualizes"}, {"wd": "attains"}, {"wd": "realizes"}], [{"wd": "completes"}, {"wd": "ends"}, {"wd": "finishes"}, {"wd": "winds up"}]], "phrase_list": [[{"wd": "goes through"}]], "near_list": [[{"wd": "fails"}], [{"wd": "skimps"}, {"wd": "slights"}, {"wd": "slurs"}]]}]], [["sense", {"sn": "4", "dt": [["text", "to make more attractive by adding something that is beautiful or becoming "], ["vis", [{"t": "{it}did{/it} the living room in French provincial style"}]]], "syn_list": [[{"wd": "adorns"}, {"wd": "arrays"}, {"wd": "beautifies"}, {"wd": "bedecks"}, {"wd": "bedizens"}, {"wd": "blazons"}, {"wd": "caparisons"}, {"wd": "decks"}, {"wd": "decorates"}, {"wd": "does up"}, {"wd": "dolls up"}, {"wd": "drapes"}, {"wd": "dresses"}, {"wd": "embellishes"}, {"wd": "emblazes"}, {"wd": "embosses"}, {"wd": "enriches"}, {"wd": "fancies up"}, {"wd": "fancifies"}, {"wd": "festoons"}, {"wd": "garnishes"}, {"wd": "glitzes (up)"}, {"wd": "graces"}, {"wd": "gussies up"}, {"wd": "ornaments"}, {"wd": "pretties (up)"}, {"wd": "trims"}]], "rel_list": [[{"wd": "accessorizes"}, {"wd": "dresses up"}, {"wd": "traps"}, {"wd": "tricks (out)"}], [{"wd": "brightens"}, {"wd": "freshens"}, {"wd": "smartens"}, {"wd": "spruces (up)"}], [{"wd": "bosses"}, {"wd": "chases"}], [{"wd": "braids"}, {"wd": "embroiders"}, {"wd": "feathers"}, {"wd": "figures"}, {"wd": "filigrees"}, {"wd": "fillets"}, {"wd": "flounces"}, {"wd": "frills"}, {"wd": "fringes"}, {"wd": "furbelows"}, {"wd": "garlands"}, {"wd": "hangs"}, {"wd": "laces"}, {"wd": "ribbons"}, {"wd": "swags"}, {"wd": "wreathes"}], [{"wd": "appliqu\u00e9s"}, {"wd": "gilds"}, {"wd": "paints"}], [{"wd": "diamonds"}, {"wd": "gems"}, {"wd": "impearls"}, {"wd": "jewels"}, {"wd": "pearls"}], [{"wd": "redecorates"}, {"wd": "redoes"}]], "near_list": [[{"wd": "simplifies"}, {"wd": "streamlines"}], [{"wd": "bares"}, {"wd": "denudes"}, {"wd": "dismantles"}, {"wd": "displays"}, {"wd": "divests"}, {"wd": "exposes"}, {"wd": "reveals"}, {"wd": "strips"}, {"wd": "uncovers"}], [{"wd": "uglifies"}]], "ant_list": [[{"wd": "blemishes"}, {"wd": "defaces"}, {"wd": "disfigures"}, {"wd": "mars"}, {"wd": "scars"}, {"wd": "spoils"}]]}]], [["sense", {"sn": "5", "dt": [["text", "to meet one's day-to-day needs "], ["vis", [{"t": "I'm {it}doing{/it} just fine"}]]], "syn_list": [[{"wd": "copes"}, {"wd": "fares"}, {"wd": "gets along"}, {"wd": "gets by"}, {"wd": "gets on"}, {"wd": "makes out"}, {"wd": "manages"}, {"wd": "shifts"}]], "rel_list": [[{"wd": "carries on"}, {"wd": "contrives"}, {"wd": "scrapes (by or through)"}, {"wd": "scrounges"}], [{"wd": "lasts"}, {"wd": "survives"}], [{"wd": "ekes out"}, {"wd": "scrapes (out)"}, {"wd": "squeezes"}, {"wd": "wrests"}, {"wd": "wrings"}], [{"wd": "affords"}, {"wd": "swings"}]], "phrase_list": [[{"wd": "fends for oneself"}, {"wd": "makes do"}, {"wd": "makes ends meet"}, {"wd": "makes shift"}]], "near_list": [[{"wd": "collapses"}, {"wd": "fails"}, {"wd": "falls short"}, {"wd": "fizzles"}, {"wd": "flounders"}], [{"wd": "declines"}, {"wd": "peters (out)"}, {"wd": "slumps"}, {"wd": "wanes"}], [{"wd": "gives up"}]]}]], [["sense", {"sn": "6", "dt": [["text", "to be the cause of (a situation, action, or state of mind) "], ["vis", [{"t": "this neighborhood cleanup effort might just {it}do{/it} some good"}]]], "syn_list": [[{"wd": "begets"}, {"wd": "breeds"}, {"wd": "brings"}, {"wd": "brings about"}, {"wd": "brings on"}, {"wd": "catalyzes"}, {"wd": "causes"}, {"wd": "creates"}, {"wd": "draws on"}, {"wd": "effects"}, {"wd": "effectuates"}, {"wd": "engenders"}, {"wd": "generates"}, {"wd": "induces"}, {"wd": "invokes"}, {"wd": "makes"}, {"wd": "occasions"}, {"wd": "produces"}, {"wd": "prompts"}, {"wd": "results (in)"}, {"wd": "spawns"}, {"wd": "translates (into)"}, {"wd": "works"}, {"wd": "yields"}]], "rel_list": [[{"wd": "conduces (to)"}, {"wd": "contributes (to)"}], [{"wd": "decides"}, {"wd": "determines"}], [{"wd": "begins"}, {"wd": "establishes"}, {"wd": "fathers"}, {"wd": "founds"}, {"wd": "inaugurates"}, {"wd": "initiates"}, {"wd": "innovates"}, {"wd": "institutes"}, {"wd": "introduces"}, {"wd": "launches"}, {"wd": "pioneers"}, {"wd": "sets"}, {"wd": "sets up"}, {"wd": "starts"}], [{"wd": "advances"}, {"wd": "cultivates"}, {"wd": "develops"}, {"wd": "encourages"}, {"wd": "forwards"}, {"wd": "fosters"}, {"wd": "furthers"}, {"wd": "nourishes"}, {"wd": "nurtures"}, {"wd": "promotes"}], [{"wd": "enacts"}, {"wd": "renders"}, {"wd": "turns out"}]], "phrase_list": [[{"wd": "brings forth"}, {"wd": "gives rise to"}]], "near_list": [[{"wd": "impedes"}, {"wd": "limits"}, {"wd": "restricts"}], [{"wd": "clamps down (on)"}, {"wd": "cracks down (on)"}, {"wd": "crushes"}, {"wd": "dampens"}, {"wd": "puts down"}, {"wd": "quashes"}, {"wd": "quells"}, {"wd": "represses"}, {"wd": "smothers"}, {"wd": "squashes"}, {"wd": "squelches"}, {"wd": "stifles"}, {"wd": "subdues"}, {"wd": "suppresses"}], [{"wd": "arrests"}, {"wd": "checks"}, {"wd": "controls"}, {"wd": "curbs"}, {"wd": "inhibits"}, {"wd": "reins (in)"}, {"wd": "restrains"}, {"wd": "retards"}], [{"wd": "cans", "wsls": ["slang"]}, {"wd": "kills"}, {"wd": "snuffs (out)"}, {"wd": "stills"}], [{"wd": "abolishes"}, {"wd": "demolishes"}, {"wd": "destroys"}, {"wd": "extinguishes"}, {"wd": "liquidates"}, {"wd": "quenches"}]]}]], [["sense", {"sn": "7", "dt": [["text", "to copy or exaggerate (someone or something) in order to make fun of "], ["vis", [{"t": "the laughing partygoers begged their host to {it}do{/it} Marlon Brando again"}]]], "syn_list": [[{"wd": "burlesques"}, {"wd": "caricatures"}, {"wd": "imitates"}, {"wd": "mimics"}, {"wd": "mocks"}, {"wd": "parodies"}, {"wd": "sends up"}, {"wd": "spoofs"}, {"wd": "travesties"}]], "rel_list": [[{"wd": "lampoons"}, {"wd": "pasquinades"}, {"wd": "satirizes"}], [{"wd": "derides"}, {"wd": "gibes", "wvrs": [{"wvl": "or", "wva": "jibes"}]}, {"wd": "ridicules"}], [{"wd": "apes"}, {"wd": "copycats"}, {"wd": "monkeys"}, {"wd": "parrots"}], [{"wd": "duplicates"}, {"wd": "emulates"}, {"wd": "replicates"}, {"wd": "reproduces"}], [{"wd": "acts"}, {"wd": "counterfeits"}, {"wd": "dissembles"}, {"wd": "fakes"}, {"wd": "feigns"}, {"wd": "pretends"}, {"wd": "shams"}, {"wd": "simulates"}], [{"wd": "elaborates"}, {"wd": "embellishes"}, {"wd": "embroiders"}, {"wd": "exaggerates"}, {"wd": "magnifies"}, {"wd": "pads"}, {"wd": "plays up"}, {"wd": "stretches"}], [{"wd": "amplifies"}, {"wd": "enhances"}, {"wd": "enlarges (on or upon)"}, {"wd": "expands"}, {"wd": "fleshes (out)"}, {"wd": "overdraws"}, {"wd": "overstates"}, {"wd": "puts on"}], [{"wd": "mimes"}, {"wd": "pantomimes"}], [{"wd": "impersonates"}, {"wd": "performs"}, {"wd": "personates"}, {"wd": "plays"}]]}]], [["sense", {"sn": "8", "dt": [["text", "to move forward along a course "], ["vis", [{"t": "how are you {it}doing{/it} with the house restoration?"}]]], "syn_list": [[{"wd": "advances"}, {"wd": "comes"}, {"wd": "comes along"}, {"wd": "fares"}, {"wd": "forges"}, {"wd": "gets along"}, {"wd": "gets on"}, {"wd": "goes"}, {"wd": "goes along"}, {"wd": "goes off"}, {"wd": "marches"}, {"wd": "paces"}, {"wd": "proceeds"}, {"wd": "progresses"}]], "rel_list": [[{"wd": "accelerates"}, {"wd": "fast-forwards"}, {"wd": "speeds"}], [{"wd": "approaches"}, {"wd": "nears"}], [{"wd": "journeys"}, {"wd": "passes"}, {"wd": "repairs"}, {"wd": "runs"}, {"wd": "travels"}, {"wd": "wends"}], [{"wd": "actuates"}, {"wd": "drives"}, {"wd": "impels"}, {"wd": "propels"}, {"wd": "pushes"}], [{"wd": "takes out"}]], "phrase_list": [[{"wd": "gains ground"}]], "near_list": [[{"wd": "arrests"}, {"wd": "balks"}, {"wd": "blocks"}, {"wd": "checks"}, {"wd": "detains"}, {"wd": "halts"}, {"wd": "hinders"}, {"wd": "holds back"}, {"wd": "impedes"}, {"wd": "nips"}, {"wd": "obstructs"}, {"wd": "slows (down or up)"}, {"wd": "stems"}], [{"wd": "represses"}, {"wd": "retards"}, {"wd": "stunts"}, {"wd": "suppresses"}], [{"wd": "delays"}, {"wd": "interrupts"}, {"wd": "stalls"}], [{"wd": "cramps"}, {"wd": "hampers"}, {"wd": "inhibits"}], [{"wd": "ceases"}, {"wd": "lets up"}, {"wd": "pauses"}], [{"wd": "regresses"}], [{"wd": "waits"}]], "ant_list": [[{"wd": "remains"}, {"wd": "stands"}, {"wd": "stays"}, {"wd": "stops"}]]}]], [["sense", {"sn": "9", "dt": [["text", "to present a portrayal or performance of "], ["vis", [{"t": "she's {it}done{/it} Eliza Doolittle on the stage so many times that she can probably play the flower girl in her sleep"}]]], "syn_list": [[{"wd": "acts"}, {"wd": "impersonates"}, {"wd": "interprets"}, {"wd": "performs"}, {"wd": "plays"}, {"wd": "portrays"}]], "rel_list": [[{"wd": "depicts"}, {"wd": "dramatizes"}, {"wd": "renders"}, {"wd": "represents"}], [{"wd": "acts out"}, {"wd": "enacts"}, {"wd": "pantomimes"}, {"wd": "playacts"}, {"wd": "role-plays"}, {"wd": "takes on"}], [{"wd": "overacts"}, {"wd": "overplays"}, {"wd": "underplays"}], [{"wd": "apes"}, {"wd": "clowns"}, {"wd": "hams"}, {"wd": "imitates"}, {"wd": "masquerades"}, {"wd": "mimes"}, {"wd": "mimics"}, {"wd": "poses (as)"}], [{"wd": "stars (in)"}], [{"wd": "coacts"}, {"wd": "costars"}]]}]], [["sense", {"sn": "10", "dt": [["text", "to rob by the use of trickery or threats "], ["vis", [{"t": "{it}did{/it} them out of their savings with surprising ease"}]]], "syn_list": [[{"wd": "beats"}, {"wd": "bilks"}, {"wd": "bleeds"}, {"wd": "cheats"}, {"wd": "chisels"}, {"wd": "chouses"}, {"wd": "cons"}, {"wd": "cozens"}, {"wd": "defrauds"}, {"wd": "diddles"}, {"wd": "does in"}, {"wd": "euchres"}, {"wd": "fiddles"}, {"wd": "fleeces"}, {"wd": "flimflams"}, {"wd": "gaffs"}, {"wd": "hoses", "wsls": ["slang"]}, {"wd": "hustles"}, {"wd": "mulcts"}, {"wd": "nobbles", "wsls": ["British slang"]}, {"wd": "plucks"}, {"wd": "reams"}, {"wd": "rips off"}, {"wd": "rooks"}, {"wd": "screws"}, {"wd": "shakes down"}, {"wd": "shortchanges"}, {"wd": "shorts"}, {"wd": "skins"}, {"wd": "skunks"}, {"wd": "squeezes"}, {"wd": "sticks"}, {"wd": "stiffs"}, {"wd": "stings"}, {"wd": "suckers"}, {"wd": "swindles"}, {"wd": "thimblerigs"}, {"wd": "victimizes"}]], "rel_list": [[{"wd": "extorts"}, {"wd": "wrenches"}, {"wd": "wrests"}, {"wd": "wrings"}], [{"wd": "clips"}, {"wd": "gouges"}, {"wd": "nicks"}, {"wd": "overcharges"}, {"wd": "soaks"}], [{"wd": "exploits"}, {"wd": "milks"}], [{"wd": "deceives"}, {"wd": "dupes"}, {"wd": "fools"}, {"wd": "gulls"}, {"wd": "tricks"}], [{"wd": "ropes (in)"}], [{"wd": "betrays"}, {"wd": "bitches"}, {"wd": "double-crosses"}], [{"wd": "bamboozles"}, {"wd": "fast-talks"}]], "phrase_list": [[{"wd": "sells a bill of goods to"}, {"wd": "takes for a ride"}, {"wd": "takes to the cleaners"}]]}]], [["sense", {"sn": "11", "dt": [["text", "to strike repeatedly "], ["vis", [{"t": "no one is sure who {it}did{/it} them in that alley"}]]], "syn_list": [[{"wd": "bashes"}, {"wd": "bastes"}, {"wd": "bats"}, {"wd": "batters"}, {"wd": "beats"}, {"wd": "belabors"}, {"wd": "belts"}, {"wd": "birches"}, {"wd": "bludgeons"}, {"wd": "buffets"}, {"wd": "bungs up"}, {"wd": "clubs"}, {"wd": "curries"}, {"wd": "drubs"}, {"wd": "fibs", "wsls": ["British"]}, {"wd": "flogs"}, {"wd": "hammers"}, {"wd": "hides"}, {"wd": "laces"}, {"wd": "lambastes", "wvrs": [{"wvl": "or", "wva": "lambasts"}]}, {"wd": "lashes"}, {"wd": "lathers"}, {"wd": "licks"}, {"wd": "mauls"}, {"wd": "messes (up)"}, {"wd": "paddles"}, {"wd": "pelts"}, {"wd": "pommels"}, {"wd": "pounds"}, {"wd": "pummels"}, {"wd": "punches out"}, {"wd": "roughs (up)"}, {"wd": "slates"}, {"wd": "slogs"}, {"wd": "switches"}, {"wd": "tans"}, {"wd": "thrashes"}, {"wd": "threshes"}, {"wd": "thumps"}, {"wd": "tromps"}, {"wd": "wallops"}, {"wd": "whales"}, {"wd": "whips"}, {"wd": "whops", "wvrs": [{"wvl": "or", "wva": "whaps"}]}, {"wd": "whups"}, {"wd": "works over"}]], "rel_list": [[{"wd": "assails"}, {"wd": "assaults"}, {"wd": "attacks"}, {"wd": "besets"}, {"wd": "boxes"}, {"wd": "busts"}, {"wd": "chops"}, {"wd": "clobbers"}, {"wd": "clouts"}, {"wd": "cracks"}, {"wd": "cudgels"}, {"wd": "cuffs"}, {"wd": "descends (on or upon)"}, {"wd": "hits"}, {"wd": "jumps (on)"}, {"wd": "knocks"}, {"wd": "lams"}, {"wd": "lays on"}, {"wd": "pastes"}, {"wd": "pounces (on or upon)"}, {"wd": "punches"}, {"wd": "raids"}, {"wd": "rushes"}, {"wd": "slams"}, {"wd": "slaps"}, {"wd": "smacks"}, {"wd": "smashes"}, {"wd": "socks"}, {"wd": "spanks"}, {"wd": "storms"}, {"wd": "swats"}, {"wd": "swipes"}, {"wd": "thwacks"}, {"wd": "whacks"}, {"wd": "whams"}, {"wd": "whomps"}], [{"wd": "blackjacks"}, {"wd": "canes"}, {"wd": "cowhides"}, {"wd": "flagellates"}, {"wd": "fustigates"}, {"wd": "horsewhips"}, {"wd": "leathers"}, {"wd": "pistol-whips"}, {"wd": "rawhides"}, {"wd": "scourges"}, {"wd": "straps"}], [{"wd": "gores"}, {"wd": "lacerates"}, {"wd": "wounds"}], [{"wd": "maims"}, {"wd": "mangles"}, {"wd": "mutilates"}]], "phrase_list": [[{"wd": "beats up on"}]]}]], [["sense", {"sn": "12", "dt": [["text", "to take place "], ["vis", [{"t": "nothing's ever {it}doing{/it} in this boring little town"}]]], "syn_list": [[{"wd": "befalls"}, {"wd": "betides"}, {"wd": "chances"}, {"wd": "comes"}, {"wd": "comes about"}, {"wd": "comes down"}, {"wd": "comes off"}, {"wd": "cooks"}, {"wd": "goes down", "wsls": ["slang"]}, {"wd": "goes on"}, {"wd": "happens"}, {"wd": "haps"}, {"wd": "is"}, {"wd": "occurs"}, {"wd": "passes"}, {"wd": "transpires"}]], "rel_list": [[{"wd": "breaks"}, {"wd": "develops"}, {"wd": "rises"}, {"wd": "shapes (up)"}], [{"wd": "arises"}, {"wd": "comes up"}, {"wd": "crops (up)"}, {"wd": "materializes"}, {"wd": "springs (up)"}], [{"wd": "intervenes"}], [{"wd": "falls out"}, {"wd": "follows"}, {"wd": "results"}, {"wd": "turns out"}], [{"wd": "goes off"}, {"wd": "proceeds"}]], "phrase_list": [[{"wd": "comes to pass"}]]}]]]}], "shortdef": ["to be fitting or proper", "to be enough", "to carry through (as a process) to completion"]}, {"meta": {"id": "do", "uuid": "39342889-7310-45fb-a354-cf6e3ea2aaa2", "src": "coll_thes", "section": "alpha", "target": {"tuuid": "5cca4746-b8f0-465f-bf25-eead4b765d70", "tsrc": "collegiate"}, "stems": ["do", "did", "did with", "do justice", "do proud", "do with", "doable", "does", "does with", "doing", "doing with", "done", "done for", "done with", "to do"], "syns": [["befit", "beseem", "fit", "go", "serve", "suit"], ["serve", "suffice"], ["accomplish", "achieve", "bring off", "carry off", "carry out", "commit", "compass", "execute", "follow through (with)", "fulfill", "make", "negotiate", "perform", "perpetrate", "prosecute", "pull off", "put through"], ["adorn", "array", "beautify", "bedeck", "bedizen", "blazon", "caparison", "deck", "decorate", "do up", "doll up", "drape", "dress", "embellish", "emblaze", "emboss", "enrich", "fancify", "fancy up", "festoon", "garnish", "glitz (up)", "grace", "gussy up", "ornament", "pretty (up)", "trim"], ["cope", "fare", "get along", "get by", "get on", "make out", "manage", "shift"], ["beget", "breed", "bring", "bring about", "bring on", "catalyze", "cause", "create", "draw on", "effect", "effectuate", "engender", "generate", "induce", "invoke", "make", "occasion", "produce", "prompt", "result (in)", "spawn", "translate (into)", "work", "yield"], ["burlesque", "caricature", "imitate", "mimic", "mock", "parody", "send up", "spoof", "travesty"], ["advance", "come", "come along", "fare", "forge", "get along", "get on", "go", "go along", "go off", "march", "pace", "proceed", "progress"], ["act", "impersonate", "interpret", "perform", "play", "portray"], ["beat", "bilk", "bleed", "cheat", "chisel", "chouse", "con", "cozen", "defraud", "diddle", "do in", "euchre", "fiddle", "fleece", "flimflam", "gaff", "hose", "hustle", "mulct", "nobble", "pluck", "ream", "rip off", "rook", "screw", "shake down", "short", "shortchange", "skin", "skunk", "squeeze", "stick", "stiff", "sting", "sucker", "swindle", "thimblerig", "victimize"], ["bash", "baste", "bat", "batter", "beat", "belabor", "belt", "birch", "bludgeon", "buffet", "bung up", "club", "curry", "drub", "fib", "flog", "hammer", "hide", "lace", "lambaste", "lash", "lather", "lick", "maul", "mess (up)", "paddle", "pelt", "pommel", "pound", "pummel", "punch out", "rough (up)", "slate", "slog", "switch", "tan", "thrash", "thresh", "thump", "tromp", "wallop", "whale", "whip", "whop", "whup", "work over"], ["be", "befall", "betide", "chance", "come", "come about", "come down", "come off", "cook", "go down", "go on", "hap", "happen", "occur", "pass", "transpire"]], "ants": [["blemish", "deface", "disfigure", "mar", "scar", "spoil"], ["remain", "stand", "stay", "stop"]], "offensive": false}, "hwi": {"hw": "do"}, "fl": "verb", "def": [{"sseq": [[["sense", {"sn": "1", "dt": [["text", "to be fitting or proper "], ["vis", [{"t": "that outfit just won't {it}do{/it} for the opera"}]]], "syn_list": [[{"wd": "befit"}, {"wd": "beseem", "wsls": ["archaic"]}, {"wd": "fit", "wsls": ["archaic"]}, {"wd": "go"}, {"wd": "serve"}, {"wd": "suit"}]], "rel_list": [[{"wd": "satisfy"}, {"wd": "suffice"}], [{"wd": "function"}, {"wd": "work"}]], "phrase_list": [[{"wd": "fill the bill", "wvrs": [{"wvl": "or", "wva": "fit the bill"}]}]]}]], [["sense", {"sn": "2", "dt": [["text", "to be enough "], ["vis", [{"t": "even half of that amount of sugar will {it}do{/it}"}]]], "syn_list": [[{"wd": "serve"}, {"wd": "suffice"}]], "rel_list": [[{"wd": "answer"}, {"wd": "suit"}], [{"wd": "assuage"}, {"wd": "content"}, {"wd": "quench"}, {"wd": "sate"}, {"wd": "satiate"}, {"wd": "satisfy"}]]}]], [["sense", {"sn": "3", "dt": [["text", "to carry through (as a process) to completion "], ["vis", [{"t": "{it}do{/it} as much as you can and leave the rest"}]]], "syn_list": [[{"wd": "accomplish"}, {"wd": "achieve"}, {"wd": "bring off"}, {"wd": "carry off"}, {"wd": "carry out"}, {"wd": "commit"}, {"wd": "compass"}, {"wd": "execute"}, {"wd": "follow through (with)"}, {"wd": "fulfill", "wvrs": [{"wvl": "or", "wva": "fulfil"}]}, {"wd": "make"}, {"wd": "negotiate"}, {"wd": "perform"}, {"wd": "perpetrate"}, {"wd": "prosecute"}, {"wd": "pull off"}, {"wd": "put through"}]], "rel_list": [[{"wd": "bring about"}, {"wd": "effect"}, {"wd": "effectuate"}, {"wd": "implement"}], [{"wd": "ace"}, {"wd": "nail"}], [{"wd": "engage (in)"}, {"wd": "practice", "wvrs": [{"wvl": "also", "wva": "practise"}]}], [{"wd": "work (at)"}], [{"wd": "reduplicate"}, {"wd": "reenact"}, {"wd": "repeat"}], [{"wd": "actualize"}, {"wd": "attain"}, {"wd": "realize"}], [{"wd": "complete"}, {"wd": "end"}, {"wd": "finish"}, {"wd": "wind up"}]], "phrase_list": [[{"wd": "go through"}]], "near_list": [[{"wd": "fail"}], [{"wd": "skimp"}, {"wd": "slight"}, {"wd": "slur"}]]}]], [["sense", {"sn": "4", "dt": [["text", "to make more attractive by adding something that is beautiful or becoming "], ["vis", [{"t": "{it}did{/it} the living room in French provincial style"}]]], "syn_list": [[{"wd": "adorn"}, {"wd": "array"}, {"wd": "beautify"}, {"wd": "bedeck"}, {"wd": "bedizen"}, {"wd": "blazon"}, {"wd": "caparison"}, {"wd": "deck"}, {"wd": "decorate"}, {"wd": "do up"}, {"wd": "doll up"}, {"wd": "drape"}, {"wd": "dress"}, {"wd": "embellish"}, {"wd": "emblaze"}, {"wd": "emboss"}, {"wd": "enrich"}, {"wd": "fancify"}, {"wd": "fancy up"}, {"wd": "festoon"}, {"wd": "garnish"}, {"wd": "glitz (up)"}, {"wd": "grace"}, {"wd": "gussy up"}, {"wd": "ornament"}, {"wd": "pretty (up)"}, {"wd": "trim"}]], "rel_list": [[{"wd": "accessorize"}, {"wd": "dress up"}, {"wd": "trap"}, {"wd": "trick (out)"}], [{"wd": "brighten"}, {"wd": "freshen"}, {"wd": "smarten"}, {"wd": "spruce (up)"}], [{"wd": "boss"}, {"wd": "chase"}], [{"wd": "braid"}, {"wd": "embroider"}, {"wd": "feather"}, {"wd": "figure"}, {"wd": "filigree"}, {"wd": "fillet"}, {"wd": "flounce"}, {"wd": "frill"}, {"wd": "fringe"}, {"wd": "furbelow"}, {"wd": "garland"}, {"wd": "hang"}, {"wd": "lace"}, {"wd": "ribbon"}, {"wd": "swag"}, {"wd": "wreathe"}], [{"wd": "appliqu\u00e9"}, {"wd": "gild"}, {"wd": "paint"}], [{"wd": "diamond"}, {"wd": "gem"}, {"wd": "impearl"}, {"wd": "jewel"}, {"wd": "pearl"}], [{"wd": "redecorate"}, {"wd": "redo"}]], "near_list": [[{"wd": "simplify"}, {"wd": "streamline"}], [{"wd": "bare"}, {"wd": "denude"}, {"wd": "dismantle"}, {"wd": "display"}, {"wd": "divest"}, {"wd": "expose"}, {"wd": "reveal"}, {"wd": "strip"}, {"wd": "uncover"}], [{"wd": "uglify"}]], "ant_list": [[{"wd": "blemish"}, {"wd": "deface"}, {"wd": "disfigure"}, {"wd": "mar"}, {"wd": "scar"}, {"wd": "spoil"}]]}]], [["sense", {"sn": "5", "dt": [["text", "to meet one's day-to-day needs "], ["vis", [{"t": "I'm {it}doing{/it} just fine"}]]], "syn_list": [[{"wd": "cope"}, {"wd": "fare"}, {"wd": "get along"}, {"wd": "get by"}, {"wd": "get on"}, {"wd": "make out"}, {"wd": "manage"}, {"wd": "shift"}]], "rel_list": [[{"wd": "carry on"}, {"wd": "contrive"}, {"wd": "scrape (by or through)"}, {"wd": "scrounge"}], [{"wd": "last"}, {"wd": "survive"}], [{"wd": "eke out"}, {"wd": "scrape (out)"}, {"wd": "squeeze"}, {"wd": "wrest"}, {"wd": "wring"}], [{"wd": "afford"}, {"wd": "swing"}]], "phrase_list": [[{"wd": "fend for oneself"}, {"wd": "make do"}, {"wd": "make ends meet"}, {"wd": "make shift"}]], "near_list": [[{"wd": "collapse"}, {"wd": "fail"}, {"wd": "fall short"}, {"wd": "fizzle"}, {"wd": "flounder"}], [{"wd": "decline"}, {"wd": "peter (out)"}, {"wd": "slump"}, {"wd": "wane"}], [{"wd": "give up"}]]}]], [["sense", {"sn": "6", "dt": [["text", "to be the cause of (a situation, action, or state of mind) "], ["vis", [{"t": "this neighborhood cleanup effort might just {it}do{/it} some good"}]]], "syn_list": [[{"wd": "beget"}, {"wd": "breed"}, {"wd": "bring"}, {"wd": "bring about"}, {"wd": "bring on"}, {"wd": "catalyze"}, {"wd": "cause"}, {"wd": "create"}, {"wd": "draw on"}, {"wd": "effect"}, {"wd": "effectuate"}, {"wd": "engender"}, {"wd": "generate"}, {"wd": "induce"}, {"wd": "invoke"}, {"wd": "make"}, {"wd": "occasion"}, {"wd": "produce"}, {"wd": "prompt"}, {"wd": "result (in)"}, {"wd": "spawn"}, {"wd": "translate (into)"}, {"wd": "work"}, {"wd": "yield"}]], "rel_list": [[{"wd": "conduce (to)"}, {"wd": "contribute (to)"}], [{"wd": "decide"}, {"wd": "determine"}], [{"wd": "begin"}, {"wd": "establish"}, {"wd": "father"}, {"wd": "found"}, {"wd": "inaugurate"}, {"wd": "initiate"}, {"wd": "innovate"}, {"wd": "institute"}, {"wd": "introduce"}, {"wd": "launch"}, {"wd": "pioneer"}, {"wd": "set"}, {"wd": "set up"}, {"wd": "start"}], [{"wd": "advance"}, {"wd": "cultivate"}, {"wd": "develop"}, {"wd": "encourage"}, {"wd": "forward"}, {"wd": "foster"}, {"wd": "further"}, {"wd": "nourish"}, {"wd": "nurture"}, {"wd": "promote"}], [{"wd": "enact"}, {"wd": "render"}, {"wd": "turn out"}]], "phrase_list": [[{"wd": "bring forth"}, {"wd": "give rise to"}]], "near_list": [[{"wd": "impede"}, {"wd": "limit"}, {"wd": "restrict"}], [{"wd": "clamp down (on)"}, {"wd": "crack down (on)"}, {"wd": "crush"}, {"wd": "dampen"}, {"wd": "put down"}, {"wd": "quash"}, {"wd": "quell"}, {"wd": "repress"}, {"wd": "smother"}, {"wd": "squash"}, {"wd": "squelch"}, {"wd": "stifle"}, {"wd": "subdue"}, {"wd": "suppress"}], [{"wd": "arrest"}, {"wd": "check"}, {"wd": "control"}, {"wd": "curb"}, {"wd": "inhibit"}, {"wd": "rein (in)"}, {"wd": "restrain"}, {"wd": "retard"}], [{"wd": "can", "wsls": ["slang"]}, {"wd": "kill"}, {"wd": "snuff (out)"}, {"wd": "still"}], [{"wd": "abolish"}, {"wd": "demolish"}, {"wd": "destroy"}, {"wd": "extinguish"}, {"wd": "liquidate"}, {"wd": "quench"}]]}]], [["sense", {"sn": "7", "dt": [["text", "to copy or exaggerate (someone or something) in order to make fun of "], ["vis", [{"t": "the laughing partygoers begged their host to {it}do{/it} Marlon Brando again"}]]], "syn_list": [[{"wd": "burlesque"}, {"wd": "caricature"}, {"wd": "imitate"}, {"wd": "mimic"}, {"wd": "mock"}, {"wd": "parody"}, {"wd": "send up"}, {"wd": "spoof"}, {"wd": "travesty"}]], "rel_list": [[{"wd": "lampoon"}, {"wd": "pasquinade"}, {"wd": "satirize"}], [{"wd": "deride"}, {"wd": "gibe", "wvrs": [{"wvl": "or", "wva": "jibe"}]}, {"wd": "ridicule"}], [{"wd": "ape"}, {"wd": "copycat"}, {"wd": "monkey"}, {"wd": "parrot"}], [{"wd": "duplicate"}, {"wd": "emulate"}, {"wd": "replicate"}, {"wd": "reproduce"}], [{"wd": "act"}, {"wd": "counterfeit"}, {"wd": "dissemble"}, {"wd": "fake"}, {"wd": "feign"}, {"wd": "pretend"}, {"wd": "sham"}, {"wd": "simulate"}], [{"wd": "elaborate"}, {"wd": "embellish"}, {"wd": "embroider"}, {"wd": "exaggerate"}, {"wd": "magnify"}, {"wd": "pad"}, {"wd": "play up"}, {"wd": "stretch"}], [{"wd": "amplify"}, {"wd": "enhance"}, {"wd": "enlarge (on or upon)"}, {"wd": "expand"}, {"wd": "flesh (out)"}, {"wd": "overdraw"}, {"wd": "overstate"}, {"wd": "put on"}], [{"wd": "mime"}, {"wd": "pantomime"}], [{"wd": "impersonate"}, {"wd": "perform"}, {"wd": "personate"}, {"wd": "play"}]]}]], [["sense", {"sn": "8", "dt": [["text", "to move forward along a course "], ["vis", [{"t": "how are you {it}doing{/it} with the house restoration?"}]]], "syn_list": [[{"wd": "advance"}, {"wd": "come"}, {"wd": "come along"}, {"wd": "fare"}, {"wd": "forge"}, {"wd": "get along"}, {"wd": "get on"}, {"wd": "go"}, {"wd": "go along"}, {"wd": "go off"}, {"wd": "march"}, {"wd": "pace"}, {"wd": "proceed"}, {"wd": "progress"}]], "rel_list": [[{"wd": "accelerate"}, {"wd": "fast-forward"}, {"wd": "speed"}], [{"wd": "approach"}, {"wd": "near"}], [{"wd": "journey"}, {"wd": "pass"}, {"wd": "repair"}, {"wd": "run"}, {"wd": "travel"}, {"wd": "wend"}], [{"wd": "actuate"}, {"wd": "drive"}, {"wd": "impel"}, {"wd": "propel"}, {"wd": "push"}], [{"wd": "take out"}]], "phrase_list": [[{"wd": "gain ground"}]], "near_list": [[{"wd": "arrest"}, {"wd": "balk"}, {"wd": "block"}, {"wd": "check"}, {"wd": "detain"}, {"wd": "halt"}, {"wd": "hinder"}, {"wd": "hold back"}, {"wd": "impede"}, {"wd": "nip"}, {"wd": "obstruct"}, {"wd": "slow (down or up)"}, {"wd": "stem"}], [{"wd": "repress"}, {"wd": "retard"}, {"wd": "stunt"}, {"wd": "suppress"}], [{"wd": "delay"}, {"wd": "interrupt"}, {"wd": "stall"}], [{"wd": "cramp"}, {"wd": "hamper"}, {"wd": "inhibit"}], [{"wd": "cease"}, {"wd": "let up"}, {"wd": "pause"}], [{"wd": "regress"}], [{"wd": "wait"}]], "ant_list": [[{"wd": "remain"}, {"wd": "stand"}, {"wd": "stay"}, {"wd": "stop"}]]}]], [["sense", {"sn": "9", "dt": [["text", "to present a portrayal or performance of "], ["vis", [{"t": "she's {it}done{/it} Eliza Doolittle on the stage so many times that she can probably play the flower girl in her sleep"}]]], "syn_list": [[{"wd": "act"}, {"wd": "impersonate"}, {"wd": "interpret"}, {"wd": "perform"}, {"wd": "play"}, {"wd": "portray"}]], "rel_list": [[{"wd": "depict"}, {"wd": "dramatize"}, {"wd": "render"}, {"wd": "represent"}], [{"wd": "act out"}, {"wd": "enact"}, {"wd": "pantomime"}, {"wd": "playact"}, {"wd": "role-play"}, {"wd": "take on"}], [{"wd": "overact"}, {"wd": "overplay"}, {"wd": "underplay"}], [{"wd": "ape"}, {"wd": "clown"}, {"wd": "ham"}, {"wd": "imitate"}, {"wd": "masquerade"}, {"wd": "mime"}, {"wd": "mimic"}, {"wd": "pose (as)"}], [{"wd": "star (in)"}], [{"wd": "coact"}, {"wd": "costar"}]]}]], [["sense", {"sn": "10", "dt": [["text", "to rob by the use of trickery or threats "], ["vis", [{"t": "{it}did{/it} them out of their savings with surprising ease"}]]], "syn_list": [[{"wd": "beat"}, {"wd": "bilk"}, {"wd": "bleed"}, {"wd": "cheat"}, {"wd": "chisel"}, {"wd": "chouse"}, {"wd": "con"}, {"wd": "cozen"}, {"wd": "defraud"}, {"wd": "diddle"}, {"wd": "do in"}, {"wd": "euchre"}, {"wd": "fiddle"}, {"wd": "fleece"}, {"wd": "flimflam"}, {"wd": "gaff"}, {"wd": "hose", "wsls": ["slang"]}, {"wd": "hustle"}, {"wd": "mulct"}, {"wd": "nobble", "wsls": ["British slang"]}, {"wd": "pluck"}, {"wd": "ream"}, {"wd": "rip off"}, {"wd": "rook"}, {"wd": "screw"}, {"wd": "shake down"}, {"wd": "short"}, {"wd": "shortchange"}, {"wd": "skin"}, {"wd": "skunk"}, {"wd": "squeeze"}, {"wd": "stick"}, {"wd": "stiff"}, {"wd": "sting"}, {"wd": "sucker"}, {"wd": "swindle"}, {"wd": "thimblerig"}, {"wd": "victimize"}]], "rel_list": [[{"wd": "extort"}, {"wd": "wrench"}, {"wd": "wrest"}, {"wd": "wring"}], [{"wd": "clip"}, {"wd": "gouge"}, {"wd": "nick"}, {"wd": "overcharge"}, {"wd": "soak"}], [{"wd": "exploit"}, {"wd": "milk"}], [{"wd": "deceive"}, {"wd": "dupe"}, {"wd": "fool"}, {"wd": "gull"}, {"wd": "trick"}], [{"wd": "rope (in)"}], [{"wd": "betray"}, {"wd": "bitch"}, {"wd": "double-cross"}], [{"wd": "bamboozle"}, {"wd": "fast-talk"}]], "phrase_list": [[{"wd": "sell a bill of goods to"}, {"wd": "take for a ride"}, {"wd": "take to the cleaners"}]]}]], [["sense", {"sn": "11", "dt": [["text", "to strike repeatedly "], ["vis", [{"t": "no one is sure who {it}did{/it} them in that alley"}]]], "syn_list": [[{"wd": "bash"}, {"wd": "baste"}, {"wd": "bat"}, {"wd": "batter"}, {"wd": "beat"}, {"wd": "belabor"}, {"wd": "belt"}, {"wd": "birch"}, {"wd": "bludgeon"}, {"wd": "buffet"}, {"wd": "bung up"}, {"wd": "club"}, {"wd": "curry"}, {"wd": "drub"}, {"wd": "fib", "wsls": ["British"]}, {"wd": "flog"}, {"wd": "hammer"}, {"wd": "hide"}, {"wd": "lace"}, {"wd": "lambaste", "wvrs": [{"wvl": "or", "wva": "lambast"}]}, {"wd": "lash"}, {"wd": "lather"}, {"wd": "lick"}, {"wd": "maul"}, {"wd": "mess (up)"}, {"wd": "paddle"}, {"wd": "pelt"}, {"wd": "pommel"}, {"wd": "pound"}, {"wd": "pummel"}, {"wd": "punch out"}, {"wd": "rough (up)"}, {"wd": "slate"}, {"wd": "slog"}, {"wd": "switch"}, {"wd": "tan"}, {"wd": "thrash"}, {"wd": "thresh"}, {"wd": "thump"}, {"wd": "tromp"}, {"wd": "wallop"}, {"wd": "whale"}, {"wd": "whip"}, {"wd": "whop", "wvrs": [{"wvl": "or", "wva": "whap"}]}, {"wd": "whup"}, {"wd": "work over"}]], "rel_list": [[{"wd": "assail"}, {"wd": "assault"}, {"wd": "attack"}, {"wd": "beset"}, {"wd": "box"}, {"wd": "bust"}, {"wd": "chop"}, {"wd": "clobber"}, {"wd": "clout"}, {"wd": "crack"}, {"wd": "cudgel"}, {"wd": "cuff"}, {"wd": "descend (on or upon)"}, {"wd": "hit"}, {"wd": "jump (on)"}, {"wd": "knock"}, {"wd": "lam"}, {"wd": "lay on"}, {"wd": "paste"}, {"wd": "pounce (on or upon)"}, {"wd": "punch"}, {"wd": "raid"}, {"wd": "rush"}, {"wd": "slam"}, {"wd": "slap"}, {"wd": "smack"}, {"wd": "smash"}, {"wd": "sock"}, {"wd": "spank"}, {"wd": "storm"}, {"wd": "swat"}, {"wd": "swipe"}, {"wd": "thwack"}, {"wd": "whack"}, {"wd": "wham"}, {"wd": "whomp"}], [{"wd": "blackjack"}, {"wd": "cane"}, {"wd": "cowhide"}, {"wd": "flagellate"}, {"wd": "fustigate"}, {"wd": "horsewhip"}, {"wd": "leather"}, {"wd": "pistol-whip"}, {"wd": "rawhide"}, {"wd": "scourge"}, {"wd": "strap"}], [{"wd": "gore"}, {"wd": "lacerate"}, {"wd": "wound"}], [{"wd": "maim"}, {"wd": "mangle"}, {"wd": "mutilate"}]], "phrase_list": [[{"wd": "beat up on"}]]}]], [["sense", {"sn": "12", "dt": [["text", "to take place "], ["vis", [{"t": "nothing's ever {it}doing{/it} in this boring little town"}]]], "syn_list": [[{"wd": "be"}, {"wd": "befall"}, {"wd": "betide"}, {"wd": "chance"}, {"wd": "come"}, {"wd": "come about"}, {"wd": "come down"}, {"wd": "come off"}, {"wd": "cook"}, {"wd": "go down", "wsls": ["slang"]}, {"wd": "go on"}, {"wd": "hap"}, {"wd": "happen"}, {"wd": "occur"}, {"wd": "pass"}, {"wd": "transpire"}]], "rel_list": [[{"wd": "break"}, {"wd": "develop"}, {"wd": "rise"}, {"wd": "shape (up)"}], [{"wd": "arise"}, {"wd": "come up"}, {"wd": "crop (up)"}, {"wd": "materialize"}, {"wd": "spring (up)"}], [{"wd": "intervene"}], [{"wd": "fall out"}, {"wd": "follow"}, {"wd": "result"}, {"wd": "turn out"}], [{"wd": "go off"}, {"wd": "proceed"}]], "phrase_list": [[{"wd": "come to pass"}]]}]]]}], "shortdef": ["to be fitting or proper", "to be enough", "to carry through (as a process) to completion"]}, {"meta": {"id": "does down", "uuid": "159b2e6d-2a6e-4f51-804a-3d58e2b72943", "src": "coll_thes", "section": "alpha", "stems": ["does down"], "syns": [["beats", "bests", "conquers", "defeats", "dispatches", "gets", "gets around", "licks", "masters", "overbears", "overcomes", "overmatches", "prevails (over)", "skunks", "stops", "subdues", "surmounts", "takes", "trims", "triumphs (over)", "upends", "wins (against)", "worsts"]], "ants": [["loses (to)"]], "offensive": false}, "hwi": {"hw": "does down"}, "fl": "verb", "sls": ["present tense third-person singular of {d_link|do down|do down}", "British"], "def": [{"sseq": [[["sense", {"dt": [["text", "to achieve a victory over "], ["vis", [{"t": "you'll {it}do{/it} her {it}down{/it} at cards, but she'll probably win at croquet"}]]], "syn_list": [[{"wd": "beats"}, {"wd": "bests"}, {"wd": "conquers"}, {"wd": "defeats"}, {"wd": "dispatches"}, {"wd": "gets"}, {"wd": "gets around"}, {"wd": "licks"}, {"wd": "masters"}, {"wd": "overbears"}, {"wd": "overcomes"}, {"wd": "overmatches"}, {"wd": "prevails (over)"}, {"wd": "skunks"}, {"wd": "stops"}, {"wd": "subdues"}, {"wd": "surmounts"}, {"wd": "takes"}, {"wd": "trims"}, {"wd": "triumphs (over)"}, {"wd": "upends"}, {"wd": "wins (against)"}, {"wd": "worsts"}]], "rel_list": [[{"wd": "sweeps"}], [{"wd": "edges (out)"}, {"wd": "noses out"}, {"wd": "pips", "wsls": ["British"]}], [{"wd": "annihilates"}, {"wd": "blows away"}, {"wd": "blows out"}, {"wd": "bombs"}, {"wd": "breaks"}, {"wd": "buries"}, {"wd": "clobbers"}, {"wd": "creams"}, {"wd": "crushes"}, {"wd": "drubs"}, {"wd": "finishes"}, {"wd": "flattens"}, {"wd": "overwhelms"}, {"wd": "routs"}, {"wd": "shellacs"}, {"wd": "skins"}, {"wd": "slaughters"}, {"wd": "smokes", "wsls": ["slang"]}, {"wd": "snows under"}, {"wd": "thrashes"}, {"wd": "trounces"}, {"wd": "upsets"}, {"wd": "wallops"}, {"wd": "waxes", "wsls": ["slang"]}, {"wd": "whips"}], [{"wd": "caps"}, {"wd": "excels"}, {"wd": "flourishes"}, {"wd": "scores"}, {"wd": "succeeds"}], [{"wd": "knocks off"}, {"wd": "knocks over"}, {"wd": "overpowers"}, {"wd": "overthrows"}, {"wd": "subjugates"}, {"wd": "unseats"}, {"wd": "vanquishes"}], [{"wd": "aces (out)"}, {"wd": "betters"}, {"wd": "eclipses"}, {"wd": "exceeds"}, {"wd": "excels"}, {"wd": "outdistances"}, {"wd": "outdoes"}, {"wd": "outfights"}, {"wd": "outshines"}, {"wd": "outstrips"}, {"wd": "overtops"}, {"wd": "surpasses"}, {"wd": "tops"}, {"wd": "transcends"}]], "phrase_list": [[{"wd": "gets the better of"}, {"wd": "knocks for a loop"}]], "near_list": [[{"wd": "falls"}, {"wd": "gives up"}, {"wd": "goes down"}, {"wd": "goes under"}], [{"wd": "collapses"}, {"wd": "fails"}, {"wd": "flops"}, {"wd": "flunks"}, {"wd": "folds"}, {"wd": "washes out"}]], "ant_list": [[{"wd": "loses (to)"}]]}]]]}], "shortdef": ["to achieve a victory over"]}, {"meta": {"id": "does in", "uuid": "a1e51673-a47f-4f8e-bd3d-1c68365e4c8a", "src": "coll_thes", "section": "alpha", "stems": ["does in"], "syns": [["annihilates", "creams", "decimates", "demolishes", "desolates", "destroys", "devastates", "extinguishes", "nukes", "pulls down", "pulverizes", "razes", "rubs out", "ruins", "shatters", "smashes", "tears down", "totals", "vaporizes", "wastes", "wracks", "wrecks"], ["carries off", "claims", "croaks", "destroys", "dispatches", "fells", "kills", "slays", "takes"], ["assassinates", "bumps off", "croaks", "dispatches", "executes", "gets", "ices", "knocks off", "liquidates", "murders", "neutralizes", "offs", "puts away", "rubs out", "slays", "snuffs", "takes out", "terminates", "whacks"], ["breaks", "burns out", "busts", "does up", "drains", "exhausts", "fags", "fatigues", "frazzles", "harasses", "kills", "knocks out", "outwears", "tires", "tuckers (out)", "washes out", "wearies", "wears", "wears out"], ["beats", "bilks", "bleeds", "cheats", "chisels", "chouses", "cons", "cozens", "defrauds", "diddles", "does", "euchres", "fiddles", "fleeces", "flimflams", "gaffs", "hoses", "hustles", "mulcts", "nobbles", "plucks", "reams", "rips off", "rooks", "screws", "shakes down", "shortchanges", "shorts", "skins", "skunks", "squeezes", "sticks", "stiffs", "stings", "suckers", "swindles", "thimblerigs", "victimizes"]], "ants": [["builds", "constructs", "erects", "puts up", "raises", "rears", "sets up"], ["animates"]], "offensive": false}, "hwi": {"hw": "does in"}, "fl": "verb", "sls": ["present tense third-person singular of {d_link|do in|do in}"], "def": [{"sseq": [[["sense", {"sn": "1", "dt": [["text", "to bring to a complete end the physical soundness, existence, or usefulness of "], ["vis", [{"t": "a business venture that was {it}done in{/it} by poor planning"}]]], "syn_list": [[{"wd": "annihilates"}, {"wd": "creams"}, {"wd": "decimates"}, {"wd": "demolishes"}, {"wd": "desolates"}, {"wd": "destroys"}, {"wd": "devastates"}, {"wd": "extinguishes"}, {"wd": "nukes"}, {"wd": "pulls down"}, {"wd": "pulverizes"}, {"wd": "razes"}, {"wd": "rubs out"}, {"wd": "ruins"}, {"wd": "shatters"}, {"wd": "smashes"}, {"wd": "tears down"}, {"wd": "totals"}, {"wd": "vaporizes"}, {"wd": "wastes"}, {"wd": "wracks"}, {"wd": "wrecks"}]], "rel_list": [[{"wd": "beats"}, {"wd": "bests"}, {"wd": "clobbers"}, {"wd": "conquers"}, {"wd": "crushes"}, {"wd": "defeats"}, {"wd": "drubs"}, {"wd": "licks"}, {"wd": "masters"}, {"wd": "overbears"}, {"wd": "overcomes"}, {"wd": "overmatches"}, {"wd": "prevails (over)"}, {"wd": "routs"}, {"wd": "scotches"}, {"wd": "skunks"}, {"wd": "subdues"}, {"wd": "surmounts"}, {"wd": "thrashes"}, {"wd": "trims"}, {"wd": "triumphs (over)"}, {"wd": "trounces"}, {"wd": "wallops"}, {"wd": "whips"}, {"wd": "wins (against)"}], [{"wd": "blasts"}, {"wd": "blows up"}, {"wd": "breaks"}, {"wd": "cripples"}, {"wd": "damages"}, {"wd": "defaces"}, {"wd": "deteriorates"}, {"wd": "disfigures"}, {"wd": "disintegrates"}, {"wd": "dissolves"}, {"wd": "dynamites"}, {"wd": "harms"}, {"wd": "impairs"}, {"wd": "injures"}, {"wd": "mangles"}, {"wd": "mars"}, {"wd": "mutilates"}, {"wd": "spoils"}, {"wd": "vitiates"}], [{"wd": "erodes"}, {"wd": "scours"}, {"wd": "sweeps (away)"}, {"wd": "washes out"}, {"wd": "wears (away)"}], [{"wd": "dilapidates"}, {"wd": "disassembles"}, {"wd": "dismantles"}, {"wd": "guts"}, {"wd": "takes down"}, {"wd": "unbuilds"}, {"wd": "undoes"}, {"wd": "unmakes"}], [{"wd": "blots out"}, {"wd": "effaces"}, {"wd": "eradicates"}, {"wd": "expunges"}, {"wd": "exterminates"}, {"wd": "extirpates"}, {"wd": "liquidates"}, {"wd": "obliterates"}, {"wd": "removes"}, {"wd": "roots (out)"}, {"wd": "snuffs (out)"}, {"wd": "stamps (out)"}, {"wd": "wipes out"}], [{"wd": "despoils"}, {"wd": "havocs"}, {"wd": "loots"}, {"wd": "pillages"}, {"wd": "plunders"}, {"wd": "ravages"}, {"wd": "sacks"}, {"wd": "tramples"}, {"wd": "trashes"}, {"wd": "vandalizes"}], [{"wd": "assassinates"}, {"wd": "butchers"}, {"wd": "cuts down"}, {"wd": "dispatches"}, {"wd": "executes"}, {"wd": "fells"}, {"wd": "kills"}, {"wd": "kills off"}, {"wd": "massacres"}, {"wd": "mows (down)"}, {"wd": "murders"}, {"wd": "slaughters"}, {"wd": "slays"}, {"wd": "takes out"}, {"wd": "zaps"}]], "near_list": [[{"wd": "doctors"}, {"wd": "fixes"}, {"wd": "mends"}, {"wd": "patches"}, {"wd": "reconditions"}, {"wd": "repairs"}, {"wd": "revamps"}], [{"wd": "creates"}, {"wd": "invents"}], [{"wd": "assembles"}, {"wd": "fabricates"}, {"wd": "fashions"}, {"wd": "forges"}, {"wd": "forms"}, {"wd": "frames"}, {"wd": "makes"}, {"wd": "manufactures"}, {"wd": "molds"}, {"wd": "produces"}, {"wd": "shapes"}], [{"wd": "brings about"}, {"wd": "constitutes"}, {"wd": "establishes"}, {"wd": "fathers"}, {"wd": "founds"}, {"wd": "institutes"}, {"wd": "organizes"}], [{"wd": "conserves"}, {"wd": "preserves"}, {"wd": "protects"}, {"wd": "saves"}], [{"wd": "rebuilds"}, {"wd": "reconstructs"}, {"wd": "remodels"}, {"wd": "renovates"}, {"wd": "restores"}]], "ant_list": [[{"wd": "builds"}, {"wd": "constructs"}, {"wd": "erects"}, {"wd": "puts up"}, {"wd": "raises"}, {"wd": "rears"}, {"wd": "sets up"}]]}]], [["sense", {"sn": "2", "dt": [["text", "to deprive of life "], ["vis", [{"t": "the early frost {it}did in{/it} all of our tender plants"}]]], "syn_list": [[{"wd": "carries off"}, {"wd": "claims"}, {"wd": "croaks", "wsls": ["slang"]}, {"wd": "destroys"}, {"wd": "dispatches"}, {"wd": "fells"}, {"wd": "kills"}, {"wd": "slays"}, {"wd": "takes"}]], "rel_list": [[{"wd": "bumps off"}, {"wd": "butchers"}, {"wd": "cuts down"}, {"wd": "finishes"}, {"wd": "gets"}, {"wd": "ices", "wsls": ["slang"]}, {"wd": "knocks off"}, {"wd": "murders"}, {"wd": "neutralizes"}, {"wd": "offs", "wsls": ["slang"]}, {"wd": "puts away"}, {"wd": "rubs out"}, {"wd": "scrags"}, {"wd": "snuffs"}, {"wd": "takes out"}, {"wd": "wastes"}, {"wd": "whacks", "wsls": ["slang"]}], [{"wd": "annihilates"}, {"wd": "blots out"}, {"wd": "decimates"}, {"wd": "kills off"}, {"wd": "massacres"}, {"wd": "mows"}, {"wd": "slaughters"}, {"wd": "smites"}], [{"wd": "assassinates"}, {"wd": "executes"}, {"wd": "martyrs"}, {"wd": "terminates"}], [{"wd": "euthanizes", "wvrs": [{"wvl": "also", "wva": "euthanatizes"}]}, {"wd": "puts down"}], [{"wd": "suicides"}]], "phrase_list": [[{"wd": "does away with"}, {"wd": "does for", "wsls": ["chiefly British"]}, {"wd": "makes away with"}]], "near_list": [[{"wd": "raises"}, {"wd": "restores"}, {"wd": "resurrects"}, {"wd": "resuscitates"}, {"wd": "revives"}], [{"wd": "nurtures"}]], "ant_list": [[{"wd": "animates"}]]}]], [["sense", {"sn": "3", "dt": [["text", "to put to death deliberately "], ["vis", [{"t": "somebody {it}did{/it} the old man {it}in{/it} late last night"}]]], "syn_list": [[{"wd": "assassinates"}, {"wd": "bumps off"}, {"wd": "croaks", "wsls": ["slang"]}, {"wd": "dispatches"}, {"wd": "executes"}, {"wd": "gets"}, {"wd": "ices", "wsls": ["slang"]}, {"wd": "knocks off"}, {"wd": "liquidates"}, {"wd": "murders"}, {"wd": "neutralizes"}, {"wd": "offs", "wsls": ["slang"]}, {"wd": "puts away"}, {"wd": "rubs out"}, {"wd": "slays"}, {"wd": "snuffs"}, {"wd": "takes out"}, {"wd": "terminates"}, {"wd": "whacks", "wsls": ["slang"]}]], "rel_list": [[{"wd": "blows away"}, {"wd": "shoots"}, {"wd": "shoots down"}], [{"wd": "blots out"}, {"wd": "carries off"}, {"wd": "claims"}, {"wd": "cuts down"}, {"wd": "destroys"}, {"wd": "fells"}, {"wd": "kills"}, {"wd": "smites"}, {"wd": "zaps"}], [{"wd": "butchers"}, {"wd": "massacres"}, {"wd": "mows (down)"}, {"wd": "slaughters"}], [{"wd": "annihilates"}, {"wd": "eliminates"}, {"wd": "eradicates"}, {"wd": "exterminates"}, {"wd": "wipes out"}]], "phrase_list": [[{"wd": "does away with"}]], "near_list": [[{"wd": "animates"}, {"wd": "raises"}, {"wd": "restores"}, {"wd": "resurrects"}, {"wd": "resuscitates"}, {"wd": "revives"}]]}]], [["sense", {"sn": "4", "dt": [["text", "to use up all the physical energy of "], ["vis", [{"t": "the long day of hard work really {it}did{/it} me {it}in{/it}"}]]], "syn_list": [[{"wd": "breaks"}, {"wd": "burns out"}, {"wd": "busts"}, {"wd": "does up"}, {"wd": "drains"}, {"wd": "exhausts"}, {"wd": "fags"}, {"wd": "fatigues"}, {"wd": "frazzles"}, {"wd": "harasses"}, {"wd": "kills"}, {"wd": "knocks out"}, {"wd": "outwears"}, {"wd": "tires"}, {"wd": "tuckers (out)"}, {"wd": "washes out"}, {"wd": "wearies"}, {"wd": "wears"}, {"wd": "wears out"}]], "rel_list": [[{"wd": "debilitates"}, {"wd": "enervates"}, {"wd": "enfeebles"}, {"wd": "saps"}, {"wd": "wastes"}, {"wd": "weakens"}]], "phrase_list": [[{"wd": "wears to a frazzle"}]], "near_list": [[{"wd": "activates"}, {"wd": "energizes"}, {"wd": "invigorates"}, {"wd": "rejuvenates"}, {"wd": "strengthens"}, {"wd": "vitalizes"}], [{"wd": "relaxes"}, {"wd": "rests"}, {"wd": "unwinds"}]]}]], [["sense", {"sn": "5", "dt": [["text", "to rob by the use of trickery or threats "], ["vis", [{"t": "too savvy an investor to be {it}done in{/it} by preposterous claims of astronomical returns"}]]], "syn_list": [[{"wd": "beats"}, {"wd": "bilks"}, {"wd": "bleeds"}, {"wd": "cheats"}, {"wd": "chisels"}, {"wd": "chouses"}, {"wd": "cons"}, {"wd": "cozens"}, {"wd": "defrauds"}, {"wd": "diddles"}, {"wd": "does"}, {"wd": "euchres"}, {"wd": "fiddles"}, {"wd": "fleeces"}, {"wd": "flimflams"}, {"wd": "gaffs"}, {"wd": "hoses", "wsls": ["slang"]}, {"wd": "hustles"}, {"wd": "mulcts"}, {"wd": "nobbles", "wsls": ["British slang"]}, {"wd": "plucks"}, {"wd": "reams"}, {"wd": "rips off"}, {"wd": "rooks"}, {"wd": "screws"}, {"wd": "shakes down"}, {"wd": "shortchanges"}, {"wd": "shorts"}, {"wd": "skins"}, {"wd": "skunks"}, {"wd": "squeezes"}, {"wd": "sticks"}, {"wd": "stiffs"}, {"wd": "stings"}, {"wd": "suckers"}, {"wd": "swindles"}, {"wd": "thimblerigs"}, {"wd": "victimizes"}]], "rel_list": [[{"wd": "extorts"}, {"wd": "wrenches"}, {"wd": "wrests"}, {"wd": "wrings"}], [{"wd": "clips"}, {"wd": "gouges"}, {"wd": "nicks"}, {"wd": "overcharges"}, {"wd": "soaks"}], [{"wd": "exploits"}, {"wd": "milks"}], [{"wd": "deceives"}, {"wd": "dupes"}, {"wd": "fools"}, {"wd": "gulls"}, {"wd": "tricks"}], [{"wd": "ropes (in)"}], [{"wd": "betrays"}, {"wd": "bitches"}, {"wd": "double-crosses"}], [{"wd": "bamboozles"}, {"wd": "fast-talks"}]], "phrase_list": [[{"wd": "sells a bill of goods to"}, {"wd": "takes for a ride"}, {"wd": "takes to the cleaners"}]]}]]]}], "shortdef": ["to bring to a complete end the physical soundness, existence, or usefulness of", "to deprive of life", "to put to death deliberately"]}, {"meta": {"id": "does up", "uuid": "1041431f-5aa9-40fe-916c-cb76eae3e8de", "src": "coll_thes", "section": "alpha", "stems": ["does up"], "syns": [["adorns", "arrays", "beautifies", "bedecks", "bedizens", "blazons", "caparisons", "decks", "decorates", "does", "dolls up", "drapes", "dresses", "embellishes", "emblazes", "embosses", "enriches", "fancies up", "fancifies", "festoons", "garnishes", "glitzes (up)", "graces", "gussies up", "ornaments", "pretties (up)", "trims"], ["apparels", "arrays", "attires", "bedecks", "caparisons", "clothes", "costumes", "decks (out)", "dresses", "dresses up", "enrobes", "garbs", "garments", "gets up", "gowns", "habits", "invests", "rigs (out)", "robes", "suits", "togs (up or out)", "toilets", "vestures"], ["breaks", "burns out", "busts", "does in", "drains", "exhausts", "fags", "fatigues", "frazzles", "harasses", "kills", "knocks out", "outwears", "tires", "tuckers (out)", "washes out", "wearies", "wears", "wears out"]], "ants": [["blemishes", "defaces", "disfigures", "mars", "scars", "spoils"], ["disarrays", "disrobes", "strips", "unclothes", "undresses", "untrusses"]], "offensive": false}, "hwi": {"hw": "does up"}, "fl": "verb", "sls": ["present tense third-person singular of {d_link|do up|do up}"], "def": [{"sseq": [[["sense", {"sn": "1", "dt": [["text", "to make more attractive by adding something that is beautiful or becoming "], ["vis", [{"t": "the whole house had been {it}done up{/it} for Halloween"}]]], "syn_list": [[{"wd": "adorns"}, {"wd": "arrays"}, {"wd": "beautifies"}, {"wd": "bedecks"}, {"wd": "bedizens"}, {"wd": "blazons"}, {"wd": "caparisons"}, {"wd": "decks"}, {"wd": "decorates"}, {"wd": "does"}, {"wd": "dolls up"}, {"wd": "drapes"}, {"wd": "dresses"}, {"wd": "embellishes"}, {"wd": "emblazes"}, {"wd": "embosses"}, {"wd": "enriches"}, {"wd": "fancies up"}, {"wd": "fancifies"}, {"wd": "festoons"}, {"wd": "garnishes"}, {"wd": "glitzes (up)"}, {"wd": "graces"}, {"wd": "gussies up"}, {"wd": "ornaments"}, {"wd": "pretties (up)"}, {"wd": "trims"}]], "rel_list": [[{"wd": "accessorizes"}, {"wd": "dresses up"}, {"wd": "traps"}, {"wd": "tricks (out)"}], [{"wd": "brightens"}, {"wd": "freshens"}, {"wd": "smartens"}, {"wd": "spruces (up)"}], [{"wd": "bosses"}, {"wd": "chases"}], [{"wd": "braids"}, {"wd": "embroiders"}, {"wd": "feathers"}, {"wd": "figures"}, {"wd": "filigrees"}, {"wd": "fillets"}, {"wd": "flounces"}, {"wd": "frills"}, {"wd": "fringes"}, {"wd": "furbelows"}, {"wd": "garlands"}, {"wd": "hangs"}, {"wd": "laces"}, {"wd": "ribbons"}, {"wd": "swags"}, {"wd": "wreathes"}], [{"wd": "appliqu\u00e9s"}, {"wd": "gilds"}, {"wd": "paints"}], [{"wd": "diamonds"}, {"wd": "gems"}, {"wd": "impearls"}, {"wd": "jewels"}, {"wd": "pearls"}], [{"wd": "redecorates"}, {"wd": "redoes"}]], "near_list": [[{"wd": "simplifies"}, {"wd": "streamlines"}], [{"wd": "bares"}, {"wd": "denudes"}, {"wd": "dismantles"}, {"wd": "displays"}, {"wd": "divests"}, {"wd": "exposes"}, {"wd": "reveals"}, {"wd": "strips"}, {"wd": "uncovers"}], [{"wd": "uglifies"}]], "ant_list": [[{"wd": "blemishes"}, {"wd": "defaces"}, {"wd": "disfigures"}, {"wd": "mars"}, {"wd": "scars"}, {"wd": "spoils"}]]}]], [["sense", {"sn": "2", "dt": [["text", "to outfit with clothes and especially fine or special clothes "], ["vis", [{"t": "on Wild West Day some of the women came to the office {it}done up{/it} as showgirls, while the men were mostly outlaws"}]]], "syn_list": [[{"wd": "apparels"}, {"wd": "arrays"}, {"wd": "attires"}, {"wd": "bedecks"}, {"wd": "caparisons"}, {"wd": "clothes"}, {"wd": "costumes"}, {"wd": "decks (out)"}, {"wd": "dresses"}, {"wd": "dresses up"}, {"wd": "enrobes"}, {"wd": "garbs"}, {"wd": "garments"}, {"wd": "gets up"}, {"wd": "gowns"}, {"wd": "habits"}, {"wd": "invests"}, {"wd": "rigs (out)"}, {"wd": "robes"}, {"wd": "suits"}, {"wd": "togs (up or out)"}, {"wd": "toilets"}, {"wd": "vestures"}]], "rel_list": [[{"wd": "cloaks"}, {"wd": "frocks"}, {"wd": "jackets"}, {"wd": "mantles"}, {"wd": "vests"}], [{"wd": "drapes"}, {"wd": "enswathes"}, {"wd": "haps", "wsls": ["dialect"]}, {"wd": "huddles"}, {"wd": "swaddles"}, {"wd": "swathes"}, {"wd": "wraps"}], [{"wd": "accoutres", "wvrs": [{"wvl": "or", "wva": "accouters"}]}, {"wd": "bedights", "wsls": ["archaic"]}, {"wd": "equips"}, {"wd": "furnishes"}, {"wd": "habilitates"}, {"wd": "outfits"}, {"wd": "tailors"}, {"wd": "uniforms"}], [{"wd": "dresses down"}, {"wd": "underdresses"}]], "near_list": [[{"wd": "denudes"}, {"wd": "divests"}, {"wd": "uncovers"}, {"wd": "undrapes"}, {"wd": "unveils"}]], "ant_list": [[{"wd": "disarrays"}, {"wd": "disrobes"}, {"wd": "strips"}, {"wd": "unclothes"}, {"wd": "undresses"}, {"wd": "untrusses", "wsls": ["archaic"]}]]}]], [["sense", {"sn": "3", "dt": [["text", "to use up all the physical energy of "], ["vis", [{"t": "all of this fussing about the wedding has {it}done{/it} me {it}up{/it}"}]]], "syn_list": [[{"wd": "breaks"}, {"wd": "burns out"}, {"wd": "busts"}, {"wd": "does in"}, {"wd": "drains"}, {"wd": "exhausts"}, {"wd": "fags"}, {"wd": "fatigues"}, {"wd": "frazzles"}, {"wd": "harasses"}, {"wd": "kills"}, {"wd": "knocks out"}, {"wd": "outwears"}, {"wd": "tires"}, {"wd": "tuckers (out)"}, {"wd": "washes out"}, {"wd": "wearies"}, {"wd": "wears"}, {"wd": "wears out"}]], "rel_list": [[{"wd": "debilitates"}, {"wd": "enervates"}, {"wd": "enfeebles"}, {"wd": "saps"}, {"wd": "wastes"}, {"wd": "weakens"}]], "phrase_list": [[{"wd": "wears to a frazzle"}]], "near_list": [[{"wd": "activates"}, {"wd": "energizes"}, {"wd": "invigorates"}, {"wd": "rejuvenates"}, {"wd": "strengthens"}, {"wd": "vitalizes"}], [{"wd": "relaxes"}, {"wd": "rests"}, {"wd": "unwinds"}]]}]]]}], "shortdef": ["to make more attractive by adding something that is beautiful or becoming", "to outfit with clothes and especially fine or special clothes", "to use up all the physical energy of"]}, {"meta": {"id": "does a number on", "uuid": "3144b25a-02bb-467e-a7a2-2661b563df5c", "src": "CTenhance", "section": "phrases", "stems": ["does a number on"], "syns": [["bamboozles", "beguiles", "bluffs", "buffaloes", "burns", "catches", "cons", "cozens", "deceives", "deludes", "dupes", "fakes out", "fools", "gaffs", "gammons", "gulls", "has", "has on", "hoaxes", "hoodwinks", "hornswoggles", "humbugs", "juggles", "misguides", "misinforms", "misleads", "snookers", "snows", "spoofs", "strings along", "suckers", "sucks in", "takes in", "tricks"]], "ants": [["undeceives"]], "offensive": false}, "hwi": {"hw": "does a number on"}, "fl": "phrase", "sls": ["present tense third-person singular of {d_link|do a number on|do a number on}"], "def": [{"sseq": [[["sense", {"dt": [["text", "to cause to believe what is untrue "], ["vis", [{"t": "The scammers really {it}did a number on{/it} some unsuspecting homeowners."}]]], "syn_list": [[{"wd": "bamboozles"}, {"wd": "beguiles"}, {"wd": "bluffs"}, {"wd": "buffaloes"}, {"wd": "burns"}, {"wd": "catches"}, {"wd": "cons"}, {"wd": "cozens"}, {"wd": "deceives"}, {"wd": "deludes"}, {"wd": "dupes"}, {"wd": "fakes out"}, {"wd": "fools"}, {"wd": "gaffs"}, {"wd": "gammons"}, {"wd": "gulls"}, {"wd": "has"}, {"wd": "has on", "wsls": ["chiefly British"]}, {"wd": "hoaxes"}, {"wd": "hoodwinks"}, {"wd": "hornswoggles"}, {"wd": "humbugs"}, {"wd": "juggles"}, {"wd": "misguides"}, {"wd": "misinforms"}, {"wd": "misleads"}, {"wd": "snookers"}, {"wd": "snows"}, {"wd": "spoofs"}, {"wd": "strings along"}, {"wd": "suckers"}, {"wd": "sucks in"}, {"wd": "takes in"}, {"wd": "tricks"}]], "rel_list": [[{"wd": "kids"}, {"wd": "puts on"}, {"wd": "teases"}], [{"wd": "bleeds"}, {"wd": "cheats"}, {"wd": "chisels"}, {"wd": "defrauds"}, {"wd": "diddles"}, {"wd": "euchres"}, {"wd": "fleeces"}, {"wd": "flimflams"}, {"wd": "gyps"}, {"wd": "hustles"}, {"wd": "mulcts"}, {"wd": "rooks"}, {"wd": "shortchanges"}, {"wd": "skins"}, {"wd": "squeezes"}, {"wd": "sticks"}, {"wd": "stings"}, {"wd": "swindles"}]], "phrase_list": [[{"wd": "leads one down the garden path", "wvrs": [{"wvl": "also", "wva": "leads one up the garden path"}]}, {"wd": "pulls one's leg"}, {"wd": "pulls the wool over one's eyes"}]], "near_list": [[{"wd": "debunks"}, {"wd": "exposes"}, {"wd": "reveals"}, {"wd": "shows up"}, {"wd": "uncloaks"}, {"wd": "uncovers"}, {"wd": "unmasks"}], [{"wd": "discloses"}, {"wd": "divulges"}, {"wd": "tells"}, {"wd": "unveils"}], [{"wd": "disabuses"}, {"wd": "disenchants"}, {"wd": "disillusions"}]], "ant_list": [[{"wd": "undeceives"}]]}]]]}], "shortdef": ["to cause to believe what is untrue"]}, {"meta": {"id": "does away with", "uuid": "3fab6bfb-2082-4cc3-b85a-6eea6cb2129e", "src": "CTenhance", "section": "phrases", "stems": ["does away with"], "syns": [["abates", "abolishes", "abrogates", "annuls", "avoids", "cancels", "disannuls", "dissolves", "invalidates", "negates", "nullifies", "nulls", "quashes", "repeals", "rescinds", "rolls back", "strikes down", "vacates", "voids"], ["assassinates", "bumps off", "croaks", "dispatches", "does in", "executes", "gets", "ices", "knocks off", "liquidates", "murders", "neutralizes", "offs", "puts away", "rubs out", "slays", "snuffs", "takes out", "terminates", "whacks"]], "ants": [], "offensive": false}, "hwi": {"hw": "does away with"}, "fl": "phrase", "sls": ["present tense third-person singular of {d_link|do away with|do away with}"], "def": [{"sseq": [[["sense", {"sn": "1", "dt": [["text", "to put an end to by formal action "], ["vis", [{"t": "They decided to {it}do away with{/it} the old dress code."}]]], "syn_list": [[{"wd": "abates"}, {"wd": "abolishes"}, {"wd": "abrogates"}, {"wd": "annuls"}, {"wd": "avoids"}, {"wd": "cancels"}, {"wd": "disannuls"}, {"wd": "dissolves"}, {"wd": "invalidates"}, {"wd": "negates"}, {"wd": "nullifies"}, {"wd": "nulls"}, {"wd": "quashes"}, {"wd": "repeals"}, {"wd": "rescinds"}, {"wd": "rolls back"}, {"wd": "strikes down"}, {"wd": "vacates"}, {"wd": "voids"}]], "rel_list": [[{"wd": "countermands"}, {"wd": "overrides"}, {"wd": "overrules"}, {"wd": "overturns"}, {"wd": "vetoes"}], [{"wd": "aborts"}, {"wd": "calls"}, {"wd": "calls off"}, {"wd": "drops"}, {"wd": "recalls"}, {"wd": "retracts"}, {"wd": "reverses"}, {"wd": "revokes"}, {"wd": "suspends"}, {"wd": "withdraws"}], [{"wd": "bans"}, {"wd": "enjoins"}, {"wd": "forbids"}, {"wd": "outlaws"}, {"wd": "prohibits"}], [{"wd": "disallows"}, {"wd": "dismisses"}, {"wd": "rejects"}], [{"wd": "annihilates"}, {"wd": "breaks down"}, {"wd": "eliminates"}, {"wd": "eradicates"}, {"wd": "erases"}, {"wd": "liquidates"}, {"wd": "removes"}, {"wd": "throws out"}, {"wd": "writes off"}]], "phrase_list": [[{"wd": "sets aside"}]], "near_list": [[{"wd": "enacts"}, {"wd": "lays down"}, {"wd": "legislates"}], [{"wd": "establishes"}, {"wd": "founds"}, {"wd": "institutes"}], [{"wd": "formalizes"}, {"wd": "legalizes"}, {"wd": "legitimates"}, {"wd": "legitimizes"}, {"wd": "validates"}], [{"wd": "passes"}, {"wd": "ratifies"}], [{"wd": "allows"}, {"wd": "approves"}, {"wd": "authorizes"}, {"wd": "clears"}, {"wd": "endorses", "wvrs": [{"wvl": "also", "wva": "indorses"}]}, {"wd": "permits"}, {"wd": "sanctions"}, {"wd": "warrants"}], [{"wd": "commands"}, {"wd": "decrees"}, {"wd": "mandates"}, {"wd": "orders"}, {"wd": "prescribes"}]]}]], [["sense", {"sn": "2", "dt": [["text", "to put to death deliberately "], ["vis", [{"t": "He resolved to {it}do away with{/it} the man who killed his parents."}]]], "syn_list": [[{"wd": "assassinates"}, {"wd": "bumps off"}, {"wd": "croaks", "wsls": ["slang"]}, {"wd": "dispatches"}, {"wd": "does in"}, {"wd": "executes"}, {"wd": "gets"}, {"wd": "ices", "wsls": ["slang"]}, {"wd": "knocks off"}, {"wd": "liquidates"}, {"wd": "murders"}, {"wd": "neutralizes"}, {"wd": "offs", "wsls": ["slang"]}, {"wd": "puts away"}, {"wd": "rubs out"}, {"wd": "slays"}, {"wd": "snuffs"}, {"wd": "takes out"}, {"wd": "terminates"}, {"wd": "whacks", "wsls": ["slang"]}]], "rel_list": [[{"wd": "blows away"}, {"wd": "shoots"}, {"wd": "shoots down"}], [{"wd": "blots out"}, {"wd": "carries off"}, {"wd": "claims"}, {"wd": "cuts down"}, {"wd": "destroys"}, {"wd": "fells"}, {"wd": "kills"}, {"wd": "smites"}, {"wd": "zaps"}], [{"wd": "butchers"}, {"wd": "massacres"}, {"wd": "mows (down)"}, {"wd": "slaughters"}], [{"wd": "annihilates"}, {"wd": "eliminates"}, {"wd": "eradicates"}, {"wd": "exterminates"}, {"wd": "wipes out"}]], "near_list": [[{"wd": "animates"}, {"wd": "raises"}, {"wd": "restores"}, {"wd": "resurrects"}, {"wd": "resuscitates"}, {"wd": "revives"}]]}]]]}], "shortdef": ["to put an end to by formal action", "to put to death deliberately"]}, {"meta": {"id": "does by", "uuid": "7bf5d50d-2ba9-4d87-801d-35dd6c1ec480", "src": "CTenhance", "section": "phrases", "stems": ["does by"], "syns": [["acts (toward)", "deals (with)", "handles", "is (to)", "serves", "treats", "uses"]], "ants": [], "offensive": false}, "hwi": {"hw": "does by"}, "fl": "phrase", "sls": ["present tense third-person singular of {d_link|do by|do by}"], "def": [{"sseq": [[["sense", {"dt": [["text", "to behave toward in a stated way "], ["vis", [{"t": "The company {it}did{/it} well {it}by{/it} him after he was injured on the job."}]]], "syn_list": [[{"wd": "acts (toward)"}, {"wd": "deals (with)"}, {"wd": "handles"}, {"wd": "is (to)"}, {"wd": "serves"}, {"wd": "treats"}, {"wd": "uses"}]], "rel_list": [[{"wd": "considers"}, {"wd": "esteems"}, {"wd": "rates"}, {"wd": "reckons"}, {"wd": "regards"}, {"wd": "views"}], [{"wd": "engages (with)"}, {"wd": "reacts (to)"}, {"wd": "responds (to)"}]]}]]]}], "shortdef": ["to behave toward in a stated way"]}, {"meta": {"id": "does for", "uuid": "d037ab94-6736-4ff4-8a98-c374e86d36ac", "src": "CTenhance", "section": "phrases", "stems": ["does for"], "syns": [["administers (to)", "cares (for)", "ministers (to)", "mothers", "nurses"], ["carries off", "claims", "croaks", "destroys", "dispatches", "does in", "fells", "kills", "slays", "takes"]], "ants": [["animates"]], "offensive": false}, "hwi": {"hw": "does for"}, "fl": "phrase", "sls": ["present tense third-person singular of {d_link|do for|do for}", "chiefly British"], "def": [{"sseq": [[["sense", {"sn": "1", "dt": [["text", "to attend to the needs and comforts of "], ["vis", [{"t": "I trust him to {it}do for{/it} my kids while I am at work."}]]], "syn_list": [[{"wd": "administers (to)"}, {"wd": "cares (for)"}, {"wd": "ministers (to)"}, {"wd": "mothers"}, {"wd": "nurses"}]], "rel_list": [[{"wd": "cures"}, {"wd": "heals"}, {"wd": "remedies"}], [{"wd": "doctors"}, {"wd": "treats"}], [{"wd": "aids"}, {"wd": "conserves"}, {"wd": "preserves"}, {"wd": "provides (for)"}, {"wd": "supports"}], [{"wd": "babies"}, {"wd": "coddles"}, {"wd": "mollycoddles"}, {"wd": "pampers"}, {"wd": "spoils"}], [{"wd": "caters (to)"}, {"wd": "humors"}], [{"wd": "indulges"}]], "phrase_list": [[{"wd": "looks after"}, {"wd": "looks out for"}, {"wd": "looks to"}, {"wd": "sees to"}, {"wd": "takes care of"}, {"wd": "waits on", "wvrs": [{"wvl": "also", "wva": "waits upon"}]}]], "near_list": [[{"wd": "brushes (aside or off)"}, {"wd": "forgets"}, {"wd": "ignores"}, {"wd": "neglects"}, {"wd": "overlooks"}, {"wd": "slights"}]]}]], [["sense", {"sn": "2", "dt": [["text", "to deprive of life "], ["vis", [{"t": " The long journey on foot nearly {it}did for{/it} her."}]]], "syn_list": [[{"wd": "carries off"}, {"wd": "claims"}, {"wd": "croaks", "wsls": ["slang"]}, {"wd": "destroys"}, {"wd": "dispatches"}, {"wd": "does in"}, {"wd": "fells"}, {"wd": "kills"}, {"wd": "slays"}, {"wd": "takes"}]], "rel_list": [[{"wd": "bumps off"}, {"wd": "butchers"}, {"wd": "cuts down"}, {"wd": "finishes"}, {"wd": "gets"}, {"wd": "ices", "wsls": ["slang"]}, {"wd": "knocks off"}, {"wd": "murders"}, {"wd": "neutralizes"}, {"wd": "offs", "wsls": ["slang"]}, {"wd": "puts away"}, {"wd": "rubs out"}, {"wd": "scrags"}, {"wd": "snuffs"}, {"wd": "takes out"}, {"wd": "wastes"}, {"wd": "whacks", "wsls": ["slang"]}], [{"wd": "annihilates"}, {"wd": "blots out"}, {"wd": "decimates"}, {"wd": "kills off"}, {"wd": "massacres"}, {"wd": "mows"}, {"wd": "slaughters"}, {"wd": "smites"}], [{"wd": "assassinates"}, {"wd": "executes"}, {"wd": "martyrs"}, {"wd": "terminates"}], [{"wd": "euthanizes", "wvrs": [{"wvl": "also", "wva": "euthanatizes"}]}, {"wd": "puts down"}], [{"wd": "suicides"}]], "phrase_list": [[{"wd": "does away with"}, {"wd": "makes away with"}]], "near_list": [[{"wd": "raises"}, {"wd": "restores"}, {"wd": "resurrects"}, {"wd": "resuscitates"}, {"wd": "revives"}], [{"wd": "nurtures"}]], "ant_list": [[{"wd": "animates"}]]}]]]}], "shortdef": ["to attend to the needs and comforts of", "to deprive of life"]}, {"meta": {"id": "does it", "uuid": "95c23b1d-d8c6-4e9a-84da-81fc3e7140d5", "src": "CTenhance", "section": "phrases", "stems": ["does it"], "syns": [["breeds", "copulates", "mates", "sleeps"]], "ants": [], "offensive": false}, "hwi": {"hw": "does it"}, "fl": "phrase", "sls": ["present tense third-person singular of {d_link|do it|do it}"], "def": [{"sseq": [[["sense", {"dt": [["text", "to engage in sexual intercourse "], ["vis", [{"t": "were both in the mood to {it}do it{/it}"}]]], "syn_list": [[{"wd": "breeds"}, {"wd": "copulates"}, {"wd": "mates"}, {"wd": "sleeps"}]], "rel_list": [[{"wd": "fools around"}, {"wd": "fornicates"}]], "phrase_list": [[{"wd": "has sex"}]]}]]]}], "shortdef": ["to engage in sexual intercourse"]}]