[{"meta": {"id": "door", "uuid": "18cf29a1-778d-432d-a9f0-cb68a2d67e63", "sort": "043407000", "src": "collegiate", "section": "alpha", "stems": ["at her door", "at his door", "at its door", "at my door", "at one's door", "at our door", "at our doors", "at their door", "at their doors", "at your door", "at your doors", "door", "doorless", "doors"], "offensive": false}, "hwi": {"hw": "door", "prs": [{"mw": "\u02c8d\u022fr", "sound": {"audio": "door0001", "ref": "c", "stat": "1"}}]}, "fl": "noun", "lbs": ["often attributive"], "def": [{"sseq": [[["sense", {"sn": "1", "dt": [["text", "{bc}a usually swinging or sliding barrier by which an entry is closed and opened"]], "sdsense": {"sd": "also", "dt": [["text", "{bc}a similar part of a piece of furniture"]]}}]], [["sense", {"sn": "2", "dt": [["text", "{bc}{sx|doorway||}"]]}]], [["sense", {"sn": "3", "dt": [["text", "{bc}a means of access or participation {bc}{sx|opportunity||} "], ["vis", [{"t": "opens new {wi}doors{/wi}"}, {"t": "{wi}door{/wi} to success"}]]]}]], [["sense", {"sn": "4", "ins": [{"if": "doors", "spl": "plural"}], "dt": [["text", "{bc}the designated time at which the doors at a performance venue (such as a theater) are opened to admit attendees "], ["vis", [{"t": "{wi}Doors{/wi} are at 8, and music starts with Garrett Owen's set at 9pm.", "aq": {"auth": "Steve Steward"}}]]]}]]]}], "uros": [{"ure": "door*less", "prs": [{"mw": "\u02c8d\u022fr-l\u0259s", "sound": {"audio": "door0002", "ref": "c", "stat": "1"}}], "fl": "adjective"}], "dros": [{"drp": "at one's door", "def": [{"sseq": [[["sense", {"dt": [["text", "{bc}as a charge against one as being responsible "], ["vis", [{"t": "laid the blame {it}at our door{/it}"}]]]}]]]}]}], "et": [["text", "Middle English {it}dure, dor{/it}, from Old English {it}duru{/it} door & {it}dor{/it} gate; akin to Old High German {it}turi{/it} door, Latin {it}fores{/it}, Greek {it}thyra{/it}"]], "date": "before 12th century{ds||1||}", "shortdef": ["a usually swinging or sliding barrier by which an entry is closed and opened; also : a similar part of a piece of furniture", "doorway", "a means of access or participation : opportunity"]}, {"meta": {"id": "doors down/up/apart", "uuid": "06800518-2625-4c47-b037-426948ffe51e", "sort": "3004898000", "src": "ld", "section": "idioms", "stems": ["doors apart", "doors down", "doors down/up/apart", "doors up"], "offensive": false}, "hwi": {"hw": "doors down/up/apart"}, "fl": "idiom", "def": [{"sseq": [[["sense", {"dt": [["uns", [[["text", "used to indicate where one house, building, apartment, office, etc. is in relation to another "], ["vis", [{"t": "She lives in a house two {it}doors down/up{/it} from me."}, {"t": "The library is a few {it}doors down{/it} from the bank."}, {"t": "We grew up two {it}doors apart{/it}."}]]]]]]}]]]}], "shortdef": ["\u2014used to indicate where one house, building, apartment, office, etc. is in relation to another"]}, {"meta": {"id": "out-of-doors", "uuid": "e02ee085-8e45-4ffe-bd3c-de53e2d7db5b", "sort": "151671000", "src": "collegiate", "section": "alpha", "stems": ["out-of-doors"], "offensive": false}, "hwi": {"hw": "out-of-doors", "prs": [{"mw": "\u02ccau\u0307t-\u0259(v)-\u02c8d\u022frz", "sound": {"audio": "outofd03", "ref": "c", "stat": "1"}}]}, "fl": "noun, plural in form but singular in construction", "def": [{"sseq": [[["sense", {"dt": [["text", "{bc}{sx|outdoors||}"]]}]]]}], "date": "1819", "shortdef": ["outdoors"]}, {"meta": {"id": "out of doors", "uuid": "e53b5ff4-0667-4ac9-b912-7cd7b71933ef", "sort": "151672000", "src": "collegiate", "section": "alpha", "stems": ["out of doors"], "offensive": false}, "hwi": {"hw": "out of doors"}, "fl": "adverb", "def": [{"sseq": [[["sense", {"dt": [["text", "{bc}{sx|outdoors||}"]]}]]]}], "date": "1530", "shortdef": ["outdoors"]}, {"meta": {"id": "behind closed doors", "uuid": "60d502bd-e4fa-46da-9419-7839725949f1", "sort": "3001657000", "src": "ld", "section": "idioms", "stems": ["behind closed doors"], "offensive": false}, "hwi": {"hw": "behind closed doors"}, "fl": "idiom", "def": [{"sseq": [[["sense", {"dt": [["text", "{bc}in a private room or place {bc}in private "], ["vis", [{"t": "All of their meetings are held {it}behind closed doors{/it}."}, {"t": "They seemed like the perfect couple, but you never know what goes on {it}behind closed doors{/it}."}, {"t": "The decisions are made {it}behind closed doors{/it}."}]]]}]]]}], "shortdef": ["in a private room or place : in private"]}, {"meta": {"id": "knock on doors", "uuid": "9d30fb46-3e1f-4f24-aca4-d6f1d34cfffb", "sort": "3010589000", "src": "ld", "section": "idioms", "stems": ["knock on doors"], "offensive": false}, "hwi": {"hw": "knock on doors"}, "fl": "idiom", "def": [{"sseq": [[["sense", {"dt": [["text", "{bc}to go to each house or apartment in an area to talk with the people who live there "], ["vis", [{"t": "Campaign workers have been {it}knocking on doors{/it} throughout the neighborhood."}]]]}]]]}], "shortdef": ["to go to each house or apartment in an area to talk with the people who live there"]}, {"meta": {"id": "open doors for", "uuid": "571114a7-f01e-46b6-a38f-ec4eee88cbc6", "sort": "3013883000", "src": "ld", "section": "idioms", "stems": ["open doors for"], "offensive": false}, "hwi": {"hw": "open doors for"}, "fl": "idiom", "def": [{"sseq": [[["sense", {"dt": [["text", "{bc}to give special opportunities to (someone) "], ["vis", [{"t": "Being the daughter of the famous actor {it}opened doors for{/it} her in Hollywood."}]]]}]]]}], "shortdef": ["to give special opportunities to (someone)"]}, {"meta": {"id": "open one's doors", "uuid": "5645e9dc-52fc-474f-9ee5-3af66df6facc", "sort": "3013908000", "src": "ld", "section": "idioms", "stems": ["open her doors", "open his doors", "open one's doors", "open their doors"], "offensive": false}, "hwi": {"hw": "open one's doors"}, "fl": "idiom", "def": [{"sseq": [[["sense", {"sn": "1", "dt": [["text", "{bc}to allow someone to enter "], ["vis", [{"t": "The country has {it}opened its doors{/it} to immigrants."}, {"t": "local churches that {it}open their doors{/it} to the homeless in the winter months"}]]]}]], [["sense", {"sn": "2", "sls": ["of a business or organization"], "dt": [["text", "{bc}to open for business {bc}to begin operating "], ["vis", [{"t": "The new store will be {it}opening its doors{/it} next month."}]]]}]]]}], "shortdef": ["to allow someone to enter", "to open for business : to begin operating"]}, {"meta": {"id": "close:1", "uuid": "fad9b4ab-5460-4322-9a5e-576cac0acb22", "sort": "033735000", "src": "collegiate", "section": "alpha", "stems": ["closable", "close", "close her doors", "close her eyes to", "close his doors", "close his eyes to", "close its doors", "close its eyes to", "close my doors", "close my eyes to", "close one's doors", "close one's doors to", "close one's eyes to", "close our doors", "close our eyes to", "close ranks", "close the door", "close their doors", "close their eyes to", "close your doors", "close your eyes to", "closeable", "closed", "closed her doors", "closed her eyes to", "closed his doors", "closed his eyes to", "closed its doors", "closed its eyes to", "closed my doors", "closed my eyes to", "closed one's doors to", "closed one's eyes to", "closed our doors", "closed our eyes to", "closed ranks", "closed the door", "closed their doors", "closed their eyes to", "closed your doors", "closed your eyes to", "closes", "closes her doors", "closes her eyes to", "closes his doors", "closes his eyes to", "closes its doors", "closes its eyes to", "closes my doors", "closes my eyes to", "closes one's doors to", "closes one's eyes to", "closes our doors", "closes our eyes to", "closes ranks", "closes the door", "closes their doors", "closes their eyes to", "closes your doors", "closes your eyes to", "closing", "closing her doors", "closing her eyes to", "closing his doors", "closing his eyes to", "closing its doors", "closing its eyes to", "closing my doors", "closing my eyes to", "closing one's doors to", "closing one's eyes to", "closing our doors", "closing our eyes to", "closing ranks", "closing the door", "closing their doors", "closing their eyes to", "closing your doors", "closing your eyes to"], "offensive": false}, "hom": 1, "hwi": {"hw": "close", "prs": [{"mw": "\u02c8kl\u014dz", "sound": {"audio": "close_01", "ref": "c", "stat": "1"}}]}, "fl": "verb", "ins": [{"if": "closed"}, {"if": "clos*ing"}], "def": [{"vd": "transitive verb", "sseq": [[["sense", {"sn": "1 a", "dt": [["text", "{bc}to move so as to bar passage through something "], ["vis", [{"t": "{wi}Close{/wi} the gate."}]]]}], ["sense", {"sn": "b", "dt": [["text", "{bc}to block against entry or passage "], ["vis", [{"t": "{wi}close{/wi} a street"}]]]}], ["sense", {"sn": "c", "dt": [["text", "{bc}to deny access to "], ["vis", [{"t": "The city {it}closed{/it} the beach."}]]]}], ["sense", {"sn": "d", "dt": [["text", "{bc}to suspend or stop the operations of "], ["vis", [{"t": "{wi}close{/wi} school"}]], ["uns", [[["text", "often used with {it}down{/it} "], ["vis", [{"t": "They {wi}closed{/wi} down the factory."}]]]]]]}], ["sense", {"sn": "e", "dt": [["text", "{bc}{sx|screen||}, {sx|exclude||} "], ["vis", [{"t": "{wi}close{/wi} a view"}]]]}]], [["sense", {"sn": "2 a", "dt": [["text", "{bc}to bring to an end or period "], ["vis", [{"t": "{wi}close{/wi} an account"}, {"t": "{it}closed{/it} his football career with an outstanding big bowl performance"}, {"t": "Investigators {it}closed{/it} the case after concluding that his death was accidental."}]]]}], ["sense", {"sn": "b", "dt": [["text", "{bc}to terminate access to (a computer file or program) "], ["vis", [{"t": "Remember to save the file before {it}closing{/it} it."}]]]}], ["sense", {"sn": "c", "dt": [["text", "{bc}to conclude discussion or negotiation about "], ["vis", [{"t": "The question is {it}closed{/it}."}]]], "sdsense": {"sd": "also", "dt": [["text", "{bc}to consummate {dx_def}see {dxt|consummate:2||2}{/dx_def} by performing something previously agreed "], ["vis", [{"t": "{wi}close{/wi} a transfer of real estate title"}]]]}}]], [["sense", {"sn": "3 a", "dt": [["text", "{bc}to bring or bind together the parts or edges of "], ["vis", [{"t": "a {it}closed{/it} book"}]]]}], ["sense", {"sn": "b", "dt": [["text", "{bc}to reduce to nil "], ["vis", [{"t": "{it}closed{/it} the distance to the lead racer"}]]]}], ["sense", {"sn": "c", "dt": [["text", "{bc}to fill up (something, such as an opening) "], ["vis", [{"t": "{wi}close{/wi} the cracks with plaster of paris"}]]]}], ["sense", {"sn": "d", "dt": [["text", "{bc}to make complete by circling or enveloping or by making continuous "], ["vis", [{"t": "{wi}close{/wi} a circuit"}]]]}]], [["sense", {"sn": "4", "sls": ["archaic"], "dt": [["text", "{bc}{sx|enclose||}, {sx|contain||}"]]}]]]}, {"vd": "intransitive verb", "sseq": [[["sense", {"sn": "1 a", "dt": [["text", "{bc}to contract, fold, swing, or slide so as to leave no opening "], ["vis", [{"t": "The door {it}closed{/it} quietly."}]]]}], ["sense", {"sn": "b", "dt": [["text", "{bc}to cease operation "], ["vis", [{"t": "The factory {it}closed{/it} down."}, {"t": "The stores {wi}close{/wi} at 9 p.m."}]]]}]], [["sense", {"sn": "2 a", "dt": [["text", "{bc}to come together {bc}{sx|meet||} "], ["vis", [{"t": "The jaws of the vise {it}closed{/it}."}]]]}], ["sense", {"sn": "b", "dt": [["text", "{bc}to draw the free foot up to the supporting foot in dancing"]]}]], [["sense", {"sn": "3", "dt": [["text", "{bc}to come to an end or period "], ["vis", [{"t": "The services {it}closed{/it} with a short prayer."}]]]}]], [["sense", {"sn": "4", "dt": [["text", "{bc}to enter into or complete an agreement "], ["vis", [{"t": "{wi}close{/wi} on a deal"}]]]}]], [["sense", {"sn": "5", "dt": [["text", "{bc}to reduce a gap "], ["vis", [{"t": "{it}closed{/it} to within two points"}]]]}]], [["sense", {"sn": "6 a", "dt": [["text", "{bc}to draw near "], ["vis", [{"t": "The ship was {it}closing{/it} with the island."}]]]}], ["sense", {"sn": "b", "dt": [["text", "{bc}to engage in a struggle at close quarters {bc}{sx|grapple||} "], ["vis", [{"t": "{wi}close{/wi} with the enemy"}]]]}]]]}], "uros": [{"ure": "clos*able", "vrs": [{"vl": "or", "va": "close*able", "prs": [{"mw": "\u02c8kl\u014d-z\u0259-b\u0259l", "sound": {"audio": "close_02", "ref": "c", "stat": "1"}}]}], "fl": "adjective"}], "dros": [{"drp": "close one's doors", "def": [{"sseq": [[["sense", {"sn": "1", "dt": [["text", "{bc}to refuse admission "], ["vis", [{"t": "The nation {it}closed its doors{/it} to immigrants."}]]]}]], [["sense", {"sn": "2", "dt": [["text", "{bc}to go out of business "], ["vis", [{"t": "The furniture store {it}closed its doors{/it} last week."}]]]}]]]}]}, {"drp": "close one's eyes to", "def": [{"sseq": [[["sense", {"dt": [["text", "{bc}to ignore deliberately "], ["vis", [{"t": "Officials {it}closed their eyes to{/it} allegations of child abuse at the day care center."}]]]}]]]}]}, {"drp": "close ranks", "def": [{"sseq": [[["sense", {"dt": [["text", "{bc}to unite in a concerted stand especially to meet a challenge "], ["vis", [{"t": "The family {it}closed ranks{/it} to protect one of their own."}]]]}]]]}]}, {"drp": "close the door", "def": [{"sseq": [[["sense", {"dt": [["text", "{bc}to be uncompromisingly obstructive "], ["vis", [{"t": "{it}closed the door{/it} to further negotiation"}]]]}]]]}]}], "syns": [{"pl": "synonyms", "pt": [["text", "{sc}close{/sc} {sc}end{/sc} {sc}conclude{/sc} {sc}finish{/sc} {sc}complete{/sc} {sc}terminate{/sc} mean to bring or come to a stopping point or limit. {sc}close{/sc} usually implies that something has been in some way open as well as unfinished. "], ["vis", [{"t": "{it}close{/it} a debate"}]], ["text", " {sc}end{/sc} conveys a strong sense of finality. "], ["vis", [{"t": "{it}ended{/it} his life"}]], ["text", " {sc}conclude{/sc} may imply a formal closing (as of a meeting). "], ["vis", [{"t": "the service {it}concluded{/it} with a blessing"}]], ["text", " {sc}finish{/sc} may stress completion of a final step in a process. "], ["vis", [{"t": "after it is painted, the house will be {it}finished{/it}"}]], ["text", " {sc}complete{/sc} implies the removal of all deficiencies or a successful finishing of what has been undertaken. "], ["vis", [{"t": "the resolving of this last issue {it}completes{/it} the agreement"}]], ["text", " {sc}terminate{/sc} implies the setting of a limit in time or space. "], ["vis", [{"t": "your employment {it}terminates{/it} after three months"}]]]}], "et": [["text", "Middle English, from Anglo-French {it}clos-{/it}, stem of {it}clore{/it}, from Latin {it}claudere{/it} to shut, close; perhaps akin to Greek {it}kleiein{/it} to close {ma}{mat|clavicle|}{/ma}"]], "date": "13th century{ds|t|1|a|}", "shortdef": ["to move so as to bar passage through something", "to block against entry or passage", "to deny access to"]}, {"meta": {"id": "double door", "uuid": "4baa2c89-87a6-42d5-aef5-64eab0af880b", "sort": "043538000", "src": "collegiate", "section": "alpha", "stems": ["double door", "double doors"], "offensive": false}, "hwi": {"hw": "double door"}, "fl": "noun", "def": [{"sseq": [[["sense", {"dt": [["text", "{bc}an opening with two vertical doors that meet in the middle of the opening when closed {dx}compare {dxt|dutch door||}{/dx}"]]}]]]}], "date": "1840", "shortdef": ["an opening with two vertical doors that meet in the middle of the opening when closed"]}]