[{"meta": {"id": "dreams", "uuid": "76550129-a1e8-478d-a370-c2ce6bc84398", "src": "coll_thes", "section": "alpha", "stems": ["dreams"], "syns": [["chimeras", "conceits", "daydreams", "delusions", "fancies", "fantasies", "figments", "hallucinations", "illusions", "nonentities", "phantasms", "pipe dreams", "unrealities", "visions"], ["aims", "ambitions", "aspirations", "bournes", "designs", "ends", "goals", "ideals", "ideas", "intentions", "intents", "marks", "meanings", "objectives", "objects", "plans", "points", "pretensions", "purposes", "targets", "things"], ["beauties", "beauts", "bee's knees", "corkers", "crackerjacks", "daisies", "dandies", "dillies", "doozies", "honeys", "hot stuff", "humdingers", "hummers", "jim-dandies", "knockouts", "lollapaloozas", "lulus", "nifties", "peaches", "pippins", "pips", "rippers", "ripsnorters", "snorters", "sockdolagers", "standouts", "sweethearts"]], "ants": [], "offensive": false}, "hwi": {"hw": "dreams"}, "fl": "noun", "sls": ["plural of {d_link|dream|dream}"], "def": [{"sseq": [[["sense", {"sn": "1", "dt": [["text", "a conception or image created by the imagination and having no objective reality "], ["vis", [{"t": "his invention is only a {it}dream{/it} right now, but someday it might be a reality"}]]], "syn_list": [[{"wd": "chimeras"}, {"wd": "conceits"}, {"wd": "daydreams"}, {"wd": "delusions"}, {"wd": "fancies"}, {"wd": "fantasies", "wvrs": [{"wvl": "also", "wva": "phantasies"}]}, {"wd": "figments"}, {"wd": "hallucinations"}, {"wd": "illusions"}, {"wd": "nonentities"}, {"wd": "phantasms", "wvrs": [{"wvl": "also", "wva": "fantasms"}]}, {"wd": "pipe dreams"}, {"wd": "unrealities"}, {"wd": "visions"}]], "rel_list": [[{"wd": "ignes fatui"}, {"wd": "mirages"}, {"wd": "will-o'-the-wisps"}], [{"wd": "brainchildren"}, {"wd": "ideas"}], [{"wd": "concoctions"}, {"wd": "fables"}, {"wd": "fabrications"}, {"wd": "fictions"}, {"wd": "inventions"}], [{"wd": "visualizations"}], [{"wd": "cloud-cuckoo-lands"}, {"wd": "cloudlands"}, {"wd": "Shangri-las"}, {"wd": "utopias"}], [{"wd": "daymares"}, {"wd": "nightmares"}]], "phrase_list": [[{"wd": "castles in Spain"}, {"wd": "castles in the air"}]], "near_list": [[{"wd": "actualities"}, {"wd": "facts"}, {"wd": "realities"}]]}]], [["sense", {"sn": "2", "dt": [["text", "something that one hopes or intends to accomplish "], ["vis", [{"t": "my {it}dream{/it} is to open my own restaurant"}]]], "syn_list": [[{"wd": "aims"}, {"wd": "ambitions"}, {"wd": "aspirations"}, {"wd": "bournes", "wvrs": [{"wvl": "also", "wva": "bourns"}]}, {"wd": "designs"}, {"wd": "ends"}, {"wd": "goals"}, {"wd": "ideals"}, {"wd": "ideas"}, {"wd": "intentions"}, {"wd": "intents"}, {"wd": "marks"}, {"wd": "meanings"}, {"wd": "objectives"}, {"wd": "objects"}, {"wd": "plans"}, {"wd": "points"}, {"wd": "pretensions"}, {"wd": "purposes"}, {"wd": "targets"}, {"wd": "things"}]], "rel_list": [[{"wd": "grails"}, {"wd": "holy grails"}], [{"wd": "plots"}, {"wd": "projects"}, {"wd": "schemes"}], [{"wd": "desires"}, {"wd": "hopes"}, {"wd": "minds"}, {"wd": "wishes"}], [{"wd": "nirvanas"}], [{"wd": "destinations"}, {"wd": "termini", "wvrs": [{"wvl": "or", "wva": "terminuses"}]}]], "near_list": [[{"wd": "means"}, {"wd": "methods"}, {"wd": "ways"}]]}]], [["sense", {"sn": "3", "dt": [["text", "something very good of its kind "], ["vis", [{"t": "the Alaskan cruise exceeded their wildest expectations\u2014it was a {it}dream{/it} of a vacation"}]]], "syn_list": [[{"wd": "beauties"}, {"wd": "beauts"}, {"wd": "bee's knees"}, {"wd": "corkers"}, {"wd": "crackerjacks", "wvrs": [{"wvl": "also", "wva": "crackajacks"}]}, {"wd": "daisies"}, {"wd": "dandies"}, {"wd": "dillies"}, {"wd": "doozies", "wvrs": [{"wvl": "or", "wva": "doozers"}]}, {"wd": "honeys"}, {"wd": "hot stuff"}, {"wd": "humdingers"}, {"wd": "hummers"}, {"wd": "jim-dandies"}, {"wd": "knockouts"}, {"wd": "lollapaloozas"}, {"wd": "lulus", "wsls": ["slang"]}, {"wd": "nifties"}, {"wd": "peaches"}, {"wd": "pippins"}, {"wd": "pips"}, {"wd": "rippers"}, {"wd": "ripsnorters"}, {"wd": "snorters"}, {"wd": "sockdolagers", "wvrs": [{"wvl": "or", "wva": "sockdologers"}]}, {"wd": "standouts"}, {"wd": "sweethearts"}]], "rel_list": [[{"wd": "marvels"}, {"wd": "phenomena", "wvrs": [{"wvl": "or", "wva": "phenomenons"}]}, {"wd": "prodigies"}, {"wd": "sensations"}, {"wd": "wonders"}], [{"wd": "catches"}, {"wd": "crown jewels"}, {"wd": "diamonds"}, {"wd": "gems"}, {"wd": "imperials"}, {"wd": "jewels"}, {"wd": "pearls"}, {"wd": "plums"}, {"wd": "treasures"}]], "near_list": [[{"wd": "busts"}, {"wd": "disappointments"}, {"wd": "duds"}, {"wd": "failures"}, {"wd": "flops"}, {"wd": "lemons"}, {"wd": "letdowns"}, {"wd": "losers"}, {"wd": "stinkers"}, {"wd": "turkeys"}]]}]]]}], "shortdef": ["a conception or image created by the imagination and having no objective reality", "something that one hopes or intends to accomplish", "something very good of its kind"]}, {"meta": {"id": "dreams", "uuid": "9ce4bee1-4e62-422d-b2c2-66cae6364cc7", "src": "coll_thes", "section": "alpha", "stems": ["dreams"], "syns": [["conceits", "conceives", "conjures (up)", "envisages", "envisions", "fancies", "fantasies", "fantasizes", "features", "ideates", "images", "imagines", "pictures", "sees", "visions", "visualizes"]], "ants": [], "offensive": false}, "hwi": {"hw": "dreams"}, "fl": "verb", "sls": ["present tense third-person singular of {d_link|dream|dream}"], "def": [{"sseq": [[["sense", {"dt": [["text", "to form a mental picture of "], ["vis", [{"t": "I {it}dreamed{/it} that I was living on that proverbial desert island in the South Pacific"}]]], "syn_list": [[{"wd": "conceits", "wsls": ["chiefly dialect"]}, {"wd": "conceives"}, {"wd": "conjures (up)"}, {"wd": "envisages"}, {"wd": "envisions"}, {"wd": "fancies"}, {"wd": "fantasies"}, {"wd": "fantasizes"}, {"wd": "features"}, {"wd": "ideates"}, {"wd": "images"}, {"wd": "imagines"}, {"wd": "pictures"}, {"wd": "sees"}, {"wd": "visions"}, {"wd": "visualizes"}]], "rel_list": [[{"wd": "daydreams"}, {"wd": "stargazes"}], [{"wd": "hallucinates"}], [{"wd": "re-creates"}, {"wd": "reflects"}, {"wd": "relives"}, {"wd": "reminisces"}], [{"wd": "contemplates"}, {"wd": "meditates"}, {"wd": "muses"}, {"wd": "ponders"}, {"wd": "ruminates"}], [{"wd": "concocts"}, {"wd": "fabricates"}, {"wd": "invents"}, {"wd": "makes up"}, {"wd": "manufactures"}, {"wd": "plans"}, {"wd": "projects"}], [{"wd": "foresees"}, {"wd": "prefigures"}]]}]]]}], "shortdef": ["to form a mental picture of"]}, {"meta": {"id": "dream", "uuid": "a600de62-8321-4954-bdc8-0f66c3954370", "src": "coll_thes", "section": "alpha", "target": {"tuuid": "8bee2eae-5471-487d-830c-fd52c0f73cd1", "tsrc": "collegiate"}, "stems": ["dream", "dreamful", "dreamfully", "dreamfulness", "dreamfulnesses", "dreamless", "dreamlessly", "dreamlessness", "dreamlessnesses", "dreamlike", "dreams"], "syns": [["chimera", "conceit", "daydream", "delusion", "fancy", "fantasy", "figment", "hallucination", "illusion", "nonentity", "phantasm", "pipe dream", "unreality", "vision"], ["aim", "ambition", "aspiration", "bourne", "design", "end", "goal", "idea", "ideal", "intent", "intention", "mark", "meaning", "object", "objective", "plan", "point", "pretension", "purpose", "target", "thing"], ["beaut", "beauty", "bee's knees", "cat's meow", "corker", "crackerjack", "daisy", "dandy", "dilly", "doozy", "honey", "hot stuff", "humdinger", "hummer", "jim-dandy", "knockout", "lollapalooza", "lulu", "nifty", "peach", "pip", "pippin", "ripper", "ripsnorter", "snorter", "sockdolager", "standout", "sweetheart"]], "ants": [], "offensive": false}, "hwi": {"hw": "dream"}, "fl": "noun", "def": [{"sseq": [[["sense", {"sn": "1", "dt": [["text", "a conception or image created by the imagination and having no objective reality "], ["vis", [{"t": "his invention is only a {it}dream{/it} right now, but someday it might be a reality"}]]], "syn_list": [[{"wd": "chimera"}, {"wd": "conceit"}, {"wd": "daydream"}, {"wd": "delusion"}, {"wd": "fancy"}, {"wd": "fantasy", "wvrs": [{"wvl": "also", "wva": "phantasy"}]}, {"wd": "figment"}, {"wd": "hallucination"}, {"wd": "illusion"}, {"wd": "nonentity"}, {"wd": "phantasm", "wvrs": [{"wvl": "also", "wva": "fantasm"}]}, {"wd": "pipe dream"}, {"wd": "unreality"}, {"wd": "vision"}]], "rel_list": [[{"wd": "ignis fatuus"}, {"wd": "mirage"}, {"wd": "will-o'-the-wisp"}], [{"wd": "brainchild"}, {"wd": "idea"}], [{"wd": "concoction"}, {"wd": "fable"}, {"wd": "fabrication"}, {"wd": "fiction"}, {"wd": "invention"}], [{"wd": "envisaging"}, {"wd": "imaging"}, {"wd": "visualization"}], [{"wd": "cloud-cuckoo-land"}, {"wd": "cloudland"}, {"wd": "Shangri-la"}, {"wd": "utopia"}], [{"wd": "daymare"}, {"wd": "nightmare"}]], "phrase_list": [[{"wd": "castle in Spain"}, {"wd": "castle in the air"}]], "near_list": [[{"wd": "actuality"}, {"wd": "fact"}, {"wd": "reality"}]]}]], [["sense", {"sn": "2", "dt": [["text", "something that one hopes or intends to accomplish "], ["vis", [{"t": "my {it}dream{/it} is to open my own restaurant"}]]], "syn_list": [[{"wd": "aim"}, {"wd": "ambition"}, {"wd": "aspiration"}, {"wd": "bourne", "wvrs": [{"wvl": "also", "wva": "bourn"}]}, {"wd": "design"}, {"wd": "end"}, {"wd": "goal"}, {"wd": "idea"}, {"wd": "ideal"}, {"wd": "intent"}, {"wd": "intention"}, {"wd": "mark"}, {"wd": "meaning"}, {"wd": "object"}, {"wd": "objective"}, {"wd": "plan"}, {"wd": "point"}, {"wd": "pretension"}, {"wd": "purpose"}, {"wd": "target"}, {"wd": "thing"}]], "rel_list": [[{"wd": "grail"}, {"wd": "holy grail"}], [{"wd": "plot"}, {"wd": "project"}, {"wd": "scheme"}], [{"wd": "desire"}, {"wd": "hope"}, {"wd": "mind"}, {"wd": "wish"}], [{"wd": "nirvana"}], [{"wd": "destination"}, {"wd": "terminus"}]], "phrase_list": [[{"wd": "name of the game"}]], "near_list": [[{"wd": "means"}, {"wd": "method"}, {"wd": "way"}]]}]], [["sense", {"sn": "3", "dt": [["text", "something very good of its kind "], ["vis", [{"t": "the Alaskan cruise exceeded their wildest expectations\u2014it was a {it}dream{/it} of a vacation"}]]], "syn_list": [[{"wd": "beaut"}, {"wd": "beauty"}, {"wd": "bee's knees"}, {"wd": "cat's meow"}, {"wd": "corker"}, {"wd": "crackerjack", "wvrs": [{"wvl": "also", "wva": "crackajack"}]}, {"wd": "daisy"}, {"wd": "dandy"}, {"wd": "dilly"}, {"wd": "doozy", "wvrs": [{"wvl": "or", "wva": "doozie"}, {"wvl": "also", "wva": "doozer"}]}, {"wd": "honey"}, {"wd": "hot stuff"}, {"wd": "humdinger"}, {"wd": "hummer"}, {"wd": "jim-dandy"}, {"wd": "knockout"}, {"wd": "lollapalooza"}, {"wd": "lulu", "wsls": ["slang"]}, {"wd": "nifty"}, {"wd": "peach"}, {"wd": "pip"}, {"wd": "pippin"}, {"wd": "ripper"}, {"wd": "ripsnorter"}, {"wd": "snorter"}, {"wd": "sockdolager", "wvrs": [{"wvl": "or", "wva": "sockdologer"}]}, {"wd": "standout"}, {"wd": "sweetheart"}]], "rel_list": [[{"wd": "marvel"}, {"wd": "phenomenon"}, {"wd": "prodigy"}, {"wd": "sensation"}, {"wd": "wonder"}], [{"wd": "catch"}, {"wd": "crown jewel"}, {"wd": "diamond"}, {"wd": "gem"}, {"wd": "imperial"}, {"wd": "jewel"}, {"wd": "pearl"}, {"wd": "plum"}, {"wd": "treasure"}]], "phrase_list": [[{"wd": "something else"}]], "near_list": [[{"wd": "bust"}, {"wd": "disappointment"}, {"wd": "dud"}, {"wd": "failure"}, {"wd": "flop"}, {"wd": "lemon"}, {"wd": "letdown"}, {"wd": "loser"}, {"wd": "stinker"}, {"wd": "turkey"}]]}]]]}], "shortdef": ["a conception or image created by the imagination and having no objective reality", "something that one hopes or intends to accomplish", "something very good of its kind"]}, {"meta": {"id": "dream", "uuid": "01db8f31-5914-4fa4-ad09-a603cff12624", "src": "coll_thes", "section": "alpha", "target": {"tuuid": "4d0b61f3-53bd-4801-905c-32fc19fe5d0d", "tsrc": "collegiate"}, "stems": ["dream", "dream of", "dreamed", "dreaming", "dreams", "dreamt"], "syns": [["conceit", "conceive", "conjure (up)", "envisage", "envision", "fancy", "fantasize", "fantasy", "feature", "ideate", "image", "imagine", "picture", "see", "vision", "visualize"]], "ants": [], "offensive": false}, "hwi": {"hw": "dream"}, "fl": "verb", "def": [{"sseq": [[["sense", {"dt": [["text", "to form a mental picture of "], ["vis", [{"t": "I {it}dreamed{/it} that I was living on that proverbial desert island in the South Pacific"}]]], "syn_list": [[{"wd": "conceit", "wsls": ["chiefly dialect"]}, {"wd": "conceive"}, {"wd": "conjure (up)"}, {"wd": "envisage"}, {"wd": "envision"}, {"wd": "fancy"}, {"wd": "fantasize"}, {"wd": "fantasy"}, {"wd": "feature"}, {"wd": "ideate"}, {"wd": "image"}, {"wd": "imagine"}, {"wd": "picture"}, {"wd": "see"}, {"wd": "vision"}, {"wd": "visualize"}]], "rel_list": [[{"wd": "daydream"}, {"wd": "stargaze"}], [{"wd": "hallucinate"}], [{"wd": "re-create"}, {"wd": "reflect"}, {"wd": "relive"}, {"wd": "reminisce"}], [{"wd": "contemplate"}, {"wd": "meditate"}, {"wd": "muse"}, {"wd": "ponder"}, {"wd": "ruminate"}], [{"wd": "concoct"}, {"wd": "fabricate"}, {"wd": "invent"}, {"wd": "make up"}, {"wd": "manufacture"}, {"wd": "plan"}, {"wd": "project"}], [{"wd": "foresee"}, {"wd": "prefigure"}]]}]]]}], "shortdef": ["to form a mental picture of"]}, {"meta": {"id": "American dreams", "uuid": "b7ce8238-02d1-4337-8148-a2e217c931e1", "src": "coll_thes", "section": "alpha", "stems": ["American dreams"], "syns": [["good lifes"]], "ants": [], "offensive": false}, "hwi": {"hw": "American dreams"}, "fl": "noun", "sls": ["plural of {d_link|American dream|American dream}"], "def": [{"sseq": [[["sense", {"dt": [["text", "a life marked by material wealth and comfort "], ["vis", [{"t": "with the acquisition of a big house in the suburbs, they felt as though the {it}American dream{/it} had indeed become a reality for them"}]]], "syn_list": [[{"wd": "good lifes"}]], "rel_list": [[{"wd": "dolce vitas"}], [{"wd": "easy streets"}]]}]]]}], "shortdef": ["a life marked by material wealth and comfort"]}, {"meta": {"id": "pipe dreams", "uuid": "c071c231-da06-4f73-b34c-f8ae9cf6b41a", "src": "coll_thes", "section": "alpha", "stems": ["pipe dreams"], "syns": [["chimeras", "conceits", "daydreams", "delusions", "dreams", "fancies", "fantasies", "figments", "hallucinations", "illusions", "nonentities", "phantasms", "unrealities", "visions"]], "ants": [], "offensive": false}, "hwi": {"hw": "pipe dreams"}, "fl": "noun", "sls": ["plural of {d_link|pipe dream|pipe dream}"], "def": [{"sseq": [[["sense", {"dt": [["text", "a conception or image created by the imagination and having no objective reality "], ["vis", [{"t": "opening our own restaurant has long been a {it}pipe dream{/it}"}]]], "syn_list": [[{"wd": "chimeras"}, {"wd": "conceits"}, {"wd": "daydreams"}, {"wd": "delusions"}, {"wd": "dreams"}, {"wd": "fancies"}, {"wd": "fantasies", "wvrs": [{"wvl": "also", "wva": "phantasies"}]}, {"wd": "figments"}, {"wd": "hallucinations"}, {"wd": "illusions"}, {"wd": "nonentities"}, {"wd": "phantasms", "wvrs": [{"wvl": "also", "wva": "fantasms"}]}, {"wd": "unrealities"}, {"wd": "visions"}]], "rel_list": [[{"wd": "ignes fatui"}, {"wd": "mirages"}, {"wd": "will-o'-the-wisps"}], [{"wd": "brainchildren"}, {"wd": "ideas"}], [{"wd": "concoctions"}, {"wd": "fables"}, {"wd": "fabrications"}, {"wd": "fictions"}, {"wd": "inventions"}], [{"wd": "visualizations"}], [{"wd": "cloud-cuckoo-lands"}, {"wd": "cloudlands"}, {"wd": "Shangri-las"}, {"wd": "utopias"}], [{"wd": "daymares"}, {"wd": "nightmares"}]], "phrase_list": [[{"wd": "castles in Spain"}, {"wd": "castles in the air"}]], "near_list": [[{"wd": "actualities"}, {"wd": "facts"}, {"wd": "realities"}]]}]]]}], "shortdef": ["a conception or image created by the imagination and having no objective reality"]}, {"meta": {"id": "American dream", "uuid": "6d97098f-6c21-441d-a6a8-5d650225e9c0", "src": "coll_thes", "section": "alpha", "target": {"tuuid": "7dd64e98-bd49-46a8-b2c5-506f6e82b359", "tsrc": "collegiate"}, "stems": ["american dream", "american dreams"], "syns": [["good life"]], "ants": [], "offensive": false}, "hwi": {"hw": "American dream"}, "fl": "noun", "def": [{"sseq": [[["sense", {"dt": [["text", "a life marked by material wealth and comfort "], ["vis", [{"t": "with the acquisition of a big house in the suburbs, they felt as though the {it}American dream{/it} had indeed become a reality for them"}]]], "syn_list": [[{"wd": "good life"}]], "rel_list": [[{"wd": "dolce vita", "wvrs": [{"wvl": "or", "wva": "la dolce vita"}]}], [{"wd": "easy street"}]]}]]]}], "shortdef": ["a life marked by material wealth and comfort"]}, {"meta": {"id": "pipe dream", "uuid": "ddd01c59-ce8b-4abd-b884-06ac418bf83a", "src": "coll_thes", "section": "alpha", "target": {"tuuid": "dcc30e3d-6328-48ed-901e-4174dfab3d82", "tsrc": "collegiate"}, "stems": ["pipe dream", "pipe dreams"], "syns": [["chimera", "conceit", "daydream", "delusion", "dream", "fancy", "fantasy", "figment", "hallucination", "illusion", "nonentity", "phantasm", "unreality", "vision"]], "ants": [], "offensive": false}, "hwi": {"hw": "pipe dream"}, "fl": "noun", "def": [{"sseq": [[["sense", {"dt": [["text", "a conception or image created by the imagination and having no objective reality "], ["vis", [{"t": "opening our own restaurant has long been a {it}pipe dream{/it}"}]]], "syn_list": [[{"wd": "chimera"}, {"wd": "conceit"}, {"wd": "daydream"}, {"wd": "delusion"}, {"wd": "dream"}, {"wd": "fancy"}, {"wd": "fantasy", "wvrs": [{"wvl": "also", "wva": "phantasy"}]}, {"wd": "figment"}, {"wd": "hallucination"}, {"wd": "illusion"}, {"wd": "nonentity"}, {"wd": "phantasm", "wvrs": [{"wvl": "also", "wva": "fantasm"}]}, {"wd": "unreality"}, {"wd": "vision"}]], "rel_list": [[{"wd": "ignis fatuus"}, {"wd": "mirage"}, {"wd": "will-o'-the-wisp"}], [{"wd": "brainchild"}, {"wd": "idea"}], [{"wd": "concoction"}, {"wd": "fable"}, {"wd": "fabrication"}, {"wd": "fiction"}, {"wd": "invention"}], [{"wd": "envisaging"}, {"wd": "imaging"}, {"wd": "visualization"}], [{"wd": "cloud-cuckoo-land"}, {"wd": "cloudland"}, {"wd": "Shangri-la"}, {"wd": "utopia"}], [{"wd": "daymare"}, {"wd": "nightmare"}]], "phrase_list": [[{"wd": "castle in Spain"}, {"wd": "castle in the air"}]], "near_list": [[{"wd": "actuality"}, {"wd": "fact"}, {"wd": "reality"}]]}]]]}], "shortdef": ["a conception or image created by the imagination and having no objective reality"]}]