[{"meta": {"id": "driving", "uuid": "01fed5de-7a01-4c0a-9cca-cf8fe9b2ddf5", "src": "CTcompile", "section": "alpha", "stems": ["driving"], "syns": [["determined", "diligent", "dynamic", "enterprising", "gung ho", "hungry", "hustling", "industrious", "motivated", "venturesome", "venturous", "animated", "lively", "spirited", "ardent", "avid", "eager", "energetic", "impassioned", "keen", "raring", "vigorous", "aggressive", "assertive", "high-flying", "opportunistic", "overambitious", "pretentious", "pushy", "self-assertive", "competing", "competitive", "rival", "rivalrous", "ambitious", "aspiring", "go-getting", "hard-driving", "pushing", "self-seeking"]], "ants": [["apathetic", "disinterested", "indifferent", "uneager", "unenthusiastic", "unexcited", "uninterested", "casual", "easygoing", "lackadaisical", "lazyish", "halfhearted", "lukewarm", "tepid", "lazy", "lethargic", "listless", "shiftless", "sluggish", "spiritless", "unaggressive", "unassertive", "ambitionless", "unambitious"]], "offensive": false}, "hwi": {"hw": "driving"}, "fl": "adjective", "def": [{"sseq": [[["sense", {"dt": [["text", "as in {it}determined{/it}, {it}motivated{/it}"]], "sim_list": [[{"wd": "determined"}, {"wd": "diligent"}, {"wd": "dynamic"}, {"wd": "enterprising"}, {"wd": "gung ho"}, {"wd": "hungry"}, {"wd": "hustling"}, {"wd": "industrious"}, {"wd": "motivated"}, {"wd": "venturesome"}, {"wd": "venturous"}], [{"wd": "animated"}, {"wd": "lively"}, {"wd": "spirited"}], [{"wd": "ardent"}, {"wd": "avid"}, {"wd": "eager"}, {"wd": "energetic"}, {"wd": "impassioned"}, {"wd": "keen"}, {"wd": "raring"}, {"wd": "vigorous"}], [{"wd": "aggressive"}, {"wd": "assertive"}, {"wd": "high-flying"}, {"wd": "opportunistic"}, {"wd": "overambitious"}, {"wd": "pretentious"}, {"wd": "pushy"}, {"wd": "self-assertive"}], [{"wd": "competing"}, {"wd": "competitive"}, {"wd": "rival"}, {"wd": "rivalrous"}], [{"wd": "ambitious"}, {"wd": "aspiring"}, {"wd": "go-getting"}, {"wd": "hard-driving"}, {"wd": "pushing"}, {"wd": "self-seeking"}]], "opp_list": [[{"wd": "apathetic"}, {"wd": "disinterested"}, {"wd": "indifferent"}, {"wd": "uneager"}, {"wd": "unenthusiastic"}, {"wd": "unexcited"}, {"wd": "uninterested"}], [{"wd": "casual"}, {"wd": "easygoing"}, {"wd": "lackadaisical"}, {"wd": "lazyish"}], [{"wd": "halfhearted"}, {"wd": "lukewarm"}, {"wd": "tepid"}], [{"wd": "lazy"}, {"wd": "lethargic"}, {"wd": "listless"}, {"wd": "shiftless"}, {"wd": "sluggish"}, {"wd": "spiritless"}], [{"wd": "unaggressive"}, {"wd": "unassertive"}], [{"wd": "ambitionless"}, {"wd": "unambitious"}]]}]]]}], "shortdef": ["as in determined, motivated"]}, {"meta": {"id": "driving", "uuid": "4e725877-a1e6-4579-979f-0f7bf97c55a6", "src": "coll_thes", "section": "alpha", "stems": ["driving"], "syns": [["herding", "punching", "running"], ["automobiling", "motoring", "tooling"], ["propelling", "pushing", "shoving", "thrusting"], ["blackjacking", "coercing", "compelling", "constraining", "dragooning", "forcing", "impelling", "impressing", "making", "muscling", "obligating", "obliging", "pressing", "pressuring", "sandbagging"], ["activating", "actuating", "cranking (up)", "moving", "running", "setting off", "sparking", "starting", "touching off", "triggering", "turning on"], ["actuating", "impelling", "moving", "propelling", "working"], ["barreling", "belting", "blasting", "blazing", "blowing", "bolting", "bombing", "bowling", "breezing", "bundling", "bustling", "buzzing", "cannonballing", "careening", "careering", "chasing", "coursing", "cracking (on)", "dashing", "flying", "haring", "hastening", "highballing", "hotfooting (it)", "humping", "hurling", "hurrying", "hurtling", "hustling", "hying", "jetting", "jumping", "motoring", "nipping", "pelting", "racing", "ramming", "ripping", "rocketing", "running", "rushing", "rustling", "scooting", "scurrying", "scuttling", "shooting", "speeding", "stepping", "tearing", "traveling", "trotting", "whirling", "whisking", "zipping", "zooming"]], "ants": [["cutting", "cutting out", "deactivating", "killing", "shutting off", "turning off"], ["crawling", "creeping", "poking"]], "offensive": false}, "hwi": {"hw": "driving"}, "fl": "verb", "sls": ["present participle of {d_link|drive|drive}"], "def": [{"sseq": [[["sense", {"sn": "1", "dt": [["text", "to urge, push, or force onward "], ["vis", [{"t": "cowboys {it}drove{/it} the herd of cattle from San Antonio to San Francisco"}]]], "syn_list": [[{"wd": "herding"}, {"wd": "punching"}, {"wd": "running"}]], "rel_list": [[{"wd": "shepherding"}], [{"wd": "wrangling"}], [{"wd": "egging"}, {"wd": "exhorting"}, {"wd": "flogging"}, {"wd": "goading"}, {"wd": "hounding"}, {"wd": "pressing"}, {"wd": "pricking"}, {"wd": "prodding"}, {"wd": "prompting"}, {"wd": "scourging"}, {"wd": "spurring"}, {"wd": "whipping"}]]}]], [["sense", {"sn": "2", "dt": [["text", "to travel by a motorized vehicle "], ["vis", [{"t": "I'm going to {it}drive{/it} across the country\u2014want to come?"}]]], "syn_list": [[{"wd": "automobiling"}, {"wd": "motoring"}, {"wd": "tooling"}]], "rel_list": [[{"wd": "rolling"}, {"wd": "wheeling"}], [{"wd": "joyriding"}], [{"wd": "chauffeuring"}, {"wd": "hacking"}, {"wd": "taxiing"}], [{"wd": "riding"}], [{"wd": "dragging"}, {"wd": "racing"}]]}]], [["sense", {"sn": "3", "dt": [["text", "to apply force to (someone or something) so that it moves in front of one "], ["vis", [{"t": "{it}drove{/it} the plunger into the opening"}]]], "syn_list": [[{"wd": "propelling"}, {"wd": "pushing"}, {"wd": "shoving"}, {"wd": "thrusting"}]], "rel_list": [[{"wd": "impelling"}, {"wd": "moving"}], [{"wd": "bearing (down)"}, {"wd": "compressing"}, {"wd": "depressing"}, {"wd": "jamming"}, {"wd": "pressuring"}, {"wd": "squashing"}, {"wd": "squeezing"}, {"wd": "weighing (upon)"}], [{"wd": "bulldozing"}, {"wd": "compelling"}, {"wd": "forcing"}, {"wd": "leaning (on or against)"}, {"wd": "muscling"}, {"wd": "ramming"}]]}]], [["sense", {"sn": "4", "dt": [["text", "to cause (a person) to give in to pressure "], ["vis", [{"t": "the corrupt governor was {it}driven{/it} out of office"}]]], "syn_list": [[{"wd": "blackjacking"}, {"wd": "coercing"}, {"wd": "compelling"}, {"wd": "constraining"}, {"wd": "dragooning"}, {"wd": "forcing"}, {"wd": "impelling"}, {"wd": "impressing"}, {"wd": "making"}, {"wd": "muscling"}, {"wd": "obligating"}, {"wd": "obliging"}, {"wd": "pressing"}, {"wd": "pressuring"}, {"wd": "sandbagging"}]], "rel_list": [[{"wd": "browbeating"}, {"wd": "bulldozing"}, {"wd": "bullying"}, {"wd": "cowing"}, {"wd": "hectoring"}, {"wd": "intimidating"}], [{"wd": "blackmailing"}, {"wd": "high-pressuring"}, {"wd": "menacing"}, {"wd": "shaming"}, {"wd": "terrorizing"}, {"wd": "threatening"}], [{"wd": "dragging"}], [{"wd": "badgering"}, {"wd": "harassing"}, {"wd": "hounding"}]], "phrase_list": [[{"wd": "twisting one's arm"}]], "near_list": [[{"wd": "allowing"}, {"wd": "letting"}, {"wd": "permitting"}], [{"wd": "arguing"}, {"wd": "convincing"}, {"wd": "inducing"}, {"wd": "moving"}, {"wd": "persuading"}, {"wd": "prevailing (on or upon)"}, {"wd": "satisfying"}, {"wd": "talking (into)"}, {"wd": "winning (over)"}]]}]], [["sense", {"sn": "5", "dt": [["text", "to cause to function "], ["vis", [{"t": "machinery {it}driven{/it} by waterpower"}]]], "syn_list": [[{"wd": "activating"}, {"wd": "actuating"}, {"wd": "cranking (up)"}, {"wd": "moving"}, {"wd": "running"}, {"wd": "setting off"}, {"wd": "sparking"}, {"wd": "starting"}, {"wd": "touching off"}, {"wd": "triggering"}, {"wd": "turning on"}]], "rel_list": [[{"wd": "kicking over"}, {"wd": "turning over"}], [{"wd": "charging"}, {"wd": "electrifying"}, {"wd": "energizing"}, {"wd": "firing"}, {"wd": "fueling", "wvrs": [{"wvl": "or", "wva": "fuelling"}]}, {"wd": "generating"}, {"wd": "powering"}, {"wd": "pushing"}], [{"wd": "discharging"}, {"wd": "launching"}, {"wd": "releasing"}, {"wd": "switching"}, {"wd": "tripping"}], [{"wd": "reactivating"}, {"wd": "recharging"}], [{"wd": "arousing"}, {"wd": "exciting"}, {"wd": "jump-starting"}, {"wd": "kick-starting"}, {"wd": "stimulating"}, {"wd": "vitalizing"}], [{"wd": "igniting"}, {"wd": "inciting"}, {"wd": "instigating"}, {"wd": "provoking"}, {"wd": "quickening"}, {"wd": "stirring up"}], [{"wd": "accelerating"}, {"wd": "catalyzing"}, {"wd": "speeding (up)"}, {"wd": "stepping up"}]], "near_list": [[{"wd": "arresting"}, {"wd": "braking"}, {"wd": "checking"}, {"wd": "cutting off"}, {"wd": "drawing up"}, {"wd": "halting"}, {"wd": "jamming"}, {"wd": "stalling"}, {"wd": "sticking"}, {"wd": "stopping"}], [{"wd": "decelerating"}, {"wd": "repressing"}, {"wd": "slowing"}, {"wd": "stunting"}, {"wd": "suppressing"}]], "ant_list": [[{"wd": "cutting"}, {"wd": "cutting out"}, {"wd": "deactivating"}, {"wd": "killing"}, {"wd": "shutting off"}, {"wd": "turning off"}]]}]], [["sense", {"sn": "6", "dt": [["text", "to set or keep in motion "], ["vis", [{"t": "this motor {it}drives{/it} the gears, which then turn the shaft"}]]], "syn_list": [[{"wd": "actuating"}, {"wd": "impelling"}, {"wd": "moving"}, {"wd": "propelling"}, {"wd": "working"}]], "rel_list": [[{"wd": "activating"}, {"wd": "motivating"}, {"wd": "provoking"}], [{"wd": "abetting"}, {"wd": "fermenting"}, {"wd": "fomenting"}, {"wd": "inciting"}, {"wd": "raising"}, {"wd": "stirring (up)"}, {"wd": "whipping (up)"}], [{"wd": "setting off"}, {"wd": "triggering"}, {"wd": "tripping"}], [{"wd": "arousing"}, {"wd": "exciting"}, {"wd": "firing (up)"}, {"wd": "galvanizing"}, {"wd": "inflaming", "wvrs": [{"wvl": "also", "wva": "enflaming"}]}, {"wd": "inspiring"}, {"wd": "instigating"}, {"wd": "rousing"}, {"wd": "stimulating"}]], "near_list": [[{"wd": "bridling"}, {"wd": "checking"}, {"wd": "constraining"}, {"wd": "containing"}, {"wd": "controlling"}, {"wd": "curbing"}, {"wd": "inhibiting"}, {"wd": "regulating"}, {"wd": "reining (in)"}, {"wd": "restraining"}]]}]], [["sense", {"sn": "7", "dt": [["text", "to proceed or move quickly "], ["vis", [{"t": "the runner {it}drove{/it} past the finish line and then came to a dead stop"}]]], "syn_list": [[{"wd": "barreling", "wvrs": [{"wvl": "or", "wva": "barrelling"}]}, {"wd": "belting"}, {"wd": "blasting"}, {"wd": "blazing"}, {"wd": "blowing"}, {"wd": "bolting"}, {"wd": "bombing", "wsls": ["slang"]}, {"wd": "bowling"}, {"wd": "breezing"}, {"wd": "bundling"}, {"wd": "bustling"}, {"wd": "buzzing"}, {"wd": "cannonballing"}, {"wd": "careening"}, {"wd": "careering"}, {"wd": "chasing"}, {"wd": "coursing"}, {"wd": "cracking (on)"}, {"wd": "dashing"}, {"wd": "flying"}, {"wd": "haring"}, {"wd": "hastening"}, {"wd": "highballing"}, {"wd": "hotfooting (it)"}, {"wd": "humping"}, {"wd": "hurling"}, {"wd": "hurrying"}, {"wd": "hurtling"}, {"wd": "hustling"}, {"wd": "hying", "wvrs": [{"wvl": "or", "wva": "hieing"}]}, {"wd": "jetting"}, {"wd": "jumping"}, {"wd": "motoring"}, {"wd": "nipping"}, {"wd": "pelting"}, {"wd": "racing"}, {"wd": "ramming"}, {"wd": "ripping"}, {"wd": "rocketing"}, {"wd": "running"}, {"wd": "rushing"}, {"wd": "rustling"}, {"wd": "scooting"}, {"wd": "scurrying"}, {"wd": "scuttling"}, {"wd": "shooting"}, {"wd": "speeding"}, {"wd": "stepping"}, {"wd": "tearing"}, {"wd": "traveling", "wvrs": [{"wvl": "or", "wva": "travelling"}]}, {"wd": "trotting"}, {"wd": "whirling"}, {"wd": "whisking"}, {"wd": "zipping"}, {"wd": "zooming"}]], "rel_list": [[{"wd": "beetling"}, {"wd": "darting"}, {"wd": "flitting"}, {"wd": "scampering"}, {"wd": "scudding"}, {"wd": "scuffling"}], [{"wd": "stampeding"}, {"wd": "streaking"}, {"wd": "whizzing"}], [{"wd": "galloping"}, {"wd": "jogging"}, {"wd": "sprinting"}], [{"wd": "accelerating"}, {"wd": "quickening"}, {"wd": "stepping out"}], [{"wd": "catching up"}, {"wd": "fast-forwarding"}, {"wd": "outpacing"}, {"wd": "outrunning"}, {"wd": "outstripping"}, {"wd": "overtaking"}], [{"wd": "arrowing"}, {"wd": "beelining"}]], "phrase_list": [[{"wd": "beating it"}, {"wd": "getting a move on"}, {"wd": "making tracks"}, {"wd": "shaking a leg"}, {"wd": "stepping on it"}]], "near_list": [[{"wd": "dallying"}, {"wd": "dawdling"}, {"wd": "dillydallying"}, {"wd": "dragging"}, {"wd": "hanging (around or out)"}, {"wd": "lagging"}, {"wd": "lingering"}, {"wd": "loitering"}, {"wd": "poking"}, {"wd": "tarrying"}], [{"wd": "ambling"}, {"wd": "lumbering"}, {"wd": "plodding"}, {"wd": "sauntering"}, {"wd": "shuffling"}, {"wd": "strolling"}], [{"wd": "decelerating"}, {"wd": "slowing (down or up)"}]], "ant_list": [[{"wd": "crawling"}, {"wd": "creeping"}, {"wd": "poking"}]]}]]]}], "shortdef": ["to urge, push, or force onward", "to travel by a motorized vehicle", "to apply force to (someone or something) so that it moves in front of one"]}, {"meta": {"id": "drive", "uuid": "630ee6a9-176d-4cf3-900a-37f45d9a7513", "src": "coll_thes", "section": "alpha", "target": {"tuuid": "e3da1076-f50c-4978-8b0e-77f0cb0bacb7", "tsrc": "collegiate"}, "stems": ["drive", "drivabilities", "drivability", "drivable", "drive at", "driveabilities", "driveability", "driveable", "driven", "drives", "driving", "drove"], "syns": [["herd", "punch", "run"], ["automobile", "motor", "tool"], ["propel", "push", "shove", "thrust"], ["blackjack", "coerce", "compel", "constrain", "dragoon", "force", "impel", "impress", "make", "muscle", "obligate", "oblige", "press", "pressure", "sandbag"], ["activate", "actuate", "crank (up)", "move", "run", "set off", "spark", "start", "touch off", "trigger", "turn on"], ["actuate", "impel", "move", "propel", "work"], ["barrel", "belt", "blast", "blaze", "blow", "bolt", "bomb", "bowl", "breeze", "bundle", "bustle", "buzz", "cannonball", "careen", "career", "chase", "course", "crack (on)", "dash", "fly", "hare", "hasten", "hie", "highball", "hotfoot (it)", "hump", "hurl", "hurry", "hurtle", "hustle", "jet", "jump", "motor", "nip", "pelt", "race", "ram", "rip", "rocket", "run", "rush", "rustle", "scoot", "scurry", "scuttle", "shoot", "speed", "step", "tear", "travel", "trot", "whirl", "whisk", "zip", "zoom"]], "ants": [["cut", "cut out", "deactivate", "kill", "shut off", "turn off"], ["crawl", "creep", "poke"]], "offensive": false}, "hwi": {"hw": "drive"}, "fl": "verb", "def": [{"sseq": [[["sense", {"sn": "1", "dt": [["text", "to urge, push, or force onward "], ["vis", [{"t": "cowboys {it}drove{/it} the herd of cattle from San Antonio to San Francisco"}]]], "syn_list": [[{"wd": "herd"}, {"wd": "punch"}, {"wd": "run"}]], "rel_list": [[{"wd": "shepherd"}], [{"wd": "wrangle"}], [{"wd": "egg"}, {"wd": "exhort"}, {"wd": "flog"}, {"wd": "goad"}, {"wd": "hound"}, {"wd": "press"}, {"wd": "prick"}, {"wd": "prod"}, {"wd": "prompt"}, {"wd": "scourge"}, {"wd": "spur"}, {"wd": "whip"}]]}]], [["sense", {"sn": "2", "dt": [["text", "to travel by a motorized vehicle "], ["vis", [{"t": "I'm going to {it}drive{/it} across the country\u2014want to come?"}]]], "syn_list": [[{"wd": "automobile"}, {"wd": "motor"}, {"wd": "tool"}]], "rel_list": [[{"wd": "roll"}, {"wd": "wheel"}], [{"wd": "joyride"}], [{"wd": "chauffeur"}, {"wd": "hack"}, {"wd": "taxi"}], [{"wd": "ride"}], [{"wd": "drag"}, {"wd": "race"}]]}]], [["sense", {"sn": "3", "dt": [["text", "to apply force to (someone or something) so that it moves in front of one "], ["vis", [{"t": "{it}drove{/it} the plunger into the opening"}]]], "syn_list": [[{"wd": "propel"}, {"wd": "push"}, {"wd": "shove"}, {"wd": "thrust"}]], "rel_list": [[{"wd": "impel"}, {"wd": "move"}], [{"wd": "bear (down)"}, {"wd": "compress"}, {"wd": "depress"}, {"wd": "jam"}, {"wd": "pressure"}, {"wd": "squash"}, {"wd": "squeeze"}, {"wd": "weigh (upon)"}], [{"wd": "bulldoze"}, {"wd": "compel"}, {"wd": "force"}, {"wd": "lean (on or against)"}, {"wd": "muscle"}, {"wd": "ram"}]]}]], [["sense", {"sn": "4", "dt": [["text", "to cause (a person) to give in to pressure "], ["vis", [{"t": "the corrupt governor was {it}driven{/it} out of office"}]]], "syn_list": [[{"wd": "blackjack"}, {"wd": "coerce"}, {"wd": "compel"}, {"wd": "constrain"}, {"wd": "dragoon"}, {"wd": "force"}, {"wd": "impel"}, {"wd": "impress"}, {"wd": "make"}, {"wd": "muscle"}, {"wd": "obligate"}, {"wd": "oblige"}, {"wd": "press"}, {"wd": "pressure"}, {"wd": "sandbag"}]], "rel_list": [[{"wd": "browbeat"}, {"wd": "bulldoze"}, {"wd": "bully"}, {"wd": "cow"}, {"wd": "hector"}, {"wd": "intimidate"}], [{"wd": "blackmail"}, {"wd": "high-pressure"}, {"wd": "menace"}, {"wd": "shame"}, {"wd": "terrorize"}, {"wd": "threaten"}], [{"wd": "drag"}], [{"wd": "badger"}, {"wd": "harass"}, {"wd": "hound"}]], "phrase_list": [[{"wd": "twist one's arm"}]], "near_list": [[{"wd": "allow"}, {"wd": "let"}, {"wd": "permit"}], [{"wd": "argue"}, {"wd": "convince"}, {"wd": "induce"}, {"wd": "move"}, {"wd": "persuade"}, {"wd": "prevail (on or upon)"}, {"wd": "satisfy"}, {"wd": "talk (into)"}, {"wd": "win (over)"}]]}]], [["sense", {"sn": "5", "dt": [["text", "to cause to function "], ["vis", [{"t": "machinery {it}driven{/it} by waterpower"}]]], "syn_list": [[{"wd": "activate"}, {"wd": "actuate"}, {"wd": "crank (up)"}, {"wd": "move"}, {"wd": "run"}, {"wd": "set off"}, {"wd": "spark"}, {"wd": "start"}, {"wd": "touch off"}, {"wd": "trigger"}, {"wd": "turn on"}]], "rel_list": [[{"wd": "kick over"}, {"wd": "turn over"}], [{"wd": "charge"}, {"wd": "electrify"}, {"wd": "energize"}, {"wd": "fire"}, {"wd": "fuel"}, {"wd": "generate"}, {"wd": "power"}, {"wd": "push"}], [{"wd": "discharge"}, {"wd": "launch"}, {"wd": "release"}, {"wd": "switch"}, {"wd": "trip"}], [{"wd": "reactivate"}, {"wd": "recharge"}], [{"wd": "arouse"}, {"wd": "excite"}, {"wd": "jump-start"}, {"wd": "kick-start"}, {"wd": "stimulate"}, {"wd": "vitalize"}], [{"wd": "ignite"}, {"wd": "incite"}, {"wd": "instigate"}, {"wd": "provoke"}, {"wd": "quicken"}, {"wd": "stir up"}], [{"wd": "accelerate"}, {"wd": "catalyze"}, {"wd": "speed (up)"}, {"wd": "step up"}]], "near_list": [[{"wd": "arrest"}, {"wd": "brake"}, {"wd": "check"}, {"wd": "cut off"}, {"wd": "draw up"}, {"wd": "halt"}, {"wd": "jam"}, {"wd": "stall"}, {"wd": "stick"}, {"wd": "stop"}], [{"wd": "decelerate"}, {"wd": "repress"}, {"wd": "slow"}, {"wd": "stunt"}, {"wd": "suppress"}]], "ant_list": [[{"wd": "cut"}, {"wd": "cut out"}, {"wd": "deactivate"}, {"wd": "kill"}, {"wd": "shut off"}, {"wd": "turn off"}]]}]], [["sense", {"sn": "6", "dt": [["text", "to set or keep in motion "], ["vis", [{"t": "this motor {it}drives{/it} the gears, which then turn the shaft"}]]], "syn_list": [[{"wd": "actuate"}, {"wd": "impel"}, {"wd": "move"}, {"wd": "propel"}, {"wd": "work"}]], "rel_list": [[{"wd": "activate"}, {"wd": "motivate"}, {"wd": "provoke"}], [{"wd": "abet"}, {"wd": "ferment"}, {"wd": "foment"}, {"wd": "incite"}, {"wd": "raise"}, {"wd": "stir (up)"}, {"wd": "whip (up)"}], [{"wd": "set off"}, {"wd": "trigger"}, {"wd": "trip"}], [{"wd": "arouse"}, {"wd": "excite"}, {"wd": "fire (up)"}, {"wd": "galvanize"}, {"wd": "inflame", "wvrs": [{"wvl": "also", "wva": "enflame"}]}, {"wd": "inspire"}, {"wd": "instigate"}, {"wd": "rouse"}, {"wd": "stimulate"}]], "near_list": [[{"wd": "bridle"}, {"wd": "check"}, {"wd": "constrain"}, {"wd": "contain"}, {"wd": "control"}, {"wd": "curb"}, {"wd": "inhibit"}, {"wd": "regulate"}, {"wd": "rein (in)"}, {"wd": "restrain"}]]}]], [["sense", {"sn": "7", "dt": [["text", "to proceed or move quickly "], ["vis", [{"t": "the runner {it}drove{/it} past the finish line and then came to a dead stop"}]]], "syn_list": [[{"wd": "barrel"}, {"wd": "belt"}, {"wd": "blast"}, {"wd": "blaze"}, {"wd": "blow"}, {"wd": "bolt"}, {"wd": "bomb", "wsls": ["slang"]}, {"wd": "bowl"}, {"wd": "breeze"}, {"wd": "bundle"}, {"wd": "bustle"}, {"wd": "buzz"}, {"wd": "cannonball"}, {"wd": "careen"}, {"wd": "career"}, {"wd": "chase"}, {"wd": "course"}, {"wd": "crack (on)"}, {"wd": "dash"}, {"wd": "fly"}, {"wd": "hare"}, {"wd": "hasten"}, {"wd": "hie"}, {"wd": "highball"}, {"wd": "hotfoot (it)"}, {"wd": "hump"}, {"wd": "hurl"}, {"wd": "hurry"}, {"wd": "hurtle"}, {"wd": "hustle"}, {"wd": "jet"}, {"wd": "jump"}, {"wd": "motor"}, {"wd": "nip"}, {"wd": "pelt"}, {"wd": "race"}, {"wd": "ram"}, {"wd": "rip"}, {"wd": "rocket"}, {"wd": "run"}, {"wd": "rush"}, {"wd": "rustle"}, {"wd": "scoot"}, {"wd": "scurry"}, {"wd": "scuttle"}, {"wd": "shoot"}, {"wd": "speed"}, {"wd": "step"}, {"wd": "tear"}, {"wd": "travel"}, {"wd": "trot"}, {"wd": "whirl"}, {"wd": "whisk"}, {"wd": "zip"}, {"wd": "zoom"}]], "rel_list": [[{"wd": "beetle"}, {"wd": "dart"}, {"wd": "flit"}, {"wd": "scamper"}, {"wd": "scud"}, {"wd": "scuffle"}], [{"wd": "stampede"}, {"wd": "streak"}, {"wd": "whiz", "wvrs": [{"wvl": "or", "wva": "whizz"}]}], [{"wd": "gallop"}, {"wd": "jog"}, {"wd": "sprint"}], [{"wd": "accelerate"}, {"wd": "quicken"}, {"wd": "step out"}], [{"wd": "catch up"}, {"wd": "fast-forward"}, {"wd": "outpace"}, {"wd": "outrun"}, {"wd": "outstrip"}, {"wd": "overtake"}], [{"wd": "arrow"}, {"wd": "beeline"}]], "phrase_list": [[{"wd": "beat it"}, {"wd": "get a move on"}, {"wd": "make tracks"}, {"wd": "shake a leg"}, {"wd": "step on it"}]], "near_list": [[{"wd": "dally"}, {"wd": "dawdle"}, {"wd": "dillydally"}, {"wd": "drag"}, {"wd": "hang (around or out)"}, {"wd": "lag"}, {"wd": "linger"}, {"wd": "loiter"}, {"wd": "poke"}, {"wd": "tarry"}], [{"wd": "amble"}, {"wd": "lumber"}, {"wd": "plod"}, {"wd": "saunter"}, {"wd": "shuffle"}, {"wd": "stroll"}], [{"wd": "decelerate"}, {"wd": "slow (down or up)"}]], "ant_list": [[{"wd": "crawl"}, {"wd": "creep"}, {"wd": "poke"}]]}]]]}], "shortdef": ["to urge, push, or force onward", "to travel by a motorized vehicle", "to apply force to (someone or something) so that it moves in front of one"]}, {"meta": {"id": "driving (away or off)", "uuid": "72d5d581-dc2f-4f4c-9edc-a7ceb4220e32", "src": "CTcompile", "section": "alpha", "stems": ["driving (away or off)", "driving away or off"], "syns": [["repulsing", "turning away", "alerting", "cautioning", "forewarning", "warding (off)", "warning"]], "ants": [["alluring", "baiting", "beguiling", "betraying", "decoying", "enticing", "leading on", "luring", "seducing", "soliciting", "tempting", "drawing in", "inveigling", "persuading", "roping (in)", "snowing", "catching", "enmeshing", "ensnaring", "entrapping", "meshing", "snaring", "tangling", "trapping"]], "offensive": false}, "hwi": {"hw": "driving (away or off)"}, "fl": "verb", "sls": ["present participle of {d_link|drive (away or off)|drive (away or off)}"], "def": [{"sseq": [[["sense", {"dt": [["text", "as in {it}turning away{/it}, {it}repulsing{/it}"]], "sim_list": [[{"wd": "repulsing"}, {"wd": "turning away"}], [{"wd": "alerting"}, {"wd": "cautioning"}, {"wd": "forewarning"}, {"wd": "warding (off)"}, {"wd": "warning"}]], "opp_list": [[{"wd": "alluring"}, {"wd": "baiting"}, {"wd": "beguiling"}, {"wd": "betraying"}, {"wd": "decoying"}, {"wd": "enticing"}, {"wd": "leading on"}, {"wd": "luring"}, {"wd": "seducing"}, {"wd": "soliciting"}, {"wd": "tempting"}], [{"wd": "drawing in"}, {"wd": "inveigling"}, {"wd": "persuading"}, {"wd": "roping (in)"}, {"wd": "snowing"}], [{"wd": "catching"}, {"wd": "enmeshing", "wvrs": [{"wvl": "also", "wva": "immeshing"}]}, {"wd": "ensnaring"}, {"wd": "entrapping"}, {"wd": "meshing"}, {"wd": "snaring"}, {"wd": "tangling"}, {"wd": "trapping"}]]}]]]}], "shortdef": ["as in turning away, repulsing"]}, {"meta": {"id": "driving (into)", "uuid": "ba0226e8-0c5a-47e8-902b-896c6e0457d1", "src": "CTcompile", "section": "alpha", "stems": ["driving (into)", "driving into"], "syns": [["beating (into)", "imbuing", "infusing", "instilling", "establishing", "placing", "putting", "settling", "sticking", "bedding", "embedding", "enrooting", "entrenching", "fixing", "impacting", "implanting", "ingraining", "lodging", "rooting"]], "ants": [["dislodging", "rooting (out)", "uprooting", "eliminating", "eradicating", "ejecting", "expelling", "detaching", "disconnecting", "disengaging", "removing"]], "offensive": false}, "hwi": {"hw": "driving (into)"}, "fl": "verb", "sls": ["present participle of {d_link|drive (into)|drive (into)}"], "def": [{"sseq": [[["sense", {"dt": [["text", "as in {it}beating (into){/it}"]], "sim_list": [[{"wd": "beating (into)"}], [{"wd": "imbuing"}, {"wd": "infusing"}, {"wd": "instilling"}], [{"wd": "establishing"}, {"wd": "placing"}, {"wd": "putting"}, {"wd": "settling"}, {"wd": "sticking"}], [{"wd": "bedding"}, {"wd": "embedding", "wvrs": [{"wvl": "also", "wva": "imbedding"}]}, {"wd": "enrooting"}, {"wd": "entrenching", "wvrs": [{"wvl": "also", "wva": "intrenching"}]}, {"wd": "fixing"}, {"wd": "impacting"}, {"wd": "implanting"}, {"wd": "ingraining", "wvrs": [{"wvl": "also", "wva": "engraining"}]}, {"wd": "lodging"}, {"wd": "rooting"}]], "opp_list": [[{"wd": "dislodging"}, {"wd": "rooting (out)"}, {"wd": "uprooting"}], [{"wd": "eliminating"}, {"wd": "eradicating"}], [{"wd": "ejecting"}, {"wd": "expelling"}], [{"wd": "detaching"}, {"wd": "disconnecting"}, {"wd": "disengaging"}, {"wd": "removing"}]]}]]]}], "shortdef": ["as in beating (into)"]}, {"meta": {"id": "hard-driving", "uuid": "bc40b8a5-61aa-4f0f-b6ac-526cb410a0fa", "src": "coll_thes", "section": "alpha", "target": {"tuuid": "403f5708-f505-4504-a0b9-32285a3c88fa", "tsrc": "collegiate"}, "stems": ["hard-driving"], "syns": [["ambitious", "aspiring", "go-getting", "pushing", "self-seeking"]], "ants": [["ambitionless", "unambitious"]], "offensive": false}, "hwi": {"hw": "hard-driving"}, "fl": "adjective", "def": [{"sseq": [[["sense", {"dt": [["text", "having a strong desire for personal advancement "], ["vis", [{"t": "she's the most {it}hard-driving{/it} malpractice lawyer I've ever seen"}]]], "syn_list": [[{"wd": "ambitious"}, {"wd": "aspiring"}, {"wd": "go-getting"}, {"wd": "pushing"}, {"wd": "self-seeking"}]], "rel_list": [[{"wd": "determined"}, {"wd": "diligent"}, {"wd": "driving"}, {"wd": "dynamic"}, {"wd": "enterprising"}, {"wd": "gung ho"}, {"wd": "hungry"}, {"wd": "hustling"}, {"wd": "industrious"}, {"wd": "motivated"}, {"wd": "scrappy"}, {"wd": "venturesome"}, {"wd": "venturous"}], [{"wd": "animated"}, {"wd": "lively"}, {"wd": "spirited"}], [{"wd": "ardent"}, {"wd": "avid"}, {"wd": "eager"}, {"wd": "energetic"}, {"wd": "impassioned"}, {"wd": "keen"}, {"wd": "raring"}, {"wd": "vigorous"}], [{"wd": "aggressive"}, {"wd": "assertive"}, {"wd": "high-flying"}, {"wd": "opportunistic"}, {"wd": "overambitious"}, {"wd": "pretentious"}, {"wd": "pushy"}, {"wd": "self-assertive"}], [{"wd": "competing"}, {"wd": "competitive"}, {"wd": "rival"}, {"wd": "rivalrous"}]], "near_list": [[{"wd": "apathetic"}, {"wd": "disinterested"}, {"wd": "indifferent"}, {"wd": "uneager"}, {"wd": "unenthusiastic"}, {"wd": "unexcited"}, {"wd": "uninterested"}], [{"wd": "casual"}, {"wd": "easygoing"}, {"wd": "lackadaisical"}, {"wd": "lazyish"}], [{"wd": "halfhearted"}, {"wd": "lukewarm"}, {"wd": "tepid"}], [{"wd": "lazy"}, {"wd": "lethargic"}, {"wd": "listless"}, {"wd": "shiftless"}, {"wd": "sluggish"}, {"wd": "spiritless"}], [{"wd": "unaggressive"}, {"wd": "unassertive"}]], "ant_list": [[{"wd": "ambitionless"}, {"wd": "unambitious"}]]}]]]}], "shortdef": ["having a strong desire for personal advancement"]}]