[{"meta": {"id": "enough:1", "uuid": "cee5125c-c15a-4fe3-a606-65a6dc6859cc", "sort": "050143200", "src": "collegiate", "section": "alpha", "stems": ["enough"], "offensive": false}, "hom": 1, "hwi": {"hw": "enough", "prs": [{"mw": "i-\u02c8n\u0259f", "sound": {"audio": "enough01", "ref": "c", "stat": "1"}}, {"mw": "\u0113-"}, {"mw": "\u0259-"}]}, "fl": "adjective", "def": [{"sseq": [[["sense", {"dt": [["text", "{bc}occurring in such quantity, quality, or scope as to fully meet demands, needs, or expectations "], ["vis", [{"t": "{wi}enough{/wi} food for everyone"}]]]}]]]}], "syns": [{"pl": "synonyms", "pt": [["text", "{sc}sufficient{/sc} {sc}enough{/sc} {sc}adequate{/sc} {sc}competent{/sc} mean being what is necessary or desirable. {sc}sufficient{/sc} suggests a close meeting of a need. "], ["vis", [{"t": "{it}sufficient{/it} savings"}]], ["text", " {sc}enough{/sc} is less exact in suggestion than {sc}sufficient{/sc}. "], ["vis", [{"t": "do you have {it}enough{/it} food?"}]], ["text", " {sc}adequate{/sc} may imply barely meeting a requirement. "], ["vis", [{"t": "the service was {it}adequate{/it}"}]], ["text", " {sc}competent{/sc} suggests measuring up to all requirements without question or being adequately adapted to an end. "], ["vis", [{"t": "had no {it}competent{/it} notion of what was going on"}]]]}], "et": [["text", "Middle English {it}ynough{/it}, from Old English {it}gen\u014dg{/it} (akin to Old High German {it}ginuog{/it} enough), from {it}ge-{/it} (perfective prefix) + {it}-n\u014dg{/it}; akin to Latin {it}nancisci{/it} to get, Greek {it}enenkein{/it} to carry {ma}{mat|co-|}{/ma}"]], "date": "before 12th century", "shortdef": ["occurring in such quantity, quality, or scope as to fully meet demands, needs, or expectations"]}, {"meta": {"id": "enough:2", "uuid": "761b3695-7939-4a91-9605-6da754785bfc", "sort": "050143300", "src": "collegiate", "section": "alpha", "stems": ["enough"], "offensive": false}, "hom": 2, "hwi": {"hw": "enough"}, "fl": "adverb", "def": [{"sseq": [[["sense", {"sn": "1", "dt": [["text", "{bc}in or to a degree or quantity that satisfies or that is sufficient or necessary for satisfaction {bc}{sx|sufficiently||}"]]}]], [["sense", {"sn": "2", "dt": [["text", "{bc}{sx|fully||}, {sx|quite||} "], ["vis", [{"t": "he is qualified {wi}enough{/wi} for the position"}]]]}]], [["sense", {"sn": "3", "dt": [["text", "{bc}in a tolerable degree "], ["vis", [{"t": "she sang well {wi}enough{/wi}"}]]]}]]]}], "date": "before 12th century{ds||1||}", "shortdef": ["in or to a degree or quantity that satisfies or that is sufficient or necessary for satisfaction : sufficiently", "fully, quite", "in a tolerable degree"]}, {"meta": {"id": "enough:3", "uuid": "31e28082-de3c-42b7-973a-51d819e61d69", "sort": "050143400", "src": "collegiate", "section": "alpha", "stems": ["enough"], "offensive": false}, "hom": 3, "hwi": {"hw": "enough"}, "fl": "pronoun", "def": [{"sseq": [[["sense", {"dt": [["text", "{bc}a sufficient number, quantity, or amount "], ["vis", [{"t": "{wi}enough{/wi} were present to constitute a quorum"}, {"t": "had {wi}enough{/wi} of their foolishness"}]], ["uns", [[["text", "often used interjectionally"]]]]]}]]]}], "date": "before 12th century", "shortdef": ["a sufficient number, quantity, or amount \u2014often used interjectionally"]}, {"meta": {"id": "enough is enough", "uuid": "4577a528-2811-4b38-bcf8-8a1a39f02731", "sort": "3005455000", "src": "ld", "section": "idioms", "stems": ["enough is enough"], "offensive": false}, "hwi": {"hw": "enough is enough"}, "fl": "idiom", "def": [{"sseq": [[["sense", {"dt": [["uns", [[["text", "used to say that one wants something to stop because one can no longer accept or deal with it "], ["vis", [{"t": "I don't mind lending her a bit of money now and then, but {it}enough is enough{/it}!"}]]]]]]}]]]}], "shortdef": ["\u2014used to say that one wants something to stop because one can no longer accept or deal with it"]}, {"meta": {"id": "enough said", "uuid": "14e71966-bd74-4821-b72f-24050cbda794", "sort": "3005458000", "src": "ld", "section": "idioms", "stems": ["enough said"], "offensive": false}, "hwi": {"hw": "enough said"}, "fl": "idiom", "def": [{"sls": ["informal"], "sseq": [[["sense", {"dt": [["uns", [[["text", "used in speech to say that one understands what someone is telling him or her and no further information is needed "], ["vis", [{"t": "\"Is he in good condition?\" \"Well, he ran in a marathon last month.\" \"{it}Enough said{/it}.\""}]]]]]]}]]]}], "shortdef": ["\u2014used in speech to say that one understands what someone is telling him or her and no further information is needed"]}, {"meta": {"id": "sure-enough", "uuid": "22c2be5f-5ef2-4720-8c57-83bf7dc625c1", "sort": "194975300", "src": "collegiate", "section": "alpha", "stems": ["sure-enough"], "offensive": false}, "hwi": {"hw": "sure-enough", "prs": [{"mw": "\u02c8shu\u0307r-\u0259-\u02c8n\u0259f", "sound": {"audio": "sureen01", "ref": "c", "stat": "1"}}, {"mw": "\u02c8sh\u0259r-"}]}, "fl": "adjective", "def": [{"sseq": [[["sense", {"dt": [["text", "{bc}{sx|actual||}, {sx|genuine||}, {sx|real||}"]]}]]]}], "date": "circa 1846", "shortdef": ["actual, genuine, real"]}, {"meta": {"id": "sure enough", "uuid": "3263db70-960b-45d1-8cfa-cb9e66b0bcef", "sort": "194975400", "src": "collegiate", "section": "alpha", "stems": ["sure enough"], "offensive": false}, "hwi": {"hw": "sure enough"}, "fl": "adverb", "def": [{"sseq": [[["sense", {"dt": [["text", "{bc}as one might expect {bc}{sx|certainly||}"]]}]]]}], "date": "circa 1545", "shortdef": ["as one might expect : certainly"]}, {"meta": {"id": "be kind enough", "uuid": "0e7fb5b3-b4a5-4965-88b1-f1e46b3b0a2c", "sort": "3001678000", "src": "ld", "section": "idioms", "stems": ["be kind enough"], "offensive": false}, "hwi": {"hw": "be kind enough"}, "fl": "idiom", "def": [{"sls": ["formal"], "sseq": [[["sense", {"dt": [["uns", [[["text", "used to make a request "], ["vis", [{"t": "Would you {it}be kind enough{/it} to show me the way?"}]]]]]]}]]]}], "shortdef": ["\u2014used to make a request"]}, {"meta": {"id": "fair enough", "uuid": "71586601-3c6f-40bc-b4cb-592c4e445333", "sort": "3005680000", "src": "ld", "section": "idioms", "stems": ["fair enough"], "offensive": false}, "hwi": {"hw": "fair enough"}, "fl": "idiom", "def": [{"sls": ["informal"], "sseq": [[["sense", {"dt": [["uns", [[["text", "used to say that something is reasonable or fair "], ["vis", [{"t": "\"I'll wash the dishes today, and you can wash them tomorrow.\" \"{it}Fair enough{/it}.\""}, {"t": "\"He needs more time.\" \"{it}Fair enough{/it}, but we can't wait too much longer.\""}]]]]]]}]]]}], "shortdef": ["\u2014used to say that something is reasonable or fair"]}, {"meta": {"id": "leave well enough alone", "uuid": "3bbeea34-0e29-4a79-a9db-dbde82a8b6e4", "sort": "3010913000", "src": "ld", "section": "idioms", "stems": ["leave well enough alone"], "offensive": false}, "hwi": {"hw": "leave well enough alone"}, "fl": "idiom", "def": [{"sseq": [[["sense", {"dt": [["text", "{bc}to stop changing something that is already good enough "], ["vis", [{"t": "He just doesn't know when to {it}leave well enough alone{/it}."}]]]}]]]}], "shortdef": ["to stop changing something that is already good enough"]}]