[{"meta": {"id": "fact", "uuid": "7b3c0bf5-ce6c-4fb7-b55d-8095429c068c", "src": "coll_thes", "section": "alpha", "target": {"tuuid": "66d9c874-d3a0-4343-b30a-a99f48a4e566", "tsrc": "collegiate"}, "stems": ["fact", "facts"], "syns": [["actuality", "factuality", "materiality", "reality"], ["actuality", "case", "materiality", "reality"], ["datum", "detail", "nicety", "particular", "particularity", "point", "specific"], ["data", "information"]], "ants": [["irreality", "unreality"], ["fantasy", "fiction", "illusion"]], "offensive": false}, "hwi": {"hw": "fact"}, "fl": "noun", "def": [{"sseq": [[["sense", {"sn": "1", "dt": [["text", "the quality of being actual "], ["vis", [{"t": "like other scientists, astronomers deal in the realm of {it}fact{/it}, not speculation"}]]], "syn_list": [[{"wd": "actuality"}, {"wd": "factuality"}, {"wd": "materiality"}, {"wd": "reality"}]], "rel_list": [[{"wd": "authenticity"}, {"wd": "genuineness"}, {"wd": "truth"}, {"wd": "verity"}]], "near_list": [[{"wd": "fancy"}, {"wd": "fantasy", "wvrs": [{"wvl": "also", "wva": "phantasy"}]}, {"wd": "fiction"}, {"wd": "fictitiousness"}], [{"wd": "dreaminess"}, {"wd": "surreality"}]], "ant_list": [[{"wd": "irreality"}, {"wd": "unreality"}]]}]], [["sense", {"sn": "2", "dt": [["text", "something that actually exists "], ["vis", [{"t": "once considered a wild fantasy, the Internet is now a {it}fact{/it} of everyday life"}]]], "syn_list": [[{"wd": "actuality"}, {"wd": "case"}, {"wd": "materiality"}, {"wd": "reality"}]], "rel_list": [[{"wd": "certainty"}, {"wd": "inevitability"}], [{"wd": "circumstance"}, {"wd": "event"}, {"wd": "occurrence"}, {"wd": "phenomenon"}], [{"wd": "element"}, {"wd": "item"}, {"wd": "particular"}, {"wd": "thing"}]], "near_list": [[{"wd": "eventuality"}, {"wd": "possibility"}, {"wd": "potentiality"}, {"wd": "probability"}]], "ant_list": [[{"wd": "fantasy", "wvrs": [{"wvl": "also", "wva": "phantasy"}]}, {"wd": "fiction"}, {"wd": "illusion"}]]}]], [["sense", {"sn": "3", "dt": [["text", "a single piece of information "], ["vis", [{"t": "a book of little-known {it}facts{/it} about famous people"}]]], "syn_list": [[{"wd": "datum"}, {"wd": "detail"}, {"wd": "nicety"}, {"wd": "particular"}, {"wd": "particularity"}, {"wd": "point"}, {"wd": "specific"}]], "rel_list": [[{"wd": "article"}, {"wd": "item"}], [{"wd": "component"}, {"wd": "constituent"}, {"wd": "element"}, {"wd": "ingredient"}, {"wd": "member"}, {"wd": "part"}], [{"wd": "aspect"}, {"wd": "circumstance"}, {"wd": "facet"}, {"wd": "factor"}], [{"wd": "evidence"}, {"wd": "exhibit"}], [{"wd": "database"}, {"wd": "information"}, {"wd": "knowledge"}]], "near_list": [[{"wd": "error"}, {"wd": "fallacy"}, {"wd": "falsehood"}, {"wd": "inaccuracy"}, {"wd": "misconception"}, {"wd": "misstatement"}, {"wd": "myth"}]]}]], [["sense", {"sn": "4", "ins": [{"if": "facts", "spl": "plural"}], "dt": [["text", "a collection of factual knowledge about something "], ["vis", [{"t": "after reading the {it}facts{/it} on the situation, the president concluded that an outbreak of hostilities was all but certain"}]]], "syn_list": [[{"wd": "data"}, {"wd": "information"}]], "rel_list": [[{"wd": "findings"}, {"wd": "intelligence"}]]}]]]}], "shortdef": ["the quality of being actual", "something that actually exists", "a single piece of information"]}, {"meta": {"id": "fact-check", "uuid": "5ff03294-21e5-4c27-be8a-8e6ce4027cd6", "src": "CTcompile", "section": "alpha", "stems": ["fact-check"], "syns": [["edit", "redraft", "revamp", "revise", "rework", "amend", "annotate", "correct", "emend", "rectify", "abridge", "blue-pencil", "redact", "red-pencil", "copyedit", "read", "sub", "subedit", "get out", "issue", "print", "publish", "anthologize", "collect", "compile", "engross", "recopy", "reedit", "perfect", "polish", "touch up"]], "ants": [], "offensive": false}, "hwi": {"hw": "fact-check"}, "fl": "verb", "def": [{"sseq": [[["sense", {"dt": [["text", "as in {it}publish{/it}, {it}redact{/it}"]], "sim_list": [[{"wd": "edit"}, {"wd": "redraft"}, {"wd": "revamp"}, {"wd": "revise"}, {"wd": "rework"}], [{"wd": "amend"}, {"wd": "annotate"}, {"wd": "correct"}, {"wd": "emend"}, {"wd": "rectify"}], [{"wd": "abridge"}, {"wd": "blue-pencil"}, {"wd": "redact"}, {"wd": "red-pencil"}], [{"wd": "copyedit"}, {"wd": "read"}, {"wd": "sub", "wsls": ["British"]}, {"wd": "subedit"}], [{"wd": "get out"}, {"wd": "issue"}, {"wd": "print"}, {"wd": "publish"}], [{"wd": "anthologize"}, {"wd": "collect"}, {"wd": "compile"}], [{"wd": "engross"}, {"wd": "recopy"}], [{"wd": "reedit"}], [{"wd": "perfect"}, {"wd": "polish"}, {"wd": "touch up"}]]}]]]}], "shortdef": ["as in publish, redact"]}, {"meta": {"id": "fact-checked", "uuid": "4a2f28a8-0a61-4b5e-866f-ef3e4deda483", "src": "CTcompile", "section": "alpha", "stems": ["fact-checked"], "syns": [["edited", "redrafted", "revamped", "revised", "reworked", "amended", "annotated", "corrected", "emended", "rectified", "abridged", "blue-penciled", "redacted", "red-penciled", "copyedited", "read", "subbed", "subedited", "got out", "issued", "printed", "published", "anthologized", "collected", "compiled", "engrossed", "recopied", "reedited", "perfected", "polished", "touched up"]], "ants": [], "offensive": false}, "hwi": {"hw": "fact-checked"}, "fl": "verb", "sls": ["past tense of {d_link|fact-check|fact-check}"], "def": [{"sseq": [[["sense", {"dt": [["text", "as in {it}published{/it}, {it}redacted{/it}"]], "sim_list": [[{"wd": "edited"}, {"wd": "redrafted"}, {"wd": "revamped"}, {"wd": "revised"}, {"wd": "reworked"}], [{"wd": "amended"}, {"wd": "annotated"}, {"wd": "corrected"}, {"wd": "emended"}, {"wd": "rectified"}], [{"wd": "abridged"}, {"wd": "blue-penciled"}, {"wd": "redacted"}, {"wd": "red-penciled"}], [{"wd": "copyedited"}, {"wd": "read"}, {"wd": "subbed", "wsls": ["British"]}, {"wd": "subedited"}], [{"wd": "got out"}, {"wd": "issued"}, {"wd": "printed"}, {"wd": "published"}], [{"wd": "anthologized"}, {"wd": "collected"}, {"wd": "compiled"}], [{"wd": "engrossed"}, {"wd": "recopied"}], [{"wd": "reedited"}], [{"wd": "perfected"}, {"wd": "polished"}, {"wd": "touched up"}]]}]]]}], "shortdef": ["as in published, redacted"]}, {"meta": {"id": "fact-checking", "uuid": "265bf51b-1c23-4a36-acfc-525e2701eec1", "src": "CTcompile", "section": "alpha", "stems": ["fact-checking"], "syns": [["editing", "redrafting", "revamping", "revising", "reworking", "amending", "annotating", "correcting", "emending", "rectifying", "abridging", "blue-penciling", "redacting", "red-penciling", "copyediting", "reading", "subbing", "subediting", "getting out", "issuing", "printing", "publishing", "anthologizing", "collecting", "compiling", "engrossing", "recopying", "reediting", "perfecting", "polishing", "touching up"]], "ants": [], "offensive": false}, "hwi": {"hw": "fact-checking"}, "fl": "verb", "sls": ["present participle of {d_link|fact-check|fact-check}"], "def": [{"sseq": [[["sense", {"dt": [["text", "as in {it}publishing{/it}, {it}redacting{/it}"]], "sim_list": [[{"wd": "editing"}, {"wd": "redrafting"}, {"wd": "revamping"}, {"wd": "revising"}, {"wd": "reworking"}], [{"wd": "amending"}, {"wd": "annotating"}, {"wd": "correcting"}, {"wd": "emending"}, {"wd": "rectifying"}], [{"wd": "abridging"}, {"wd": "blue-penciling"}, {"wd": "redacting"}, {"wd": "red-penciling"}], [{"wd": "copyediting"}, {"wd": "reading"}, {"wd": "subbing", "wsls": ["British"]}, {"wd": "subediting"}], [{"wd": "getting out"}, {"wd": "issuing"}, {"wd": "printing"}, {"wd": "publishing"}], [{"wd": "anthologizing"}, {"wd": "collecting"}, {"wd": "compiling"}], [{"wd": "engrossing"}, {"wd": "recopying"}], [{"wd": "reediting"}], [{"wd": "perfecting"}, {"wd": "polishing"}, {"wd": "touching up"}]]}]]]}], "shortdef": ["as in publishing, redacting"]}, {"meta": {"id": "fact-checks", "uuid": "8eabbe8f-efd2-4ece-8e00-d94678150c8c", "src": "CTcompile", "section": "alpha", "stems": ["fact-checks"], "syns": [["edits", "redrafts", "revamps", "revises", "reworks", "amends", "annotates", "corrects", "emends", "rectifies", "abridges", "blue-pencils", "redacts", "red-pencils", "copyedits", "reads", "subedits", "subs", "gets out", "issues", "prints", "publishes", "anthologizes", "collects", "compiles", "engrosses", "recopies", "reedits", "perfects", "polishes", "touches up"]], "ants": [], "offensive": false}, "hwi": {"hw": "fact-checks"}, "fl": "verb", "sls": ["present tense third-person singular of {d_link|fact-check|fact-check}"], "def": [{"sseq": [[["sense", {"dt": [["text", "as in {it}publishes{/it}, {it}redacts{/it}"]], "sim_list": [[{"wd": "edits"}, {"wd": "redrafts"}, {"wd": "revamps"}, {"wd": "revises"}, {"wd": "reworks"}], [{"wd": "amends"}, {"wd": "annotates"}, {"wd": "corrects"}, {"wd": "emends"}, {"wd": "rectifies"}], [{"wd": "abridges"}, {"wd": "blue-pencils"}, {"wd": "redacts"}, {"wd": "red-pencils"}], [{"wd": "copyedits"}, {"wd": "reads"}, {"wd": "subedits"}, {"wd": "subs", "wsls": ["British"]}], [{"wd": "gets out"}, {"wd": "issues"}, {"wd": "prints"}, {"wd": "publishes"}], [{"wd": "anthologizes"}, {"wd": "collects"}, {"wd": "compiles"}], [{"wd": "engrosses"}, {"wd": "recopies"}], [{"wd": "reedits"}], [{"wd": "perfects"}, {"wd": "polishes"}, {"wd": "touches up"}]]}]]]}], "shortdef": ["as in publishes, redacts"]}, {"meta": {"id": "fact finder", "uuid": "b8b2c2d4-02f8-496b-8192-c0a59925bbff", "src": "CTcompile", "section": "alpha", "stems": ["fact finder"], "syns": [["empiric", "empiricist", "monitor", "observer", "field-worker", "experimenter", "investigator", "researcher", "examiner", "inspector"]], "ants": [], "offensive": false}, "hwi": {"hw": "fact finder"}, "fl": "noun", "def": [{"sseq": [[["sense", {"dt": [["text", "as in {it}empiricist{/it}, {it}empiric{/it}"]], "sim_list": [[{"wd": "empiric"}, {"wd": "empiricist"}], [{"wd": "monitor"}, {"wd": "observer"}], [{"wd": "field-worker"}], [{"wd": "experimenter"}, {"wd": "investigator"}, {"wd": "researcher"}], [{"wd": "examiner"}, {"wd": "inspector"}]]}]]]}], "shortdef": ["as in empiricist, empiric"]}, {"meta": {"id": "fact finders", "uuid": "d1977a12-311b-4059-96db-7df6807155e0", "src": "CTcompile", "section": "alpha", "stems": ["fact finders"], "syns": [["empiricists", "empirics", "monitors", "observers", "field-workers", "experimenters", "investigators", "researchers", "examiners", "inspectors"]], "ants": [], "offensive": false}, "hwi": {"hw": "fact finders"}, "fl": "noun", "sls": ["plural of {d_link|fact finder|fact finder}"], "def": [{"sseq": [[["sense", {"dt": [["text", "as in {it}empiricists{/it}, {it}empirics{/it}"]], "sim_list": [[{"wd": "empiricists"}, {"wd": "empirics"}], [{"wd": "monitors"}, {"wd": "observers"}], [{"wd": "field-workers"}], [{"wd": "experimenters"}, {"wd": "investigators"}, {"wd": "researchers"}], [{"wd": "examiners"}, {"wd": "inspectors"}]]}]]]}], "shortdef": ["as in empiricists, empirics"]}, {"meta": {"id": "matter-of-fact", "uuid": "66a9124a-c609-4ed0-92f0-8d2d6dc1de3d", "src": "coll_thes", "section": "alpha", "target": {"tuuid": "e61162f5-d3ab-4e68-94d6-37ddd81cb81d", "tsrc": "collegiate"}, "stems": ["matter-of-fact", "matter-of-factly", "matter-of-factness", "matter-of-factnesses"], "syns": [["documentary", "factual", "hard", "historical", "literal", "nonfictional", "objective", "true"], ["down-to-earth", "earthy", "hardheaded", "practical", "pragmatic", "realistic"]], "ants": [["fictional", "fictionalized", "fictitious", "nondocumentary", "nonfactual", "nonhistorical", "unhistorical"], ["blue-sky", "idealistic", "impractical", "unrealistic", "utopian", "visionary"]], "offensive": false}, "hwi": {"hw": "matter-of-fact"}, "fl": "adjective", "def": [{"sseq": [[["sense", {"sn": "1", "dt": [["text", "restricted to or based on fact "], ["vis", [{"t": "a {it}matter-of-fact{/it} recitation of the events of the last week"}]]], "syn_list": [[{"wd": "documentary"}, {"wd": "factual"}, {"wd": "hard"}, {"wd": "historical"}, {"wd": "literal"}, {"wd": "nonfictional"}, {"wd": "objective"}, {"wd": "true"}]], "rel_list": [[{"wd": "actual"}, {"wd": "authentic"}, {"wd": "bona fide"}, {"wd": "genuine"}, {"wd": "real"}, {"wd": "right"}], [{"wd": "documented"}, {"wd": "established"}], [{"wd": "confirmable"}, {"wd": "reliable"}, {"wd": "supportable"}, {"wd": "sustainable"}, {"wd": "verifiable"}], [{"wd": "demonstrable"}, {"wd": "provable"}], [{"wd": "incontestable"}, {"wd": "incontrovertible"}, {"wd": "indisputable"}, {"wd": "irrefutable"}, {"wd": "undeniable"}, {"wd": "unquestionable"}], [{"wd": "plain"}, {"wd": "simple"}], [{"wd": "certain"}, {"wd": "undoubted"}]], "near_list": [[{"wd": "hypothetical"}, {"wd": "speculative"}, {"wd": "theoretical", "wvrs": [{"wvl": "also", "wva": "theoretic"}]}], [{"wd": "apocryphal"}, {"wd": "unauthentic"}, {"wd": "undocumented"}], [{"wd": "chimerical", "wvrs": [{"wvl": "also", "wva": "chimeric"}]}, {"wd": "fabulous"}, {"wd": "fanciful"}, {"wd": "fantastic", "wvrs": [{"wvl": "also", "wva": "fantastical"}]}, {"wd": "imaginary"}, {"wd": "imagined"}, {"wd": "invented"}, {"wd": "legendary"}, {"wd": "made-up"}, {"wd": "make-believe"}, {"wd": "mythical", "wvrs": [{"wvl": "or", "wva": "mythic"}]}, {"wd": "pretend"}], [{"wd": "embroidered"}, {"wd": "exaggerated"}], [{"wd": "insupportable"}, {"wd": "unsupportable"}]], "ant_list": [[{"wd": "fictional"}, {"wd": "fictionalized"}, {"wd": "fictitious"}, {"wd": "nondocumentary"}, {"wd": "nonfactual"}, {"wd": "nonhistorical"}, {"wd": "unhistorical"}]]}]], [["sense", {"sn": "2", "dt": [["text", "willing to see things as they really are and deal with them sensibly "], ["vis", [{"t": "a {it}matter-of-fact{/it} woman who didn't worry about {ldquo}what ifs{rdquo}"}]]], "syn_list": [[{"wd": "down-to-earth"}, {"wd": "earthy"}, {"wd": "hardheaded"}, {"wd": "practical"}, {"wd": "pragmatic", "wvrs": [{"wvl": "also", "wva": "pragmatical"}]}, {"wd": "realistic"}]], "rel_list": [[{"wd": "idealless"}, {"wd": "philistine"}, {"wd": "utilitarian"}], [{"wd": "commonsensical"}, {"wd": "grounded"}, {"wd": "levelheaded"}, {"wd": "logical"}, {"wd": "no-nonsense"}, {"wd": "rational"}, {"wd": "reasonable"}, {"wd": "sane"}, {"wd": "sensible"}, {"wd": "sober"}, {"wd": "sobersided"}, {"wd": "sound"}], [{"wd": "bottom-line"}, {"wd": "hard"}, {"wd": "hard-boiled"}, {"wd": "hard-edged"}, {"wd": "tough-minded"}, {"wd": "unromantic"}, {"wd": "unsentimental"}], [{"wd": "cynical"}, {"wd": "disillusioned"}, {"wd": "misanthropic"}, {"wd": "pessimistic"}], [{"wd": "distrustful"}, {"wd": "mistrustful"}, {"wd": "skeptical"}, {"wd": "suspicious"}]], "near_list": [[{"wd": "fanciful"}, {"wd": "fantastic", "wvrs": [{"wvl": "also", "wva": "fantastical"}]}, {"wd": "imaginative"}], [{"wd": "romantic"}, {"wd": "sentimental"}], [{"wd": "cheerful"}, {"wd": "optimistic"}, {"wd": "rose-colored"}], [{"wd": "trustful"}, {"wd": "trusting"}, {"wd": "unsuspicious"}], [{"wd": "half-baked"}, {"wd": "illogical"}, {"wd": "insane"}, {"wd": "irrational"}, {"wd": "unreasonable"}], [{"wd": "theoretical", "wvrs": [{"wvl": "also", "wva": "theoretic"}]}]], "ant_list": [[{"wd": "blue-sky"}, {"wd": "idealistic"}, {"wd": "impractical"}, {"wd": "unrealistic"}, {"wd": "utopian"}, {"wd": "visionary"}]]}]]]}], "shortdef": ["restricted to or based on fact", "willing to see things as they really are and deal with them sensibly"]}, {"meta": {"id": "as a matter of fact", "uuid": "21f626e8-ad54-4b76-b34d-121b539214ae", "src": "CTenhance", "section": "phrases", "stems": ["as a matter of fact"], "syns": [["actually", "admittedly", "forsooth", "frankly", "honestly", "indeed", "really", "truly", "truthfully", "verily"]], "ants": [], "offensive": false}, "hwi": {"hw": "as a matter of fact"}, "fl": "phrase", "def": [{"sseq": [[["sense", {"dt": [["text", "to tell the truth "], ["vis", [{"t": "\"You didn't bring snacks, did you?\" \"{it}As a matter of fact{/it}, I did!\""}]]], "syn_list": [[{"wd": "actually"}, {"wd": "admittedly"}, {"wd": "forsooth"}, {"wd": "frankly"}, {"wd": "honestly"}, {"wd": "indeed"}, {"wd": "really"}, {"wd": "truly"}, {"wd": "truthfully"}, {"wd": "verily"}]], "rel_list": [[{"wd": "absolutely"}, {"wd": "certainly"}, {"wd": "indisputably"}, {"wd": "indubitably"}, {"wd": "positively"}, {"wd": "realistically"}, {"wd": "undoubtedly"}, {"wd": "unquestionably"}, {"wd": "veritably"}]], "phrase_list": [[{"wd": "in actuality"}, {"wd": "in fact"}, {"wd": "in point of fact"}, {"wd": "in reality"}, {"wd": "in truth"}, {"wd": "to be sure"}]]}]]]}], "shortdef": ["to tell the truth"]}, {"meta": {"id": "in fact", "uuid": "32dd9ddd-9c72-429f-90b6-5f37455efccd", "src": "CTenhance", "section": "phrases", "stems": ["in fact"], "syns": [["actually", "admittedly", "forsooth", "frankly", "honestly", "indeed", "really", "truly", "truthfully", "verily"], ["even", "indeed", "nay", "truly", "verily", "yea"]], "ants": [], "offensive": false}, "hwi": {"hw": "in fact"}, "fl": "phrase", "def": [{"sseq": [[["sense", {"sn": "1", "dt": [["text", "to tell the truth "], ["vis", [{"t": "She told authorities she had been home that night when {it}in fact{/it} witnesses reported seeing her in town."}]]], "syn_list": [[{"wd": "actually"}, {"wd": "admittedly"}, {"wd": "forsooth"}, {"wd": "frankly"}, {"wd": "honestly"}, {"wd": "indeed"}, {"wd": "really"}, {"wd": "truly"}, {"wd": "truthfully"}, {"wd": "verily"}]], "rel_list": [[{"wd": "absolutely"}, {"wd": "certainly"}, {"wd": "indisputably"}, {"wd": "indubitably"}, {"wd": "positively"}, {"wd": "realistically"}, {"wd": "undoubtedly"}, {"wd": "unquestionably"}, {"wd": "veritably"}]], "phrase_list": [[{"wd": "as a matter of fact"}, {"wd": "in actuality"}, {"wd": "in point of fact"}, {"wd": "in reality"}, {"wd": "in truth"}, {"wd": "to be sure"}]]}]], [["sense", {"sn": "2", "dt": [["text", "not merely this but also "], ["vis", [{"t": "Blue whales are the biggest animals on Earth, and {it}in fact{/it}, they can weigh up to 200 tons."}]]], "syn_list": [[{"wd": "even"}, {"wd": "indeed"}, {"wd": "nay"}, {"wd": "truly"}, {"wd": "verily"}, {"wd": "yea"}]], "rel_list": [[{"wd": "assuredly"}, {"wd": "certainly"}, {"wd": "decidedly"}, {"wd": "definitely"}, {"wd": "doubtless"}, {"wd": "incontestably"}, {"wd": "incontrovertibly"}, {"wd": "indisputably"}, {"wd": "positively"}, {"wd": "really"}, {"wd": "surely"}, {"wd": "truly"}, {"wd": "undeniably"}, {"wd": "undoubtedly"}, {"wd": "unquestionably"}]], "phrase_list": [[{"wd": "in reality"}, {"wd": "in truth"}]]}]]]}], "shortdef": ["to tell the truth", "not merely this but also"]}]