[{"meta": {"id": "fast", "uuid": "625927e7-e7dc-476c-bf29-5f3ab51b0d96", "src": "coll_thes", "section": "alpha", "target": {"tuuid": "86cecf6a-baba-4147-a60a-a5b97a33f43e", "tsrc": "collegiate"}, "stems": ["fast", "faster", "fastest"], "syns": [["apace", "briskly", "chop-chop", "double-quick", "fleetly", "full tilt", "hastily", "hell-for-leather", "hot", "lickety-split", "posthaste", "presto", "pronto", "quick", "quickly", "rapidly", "snappily", "soon", "speedily", "swift", "swiftly"], ["all", "all of", "all over", "altogether", "clean", "completely", "dead", "enough", "entire", "entirely", "even", "exactly", "flat", "full", "fully", "heartily", "out", "perfectly", "plumb", "quite", "soundly", "thoroughly", "through and through", "totally", "utterly", "well", "wholly", "wide"]], "ants": [["slow", "slowly"], ["half", "halfway", "incompletely", "part", "partially", "partly"]], "offensive": false}, "hwi": {"hw": "fast"}, "fl": "adverb", "def": [{"sseq": [[["sense", {"sn": "1", "dt": [["text", "with great speed "], ["vis", [{"t": "run as {it}fast{/it} as you can to get help"}]]], "syn_list": [[{"wd": "apace"}, {"wd": "briskly"}, {"wd": "chop-chop"}, {"wd": "double-quick"}, {"wd": "fleetly"}, {"wd": "full tilt"}, {"wd": "hastily"}, {"wd": "hell-for-leather"}, {"wd": "hot"}, {"wd": "lickety-split"}, {"wd": "posthaste"}, {"wd": "presto"}, {"wd": "pronto"}, {"wd": "quick"}, {"wd": "quickly"}, {"wd": "rapidly"}, {"wd": "snappily"}, {"wd": "soon"}, {"wd": "speedily"}, {"wd": "swift"}, {"wd": "swiftly"}]], "rel_list": [[{"wd": "immediately"}, {"wd": "promptly"}, {"wd": "readily"}], [{"wd": "impetuously"}, {"wd": "impulsively"}, {"wd": "rashly"}, {"wd": "recklessly"}], [{"wd": "abruptly"}, {"wd": "suddenly"}], [{"wd": "energetically"}, {"wd": "vigorously"}]], "phrase_list": [[{"wd": "a mile a minute"}, {"wd": "at full throttle"}, {"wd": "at full tilt"}, {"wd": "by leaps and bounds"}, {"wd": "in a hurry"}, {"wd": "in short order"}, {"wd": "like a shot"}, {"wd": "like gangbusters"}, {"wd": "like wildfire"}]], "near_list": [[{"wd": "laggardly"}, {"wd": "lingeringly"}, {"wd": "ploddingly"}, {"wd": "sluggishly"}], [{"wd": "deliberately"}, {"wd": "leisurely"}], [{"wd": "belatedly"}, {"wd": "delinquently"}, {"wd": "tardily"}]], "ant_list": [[{"wd": "slow"}, {"wd": "slowly"}]]}]], [["sense", {"sn": "2", "dt": [["text", "to a full extent or degree "], ["vis", [{"t": "everyone in camp was {it}fast{/it} asleep within minutes of hitting the sack"}]]], "syn_list": [[{"wd": "all"}, {"wd": "all of"}, {"wd": "all over"}, {"wd": "altogether"}, {"wd": "clean"}, {"wd": "completely"}, {"wd": "dead"}, {"wd": "enough"}, {"wd": "entire"}, {"wd": "entirely"}, {"wd": "even"}, {"wd": "exactly"}, {"wd": "flat"}, {"wd": "full"}, {"wd": "fully"}, {"wd": "heartily"}, {"wd": "out"}, {"wd": "perfectly"}, {"wd": "plumb", "wsls": ["chiefly dialect"]}, {"wd": "quite"}, {"wd": "soundly"}, {"wd": "thoroughly"}, {"wd": "through and through"}, {"wd": "totally"}, {"wd": "utterly"}, {"wd": "well"}, {"wd": "wholly"}, {"wd": "wide"}]], "rel_list": [[{"wd": "absolutely"}, {"wd": "categorically"}, {"wd": "cold"}, {"wd": "downright"}, {"wd": "hands down"}, {"wd": "plain"}, {"wd": "stone"}, {"wd": "stone-cold"}, {"wd": "unqualifiedly"}], [{"wd": "basically"}, {"wd": "by and large"}, {"wd": "chiefly"}, {"wd": "generally"}, {"wd": "largely"}, {"wd": "mainly"}, {"wd": "more or less"}, {"wd": "mostly"}, {"wd": "overall"}, {"wd": "predominantly"}, {"wd": "predominately"}, {"wd": "primarily"}, {"wd": "principally"}, {"wd": "substantially"}], [{"wd": "abundantly"}, {"wd": "copiously"}, {"wd": "generously"}, {"wd": "greatly"}]], "phrase_list": [[{"wd": "all the way"}, {"wd": "at length"}, {"wd": "down the line"}, {"wd": "down to the ground"}, {"wd": "for fair"}, {"wd": "in whole"}, {"wd": "to bits"}, {"wd": "to pieces"}, {"wd": "to the hilt"}, {"wd": "to the max"}]], "near_list": [[{"wd": "barely"}, {"wd": "hardly"}, {"wd": "just"}, {"wd": "kind of"}, {"wd": "marginally"}, {"wd": "minimally"}, {"wd": "scarcely"}, {"wd": "slightly"}, {"wd": "superficially"}], [{"wd": "approximately"}, {"wd": "roughly"}, {"wd": "somewhat"}]], "ant_list": [[{"wd": "half"}, {"wd": "halfway"}, {"wd": "incompletely"}, {"wd": "part"}, {"wd": "partially"}, {"wd": "partly"}]]}]]]}], "shortdef": ["with great speed", "to a full extent or degree"]}, {"meta": {"id": "fast", "uuid": "14d1de88-e511-4fef-a9d2-d77e314d219f", "src": "coll_thes", "section": "alpha", "target": {"tuuid": "18933a1a-b645-48c2-819e-2e134d051fca", "tsrc": "collegiate"}, "stems": ["fast", "faster", "fastest"], "syns": [["blistering", "breakneck", "breathless", "brisk", "dizzy", "fleet", "fleet-footed", "flying", "galloping", "hasty", "hot", "lightning", "nippy", "quick", "rapid", "rapid-fire", "rattling", "snappy", "speedy", "splitting", "swift", "whirlwind", "zippy"], ["constant", "dedicated", "devoted", "devout", "down-the-line", "faithful", "good", "loyal", "pious", "staunch", "steadfast", "steady", "true", "true-blue"], ["firm", "frozen", "jammed", "lodged", "set", "snug", "stuck", "tight", "wedged"], ["bent", "crooked", "deceptive", "dishonest", "double-dealing", "duplicitous", "fraudulent", "guileful", "rogue", "shady", "sharp", "shifty", "underhand", "underhanded"], ["bombproof", "firm", "sound", "stable", "stalwart", "strong", "sturdy"], ["brief", "little", "short"], ["alert", "brainy", "bright", "brilliant", "clever", "exceptional", "hyperintelligent", "intelligent", "keen", "nimble", "quick", "quick-witted", "sharp", "sharp-witted", "smart", "supersmart", "ultrasmart"]], "ants": [["slow"], ["disloyal", "faithless", "false", "fickle", "inconstant", "perfidious", "recreant", "traitorous", "treacherous", "unfaithful", "untrue"], ["insecure", "loose"], ["aboveboard", "honest", "straight"], ["rickety", "unsound", "unstable", "unsteady"], ["extended", "far", "great", "lengthy", "long", "long-drawn-out", "long-lived"], ["airheaded", "birdbrained", "boneheaded", "brain-dead", "brainless", "bubbleheaded", "chuckleheaded", "dense", "dim", "dim-witted", "doltish", "dopey", "dorky", "dull", "dumb", "dunderheaded", "empty-headed", "fatuous", "gormless", "half-witted", "knuckleheaded", "lamebrain", "lunkheaded", "mindless", "obtuse", "opaque", "pinheaded", "senseless", "simple", "slow", "slow-witted", "soft", "softheaded", "stupid", "thick", "thickheaded", "thick-witted", "unbrilliant", "unintelligent", "unsmart", "vacuous", "weak-minded", "witless"]], "offensive": false}, "hwi": {"hw": "fast"}, "fl": "adjective", "def": [{"sseq": [[["sense", {"sn": "1", "dt": [["text", "moving, proceeding, or acting with great speed "], ["vis", [{"t": "the {it}fast{/it} pace of construction resulted in our new house being done ahead of schedule"}]]], "syn_list": [[{"wd": "blistering"}, {"wd": "breakneck"}, {"wd": "breathless"}, {"wd": "brisk"}, {"wd": "dizzy"}, {"wd": "fleet"}, {"wd": "fleet-footed"}, {"wd": "flying"}, {"wd": "galloping"}, {"wd": "hasty"}, {"wd": "hot"}, {"wd": "lightning"}, {"wd": "nippy"}, {"wd": "quick"}, {"wd": "rapid"}, {"wd": "rapid-fire"}, {"wd": "rattling"}, {"wd": "snappy"}, {"wd": "speedy"}, {"wd": "splitting"}, {"wd": "swift"}, {"wd": "whirlwind"}, {"wd": "zippy"}]], "rel_list": [[{"wd": "expeditious"}, {"wd": "prompt"}, {"wd": "ready"}], [{"wd": "accelerated"}, {"wd": "hastened"}, {"wd": "hurried"}, {"wd": "quickened"}, {"wd": "rushed"}], [{"wd": "breathtaking"}], [{"wd": "energetic"}, {"wd": "strenuous"}, {"wd": "strong"}, {"wd": "vigorous"}], [{"wd": "high-speed"}], [{"wd": "rush"}], [{"wd": "ultrafast"}, {"wd": "ultrarapid"}]], "phrase_list": [[{"wd": "at speed", "wsls": ["chiefly British"]}]], "near_list": [[{"wd": "crawling"}, {"wd": "dallying"}, {"wd": "dawdling"}, {"wd": "dillydallying"}, {"wd": "dragging"}, {"wd": "laggard"}, {"wd": "languid"}, {"wd": "lingering"}, {"wd": "plodding"}, {"wd": "poking"}, {"wd": "poky", "wvrs": [{"wvl": "or", "wva": "pokey"}]}, {"wd": "slowish"}, {"wd": "sluggish"}, {"wd": "unhurried"}], [{"wd": "deliberate"}, {"wd": "leisurely"}, {"wd": "measured"}], [{"wd": "dilatory"}, {"wd": "late"}, {"wd": "tardy"}], [{"wd": "ultraslow"}]], "ant_list": [[{"wd": "slow"}]]}]], [["sense", {"sn": "2", "dt": [["text", "firm in one's allegiance to someone or something "], ["vis", [{"t": "the two girls soon became {it}fast{/it} and inseparable friends"}]]], "syn_list": [[{"wd": "constant"}, {"wd": "dedicated"}, {"wd": "devoted"}, {"wd": "devout"}, {"wd": "down-the-line"}, {"wd": "faithful"}, {"wd": "good"}, {"wd": "loyal"}, {"wd": "pious"}, {"wd": "staunch", "wvrs": [{"wvl": "also", "wva": "stanch"}]}, {"wd": "steadfast"}, {"wd": "steady"}, {"wd": "true"}, {"wd": "true-blue"}]], "rel_list": [[{"wd": "dependable"}, {"wd": "dutiful"}, {"wd": "reliable"}, {"wd": "responsible"}, {"wd": "solid"}, {"wd": "tried"}, {"wd": "tried-and-true"}, {"wd": "trustworthy"}, {"wd": "trusty"}], [{"wd": "unfaltering"}, {"wd": "unhesitating"}, {"wd": "unwavering"}], [{"wd": "determined"}, {"wd": "intent"}, {"wd": "resolute"}], [{"wd": "confirmed"}, {"wd": "dyed-in-the-wool"}, {"wd": "inveterate"}, {"wd": "sworn"}], [{"wd": "ardent"}, {"wd": "avid"}, {"wd": "enthusiastic"}, {"wd": "fervent"}, {"wd": "fervid"}, {"wd": "gung ho"}, {"wd": "impassioned"}, {"wd": "passionate"}, {"wd": "serious"}]], "near_list": [[{"wd": "irresponsible"}, {"wd": "undependable"}, {"wd": "unreliable"}, {"wd": "untrustworthy"}], [{"wd": "faltering"}, {"wd": "hesitant"}, {"wd": "vacillating"}, {"wd": "wavering"}], [{"wd": "dubious"}, {"wd": "irresolute"}, {"wd": "shaky"}, {"wd": "uncertain"}], [{"wd": "apathetic"}, {"wd": "dispassionate"}, {"wd": "uninterested"}]], "ant_list": [[{"wd": "disloyal"}, {"wd": "faithless"}, {"wd": "false"}, {"wd": "fickle"}, {"wd": "inconstant"}, {"wd": "perfidious"}, {"wd": "recreant"}, {"wd": "traitorous"}, {"wd": "treacherous"}, {"wd": "unfaithful"}, {"wd": "untrue"}]]}]], [["sense", {"sn": "3", "dt": [["text", "firmly positioned in place and difficult to dislodge "], ["vis", [{"t": "the rusty, old screws are so {it}fast{/it} in the fitting that there's no hope of getting them out"}]]], "syn_list": [[{"wd": "firm"}, {"wd": "frozen"}, {"wd": "jammed"}, {"wd": "lodged"}, {"wd": "set"}, {"wd": "snug"}, {"wd": "stuck"}, {"wd": "tight"}, {"wd": "wedged"}]], "rel_list": [[{"wd": "bonded"}, {"wd": "cemented"}, {"wd": "glued"}], [{"wd": "anchored"}, {"wd": "clamped"}], [{"wd": "embedded", "wvrs": [{"wvl": "also", "wva": "imbedded"}]}, {"wd": "entrenched", "wvrs": [{"wvl": "also", "wva": "intrenched"}]}, {"wd": "impacted"}, {"wd": "implanted"}], [{"wd": "attached"}, {"wd": "bound"}, {"wd": "fastened"}, {"wd": "secured"}], [{"wd": "immovable"}, {"wd": "unyielding"}]], "near_list": [[{"wd": "detached"}, {"wd": "dislodged"}, {"wd": "freed"}, {"wd": "loosened"}, {"wd": "unattached"}, {"wd": "unbound"}, {"wd": "undone"}, {"wd": "unfastened"}, {"wd": "unsecured"}], [{"wd": "movable", "wvrs": [{"wvl": "or", "wva": "moveable"}]}, {"wd": "yielding"}]], "ant_list": [[{"wd": "insecure"}, {"wd": "loose"}]]}]], [["sense", {"sn": "4", "dt": [["text", "given to or marked by cheating and deception "], ["vis", [{"t": "rolling back odometers was just one of the {it}fast{/it} practices that the used-car dealer was guilty of"}]]], "syn_list": [[{"wd": "bent", "wsls": ["chiefly British"]}, {"wd": "crooked"}, {"wd": "deceptive"}, {"wd": "dishonest"}, {"wd": "double-dealing"}, {"wd": "duplicitous"}, {"wd": "fraudulent"}, {"wd": "guileful"}, {"wd": "rogue"}, {"wd": "shady"}, {"wd": "sharp"}, {"wd": "shifty"}, {"wd": "underhand"}, {"wd": "underhanded"}]], "rel_list": [[{"wd": "unconscionable"}, {"wd": "unethical"}, {"wd": "unprincipled"}, {"wd": "unscrupulous"}], [{"wd": "deceitful"}, {"wd": "deceiving"}, {"wd": "deluding"}, {"wd": "delusive"}, {"wd": "delusory"}, {"wd": "false"}], [{"wd": "artful"}, {"wd": "beguiling"}, {"wd": "cagey", "wvrs": [{"wvl": "also", "wva": "cagy"}]}, {"wd": "crafty"}, {"wd": "cunning"}, {"wd": "foxy"}, {"wd": "slick"}, {"wd": "sly"}, {"wd": "subtle"}, {"wd": "wily"}], [{"wd": "defrauding"}, {"wd": "devious"}, {"wd": "furtive"}, {"wd": "slippery"}, {"wd": "sneaking"}, {"wd": "sneaky"}, {"wd": "trickish"}, {"wd": "tricky"}], [{"wd": "insidious"}, {"wd": "perfidious"}, {"wd": "treacherous"}]], "near_list": [[{"wd": "conscientious"}, {"wd": "decent"}, {"wd": "ethical"}, {"wd": "honorable"}, {"wd": "just"}, {"wd": "scrupulous"}, {"wd": "upright"}], [{"wd": "forthright"}, {"wd": "straightforward"}]], "ant_list": [[{"wd": "aboveboard"}, {"wd": "honest"}, {"wd": "straight"}]]}]], [["sense", {"sn": "5", "dt": [["text", "marked by the ability to withstand stress without structural damage or distortion "], ["vis", [{"t": "as the storm approached, we checked to see that every thing on the outside of the house was {it}fast{/it} and locked in position"}]]], "syn_list": [[{"wd": "bombproof"}, {"wd": "firm"}, {"wd": "sound"}, {"wd": "stable"}, {"wd": "stalwart"}, {"wd": "strong"}, {"wd": "sturdy"}]], "rel_list": [[{"wd": "dependable"}, {"wd": "durable"}, {"wd": "reliable"}], [{"wd": "infrangible"}, {"wd": "irrefragable"}, {"wd": "unbreakable"}], [{"wd": "beefy"}, {"wd": "solid"}], [{"wd": "cohesive"}, {"wd": "tough"}]], "near_list": [[{"wd": "infirm"}, {"wd": "insecure"}, {"wd": "weak"}], [{"wd": "shaky"}, {"wd": "tottering"}, {"wd": "tottery"}, {"wd": "unbalanced"}, {"wd": "wobbly", "wvrs": [{"wvl": "also", "wva": "wabbly"}]}], [{"wd": "unsubstantial"}]], "ant_list": [[{"wd": "rickety"}, {"wd": "unsound"}, {"wd": "unstable"}, {"wd": "unsteady"}]]}]], [["sense", {"sn": "6", "dt": [["text", "not lasting for a considerable time "], ["vis", [{"t": "after a {it}fast{/it} explanation of the procedure, we were turned loose to do the work"}]]], "syn_list": [[{"wd": "brief"}, {"wd": "little"}, {"wd": "short"}]], "rel_list": [[{"wd": "shortish"}], [{"wd": "abbreviated"}, {"wd": "abridged"}, {"wd": "curtailed"}, {"wd": "cut-back"}, {"wd": "shortened"}, {"wd": "syncopated"}], [{"wd": "compact"}, {"wd": "condensed"}], [{"wd": "abrupt"}, {"wd": "sudden"}], [{"wd": "ephemeral"}, {"wd": "fleeting"}, {"wd": "momentary"}, {"wd": "short-lived"}, {"wd": "transient"}, {"wd": "transitory"}], [{"wd": "impermanent"}], [{"wd": "compendious"}, {"wd": "concise"}, {"wd": "crisp"}, {"wd": "epigrammatic"}, {"wd": "laconic"}, {"wd": "pithy"}, {"wd": "succinct"}, {"wd": "summary"}, {"wd": "terse"}], [{"wd": "short-range"}, {"wd": "short-term"}]], "near_list": [[{"wd": "endless"}, {"wd": "everlasting"}, {"wd": "interminable"}, {"wd": "persistent"}, {"wd": "unending"}], [{"wd": "longish"}, {"wd": "overlong"}, {"wd": "prolonged"}, {"wd": "protracted"}], [{"wd": "permanent"}], [{"wd": "enlarged"}, {"wd": "expanded"}, {"wd": "supplemented"}], [{"wd": "long-range"}, {"wd": "long-term"}]], "ant_list": [[{"wd": "extended"}, {"wd": "far"}, {"wd": "great"}, {"wd": "lengthy"}, {"wd": "long"}, {"wd": "long-drawn-out", "wvrs": [{"wvl": "or", "wva": "long-drawn"}]}, {"wd": "long-lived"}]]}]], [["sense", {"sn": "7", "dt": [["text", "having or showing quickness of mind "], ["vis", [{"t": "I don't know how to operate this machine, but I'm a {it}fast{/it} learner"}]]], "syn_list": [[{"wd": "alert"}, {"wd": "brainy"}, {"wd": "bright"}, {"wd": "brilliant"}, {"wd": "clever"}, {"wd": "exceptional"}, {"wd": "hyperintelligent"}, {"wd": "intelligent"}, {"wd": "keen"}, {"wd": "nimble"}, {"wd": "quick"}, {"wd": "quick-witted"}, {"wd": "sharp"}, {"wd": "sharp-witted"}, {"wd": "smart"}, {"wd": "supersmart"}, {"wd": "ultrasmart"}]], "rel_list": [[{"wd": "apt"}, {"wd": "ingenious"}, {"wd": "resourceful"}], [{"wd": "acute"}, {"wd": "astute"}, {"wd": "discerning"}, {"wd": "heady"}, {"wd": "insightful"}, {"wd": "knowing"}, {"wd": "perceptive"}, {"wd": "percipient"}, {"wd": "perspicacious"}, {"wd": "sagacious"}, {"wd": "sapient"}, {"wd": "savvy"}, {"wd": "wise"}], [{"wd": "cerebral"}, {"wd": "erudite"}, {"wd": "genial"}, {"wd": "highbrow"}, {"wd": "knowledgeable"}, {"wd": "learned"}, {"wd": "literate"}, {"wd": "scholarly"}, {"wd": "well-read"}], [{"wd": "educated"}, {"wd": "informed"}, {"wd": "schooled"}, {"wd": "skilled"}, {"wd": "trained"}], [{"wd": "creative"}, {"wd": "inventive"}, {"wd": "judicious"}, {"wd": "prudent"}, {"wd": "sage"}, {"wd": "sane"}, {"wd": "sapient"}, {"wd": "sensible"}, {"wd": "sound"}, {"wd": "wise"}], [{"wd": "crafty"}, {"wd": "cunning"}, {"wd": "foxy"}, {"wd": "shrewd"}, {"wd": "wily"}], [{"wd": "logical"}, {"wd": "rational"}, {"wd": "reasonable"}]], "near_list": [[{"wd": "feebleminded"}, {"wd": "simpleminded"}], [{"wd": "boobish"}, {"wd": "foolish"}, {"wd": "half-baked"}, {"wd": "idiotic", "wvrs": [{"wvl": "also", "wva": "idiotical"}]}, {"wd": "imbecile", "wvrs": [{"wvl": "or", "wva": "imbecilic"}]}, {"wd": "moronic"}, {"wd": "silly"}], [{"wd": "ignorant"}, {"wd": "illiterate"}, {"wd": "lowbrow"}, {"wd": "nonintellectual"}, {"wd": "unacademic"}, {"wd": "uneducated"}, {"wd": "uninformed"}, {"wd": "unintellectual"}, {"wd": "untaught"}, {"wd": "unthinking"}], [{"wd": "absurd"}, {"wd": "asinine"}, {"wd": "balmy"}, {"wd": "cockeyed"}, {"wd": "crackpot"}, {"wd": "crazy"}, {"wd": "cuckoo"}, {"wd": "daffy"}, {"wd": "daft"}, {"wd": "dippy"}, {"wd": "dotty"}, {"wd": "featherheaded"}, {"wd": "fool"}, {"wd": "half-baked"}, {"wd": "harebrained"}, {"wd": "insane"}, {"wd": "kooky", "wvrs": [{"wvl": "also", "wva": "kookie"}]}, {"wd": "loony", "wvrs": [{"wvl": "also", "wva": "looney"}]}, {"wd": "lunatic"}, {"wd": "mad"}, {"wd": "nonsensical"}, {"wd": "nutty"}, {"wd": "preposterous"}, {"wd": "sappy"}, {"wd": "screwball"}, {"wd": "tomfool"}, {"wd": "unwise"}, {"wd": "wacky", "wvrs": [{"wvl": "also", "wva": "whacky"}]}, {"wd": "zany"}]], "ant_list": [[{"wd": "airheaded"}, {"wd": "birdbrained"}, {"wd": "boneheaded"}, {"wd": "brain-dead"}, {"wd": "brainless"}, {"wd": "bubbleheaded"}, {"wd": "chuckleheaded"}, {"wd": "dense"}, {"wd": "dim"}, {"wd": "dim-witted"}, {"wd": "doltish"}, {"wd": "dopey", "wvrs": [{"wvl": "also", "wva": "dopy"}]}, {"wd": "dorky", "wsls": ["slang"]}, {"wd": "dull"}, {"wd": "dumb"}, {"wd": "dunderheaded"}, {"wd": "empty-headed"}, {"wd": "fatuous"}, {"wd": "gormless", "wsls": ["chiefly British"]}, {"wd": "half-witted"}, {"wd": "knuckleheaded"}, {"wd": "lamebrain", "wvrs": [{"wvl": "or", "wva": "lamebrained"}]}, {"wd": "lunkheaded"}, {"wd": "mindless"}, {"wd": "obtuse"}, {"wd": "opaque"}, {"wd": "pinheaded"}, {"wd": "senseless"}, {"wd": "simple"}, {"wd": "slow"}, {"wd": "slow-witted"}, {"wd": "soft"}, {"wd": "softheaded"}, {"wd": "stupid"}, {"wd": "thick"}, {"wd": "thickheaded"}, {"wd": "thick-witted"}, {"wd": "unbrilliant"}, {"wd": "unintelligent"}, {"wd": "unsmart"}, {"wd": "vacuous"}, {"wd": "weak-minded"}, {"wd": "witless"}]]}]]]}], "shortdef": ["moving, proceeding, or acting with great speed", "firm in one's allegiance to someone or something", "firmly positioned in place and difficult to dislodge"]}, {"meta": {"id": "fast", "uuid": "ac10bd65-ae68-433a-99a1-d66ead5fd4be", "src": "CTcompile", "section": "alpha", "stems": ["fast"], "syns": [["famine", "hunger strike", "craving", "sweet tooth", "gluttony", "gourmandism", "greed", "hoggishness", "malnutrition", "starvation", "undernourishment", "rapaciousness", "rapacity", "ravenousness", "voraciousness", "voracity", "appetite", "belly", "emptiness", "famishment", "hunger", "munchies", "stomach"]], "ants": [["inappetence", "fill", "fullness", "glut", "repleteness", "repletion", "satiation", "satiety", "satisfaction", "surfeit"]], "offensive": false}, "hwi": {"hw": "fast"}, "fl": "noun", "def": [{"sseq": [[["sense", {"dt": [["text", "as in {it}famine{/it}, {it}hunger strike{/it}"]], "sim_list": [[{"wd": "famine"}, {"wd": "hunger strike"}], [{"wd": "craving"}, {"wd": "sweet tooth"}], [{"wd": "gluttony"}, {"wd": "gourmandism"}, {"wd": "greed"}, {"wd": "hoggishness"}], [{"wd": "malnutrition"}, {"wd": "starvation"}, {"wd": "undernourishment"}], [{"wd": "rapaciousness"}, {"wd": "rapacity"}, {"wd": "ravenousness"}, {"wd": "voraciousness"}, {"wd": "voracity"}], [{"wd": "appetite"}, {"wd": "belly"}, {"wd": "emptiness"}, {"wd": "famishment"}, {"wd": "hunger"}, {"wd": "munchies"}, {"wd": "stomach"}]], "opp_list": [[{"wd": "inappetence"}], [{"wd": "fill"}, {"wd": "fullness"}, {"wd": "glut"}, {"wd": "repleteness"}, {"wd": "repletion"}, {"wd": "satiation"}, {"wd": "satiety"}, {"wd": "satisfaction"}, {"wd": "surfeit"}]]}]]]}], "shortdef": ["as in famine, hunger strike"]}, {"meta": {"id": "fast", "uuid": "cecf52e8-8c4d-4524-9638-0e726fa59299", "src": "CTcompile", "section": "alpha", "stems": ["fast"], "syns": [["diet"]], "ants": [["cram", "glut", "gorge", "sate", "stuff", "surfeit", "gobble", "gormandize", "pig out", "gulp", "guzzle"]], "offensive": false}, "hwi": {"hw": "fast"}, "fl": "verb", "def": [{"sseq": [[["sense", {"dt": [["text", "as in {it}diet{/it}"]], "sim_list": [[{"wd": "diet"}]], "opp_list": [[{"wd": "cram"}, {"wd": "glut"}, {"wd": "gorge"}, {"wd": "sate"}, {"wd": "stuff"}, {"wd": "surfeit"}], [{"wd": "gobble"}, {"wd": "gormandize"}, {"wd": "pig out"}], [{"wd": "gulp"}, {"wd": "guzzle"}]]}]]]}], "shortdef": ["as in diet"]}, {"meta": {"id": "fast-track", "uuid": "cbfbc25c-29b8-4799-8249-b98f19b2923a", "src": "coll_thes", "section": "alpha", "target": {"tuuid": "94e97c49-706c-468e-b0b6-d4cf03de0704", "tsrc": "collegiate"}, "stems": ["fast-track", "fast track", "fast-tracked", "fast-tracker", "fast-trackers", "fast-tracking", "fast-tracks"], "syns": [["accelerate", "bundle", "hasten", "hurry", "quicken", "rush", "speed (up)", "whisk"]], "ants": [["brake", "decelerate", "retard", "slow (down)"]], "offensive": false}, "hwi": {"hw": "fast-track"}, "fl": "verb", "def": [{"sseq": [[["sense", {"dt": [["text", "to cause to move or proceed fast or faster "], ["vis", [{"t": "we're going to {it}fast-track{/it} this project so that the product is in the stores for the holiday shopping season"}]]], "syn_list": [[{"wd": "accelerate"}, {"wd": "bundle"}, {"wd": "hasten"}, {"wd": "hurry"}, {"wd": "quicken"}, {"wd": "rush"}, {"wd": "speed (up)"}, {"wd": "whisk"}]], "rel_list": [[{"wd": "drive"}, {"wd": "goad"}, {"wd": "prod"}, {"wd": "propel"}, {"wd": "push"}, {"wd": "race"}, {"wd": "spur"}, {"wd": "stir"}, {"wd": "urge"}], [{"wd": "aid"}, {"wd": "dispatch"}, {"wd": "ease"}, {"wd": "encourage"}, {"wd": "expedite"}, {"wd": "facilitate"}]], "near_list": [[{"wd": "delay"}, {"wd": "encumber"}, {"wd": "fetter"}, {"wd": "hamper"}, {"wd": "hinder"}, {"wd": "hobble"}, {"wd": "hold back"}, {"wd": "hold up"}, {"wd": "impede"}, {"wd": "interfere (with)"}, {"wd": "manacle"}, {"wd": "rein (in)"}, {"wd": "restrain"}, {"wd": "shackle"}, {"wd": "tie up"}, {"wd": "trammel"}], [{"wd": "arrest"}, {"wd": "check"}, {"wd": "stall"}, {"wd": "stay"}, {"wd": "still"}, {"wd": "stop"}]], "ant_list": [[{"wd": "brake"}, {"wd": "decelerate"}, {"wd": "retard"}, {"wd": "slow (down)"}]]}]]]}], "shortdef": ["to cause to move or proceed fast or faster"]}, {"meta": {"id": "fast-forward", "uuid": "7f37fb1d-3e19-49d9-a7a3-6fa042a07355", "src": "CTcompile", "section": "alpha", "stems": ["fast-forward"], "syns": [["accelerate", "speed", "advance", "come", "come along", "do", "fare", "forge", "get along", "get on", "go", "go along", "go off", "march", "pace", "proceed", "progress", "approach", "near", "journey", "pass", "repair", "run", "travel", "wend", "actuate", "drive", "impel", "propel", "push", "take out"]], "ants": [["remain", "stand", "stay", "stop", "arrest", "balk", "block", "check", "detain", "halt", "hinder", "hold back", "impede", "nip", "obstruct", "slow (down or up)", "stem", "repress", "retard", "stunt", "suppress", "delay", "interrupt", "stall", "cramp", "hamper", "inhibit", "cease", "let up", "pause", "regress", "wait"]], "offensive": false}, "hwi": {"hw": "fast-forward"}, "fl": "verb", "def": [{"sseq": [[["sense", {"dt": [["text", "as in {it}accelerate{/it}, {it}speed{/it}"]], "sim_list": [[{"wd": "accelerate"}, {"wd": "speed"}], [{"wd": "advance"}, {"wd": "come"}, {"wd": "come along"}, {"wd": "do"}, {"wd": "fare"}, {"wd": "forge"}, {"wd": "get along"}, {"wd": "get on"}, {"wd": "go"}, {"wd": "go along"}, {"wd": "go off"}, {"wd": "march"}, {"wd": "pace"}, {"wd": "proceed"}, {"wd": "progress"}], [{"wd": "approach"}, {"wd": "near"}], [{"wd": "journey"}, {"wd": "pass"}, {"wd": "repair"}, {"wd": "run"}, {"wd": "travel"}, {"wd": "wend"}], [{"wd": "actuate"}, {"wd": "drive"}, {"wd": "impel"}, {"wd": "propel"}, {"wd": "push"}], [{"wd": "take out"}]], "opp_list": [[{"wd": "remain"}, {"wd": "stand"}, {"wd": "stay"}, {"wd": "stop"}], [{"wd": "arrest"}, {"wd": "balk"}, {"wd": "block"}, {"wd": "check"}, {"wd": "detain"}, {"wd": "halt"}, {"wd": "hinder"}, {"wd": "hold back"}, {"wd": "impede"}, {"wd": "nip"}, {"wd": "obstruct"}, {"wd": "slow (down or up)"}, {"wd": "stem"}], [{"wd": "repress"}, {"wd": "retard"}, {"wd": "stunt"}, {"wd": "suppress"}], [{"wd": "delay"}, {"wd": "interrupt"}, {"wd": "stall"}], [{"wd": "cramp"}, {"wd": "hamper"}, {"wd": "inhibit"}], [{"wd": "cease"}, {"wd": "let up"}, {"wd": "pause"}], [{"wd": "regress"}], [{"wd": "wait"}]]}]]]}], "shortdef": ["as in accelerate, speed"]}, {"meta": {"id": "fast-forwarded", "uuid": "e099843e-3327-49b4-bec6-88e534f9a872", "src": "CTcompile", "section": "alpha", "stems": ["fast-forwarded"], "syns": [["accelerated", "sped", "advanced", "came", "came along", "did", "fared", "forged", "got along", "got on", "marched", "paced", "proceeded", "progressed", "went", "went along", "went off", "approached", "neared", "journeyed", "passed", "ran", "repaired", "traveled", "wended", "actuated", "drove", "impelled", "propelled", "pushed", "took out"]], "ants": [["remained", "stayed", "stood", "stopped", "arrested", "balked", "blocked", "checked", "detained", "halted", "held back", "hindered", "impeded", "nipped", "obstructed", "slowed (down or up)", "stemmed", "repressed", "retarded", "stunted", "suppressed", "delayed", "interrupted", "stalled", "cramped", "hampered", "inhibited", "ceased", "let up", "paused", "regressed", "waited"]], "offensive": false}, "hwi": {"hw": "fast-forwarded"}, "fl": "verb", "sls": ["past tense of {d_link|fast-forward|fast-forward}"], "def": [{"sseq": [[["sense", {"dt": [["text", "as in {it}accelerated{/it}, {it}sped{/it}"]], "sim_list": [[{"wd": "accelerated"}, {"wd": "sped", "wvrs": [{"wvl": "or", "wva": "speeded"}]}], [{"wd": "advanced"}, {"wd": "came"}, {"wd": "came along"}, {"wd": "did"}, {"wd": "fared"}, {"wd": "forged"}, {"wd": "got along"}, {"wd": "got on"}, {"wd": "marched"}, {"wd": "paced"}, {"wd": "proceeded"}, {"wd": "progressed"}, {"wd": "went"}, {"wd": "went along"}, {"wd": "went off"}], [{"wd": "approached"}, {"wd": "neared"}], [{"wd": "journeyed"}, {"wd": "passed"}, {"wd": "ran", "wvrs": [{"wvl": "also chiefly dialectal", "wva": "run"}]}, {"wd": "repaired"}, {"wd": "traveled", "wvrs": [{"wvl": "or", "wva": "travelled"}]}, {"wd": "wended"}], [{"wd": "actuated"}, {"wd": "drove"}, {"wd": "impelled"}, {"wd": "propelled"}, {"wd": "pushed"}], [{"wd": "took out"}]], "opp_list": [[{"wd": "remained"}, {"wd": "stayed"}, {"wd": "stood"}, {"wd": "stopped"}], [{"wd": "arrested"}, {"wd": "balked"}, {"wd": "blocked"}, {"wd": "checked"}, {"wd": "detained"}, {"wd": "halted"}, {"wd": "held back"}, {"wd": "hindered"}, {"wd": "impeded"}, {"wd": "nipped"}, {"wd": "obstructed"}, {"wd": "slowed (down or up)"}, {"wd": "stemmed"}], [{"wd": "repressed"}, {"wd": "retarded"}, {"wd": "stunted"}, {"wd": "suppressed"}], [{"wd": "delayed"}, {"wd": "interrupted"}, {"wd": "stalled"}], [{"wd": "cramped"}, {"wd": "hampered"}, {"wd": "inhibited"}], [{"wd": "ceased"}, {"wd": "let up"}, {"wd": "paused"}], [{"wd": "regressed"}], [{"wd": "waited"}]]}]]]}], "shortdef": ["as in accelerated, sped"]}, {"meta": {"id": "fast-forwarding", "uuid": "80f8aa22-0e04-430e-ac82-986d2b50c2fb", "src": "CTcompile", "section": "alpha", "stems": ["fast-forwarding"], "syns": [["accelerating", "speeding", "advancing", "coming", "coming along", "doing", "faring", "forging", "getting along", "getting on", "going", "going along", "going off", "marching", "pacing", "proceeding", "progressing", "approaching", "nearing", "journeying", "passing", "repairing", "running", "traveling", "wending", "actuating", "driving", "impelling", "propelling", "pushing", "taking out"]], "ants": [["remaining", "standing", "staying", "stopping", "arresting", "balking", "blocking", "checking", "detaining", "halting", "hindering", "holding back", "impeding", "nipping", "obstructing", "slowing (down or up)", "stemming", "repressing", "retarding", "stunting", "suppressing", "delaying", "interrupting", "stalling", "cramping", "hampering", "inhibiting", "ceasing", "letting up", "pausing", "regressing", "waiting"]], "offensive": false}, "hwi": {"hw": "fast-forwarding"}, "fl": "verb", "sls": ["present participle of {d_link|fast-forward|fast-forward}"], "def": [{"sseq": [[["sense", {"dt": [["text", "as in {it}accelerating{/it}, {it}speeding{/it}"]], "sim_list": [[{"wd": "accelerating"}, {"wd": "speeding"}], [{"wd": "advancing"}, {"wd": "coming"}, {"wd": "coming along"}, {"wd": "doing"}, {"wd": "faring"}, {"wd": "forging"}, {"wd": "getting along"}, {"wd": "getting on"}, {"wd": "going"}, {"wd": "going along"}, {"wd": "going off"}, {"wd": "marching"}, {"wd": "pacing"}, {"wd": "proceeding"}, {"wd": "progressing"}], [{"wd": "approaching"}, {"wd": "nearing"}], [{"wd": "journeying"}, {"wd": "passing"}, {"wd": "repairing"}, {"wd": "running"}, {"wd": "traveling", "wvrs": [{"wvl": "or", "wva": "travelling"}]}, {"wd": "wending"}], [{"wd": "actuating"}, {"wd": "driving"}, {"wd": "impelling"}, {"wd": "propelling"}, {"wd": "pushing"}], [{"wd": "taking out"}]], "opp_list": [[{"wd": "remaining"}, {"wd": "standing"}, {"wd": "staying"}, {"wd": "stopping"}], [{"wd": "arresting"}, {"wd": "balking"}, {"wd": "blocking"}, {"wd": "checking"}, {"wd": "detaining"}, {"wd": "halting"}, {"wd": "hindering"}, {"wd": "holding back"}, {"wd": "impeding"}, {"wd": "nipping"}, {"wd": "obstructing"}, {"wd": "slowing (down or up)"}, {"wd": "stemming"}], [{"wd": "repressing"}, {"wd": "retarding"}, {"wd": "stunting"}, {"wd": "suppressing"}], [{"wd": "delaying"}, {"wd": "interrupting"}, {"wd": "stalling"}], [{"wd": "cramping"}, {"wd": "hampering"}, {"wd": "inhibiting"}], [{"wd": "ceasing"}, {"wd": "letting up"}, {"wd": "pausing"}], [{"wd": "regressing"}], [{"wd": "waiting"}]]}]]]}], "shortdef": ["as in accelerating, speeding"]}, {"meta": {"id": "fast-forwards", "uuid": "e9b84e00-671e-4dd6-9456-37ce12258545", "src": "CTcompile", "section": "alpha", "stems": ["fast-forwards"], "syns": [["accelerates", "speeds", "advances", "comes", "comes along", "does", "fares", "forges", "gets along", "gets on", "goes", "goes along", "goes off", "marches", "paces", "proceeds", "progresses", "approaches", "nears", "journeys", "passes", "repairs", "runs", "travels", "wends", "actuates", "drives", "impels", "propels", "pushes", "takes out"]], "ants": [["remains", "stands", "stays", "stops", "arrests", "balks", "blocks", "checks", "detains", "halts", "hinders", "holds back", "impedes", "nips", "obstructs", "slows (down or up)", "stems", "represses", "retards", "stunts", "suppresses", "delays", "interrupts", "stalls", "cramps", "hampers", "inhibits", "ceases", "lets up", "pauses", "regresses", "waits"]], "offensive": false}, "hwi": {"hw": "fast-forwards"}, "fl": "verb", "sls": ["present tense third-person singular of {d_link|fast-forward|fast-forward}"], "def": [{"sseq": [[["sense", {"dt": [["text", "as in {it}accelerates{/it}, {it}speeds{/it}"]], "sim_list": [[{"wd": "accelerates"}, {"wd": "speeds"}], [{"wd": "advances"}, {"wd": "comes"}, {"wd": "comes along"}, {"wd": "does"}, {"wd": "fares"}, {"wd": "forges"}, {"wd": "gets along"}, {"wd": "gets on"}, {"wd": "goes"}, {"wd": "goes along"}, {"wd": "goes off"}, {"wd": "marches"}, {"wd": "paces"}, {"wd": "proceeds"}, {"wd": "progresses"}], [{"wd": "approaches"}, {"wd": "nears"}], [{"wd": "journeys"}, {"wd": "passes"}, {"wd": "repairs"}, {"wd": "runs"}, {"wd": "travels"}, {"wd": "wends"}], [{"wd": "actuates"}, {"wd": "drives"}, {"wd": "impels"}, {"wd": "propels"}, {"wd": "pushes"}], [{"wd": "takes out"}]], "opp_list": [[{"wd": "remains"}, {"wd": "stands"}, {"wd": "stays"}, {"wd": "stops"}], [{"wd": "arrests"}, {"wd": "balks"}, {"wd": "blocks"}, {"wd": "checks"}, {"wd": "detains"}, {"wd": "halts"}, {"wd": "hinders"}, {"wd": "holds back"}, {"wd": "impedes"}, {"wd": "nips"}, {"wd": "obstructs"}, {"wd": "slows (down or up)"}, {"wd": "stems"}], [{"wd": "represses"}, {"wd": "retards"}, {"wd": "stunts"}, {"wd": "suppresses"}], [{"wd": "delays"}, {"wd": "interrupts"}, {"wd": "stalls"}], [{"wd": "cramps"}, {"wd": "hampers"}, {"wd": "inhibits"}], [{"wd": "ceases"}, {"wd": "lets up"}, {"wd": "pauses"}], [{"wd": "regresses"}], [{"wd": "waits"}]]}]]]}], "shortdef": ["as in accelerates, speeds"]}, {"meta": {"id": "fast-talk", "uuid": "f09b9c3e-0677-4ae7-a8df-6d42c39bc52c", "src": "CTcompile", "section": "alpha", "stems": ["fast-talk"], "syns": [["blandish", "blarney", "cajole", "coax", "entreat", "exhort", "urge", "wheedle", "argue", "bring", "bring around", "convert", "convince", "gain", "get", "induce", "move", "persuade", "prevail (on or upon)", "satisfy", "talk (into)", "win (over)", "allure", "beguile", "lead on", "lure", "seduce", "snow", "tempt", "brainwash", "overpersuade", "incline", "influence", "prompt", "sell", "sway", "attract", "draw", "entice", "interest", "chew over", "converse", "debate", "discuss", "dispute", "hash (over)", "moot", "reason (with)"], ["bamboozle", "betray", "bitch", "double-cross", "rope (in)", "deceive", "dupe", "fool", "gull", "trick", "exploit", "milk", "clip", "gouge", "nick", "overcharge", "soak", "extort", "wrench", "wrest", "wring", "beat", "bilk", "bleed", "cheat", "chisel", "chouse", "con", "cozen", "defraud", "diddle", "do", "do in", "euchre", "fiddle", "fleece", "flimflam", "gaff", "hose", "hustle", "mulct", "nobble", "pluck", "ream", "rip off", "rook", "screw", "shake down", "short", "shortchange", "skin", "skunk", "squeeze", "stick", "stiff", "sting", "sucker", "swindle", "thimblerig", "victimize"]], "ants": [["deter", "discourage", "dissuade", "unsell"]], "offensive": false}, "hwi": {"hw": "fast-talk"}, "fl": "verb", "def": [{"sseq": [[["sense", {"sn": "1", "dt": [["text", "as in {it}urge{/it}, {it}cajole{/it}"]], "sim_list": [[{"wd": "blandish"}, {"wd": "blarney"}, {"wd": "cajole"}, {"wd": "coax"}, {"wd": "entreat"}, {"wd": "exhort"}, {"wd": "urge"}, {"wd": "wheedle"}], [{"wd": "argue"}, {"wd": "bring"}, {"wd": "bring around"}, {"wd": "convert"}, {"wd": "convince"}, {"wd": "gain"}, {"wd": "get"}, {"wd": "induce"}, {"wd": "move"}, {"wd": "persuade"}, {"wd": "prevail (on or upon)"}, {"wd": "satisfy"}, {"wd": "talk (into)"}, {"wd": "win (over)"}], [{"wd": "allure"}, {"wd": "beguile"}, {"wd": "lead on"}, {"wd": "lure"}, {"wd": "seduce"}, {"wd": "snow"}, {"wd": "tempt"}], [{"wd": "brainwash"}, {"wd": "overpersuade"}], [{"wd": "incline"}, {"wd": "influence"}, {"wd": "prompt"}, {"wd": "sell"}, {"wd": "sway"}], [{"wd": "attract"}, {"wd": "draw"}, {"wd": "entice"}, {"wd": "interest"}], [{"wd": "chew over"}, {"wd": "converse"}, {"wd": "debate"}, {"wd": "discuss"}, {"wd": "dispute"}, {"wd": "hash (over)"}, {"wd": "moot"}], [{"wd": "reason (with)"}]], "opp_list": [[{"wd": "deter"}, {"wd": "discourage"}, {"wd": "dissuade"}, {"wd": "unsell"}]]}]], [["sense", {"sn": "2", "dt": [["text", "as in {it}bamboozle{/it}"]], "sim_list": [[{"wd": "bamboozle"}], [{"wd": "betray"}, {"wd": "bitch"}, {"wd": "double-cross"}], [{"wd": "rope (in)"}], [{"wd": "deceive"}, {"wd": "dupe"}, {"wd": "fool"}, {"wd": "gull"}, {"wd": "trick"}], [{"wd": "exploit"}, {"wd": "milk"}], [{"wd": "clip"}, {"wd": "gouge"}, {"wd": "nick"}, {"wd": "overcharge"}, {"wd": "soak"}], [{"wd": "extort"}, {"wd": "wrench"}, {"wd": "wrest"}, {"wd": "wring"}], [{"wd": "beat"}, {"wd": "bilk"}, {"wd": "bleed"}, {"wd": "cheat"}, {"wd": "chisel"}, {"wd": "chouse"}, {"wd": "con"}, {"wd": "cozen"}, {"wd": "defraud"}, {"wd": "diddle"}, {"wd": "do"}, {"wd": "do in"}, {"wd": "euchre"}, {"wd": "fiddle"}, {"wd": "fleece"}, {"wd": "flimflam"}, {"wd": "gaff"}, {"wd": "hose", "wsls": ["slang"]}, {"wd": "hustle"}, {"wd": "mulct"}, {"wd": "nobble", "wsls": ["British slang"]}, {"wd": "pluck"}, {"wd": "ream"}, {"wd": "rip off"}, {"wd": "rook"}, {"wd": "screw"}, {"wd": "shake down"}, {"wd": "short"}, {"wd": "shortchange"}, {"wd": "skin"}, {"wd": "skunk"}, {"wd": "squeeze"}, {"wd": "stick"}, {"wd": "stiff"}, {"wd": "sting"}, {"wd": "sucker"}, {"wd": "swindle"}, {"wd": "thimblerig"}, {"wd": "victimize"}]]}]]]}], "shortdef": ["as in urge, cajole", "as in bamboozle"]}]