[{"meta": {"id": "fast:1", "uuid": "18933a1a-b645-48c2-819e-2e134d051fca", "sort": "060483000", "src": "collegiate", "section": "alpha", "stems": ["fast", "faster", "fastest"], "offensive": false}, "hom": 1, "hwi": {"hw": "fast", "prs": [{"mw": "\u02c8fast", "sound": {"audio": "fast0001", "ref": "c", "stat": "1"}}]}, "fl": "adjective", "def": [{"sseq": [[["sense", {"sn": "1 a", "dt": [["text", "{bc}firmly fixed "], ["vis", [{"t": "roots {wi}fast{/wi} in the ground"}]]]}], ["sense", {"sn": "b", "dt": [["text", "{bc}tightly shut "], ["vis", [{"t": "the drawers were {wi}fast{/wi}"}]]]}], ["sense", {"sn": "c", "dt": [["text", "{bc}adhering firmly "], ["vis", [{"t": "The boards were {wi}fast{/wi} a few hours after being glued together."}]]]}], ["sense", {"sn": "d", "dt": [["text", "{bc}not easily freed {bc}{sx|stuck||} "], ["vis", [{"t": "a ball {wi}fast{/wi} in the mouth of the cannon"}]]]}], ["sense", {"sn": "e", "dt": [["text", "{bc}{sx|stable||} "], ["vis", [{"t": "movable items were made {wi}fast{/wi} to the deck"}]]]}]], [["sense", {"sn": "2", "dt": [["text", "{bc}firmly loyal "], ["vis", [{"t": "became {wi}fast{/wi} friends"}]]]}]], [["pseq", [["bs", {"sense": {"sn": "3 a", "dt": [["text", "{bc}characterized by quick motion, operation, or effect:"]]}}], ["sense", {"sn": "(1)", "dt": [["text", "{bc}moving or able to move rapidly {bc}{sx|swift||} "], ["vis", [{"t": "a {wi}fast{/wi} horse"}]]]}], ["sense", {"sn": "(2)", "dt": [["text", "{bc}taking a comparatively short time "], ["vis", [{"t": "a {wi}fast{/wi} race"}]]]}], ["sense", {"sn": "(3)", "dt": [["text", "{bc}imparting quickness of motion "], ["vis", [{"t": "a {wi}fast{/wi} bowler"}]]]}], ["sense", {"sn": "(4)", "dt": [["text", "{bc}accomplished quickly "], ["vis", [{"t": "{wi}fast{/wi} work"}]]]}], ["sense", {"sn": "(5)", "dt": [["text", "{bc}agile of mind"]], "sdsense": {"sd": "especially", "dt": [["text", "{bc}quick to learn "], ["vis", [{"t": "a class for {wi}fast{/wi} students"}]]]}}]]], ["sense", {"sn": "b", "dt": [["text", "{bc}conducive to rapidity of play or action "], ["vis", [{"t": "a {wi}fast{/wi} track"}]]]}], ["pseq", [["sense", {"sn": "c (1)", "sls": ["of a timepiece or weighing device"], "dt": [["text", "{bc}indicating in advance of what is correct "], ["vis", [{"t": "Your clock is two minutes {wi}fast{/wi}."}]]]}], ["sense", {"sn": "(2)", "dt": [["text", "{bc}according to or being daylight saving time"]]}]]], ["sense", {"sn": "d", "dt": [["text", "{bc}contributing to a shortening of exposure time "], ["vis", [{"t": "{wi}fast{/wi} film"}]]]}], ["sense", {"sn": "e", "dt": [["text", "{bc}acquired with unusually little effort and often by shady or dishonest methods "], ["vis", [{"t": "had a keen eye for a {wi}fast{/wi} buck", "aq": {"auth": "R. A. Keith"}}]]]}]], [["sense", {"sn": "4 a", "dt": [["text", "{bc}securely attached "], ["vis", [{"t": "a rope {wi}fast{/wi} to the wharf"}]]]}], ["sense", {"sn": "b", "dt": [["text", "{bc}{sx|tenacious||} "], ["vis", [{"t": "a {wi}fast{/wi} hold on her purse"}]]]}]], [["sense", {"sn": "5 a", "sls": ["archaic"], "dt": [["text", "{bc}sound asleep"]]}], ["sense", {"sn": "b", "sls": ["of sleep"], "dt": [["text", "{bc}not easily disturbed "], ["vis", [{"t": "fell into a {wi}fast{/wi} sleep"}]]]}]], [["sense", {"sn": "6", "dt": [["text", "{bc}not fading or changing color readily "], ["vis", [{"t": "{wi}fast{/wi} colors"}]]]}]], [["sense", {"sn": "7 a", "dt": [["text", "{bc}actively seeking excitement and pleasure {bc}{sx|wild||} "], ["vis", [{"t": "a pretty {wi}fast{/wi} crowd"}]]]}], ["sense", {"sn": "b", "dt": [["text", "{bc}sexually promiscuous"]]}]], [["sense", {"sn": "8", "dt": [["text", "{bc}resistant to change (as from destructive action or fading) "], ["vis", [{"t": "{wi}fast{/wi} dyes"}]], ["uns", [[["text", "often used in combination "], ["vis", [{"t": "sun{it}fast{/it}"}, {"t": "acid-{it}fast{/it} bacteria"}]]]]]]}]]]}], "syns": [{"pl": "synonyms", "pt": [["text", "{sc}fast{/sc} {sc}rapid{/sc} {sc}swift{/sc} {sc}fleet{/sc} {sc}quick{/sc} {sc}speedy{/sc} {sc}hasty{/sc} {sc}expeditious{/sc} mean moving, proceeding, or acting with celerity. {sc}fast{/sc} and {sc}rapid{/sc} are very close in meaning, but {sc}fast{/sc} applies particularly to the thing that moves "], ["vis", [{"t": "{it}fast{/it} horses"}]], ["text", " and {sc}rapid{/sc} to the movement itself. "], ["vis", [{"t": "{it}rapid{/it} current"}]], ["text", " {sc}swift{/sc} suggests great rapidity coupled with ease of movement. "], ["vis", [{"t": "returned the ball with one {it}swift{/it} stroke"}]], ["text", " {sc}fleet{/sc} adds the implication of lightness and nimbleness. "], ["vis", [{"t": "{it}fleet{/it} runners"}]], ["text", " {sc}quick{/sc} suggests promptness and the taking of little time. "], ["vis", [{"t": "a {it}quick{/it} wit"}]], ["text", " {sc}speedy{/sc} implies quickness of successful accomplishment "], ["vis", [{"t": "{it}speedy{/it} delivery of mail"}]], ["text", " and may also suggest unusual velocity. {sc}hasty{/sc} suggests hurry and precipitousness and often connotes carelessness. "], ["vis", [{"t": "a {it}hasty{/it} inspection"}]], ["text", " {sc}expeditious{/sc} suggests efficiency together with rapidity of accomplishment. "], ["vis", [{"t": "the {it}expeditious{/it} handling of an order"}]]]}], "et": [["text", "Middle English, from Old English {it}f\u00e6st{/it}; akin to Old High German {it}festi{/it} firm, Old Norse {it}fastr{/it}, Armenian {it}hast{/it}"]], "date": "before 12th century{ds||1|a|}", "shortdef": ["firmly fixed", "tightly shut", "adhering firmly"]}, {"meta": {"id": "fast:2", "uuid": "86cecf6a-baba-4147-a60a-a5b97a33f43e", "sort": "060484000", "src": "collegiate", "section": "alpha", "stems": ["fast", "faster", "fastest"], "offensive": false}, "hom": 2, "hwi": {"hw": "fast"}, "fl": "adverb", "def": [{"sseq": [[["sense", {"sn": "1", "dt": [["text", "{bc}in a firm or fixed manner "], ["vis", [{"t": "stuck {wi}fast{/wi}"}]]]}]], [["sense", {"sn": "2", "dt": [["text", "{bc}in a sound manner {bc}{sx|deeply||} "], ["vis", [{"t": "{wi}fast{/wi} asleep"}]]]}]], [["sense", {"sn": "3 a", "dt": [["text", "{bc}in a rapid manner {bc}{sx|quickly||}"]]}], ["sense", {"sn": "b", "dt": [["text", "{bc}in quick succession"]]}]], [["sense", {"sn": "4", "dt": [["text", "{bc}in a reckless or dissipated manner"]]}]], [["sense", {"sn": "5", "dt": [["text", "{bc}ahead of a correct time or schedule"]]}]], [["sense", {"sn": "6", "sls": ["archaic"], "dt": [["text", "{bc}{sx|close||}, {sx|near||}"]]}]]]}], "et": [["text", "{dx_ety}see {dxt|fast:1||}{/dx_ety}"]], "date": "before 12th century{ds||1||}", "shortdef": ["in a firm or fixed manner", "in a sound manner : deeply", "in a rapid manner : quickly"]}, {"meta": {"id": "fast:3", "uuid": "31240165-d53c-4473-a45f-ae6f3fa5bac3", "sort": "060485000", "src": "collegiate", "section": "alpha", "stems": ["fast", "fasted", "fasting", "fasts"], "offensive": false}, "hom": 3, "hwi": {"hw": "fast"}, "fl": "verb", "ins": [{"if": "fast*ed"}, {"if": "fast*ing"}, {"if": "fasts"}], "def": [{"vd": "intransitive verb", "sseq": [[["sense", {"sn": "1", "dt": [["text", "{bc}to abstain from food"]]}]], [["sense", {"sn": "2", "dt": [["text", "{bc}to eat sparingly or abstain from some foods"]]}]]]}], "et": [["text", "Middle English, from Old English {it}f\u00e6stan{/it}"]], "date": "before 12th century{ds||1||}", "shortdef": ["to abstain from food", "to eat sparingly or abstain from some foods"]}, {"meta": {"id": "fast:4", "uuid": "a2c4494c-b9e6-4f03-9f53-61b258bbc6f7", "sort": "060486000", "src": "collegiate", "section": "alpha", "stems": ["fast", "fasts"], "offensive": false}, "hom": 4, "hwi": {"hw": "fast"}, "fl": "noun", "def": [{"sseq": [[["sense", {"sn": "1", "dt": [["text", "{bc}the practice of {a_link|fasting}"]]}]], [["sense", {"sn": "2", "dt": [["text", "{bc}a time of fasting"]]}]]]}], "et": [["text", "{dx_ety}see {dxt|fast:3||}{/dx_ety}"]], "date": "before 12th century{ds||1||}", "shortdef": ["the practice of fasting", "a time of fasting"]}, {"meta": {"id": "fast:5", "uuid": "2ebe1dea-d41e-4f39-98e4-f43089bd40fd", "sort": "060487000", "src": "collegiate", "section": "alpha", "stems": ["fast", "fasts"], "offensive": false}, "hom": 5, "hwi": {"hw": "fast"}, "fl": "noun", "def": [{"sseq": [[["sense", {"dt": [["text", "{bc}something that {a_link|fastens} (such as a mooring line) or holds a {a_link|fastening}"]]}]]]}], "et": [["text", "alteration of Middle English {it}fest{/it}, from Old Norse {it}festr{/it} rope, mooring cable, from {it}fastr{/it} firm"]], "date": "15th century", "shortdef": ["something that fastens (such as a mooring line) or holds a fastening"]}, {"meta": {"id": "fast and loose", "uuid": "47b561af-5fd4-428d-ac95-8b456d4eae33", "sort": "060488000", "src": "collegiate", "section": "alpha", "stems": ["fast and loose"], "offensive": false}, "hwi": {"hw": "fast and loose"}, "fl": "adverb", "def": [{"sseq": [[["sense", {"sn": "1", "dt": [["text", "{bc}in a reckless or irresponsible manner "], ["vis", [{"t": "played {it}fast and loose{/it} with the public purse strings", "aq": {"auth": "Paul Stuewe"}}]]]}]], [["sense", {"sn": "2", "dt": [["text", "{bc}in a craftily deceitful way "], ["vis", [{"t": "manipulated evidence \u2026 and played {it}fast and loose{/it} with the truth", "aq": {"auth": "C. V. Woodward"}}]]]}]]]}], "date": "1580{ds||1||}", "shortdef": ["in a reckless or irresponsible manner", "in a craftily deceitful way"]}, {"meta": {"id": "fast break", "uuid": "13e95155-71de-4a4c-9a94-c786a76697b4", "sort": "060491000", "src": "collegiate", "section": "alpha", "stems": ["fast break", "fast breaks", "fast-break", "fast-breaking", "fast-breaks", "fast-broke", "fast-broken"], "offensive": false}, "hwi": {"hw": "fast break"}, "fl": "noun", "def": [{"sseq": [[["sense", {"dt": [["text", "{bc}a quick offensive drive toward a goal (as in basketball) in an attempt to score before the opponent's defense is set up"]]}]]]}], "uros": [{"ure": "fast-break", "prs": [{"mw": "\u02c8fas(t)-\u02ccbr\u0101k", "sound": {"audio": "fast-break_1", "ref": "owl", "stat": "1"}}], "fl": "intransitive verb"}], "date": "1938", "shortdef": ["a quick offensive drive toward a goal (as in basketball) in an attempt to score before the opponent's defense is set up"]}, {"meta": {"id": "fast-casual", "uuid": "dbc41855-d6ec-4a20-bc0e-6cda4e1e0d71", "sort": "060491500", "src": "collegiate", "section": "alpha", "stems": ["fast casual", "fast casuals", "fast-casual", "fast-casuals"], "offensive": false}, "hwi": {"hw": "fast-ca*su*al", "prs": [{"mw": "\u02c8fast-\u02c8kazh-w\u0259l", "sound": {"audio": "fast-casual", "ref": "owl", "stat": "1"}}, {"mw": "-\u02c8ka-zh\u0259-w\u0259l"}, {"mw": "-\u02c8ka-zh\u0259l"}]}, "vrs": [{"vl": "or less commonly", "va": "fast casual"}], "fl": "adjective", "def": [{"sseq": [[["sense", {"dt": [["text", "{bc}of, relating to, or being a restaurant that combines elements of {d_link|fast-food|fast-food} service (such as counter ordering) with other elements (such as made-to-order food) that are typical of a full-service restaurant "], ["vis", [{"t": "The {wi}fast-casual{/wi} restaurants typically offer fresh, hand-prepared burgers and fries in an atmosphere that might feature plush chairs and a fireplace but no kiddle playland.", "aq": {"auth": "Karen Robinson-Jacobs"}}, {"t": "Not content to merely upgrade their menus, some chains are looking at overhauling their entire concept to match the {wi}fast-casual{/wi} approach, whereby meals typically are prepared to order and there is limited table service.", "aq": {"auth": "Julie Tamaki"}}]]]}]]]}], "uros": [{"ure": "fast-casual", "vrs": [{"vl": "or", "va": "fast casual"}], "fl": "noun", "ins": [{"il": "plural", "if": "fast-ca*su*als"}, {"il": "or", "if": "fast casuals"}], "utxt": [["vis", [{"t": "\u2026 {wi}fast-casuals{/wi} became the darling of the last decade, driven in part by the effects of the Great Recession, skyrocketing rents and rising food costs.", "aq": {"auth": "Tim Carman"}}]]]}], "date": "1995", "shortdef": ["of, relating to, or being a restaurant that combines elements of fast-food service (such as counter ordering) with other elements (such as made-to-order food) that are typical of a full-service restaurant"]}, {"meta": {"id": "fast fashion", "uuid": "b8de901c-0e96-43f2-98e7-41baae44c2f0", "sort": "060493500", "src": "collegiate", "section": "alpha", "stems": ["fast fashion", "fast fashions"], "offensive": false}, "hwi": {"hw": "fast fashion"}, "fl": "noun", "def": [{"sseq": [[["sense", {"dt": [["text", "{bc}an approach to the design, creation, and marketing of clothing fashions that emphasizes making fashion trends quickly and cheaply available to consumers "], ["vis", [{"t": "For many shoppers, Primark has an irresistible offer: trendy clothes at astonishingly low prices. The result is a new and even faster kind of {wi}fast fashion{/wi}, which encourages consumers to buy heaps of items, discard them after a few wears and then come back for another batch of new outfits.", "aq": {"source": "{it}The Economist{/it}"}}, {"t": "Competition is fierce at every end of the fashion spectrum from luxury to {wi}fast fashion{/wi}.", "aq": {"auth": "Nedra Rhone"}}, {"t": "In 1985, we bought roughly 31 clothing items per year; now [in 2012] we snap up twice that many thanks to \"{wi}fast fashion{/wi}.\"", "aq": {"auth": "Azeen Ghorayshi"}}]], ["uns", [[["text", "usually hyphenated when used before another noun "], ["vis", [{"t": "{wi}fast-fashion{/wi} chains/retailers"}]]]]]]}]]]}], "date": "1977", "shortdef": ["an approach to the design, creation, and marketing of clothing fashions that emphasizes making fashion trends quickly and cheaply available to consumers \u2014usually hyphenated when used before another noun"]}, {"meta": {"id": "fast-food", "uuid": "ee30cb80-75c8-4f2c-b277-47b010e2a481", "sort": "060494000", "src": "collegiate", "section": "alpha", "stems": ["fast food", "fast-food"], "offensive": false}, "hwi": {"hw": "fast-food", "prs": [{"mw": "\u02c8fas(t)-\u02ccf\u00fcd", "sound": {"audio": "fast_f01", "ref": "c", "stat": "1"}}]}, "fl": "adjective", "def": [{"sseq": [[["sense", {"sn": "1", "dt": [["text", "{bc}of, relating to, or specializing in food that can be prepared and served quickly "], ["vis", [{"t": "a {wi}fast-food{/wi} restaurant"}]]]}]], [["sense", {"sn": "2", "dt": [["text", "{bc}designed for ready availability, use, or consumption and with little consideration given to quality or significance "], ["vis", [{"t": "{wi}fast-food{/wi} TV programming"}]]]}]]]}], "uros": [{"ure": "fast food", "fl": "noun"}], "date": "1951{ds||1||}", "shortdef": ["of, relating to, or specializing in food that can be prepared and served quickly", "designed for ready availability, use, or consumption and with little consideration given to quality or significance"]}]