[{"meta": {"id": "feel:1", "uuid": "53c17dba-0c00-4244-a04f-c16f1e2078fe", "sort": "060722000", "src": "collegiate", "section": "alpha", "stems": ["feel", "feel like", "feeling", "feeling like", "feels", "feels like", "felt", "felt like"], "offensive": false}, "hom": 1, "hwi": {"hw": "feel", "prs": [{"mw": "\u02c8f\u0113l", "sound": {"audio": "feel0001", "ref": "c", "stat": "1"}}]}, "fl": "verb", "ins": [{"if": "felt", "prs": [{"mw": "\u02c8felt", "sound": {"audio": "feel0002", "ref": "c", "stat": "1"}}]}, {"if": "feel*ing"}], "def": [{"vd": "transitive verb", "sseq": [[["sense", {"sn": "1 a", "dt": [["text", "{bc}to handle or touch in order to examine, test, or explore some quality "], ["vis", [{"t": "She {it}felt{/it} the fabric to see if it was wool."}]]]}], ["sense", {"sn": "b", "dt": [["text", "{bc}to perceive by a physical sensation coming from discrete end organs (as of the skin or muscles) "], ["vis", [{"t": "He {it}felt{/it} a sudden pain in his leg."}]]]}]], [["sense", {"sn": "2 a", "dt": [["text", "{bc}to undergo passive experience of "], ["vis", [{"t": "continually {it}felt{/it} the resentment of his competitors"}]]]}], ["sense", {"sn": "b", "dt": [["text", "{bc}to have one's sensibilities markedly affected by "], ["vis", [{"t": "{it}felt{/it} the insult deeply"}]]]}]], [["sense", {"sn": "3", "dt": [["text", "{bc}to ascertain by cautious trial "], ["uns", [[["text", "usually used with {it}out{/it} "], ["vis", [{"t": "{wi}feeling{/wi} out the sentiments of their neighbors on the subject of school improvements"}]]]]]]}]], [["sense", {"sn": "4 a", "dt": [["text", "{bc}to be aware of by instinct or inference "], ["vis", [{"t": "{wi}feel{/wi} trouble brewing"}]]]}], ["sense", {"sn": "b", "dt": [["text", "{bc}{sx|believe||}, {sx|think||} "], ["vis", [{"t": "say what you really {wi}feel{/wi}"}]]]}]], [["sense", {"sn": "5", "sls": ["US slang"], "dt": [["text", "{bc}to understand (someone) {bc}to know how (someone) feels "], ["vis", [{"t": "Yeah, I {wi}feel{/wi} you on that. I fall asleep every time I'm in the car as well.", "aq": {"auth": "Scott Sugarman"}}, {"t": "When you buckle your chinstrap up, it's with a purpose, dog! Do you {wi}feel{/wi} me?", "aq": {"auth": "Eric Berry"}}]]]}]]]}, {"vd": "intransitive verb", "sseq": [[["sense", {"sn": "1 a", "dt": [["text", "{bc}to receive or be able to receive a tactile sensation "], ["vis", [{"t": "lost the ability to {wi}feel{/wi} in his fingertips"}]]]}], ["sense", {"sn": "b", "dt": [["text", "{bc}to search for something by using the sense of touch "], ["vis", [{"t": "She {it}felt{/it} in her purse for her keys."}]]]}]], [["sense", {"sn": "2 a", "dt": [["text", "{bc}to be conscious of an inward impression, state of mind, or physical condition "], ["vis", [{"t": "I {wi}feel{/wi} sick."}]]]}], ["sense", {"sn": "b", "dt": [["text", "{bc}to have a marked sentiment or opinion "], ["vis", [{"t": "{wi}feels{/wi} strongly about it"}]]]}]], [["sense", {"sn": "3", "dt": [["text", "{bc}{sx|seem||} "], ["vis", [{"t": "it {wi}feels{/wi} like spring today"}]]]}]], [["sense", {"sn": "4", "dt": [["text", "{bc}to have sympathy or pity "], ["vis", [{"t": "I {wi}feel{/wi} for you"}]]]}]]]}], "dros": [{"drp": "feel like", "def": [{"sseq": [[["sense", {"dt": [["text", "{bc}to have an inclination for "], ["vis", [{"t": "{it}feel like{/it} a walk?"}]]]}]]]}]}], "et": [["text", "Middle English {it}felen{/it}, from Old English {it}f\u0113lan{/it}; akin to Old High German {it}fuolen{/it} to feel, Latin {it}palpare{/it} to caress"]], "date": "before 12th century{ds|t|1|a|}", "shortdef": ["to handle or touch in order to examine, test, or explore some quality", "to perceive by a physical sensation coming from discrete end organs (as of the skin or muscles)", "to undergo passive experience of"]}, {"meta": {"id": "feel:2", "uuid": "8a6dafbd-d683-4b5e-95fa-0b864d0a6a2d", "sort": "060723000", "src": "collegiate", "section": "alpha", "stems": ["feel", "feels"], "offensive": false}, "hom": 2, "hwi": {"hw": "feel"}, "fl": "noun", "def": [{"sseq": [[["sense", {"sn": "1", "dt": [["text", "{bc}{sx|sensation||}, {sx|feeling||}"]]}]], [["sense", {"sn": "2", "dt": [["text", "{bc}the sense of touch"]]}]], [["sense", {"sn": "3 a", "dt": [["text", "{bc}the quality of a thing as imparted through or as if through touch"]]}], ["sense", {"sn": "b", "dt": [["text", "{bc}typical or peculiar quality or atmosphere"]], "sdsense": {"sd": "also", "dt": [["text", "{bc}an awareness of such a quality or atmosphere"]]}}]], [["sense", {"sn": "4", "dt": [["text", "{bc}intuitive knowledge or ability"]]}]]]}], "et": [["text", "{dx_ety}see {dxt|feel:1||}{/dx_ety}"]], "date": "13th century{ds||1||}", "shortdef": ["sensation, feeling", "the sense of touch", "the quality of a thing as imparted through or as if through touch"]}, {"meta": {"id": "felt:3", "uuid": "7391c931-06ec-40ae-8556-5a08d4767dea", "sort": "060789000", "src": "collegiate", "section": "alpha", "stems": ["feel", "felt"], "offensive": false}, "hom": 3, "hwi": {"hw": "felt"}, "cxs": [{"cxl": "past tense and past participle of", "cxtis": [{"cxt": "feel"}]}], "shortdef": []}, {"meta": {"id": "feel-good", "uuid": "f737b26d-44b2-4ca6-917d-0c340d1db736", "sort": "060726000", "src": "collegiate", "section": "alpha", "stems": ["feel-good"], "offensive": false}, "hwi": {"hw": "feel-good", "prs": [{"mw": "\u02c8f\u0113l-\u02ccgu\u0307d", "sound": {"audio": "feel_g01", "ref": "c", "stat": "1"}}]}, "fl": "adjective", "def": [{"sseq": [[["sense", {"sn": "1", "dt": [["text", "{bc}relating to or promoting an often specious sense of satisfaction or well-being "], ["vis", [{"t": "a {wi}feel-good{/wi} reform program that makes no changes"}]]]}]], [["sense", {"sn": "2", "dt": [["text", "{bc}cheerfully sentimental "], ["vis", [{"t": "a {wi}feel-good{/wi} movie"}]]]}]]]}], "date": "1972{ds||2||}", "shortdef": ["relating to or promoting an often specious sense of satisfaction or well-being", "cheerfully sentimental"]}, {"meta": {"id": "feel up", "uuid": "ffa8e791-cd38-485a-81f9-15d5b0255e88", "sort": "060729000", "src": "collegiate", "section": "alpha", "stems": ["feel up", "feeling up", "feels up", "felt up"], "offensive": false}, "hwi": {"hw": "feel up"}, "fl": "verb", "ins": [{"if": "felt up"}, {"if": "feel*ing up"}, {"if": "feels up"}], "def": [{"vd": "transitive verb", "sseq": [[["sense", {"dt": [["text", "{bc}to touch or fondle (someone) for sexual pleasure"]]}]]]}], "date": "1930", "shortdef": ["to touch or fondle (someone) for sexual pleasure"]}, {"meta": {"id": "feel bad", "uuid": "33bb714f-c912-4a7d-bd88-ac4bbe9137d5", "sort": "3005876000", "src": "ld", "section": "idioms", "stems": ["feel bad"], "offensive": false}, "hwi": {"hw": "feel bad"}, "fl": "idiom", "def": [{"sseq": [[["sense", {"dt": [["text", "{bc}feel regret over something "], ["vis", [{"t": "I {it}feel bad{/it} about what happened."}]]]}]]]}], "shortdef": ["feel regret over something"]}, {"meta": {"id": "feel compelled", "uuid": "0a733e9e-b03b-420d-842b-8f0efd327063", "sort": "3005877000", "src": "ld", "section": "idioms", "stems": ["feel compelled"], "offensive": false}, "hwi": {"hw": "feel compelled"}, "fl": "idiom", "def": [{"sseq": [[["sense", {"dt": [["text", "{bc}to feel required (to do something) "], ["vis", [{"t": "I {it}felt compelled{/it} to leave."}]]]}]]]}], "shortdef": ["to feel required (to do something)"]}, {"meta": {"id": "feel constrained", "uuid": "3862b769-769c-405d-934e-46894f3e8a6e", "sort": "3005878000", "src": "ld", "section": "idioms", "stems": ["feel constrained"], "offensive": false}, "hwi": {"hw": "feel constrained"}, "fl": "idiom", "def": [{"sseq": [[["sense", {"dt": [["text", "{bc}to feel that one must do something "], ["vis", [{"t": "She {it}felt constrained{/it} to apologize for the harm she'd done."}]]]}]]]}], "shortdef": ["to feel that one must do something"]}, {"meta": {"id": "feel cruddy", "uuid": "2f017499-206c-400f-9c96-6c0192e4a320", "sort": "3005879000", "src": "ld", "section": "idioms", "stems": ["feel cruddy"], "offensive": false}, "hwi": {"hw": "feel cruddy"}, "fl": "idiom", "def": [{"sls": ["informal"], "sseq": [[["sense", {"dt": [["text", "{bc}to feel sick or unhappy "], ["vis", [{"t": "I {it}feel cruddy{/it} about what I said."}, {"t": "I {it}felt cruddy{/it} the day after the party."}]]]}]]]}], "shortdef": ["to feel sick or unhappy"]}, {"meta": {"id": "feel crummy", "uuid": "aae7713d-c071-4273-afc4-03076e578dbd", "sort": "3005880000", "src": "ld", "section": "idioms", "stems": ["feel crummy"], "offensive": false}, "hwi": {"hw": "feel crummy"}, "fl": "idiom", "def": [{"sls": ["informal", "chiefly US"], "sseq": [[["sense", {"dt": [["text", "{bc}to feel sick or unhappy "], ["vis", [{"t": "I {it}felt crummy{/it} all day yesterday."}, {"t": "I {it}feel crummy{/it} about the way I treated her."}]]]}]]]}], "shortdef": ["to feel sick or unhappy"]}]