[{"meta": {"id": "first", "uuid": "cb8c2295-b6a5-413b-9a6d-a531e6a12f64", "src": "coll_thes", "section": "alpha", "target": {"tuuid": "714ebf4a-2e58-412c-bee4-8cc835368627", "tsrc": "collegiate"}, "stems": ["first"], "syns": [["earliest", "foremost", "headmost", "inaugural", "initial", "leadoff", "maiden", "original", "pioneer", "premier", "virgin"], ["arch", "big", "capital", "cardinal", "central", "chief", "dominant", "foremost", "grand", "great", "greatest", "highest", "key", "leading", "main", "master", "number one", "numero uno", "overbearing", "overmastering", "overriding", "paramount", "predominant", "preeminent", "premier", "primal", "primary", "principal", "prior", "sovereign", "supreme"], ["chief", "commanding", "foremost", "head", "high", "lead", "leading", "preeminent", "premier", "presiding", "primary", "prime", "principal", "supereminent", "supreme", "top"]], "ants": [["final", "last", "latest", "latter", "terminal", "terminating", "ultimate"], ["last", "least"]], "offensive": false}, "hwi": {"hw": "first"}, "fl": "adjective", "def": [{"sseq": [[["sense", {"sn": "1", "dt": [["text", "coming before all others in time or order "], ["vis", [{"t": "the much-studied {it}first{/it}\u2014and last\u2014voyage of the {it}Titanic{/it}"}]]], "syn_list": [[{"wd": "earliest"}, {"wd": "foremost"}, {"wd": "headmost"}, {"wd": "inaugural"}, {"wd": "initial"}, {"wd": "leadoff"}, {"wd": "maiden"}, {"wd": "original"}, {"wd": "pioneer"}, {"wd": "premier"}, {"wd": "virgin"}]], "rel_list": [[{"wd": "ancient"}, {"wd": "early"}, {"wd": "primal"}, {"wd": "primary"}, {"wd": "prime"}, {"wd": "primeval"}, {"wd": "primitive"}, {"wd": "primordial"}], [{"wd": "antecedent"}, {"wd": "preceding"}, {"wd": "previous"}]], "near_list": [[{"wd": "advanced"}, {"wd": "late"}], [{"wd": "consequent"}, {"wd": "ensuing"}, {"wd": "following"}, {"wd": "subsequent"}, {"wd": "succeeding"}], [{"wd": "penultimate"}]], "ant_list": [[{"wd": "final"}, {"wd": "last"}, {"wd": "latest"}, {"wd": "latter"}, {"wd": "terminal"}, {"wd": "terminating"}, {"wd": "ultimate"}]]}]], [["sense", {"sn": "2", "dt": [["text", "coming before all others in importance "], ["vis", [{"t": "there are a number of reasons we can't go, but the {it}first{/it} is that we don't have the money"}]]], "syn_list": [[{"wd": "arch"}, {"wd": "big"}, {"wd": "capital"}, {"wd": "cardinal"}, {"wd": "central"}, {"wd": "chief"}, {"wd": "dominant"}, {"wd": "foremost"}, {"wd": "grand"}, {"wd": "great"}, {"wd": "greatest"}, {"wd": "highest"}, {"wd": "key"}, {"wd": "leading"}, {"wd": "main"}, {"wd": "master"}, {"wd": "number one", "wvrs": [{"wvl": "also", "wva": "No. 1"}]}, {"wd": "numero uno"}, {"wd": "overbearing"}, {"wd": "overmastering"}, {"wd": "overriding"}, {"wd": "paramount"}, {"wd": "predominant"}, {"wd": "preeminent"}, {"wd": "premier"}, {"wd": "primal"}, {"wd": "primary"}, {"wd": "principal"}, {"wd": "prior"}, {"wd": "sovereign", "wvrs": [{"wvl": "also", "wva": "sovran"}]}, {"wd": "supreme"}]], "rel_list": [[{"wd": "distinguished"}, {"wd": "eminent"}, {"wd": "illustrious"}, {"wd": "noble"}, {"wd": "notable"}, {"wd": "noteworthy"}, {"wd": "outstanding"}, {"wd": "prestigious"}, {"wd": "signal"}, {"wd": "star"}, {"wd": "stellar"}, {"wd": "superior"}], [{"wd": "high-level"}, {"wd": "senior"}, {"wd": "top"}], [{"wd": "important"}, {"wd": "influential"}, {"wd": "major"}, {"wd": "mighty"}, {"wd": "momentous"}, {"wd": "significant"}], [{"wd": "incomparable"}, {"wd": "matchless"}, {"wd": "unequaled", "wvrs": [{"wvl": "or", "wva": "unequalled"}]}, {"wd": "unparalleled"}, {"wd": "unsurpassed"}], [{"wd": "celebrated"}, {"wd": "famed"}, {"wd": "famous"}, {"wd": "renowned"}]], "near_list": [[{"wd": "inconsequential"}, {"wd": "inconsiderable"}, {"wd": "insignificant"}, {"wd": "minor"}, {"wd": "negligible"}, {"wd": "slight"}, {"wd": "trifling"}, {"wd": "trivial"}, {"wd": "unimportant"}], [{"wd": "collateral"}, {"wd": "inferior"}, {"wd": "secondary"}, {"wd": "subordinate"}, {"wd": "subsidiary"}]], "ant_list": [[{"wd": "last"}, {"wd": "least"}]]}]], [["sense", {"sn": "3", "dt": [["text", "highest in rank or authority "], ["vis", [{"t": "auditioned and got {it}first{/it} clarinet in the band"}]]], "syn_list": [[{"wd": "chief"}, {"wd": "commanding"}, {"wd": "foremost"}, {"wd": "head"}, {"wd": "high"}, {"wd": "lead"}, {"wd": "leading"}, {"wd": "preeminent"}, {"wd": "premier"}, {"wd": "presiding"}, {"wd": "primary"}, {"wd": "prime"}, {"wd": "principal"}, {"wd": "supereminent"}, {"wd": "supreme"}, {"wd": "top"}]], "rel_list": [[{"wd": "high-level"}, {"wd": "senior"}], [{"wd": "controlling"}, {"wd": "directing"}, {"wd": "managing"}, {"wd": "officiating"}, {"wd": "overseeing"}, {"wd": "regnant"}, {"wd": "reigning"}, {"wd": "ruling"}, {"wd": "supervisory"}], [{"wd": "main"}, {"wd": "major"}, {"wd": "paramount"}, {"wd": "predominant"}, {"wd": "predominate"}, {"wd": "sovereign", "wvrs": [{"wvl": "also", "wva": "sovran"}]}], [{"wd": "ascendant", "wvrs": [{"wvl": "also", "wva": "ascendent"}]}, {"wd": "dominant"}, {"wd": "grand"}, {"wd": "superior"}, {"wd": "topmost"}, {"wd": "upmost"}, {"wd": "upper"}, {"wd": "uppermost"}]], "phrase_list": [[{"wd": "in charge"}]], "near_list": [[{"wd": "ancillary"}, {"wd": "inferior"}, {"wd": "last"}, {"wd": "less"}, {"wd": "lesser"}, {"wd": "lower"}, {"wd": "lowly"}, {"wd": "second"}, {"wd": "secondary"}, {"wd": "subordinate"}, {"wd": "subsidiary"}], [{"wd": "assistant"}, {"wd": "assisting"}, {"wd": "coadjutor"}, {"wd": "deputy"}, {"wd": "junior"}, {"wd": "under"}]]}]]]}], "shortdef": ["coming before all others in time or order", "coming before all others in importance", "highest in rank or authority"]}, {"meta": {"id": "first", "uuid": "bc681d86-aa00-4e11-9939-7769bbbc8fa2", "src": "coll_thes", "section": "alpha", "target": {"tuuid": "6df83efb-9985-4963-bbdd-42f8cb1311be", "tsrc": "collegiate"}, "stems": ["first"], "syns": [["instead", "rather"], ["fain", "preferably", "rather", "readily", "soon", "willingly"]], "ants": [["involuntarily", "unwillingly"]], "offensive": false}, "hwi": {"hw": "first"}, "fl": "adverb", "def": [{"sseq": [[["sense", {"sn": "1", "dt": [["text", "as a substitute "], ["vis", [{"t": "eat peas? I'd eat cockroaches {it}first{/it}"}]]], "syn_list": [[{"wd": "instead"}, {"wd": "rather"}]], "rel_list": [[{"wd": "alternately"}, {"wd": "alternatively"}]], "phrase_list": [[{"wd": "in lieu"}]]}]], [["sense", {"sn": "2", "dt": [["text", "by choice or preference "], ["vis", [{"t": "we will not give in, but will fight for our freedom {it}first{/it}"}]]], "syn_list": [[{"wd": "fain"}, {"wd": "preferably"}, {"wd": "rather"}, {"wd": "readily"}, {"wd": "soon"}, {"wd": "willingly"}]], "rel_list": [[{"wd": "alternately"}, {"wd": "alternatively"}, {"wd": "either"}, {"wd": "instead"}], [{"wd": "electively"}, {"wd": "optionally"}], [{"wd": "desirably"}, {"wd": "gladly"}, {"wd": "wishfully"}], [{"wd": "obligingly"}, {"wd": "voluntarily"}]], "near_list": [[{"wd": "reluctantly"}], [{"wd": "forcibly"}, {"wd": "willy-nilly"}]], "ant_list": [[{"wd": "involuntarily"}, {"wd": "unwillingly"}]]}]]]}], "shortdef": ["as a substitute", "by choice or preference"]}, {"meta": {"id": "first-class", "uuid": "156b0deb-9d83-4d04-8943-e24139752dc0", "src": "coll_thes", "section": "alpha", "target": {"tuuid": "2d4cb02e-82ab-452e-9496-b8c89990b07a", "tsrc": "collegiate"}, "stems": ["first-class"], "syns": [["A-OK", "A1", "awesome", "bang-up", "banner", "beautiful", "blue-chip", "blue-ribbon", "boffo", "bonny", "boss", "brag", "brave", "bully", "bumper", "capital", "choice", "classic", "cool", "corking", "crackerjack", "cracking", "dandy", "divine", "dope", "down", "dynamite", "excellent", "fab", "fabulous", "famous", "fantabulous", "fantastic", "fine", "first-rate", "first-string", "five-star", "four-star", "frontline", "gangbusters", "gilt-edged", "gone", "grand", "great", "groovy", "heavenly", "high-class", "hot", "hype", "immense", "jim-dandy", "keen", "lovely", "marvelous", "mean", "neat", "nifty", "noble", "number one", "numero uno", "out-of-sight", "par excellence", "peachy", "peachy keen", "phat", "prime", "primo", "prize", "prizewinning", "quality", "radical", "righteous", "sensational", "slick", "splendid", "stellar", "sterling", "superb", "superior", "superlative", "supernal", "swell", "terrific", "tip-top", "top", "top-notch", "top-of-the-line", "top-shelf", "topflight", "topping", "unsurpassed", "wizard", "wonderful"]], "ants": [["atrocious", "awful", "execrable", "lousy", "pathetic", "poor", "rotten", "terrible", "vile", "wretched"]], "offensive": false}, "hwi": {"hw": "first-class"}, "fl": "adjective", "def": [{"sseq": [[["sense", {"dt": [["text", "of the very best kind "], ["vis", [{"t": "a {it}first-class{/it} production of a classic American musical"}]]], "syn_list": [[{"wd": "A-OK"}, {"wd": "A1"}, {"wd": "awesome"}, {"wd": "bang-up"}, {"wd": "banner"}, {"wd": "beautiful"}, {"wd": "blue-chip"}, {"wd": "blue-ribbon"}, {"wd": "boffo"}, {"wd": "bonny", "wvrs": [{"wvl": "also", "wva": "bonnie"}], "wsls": ["chiefly British"]}, {"wd": "boss", "wsls": ["slang"]}, {"wd": "brag"}, {"wd": "brave"}, {"wd": "bully"}, {"wd": "bumper"}, {"wd": "capital"}, {"wd": "choice"}, {"wd": "classic"}, {"wd": "cool", "wsls": ["slang"]}, {"wd": "corking"}, {"wd": "crackerjack"}, {"wd": "cracking"}, {"wd": "dandy"}, {"wd": "divine"}, {"wd": "dope", "wsls": ["slang"]}, {"wd": "down", "wsls": ["slang"]}, {"wd": "dynamite"}, {"wd": "excellent"}, {"wd": "fab"}, {"wd": "fabulous"}, {"wd": "famous"}, {"wd": "fantabulous", "wsls": ["slang"]}, {"wd": "fantastic"}, {"wd": "fine"}, {"wd": "first-rate"}, {"wd": "first-string"}, {"wd": "five-star"}, {"wd": "four-star"}, {"wd": "frontline"}, {"wd": "gangbusters", "wvrs": [{"wvl": "also", "wva": "gangbuster"}]}, {"wd": "gilt-edged", "wvrs": [{"wvl": "or", "wva": "gilt-edge"}]}, {"wd": "gone", "wsls": ["slang"]}, {"wd": "grand"}, {"wd": "great"}, {"wd": "groovy"}, {"wd": "heavenly"}, {"wd": "high-class"}, {"wd": "hot"}, {"wd": "hype", "wsls": ["slang"]}, {"wd": "immense"}, {"wd": "jim-dandy"}, {"wd": "keen"}, {"wd": "lovely"}, {"wd": "marvelous", "wvrs": [{"wvl": "or", "wva": "marvellous"}]}, {"wd": "mean"}, {"wd": "neat"}, {"wd": "nifty"}, {"wd": "noble"}, {"wd": "number one", "wvrs": [{"wvl": "also", "wva": "No. 1"}]}, {"wd": "numero uno"}, {"wd": "out-of-sight", "wsls": ["slang"]}, {"wd": "par excellence"}, {"wd": "peachy"}, {"wd": "peachy keen"}, {"wd": "phat", "wsls": ["slang"]}, {"wd": "prime"}, {"wd": "primo", "wsls": ["slang"]}, {"wd": "prize"}, {"wd": "prizewinning"}, {"wd": "quality"}, {"wd": "radical", "wsls": ["slang"]}, {"wd": "righteous", "wsls": ["slang"]}, {"wd": "sensational"}, {"wd": "slick"}, {"wd": "splendid"}, {"wd": "stellar"}, {"wd": "sterling"}, {"wd": "superb"}, {"wd": "superior"}, {"wd": "superlative"}, {"wd": "supernal"}, {"wd": "swell"}, {"wd": "terrific"}, {"wd": "tip-top"}, {"wd": "top"}, {"wd": "top-notch"}, {"wd": "top-of-the-line"}, {"wd": "top-shelf"}, {"wd": "topflight"}, {"wd": "topping", "wsls": ["chiefly British"]}, {"wd": "unsurpassed"}, {"wd": "wizard", "wsls": ["chiefly British"]}, {"wd": "wonderful"}]], "rel_list": [[{"wd": "acceptable"}, {"wd": "adequate"}, {"wd": "all right"}, {"wd": "decent"}, {"wd": "good"}, {"wd": "OK", "wvrs": [{"wvl": "or", "wva": "okay"}]}, {"wd": "passable"}, {"wd": "satisfactory"}, {"wd": "tolerable"}], [{"wd": "better"}, {"wd": "exceptional"}, {"wd": "fancy"}, {"wd": "high-grade"}, {"wd": "high-test"}, {"wd": "premium"}, {"wd": "select"}, {"wd": "special"}, {"wd": "superfine"}], [{"wd": "classical"}, {"wd": "standard"}, {"wd": "traditional"}]], "phrase_list": [[{"wd": "out of this world"}, {"wd": "too much"}]], "near_list": [[{"wd": "bad"}, {"wd": "inferior"}, {"wd": "low-grade"}, {"wd": "substandard"}, {"wd": "unsatisfactory"}], [{"wd": "mediocre"}, {"wd": "middling"}, {"wd": "second-class"}, {"wd": "second-rate"}]], "ant_list": [[{"wd": "atrocious"}, {"wd": "awful"}, {"wd": "execrable"}, {"wd": "lousy"}, {"wd": "pathetic"}, {"wd": "poor"}, {"wd": "rotten"}, {"wd": "terrible"}, {"wd": "vile"}, {"wd": "wretched"}]]}]]]}], "shortdef": ["of the very best kind"]}, {"meta": {"id": "first estate", "uuid": "8a04edff-a06a-439b-8844-39db1083ec68", "src": "coll_thes", "section": "alpha", "target": {"tuuid": "af68fa08-d5d0-47f5-8535-7f38904d4a8e", "tsrc": "collegiate"}, "stems": ["first estate"], "syns": [["church", "clergy", "cloth", "ministry", "spirituality", "spiritualty"]], "ants": [["laity"]], "offensive": false}, "hwi": {"hw": "first estate"}, "fl": "noun", "def": [{"sseq": [[["sense", {"dt": [["text", "the group ordained to perform clerical functions in the Christian church "], ["vis", [{"t": "a nation in which the {it}first estate{/it} had long held a privileged position"}]]], "syn_list": [[{"wd": "church"}, {"wd": "clergy"}, {"wd": "cloth"}, {"wd": "ministry"}, {"wd": "spirituality"}, {"wd": "spiritualty"}]], "rel_list": [[{"wd": "diaconate"}, {"wd": "episcopate"}, {"wd": "hierarchy"}, {"wd": "presbytery"}], [{"wd": "clerkship"}, {"wd": "monkhood"}, {"wd": "priesthood"}]], "ant_list": [[{"wd": "laity"}]]}]]]}], "shortdef": ["the group ordained to perform clerical functions in the Christian church"]}, {"meta": {"id": "first-line", "uuid": "82f5e37b-36f5-43c5-880d-ff4ed283fc2a", "src": "coll_thes", "section": "alpha", "target": {"tuuid": "2d2a7943-0906-4bb9-ae72-f9716957d733", "tsrc": "collegiate"}, "stems": ["first-line"], "syns": [["cherry-picked", "choice", "chosen", "elect", "favored", "favorite", "handpicked", "picked", "preferred", "select", "selected"]], "ants": [], "offensive": false}, "hwi": {"hw": "first-line"}, "fl": "adjective", "def": [{"sseq": [[["sense", {"dt": [["text", "singled out from a number or group as more to one's liking "], ["vis", [{"t": "surgery is usually not considered a {it}first-line{/it} treatment for this type of cancer"}]]], "syn_list": [[{"wd": "cherry-picked"}, {"wd": "choice"}, {"wd": "chosen"}, {"wd": "elect"}, {"wd": "favored"}, {"wd": "favorite"}, {"wd": "handpicked"}, {"wd": "picked"}, {"wd": "preferred"}, {"wd": "select"}, {"wd": "selected"}]], "rel_list": [[{"wd": "fashionable"}], [{"wd": "exclusive"}], [{"wd": "culled"}, {"wd": "picked over"}, {"wd": "screened"}, {"wd": "weeded (out)"}, {"wd": "winnowed (out)"}]], "phrase_list": [[{"wd": "of choice"}]], "near_list": [[{"wd": "average"}, {"wd": "common"}, {"wd": "commonplace"}, {"wd": "ordinary"}, {"wd": "run-of-the-mill"}]]}]]]}], "shortdef": ["singled out from a number or group as more to one's liking"]}, {"meta": {"id": "first name", "uuid": "d29086ba-728e-4af0-a241-97984787265a", "src": "coll_thes", "section": "alpha", "target": {"tuuid": "cc11a7a7-6d90-4ad0-ab2b-452e14148c38", "tsrc": "collegiate"}, "stems": ["first name", "first names"], "syns": [["Christian name", "forename", "given name", "prename"]], "ants": [], "offensive": false}, "hwi": {"hw": "first name"}, "fl": "noun", "def": [{"sseq": [[["sense", {"dt": [["text", "a name that is placed before one's family name "], ["vis", [{"t": "the parents still haven't picked a {it}first name{/it} for the baby"}]]], "syn_list": [[{"wd": "Christian name"}, {"wd": "forename"}, {"wd": "given name"}, {"wd": "prename"}]], "rel_list": [[{"wd": "appellation"}, {"wd": "denomination"}, {"wd": "designation"}], [{"wd": "cognomen"}, {"wd": "denotation"}, {"wd": "epithet"}, {"wd": "handle"}, {"wd": "nickname"}, {"wd": "sobriquet", "wvrs": [{"wvl": "also", "wva": "soubriquet"}]}, {"wd": "title"}], [{"wd": "alias"}, {"wd": "nom de plume"}, {"wd": "pen name"}, {"wd": "pseudonym"}], [{"wd": "baptismal name"}]]}]]]}], "shortdef": ["a name that is placed before one's family name"]}, {"meta": {"id": "first-rate", "uuid": "436d3b02-3c16-417f-9497-dca1a04c63aa", "src": "coll_thes", "section": "alpha", "target": {"tuuid": "868e36c5-06b8-4686-a28b-15a13ba134c9", "tsrc": "collegiate"}, "stems": ["first-rate", "first-rateness", "first-ratenesses", "first-rater", "first-raters"], "syns": [["A-OK", "A1", "awesome", "bang-up", "banner", "beautiful", "blue-chip", "blue-ribbon", "boffo", "bonny", "boss", "brag", "brave", "bully", "bumper", "capital", "choice", "classic", "cool", "corking", "crackerjack", "cracking", "dandy", "divine", "dope", "down", "dynamite", "excellent", "fab", "fabulous", "famous", "fantabulous", "fantastic", "fine", "first-class", "first-string", "five-star", "four-star", "frontline", "gangbusters", "gilt-edged", "gone", "grand", "great", "groovy", "heavenly", "high-class", "hot", "hype", "immense", "jim-dandy", "keen", "lovely", "marvelous", "mean", "neat", "nifty", "noble", "number one", "numero uno", "out-of-sight", "par excellence", "peachy", "peachy keen", "phat", "prime", "primo", "prize", "prizewinning", "quality", "radical", "righteous", "sensational", "slick", "splendid", "stellar", "sterling", "superb", "superior", "superlative", "supernal", "swell", "terrific", "tip-top", "top", "top-notch", "top-of-the-line", "top-shelf", "topflight", "topping", "unsurpassed", "wizard", "wonderful"]], "ants": [["atrocious", "awful", "execrable", "lousy", "pathetic", "poor", "rotten", "terrible", "vile", "wretched"]], "offensive": false}, "hwi": {"hw": "first-rate"}, "fl": "adjective", "def": [{"sseq": [[["sense", {"dt": [["text", "of the very best kind "], ["vis", [{"t": "wanted a {it}first-rate{/it} bike and not the cheap model she had been using"}]]], "syn_list": [[{"wd": "A-OK"}, {"wd": "A1"}, {"wd": "awesome"}, {"wd": "bang-up"}, {"wd": "banner"}, {"wd": "beautiful"}, {"wd": "blue-chip"}, {"wd": "blue-ribbon"}, {"wd": "boffo"}, {"wd": "bonny", "wvrs": [{"wvl": "also", "wva": "bonnie"}], "wsls": ["chiefly British"]}, {"wd": "boss", "wsls": ["slang"]}, {"wd": "brag"}, {"wd": "brave"}, {"wd": "bully"}, {"wd": "bumper"}, {"wd": "capital"}, {"wd": "choice"}, {"wd": "classic"}, {"wd": "cool", "wsls": ["slang"]}, {"wd": "corking"}, {"wd": "crackerjack"}, {"wd": "cracking"}, {"wd": "dandy"}, {"wd": "divine"}, {"wd": "dope", "wsls": ["slang"]}, {"wd": "down", "wsls": ["slang"]}, {"wd": "dynamite"}, {"wd": "excellent"}, {"wd": "fab"}, {"wd": "fabulous"}, {"wd": "famous"}, {"wd": "fantabulous", "wsls": ["slang"]}, {"wd": "fantastic"}, {"wd": "fine"}, {"wd": "first-class"}, {"wd": "first-string"}, {"wd": "five-star"}, {"wd": "four-star"}, {"wd": "frontline"}, {"wd": "gangbusters", "wvrs": [{"wvl": "also", "wva": "gangbuster"}]}, {"wd": "gilt-edged", "wvrs": [{"wvl": "or", "wva": "gilt-edge"}]}, {"wd": "gone", "wsls": ["slang"]}, {"wd": "grand"}, {"wd": "great"}, {"wd": "groovy"}, {"wd": "heavenly"}, {"wd": "high-class"}, {"wd": "hot"}, {"wd": "hype", "wsls": ["slang"]}, {"wd": "immense"}, {"wd": "jim-dandy"}, {"wd": "keen"}, {"wd": "lovely"}, {"wd": "marvelous", "wvrs": [{"wvl": "or", "wva": "marvellous"}]}, {"wd": "mean"}, {"wd": "neat"}, {"wd": "nifty"}, {"wd": "noble"}, {"wd": "number one", "wvrs": [{"wvl": "also", "wva": "No. 1"}]}, {"wd": "numero uno"}, {"wd": "out-of-sight", "wsls": ["slang"]}, {"wd": "par excellence"}, {"wd": "peachy"}, {"wd": "peachy keen"}, {"wd": "phat", "wsls": ["slang"]}, {"wd": "prime"}, {"wd": "primo", "wsls": ["slang"]}, {"wd": "prize"}, {"wd": "prizewinning"}, {"wd": "quality"}, {"wd": "radical", "wsls": ["slang"]}, {"wd": "righteous", "wsls": ["slang"]}, {"wd": "sensational"}, {"wd": "slick"}, {"wd": "splendid"}, {"wd": "stellar"}, {"wd": "sterling"}, {"wd": "superb"}, {"wd": "superior"}, {"wd": "superlative"}, {"wd": "supernal"}, {"wd": "swell"}, {"wd": "terrific"}, {"wd": "tip-top"}, {"wd": "top"}, {"wd": "top-notch"}, {"wd": "top-of-the-line"}, {"wd": "top-shelf"}, {"wd": "topflight"}, {"wd": "topping", "wsls": ["chiefly British"]}, {"wd": "unsurpassed"}, {"wd": "wizard", "wsls": ["chiefly British"]}, {"wd": "wonderful"}]], "rel_list": [[{"wd": "acceptable"}, {"wd": "adequate"}, {"wd": "all right"}, {"wd": "decent"}, {"wd": "good"}, {"wd": "OK", "wvrs": [{"wvl": "or", "wva": "okay"}]}, {"wd": "passable"}, {"wd": "satisfactory"}, {"wd": "tolerable"}], [{"wd": "better"}, {"wd": "exceptional"}, {"wd": "fancy"}, {"wd": "high-grade"}, {"wd": "high-test"}, {"wd": "premium"}, {"wd": "select"}, {"wd": "special"}, {"wd": "superfine"}], [{"wd": "classical"}, {"wd": "standard"}, {"wd": "traditional"}]], "phrase_list": [[{"wd": "out of this world"}, {"wd": "too much"}]], "near_list": [[{"wd": "bad"}, {"wd": "inferior"}, {"wd": "low-grade"}, {"wd": "substandard"}, {"wd": "unsatisfactory"}], [{"wd": "mediocre"}, {"wd": "middling"}, {"wd": "second-class"}, {"wd": "second-rate"}]], "ant_list": [[{"wd": "atrocious"}, {"wd": "awful"}, {"wd": "execrable"}, {"wd": "lousy"}, {"wd": "pathetic"}, {"wd": "poor"}, {"wd": "rotten"}, {"wd": "terrible"}, {"wd": "vile"}, {"wd": "wretched"}]]}]]]}], "shortdef": ["of the very best kind"]}, {"meta": {"id": "first-rateness", "uuid": "08809665-769d-4209-a583-058c2fb96eb8", "src": "coll_thes", "section": "alpha", "stems": ["first-rateness", "first-ratenesses"], "syns": [["choiceness", "distinction", "excellence", "excellency", "greatness", "perfection", "preeminence", "primeness", "superbness", "superiority", "supremacy"]], "ants": [], "offensive": false}, "hwi": {"hw": "first-rateness"}, "fl": "noun", "def": [{"sseq": [[["sense", {"dt": [["text", "exceptionally high quality "], ["vis", [{"t": "touristy restaurants generally are not known for the {it}first-rateness{/it} of their cuisine"}]]], "syn_list": [[{"wd": "choiceness"}, {"wd": "distinction"}, {"wd": "excellence"}, {"wd": "excellency"}, {"wd": "greatness"}, {"wd": "perfection"}, {"wd": "preeminence"}, {"wd": "primeness"}, {"wd": "superbness"}, {"wd": "superiority"}, {"wd": "supremacy"}]], "rel_list": [[{"wd": "faultlessness"}, {"wd": "flawlessness"}, {"wd": "impeccability"}, {"wd": "perfectness"}], [{"wd": "goodness"}, {"wd": "value"}, {"wd": "worth"}], [{"wd": "consequence"}, {"wd": "importance"}, {"wd": "notability"}]], "near_list": [[{"wd": "averageness"}, {"wd": "badness"}, {"wd": "crumminess"}, {"wd": "inferiority"}, {"wd": "mediocrity"}, {"wd": "ordinariness"}, {"wd": "worthlessness"}]]}]]]}], "shortdef": ["exceptionally high quality"]}, {"meta": {"id": "first-string", "uuid": "8dcda16b-f171-4034-b13d-154918fea219", "src": "coll_thes", "section": "alpha", "target": {"tuuid": "cc121efc-c77d-4eae-86fb-6c4af707845d", "tsrc": "collegiate"}, "stems": ["first-string", "first-stringer", "first-stringers"], "syns": [["A-OK", "A1", "awesome", "bang-up", "banner", "beautiful", "blue-chip", "blue-ribbon", "boffo", "bonny", "boss", "brag", "brave", "bully", "bumper", "capital", "choice", "classic", "cool", "corking", "crackerjack", "cracking", "dandy", "divine", "dope", "down", "dynamite", "excellent", "fab", "fabulous", "famous", "fantabulous", "fantastic", "fine", "first-class", "first-rate", "five-star", "four-star", "frontline", "gangbusters", "gilt-edged", "gone", "grand", "great", "groovy", "heavenly", "high-class", "hot", "hype", "immense", "jim-dandy", "keen", "lovely", "marvelous", "mean", "neat", "nifty", "noble", "number one", "numero uno", "out-of-sight", "par excellence", "peachy", "peachy keen", "phat", "prime", "primo", "prize", "prizewinning", "quality", "radical", "righteous", "sensational", "slick", "splendid", "stellar", "sterling", "superb", "superior", "superlative", "supernal", "swell", "terrific", "tip-top", "top", "top-notch", "top-of-the-line", "top-shelf", "topflight", "topping", "unsurpassed", "wizard", "wonderful"]], "ants": [["atrocious", "awful", "execrable", "lousy", "pathetic", "poor", "rotten", "terrible", "vile", "wretched"]], "offensive": false}, "hwi": {"hw": "first-string"}, "fl": "adjective", "def": [{"sseq": [[["sense", {"dt": [["text", "of the very best kind "], ["vis", [{"t": "a {it}first-string{/it} rendition of the musical piece"}]]], "syn_list": [[{"wd": "A-OK"}, {"wd": "A1"}, {"wd": "awesome"}, {"wd": "bang-up"}, {"wd": "banner"}, {"wd": "beautiful"}, {"wd": "blue-chip"}, {"wd": "blue-ribbon"}, {"wd": "boffo"}, {"wd": "bonny", "wvrs": [{"wvl": "also", "wva": "bonnie"}], "wsls": ["chiefly British"]}, {"wd": "boss", "wsls": ["slang"]}, {"wd": "brag"}, {"wd": "brave"}, {"wd": "bully"}, {"wd": "bumper"}, {"wd": "capital"}, {"wd": "choice"}, {"wd": "classic"}, {"wd": "cool", "wsls": ["slang"]}, {"wd": "corking"}, {"wd": "crackerjack"}, {"wd": "cracking"}, {"wd": "dandy"}, {"wd": "divine"}, {"wd": "dope", "wsls": ["slang"]}, {"wd": "down", "wsls": ["slang"]}, {"wd": "dynamite"}, {"wd": "excellent"}, {"wd": "fab"}, {"wd": "fabulous"}, {"wd": "famous"}, {"wd": "fantabulous", "wsls": ["slang"]}, {"wd": "fantastic"}, {"wd": "fine"}, {"wd": "first-class"}, {"wd": "first-rate"}, {"wd": "five-star"}, {"wd": "four-star"}, {"wd": "frontline"}, {"wd": "gangbusters", "wvrs": [{"wvl": "also", "wva": "gangbuster"}]}, {"wd": "gilt-edged", "wvrs": [{"wvl": "or", "wva": "gilt-edge"}]}, {"wd": "gone", "wsls": ["slang"]}, {"wd": "grand"}, {"wd": "great"}, {"wd": "groovy"}, {"wd": "heavenly"}, {"wd": "high-class"}, {"wd": "hot"}, {"wd": "hype", "wsls": ["slang"]}, {"wd": "immense"}, {"wd": "jim-dandy"}, {"wd": "keen"}, {"wd": "lovely"}, {"wd": "marvelous", "wvrs": [{"wvl": "or", "wva": "marvellous"}]}, {"wd": "mean"}, {"wd": "neat"}, {"wd": "nifty"}, {"wd": "noble"}, {"wd": "number one", "wvrs": [{"wvl": "also", "wva": "No. 1"}]}, {"wd": "numero uno"}, {"wd": "out-of-sight", "wsls": ["slang"]}, {"wd": "par excellence"}, {"wd": "peachy"}, {"wd": "peachy keen"}, {"wd": "phat", "wsls": ["slang"]}, {"wd": "prime"}, {"wd": "primo", "wsls": ["slang"]}, {"wd": "prize"}, {"wd": "prizewinning"}, {"wd": "quality"}, {"wd": "radical", "wsls": ["slang"]}, {"wd": "righteous", "wsls": ["slang"]}, {"wd": "sensational"}, {"wd": "slick"}, {"wd": "splendid"}, {"wd": "stellar"}, {"wd": "sterling"}, {"wd": "superb"}, {"wd": "superior"}, {"wd": "superlative"}, {"wd": "supernal"}, {"wd": "swell"}, {"wd": "terrific"}, {"wd": "tip-top"}, {"wd": "top"}, {"wd": "top-notch"}, {"wd": "top-of-the-line"}, {"wd": "top-shelf"}, {"wd": "topflight"}, {"wd": "topping", "wsls": ["chiefly British"]}, {"wd": "unsurpassed"}, {"wd": "wizard", "wsls": ["chiefly British"]}, {"wd": "wonderful"}]], "rel_list": [[{"wd": "acceptable"}, {"wd": "adequate"}, {"wd": "all right"}, {"wd": "decent"}, {"wd": "good"}, {"wd": "OK", "wvrs": [{"wvl": "or", "wva": "okay"}]}, {"wd": "passable"}, {"wd": "satisfactory"}, {"wd": "tolerable"}], [{"wd": "better"}, {"wd": "exceptional"}, {"wd": "fancy"}, {"wd": "high-grade"}, {"wd": "high-test"}, {"wd": "premium"}, {"wd": "select"}, {"wd": "special"}, {"wd": "superfine"}], [{"wd": "classical"}, {"wd": "standard"}, {"wd": "traditional"}]], "phrase_list": [[{"wd": "out of this world"}, {"wd": "too much"}]], "near_list": [[{"wd": "bad"}, {"wd": "inferior"}, {"wd": "low-grade"}, {"wd": "substandard"}, {"wd": "unsatisfactory"}], [{"wd": "mediocre"}, {"wd": "middling"}, {"wd": "second-class"}, {"wd": "second-rate"}]], "ant_list": [[{"wd": "atrocious"}, {"wd": "awful"}, {"wd": "execrable"}, {"wd": "lousy"}, {"wd": "pathetic"}, {"wd": "poor"}, {"wd": "rotten"}, {"wd": "terrible"}, {"wd": "vile"}, {"wd": "wretched"}]]}]]]}], "shortdef": ["of the very best kind"]}, {"meta": {"id": "first blush", "uuid": "e0e1d4a6-b622-4b90-8bf2-d954942eb566", "src": "CTenhance", "section": "phrases", "stems": ["first blush"], "syns": [["appearance", "face", "guise", "name", "outward", "seeming", "semblance", "show"]], "ants": [], "offensive": false}, "hwi": {"hw": "first blush"}, "fl": "phrase", "def": [{"sseq": [[["sense", {"dt": [["text", "outward and often deceptive indication "], ["vis", [{"t": "At {it}first blush{/it} the story seemed plausible, but a closer look proved it to be false."}]]], "syn_list": [[{"wd": "appearance"}, {"wd": "face"}, {"wd": "guise"}, {"wd": "name"}, {"wd": "outward"}, {"wd": "seeming"}, {"wd": "semblance"}, {"wd": "show"}]], "rel_list": [[{"wd": "air"}, {"wd": "effect"}, {"wd": "impression"}], [{"wd": "hint"}, {"wd": "implication"}, {"wd": "insinuation"}, {"wd": "resemblance"}, {"wd": "suggestion"}], [{"wd": "affectation"}, {"wd": "demonstration"}, {"wd": "display"}, {"wd": "fiction"}, {"wd": "image"}, {"wd": "imitation"}, {"wd": "imposture"}, {"wd": "likeness"}, {"wd": "make-believe", "wvrs": [{"wvl": "also", "wva": "make-belief"}]}, {"wd": "pose"}, {"wd": "pretense", "wvrs": [{"wvl": "or", "wva": "pretence"}]}, {"wd": "representation"}, {"wd": "simulation"}], [{"wd": "cloak"}, {"wd": "disguise"}, {"wd": "exterior"}, {"wd": "facade", "wvrs": [{"wvl": "also", "wva": "fa\u00e7ade"}]}, {"wd": "front"}, {"wd": "gloss"}, {"wd": "mask"}, {"wd": "masquerade"}, {"wd": "patina"}, {"wd": "Potemkin village"}, {"wd": "shape"}, {"wd": "shell"}, {"wd": "surface"}, {"wd": "veneer"}]]}]]]}], "shortdef": ["outward and often deceptive indication"]}]