[{"meta": {"id": "for:1", "uuid": "505af245-eaf2-48bf-99fe-edc661622383", "sort": "062486000", "src": "collegiate", "section": "alpha", "stems": ["for"], "offensive": false}, "hom": 1, "hwi": {"hw": "for", "prs": [{"mw": "f\u0259r"}, {"mw": "(\u02c8)f\u022fr", "sound": {"audio": "for00001", "ref": "c", "stat": "1"}}, {"l": "Southern also", "mw": "(\u02c8)f\u00e4r"}]}, "fl": "preposition", "def": [{"sseq": [[["sense", {"sn": "1 a", "dt": [["uns", [[["text", "used as a function word to indicate purpose "], ["vis", [{"t": "a grant {wi}for{/wi} studying medicine"}]]]]]]}], ["sense", {"sn": "b", "dt": [["uns", [[["text", "used as a function word to indicate an intended goal "], ["vis", [{"t": "left {wi}for{/wi} home"}, {"t": "acted {wi}for{/wi} the best"}]]]]]]}], ["sense", {"sn": "c", "dt": [["uns", [[["text", "used as a function word to indicate the object or recipient of a perception, desire, or activity "], ["vis", [{"t": "now {wi}for{/wi} a good rest"}, {"t": "run {wi}for{/wi} your life"}, {"t": "an eye {wi}for{/wi} a bargain"}]]]]]]}]], [["sense", {"sn": "2 a", "dt": [["text", "{bc}as being or constituting "], ["vis", [{"t": "taken {wi}for{/wi} a fool"}, {"t": "eggs {wi}for{/wi} breakfast"}]]]}], ["sense", {"sn": "b", "dt": [["uns", [[["text", "used as a function word to indicate an actual or implied enumeration or selection "], ["vis", [{"t": "{wi}for{/wi} one thing, the price is too high"}]]]]]]}]], [["sense", {"sn": "3", "dt": [["text", "{bc}because of "], ["vis", [{"t": "can't sleep {wi}for{/wi} the heat"}]]]}]], [["sense", {"sn": "4", "dt": [["uns", [[["text", "used as a function word to indicate suitability or fitness "], ["vis", [{"t": "it is not {wi}for{/wi} you to choose"}, {"t": "ready {wi}for{/wi} action"}]]]]]]}]], [["sense", {"sn": "5 a", "dt": [["text", "{bc}in place of "], ["vis", [{"t": "go to the store {wi}for{/wi} me"}]]]}], ["pseq", [["sense", {"sn": "b (1)", "dt": [["text", "{bc}on behalf of {bc}{sx|representing||} "], ["vis", [{"t": "speaks {wi}for{/wi} the court"}]]]}], ["sense", {"sn": "(2)", "dt": [["text", "{bc}in favor of "], ["vis", [{"t": "all {wi}for{/wi} the plan"}]]]}]]]], [["sense", {"sn": "6", "dt": [["text", "{bc}in spite of "], ["uns", [[["text", "usually used with {it}all{/it} "], ["vis", [{"t": "{wi}for{/wi} all his large size, he moves gracefully"}]]]]]]}]], [["sense", {"sn": "7", "dt": [["text", "{bc}with respect to {bc}{sx|concerning||} "], ["vis", [{"t": "a stickler {wi}for{/wi} detail"}, {"t": "heavy {wi}for{/wi} its size"}]]]}]], [["sense", {"sn": "8 a", "dt": [["uns", [[["text", "used as a function word to indicate equivalence in exchange "], ["vis", [{"t": "$10 {wi}for{/wi} a hat"}]], ["text", ", equality in number or quantity "], ["vis", [{"t": "point {wi}for{/wi} point"}]], ["text", ", or correspondence or correlation "], ["vis", [{"t": "{wi}for{/wi} every one that works, you'll find five that don't"}]]]]]]}], ["sense", {"sn": "b", "dt": [["uns", [[["text", "used as a function word to indicate number of attempts "], ["vis", [{"t": "0 {wi}for{/wi} 4"}]]]]]]}]], [["sense", {"sn": "9", "dt": [["uns", [[["text", "used as a function word to indicate duration of time or extent of space "], ["vis", [{"t": "gone {wi}for{/wi} two days"}]]]]]]}]], [["sense", {"sn": "10", "dt": [["text", "{bc}in honor of {bc}{sx|after||} "], ["vis", [{"t": "named {wi}for{/wi} her grandmother"}]]]}]]]}], "et": [["text", "Middle English, from Old English; akin to Latin {it}per{/it} through, {it}prae{/it} before, {it}pro{/it} before, for, ahead, Greek {it}pro{/it}, Sanskrit {it}pra{/it} before, in front, Old English {it}faran{/it} to go {ma}{mat|fare|}{/ma}"]], "date": "before 12th century{ds||1|a|}", "shortdef": ["\u2014used as a function word to indicate purpose", "\u2014used as a function word to indicate an intended goal", "\u2014used as a function word to indicate the object or recipient of a perception, desire, or activity"]}, {"meta": {"id": "for:2", "uuid": "4ad380c3-a5eb-4d9c-9645-cb4c99d5aeac", "sort": "062487000", "src": "collegiate", "section": "alpha", "stems": ["for"], "offensive": false}, "hom": 2, "hwi": {"hw": "for"}, "fl": "conjunction", "def": [{"sseq": [[["sense", {"dt": [["text", "{bc}for the reason that {bc}on this ground {bc}{sx|because||}"]]}]]]}], "et": [["text", "{dx_ety}see {dxt|for:1||}{/dx_ety}"]], "date": "12th century", "shortdef": ["for the reason that : on this ground : because"]}, {"meta": {"id": "for:3", "uuid": "7fc37e83-7d7b-4722-bcc8-c7fbcfe028ca", "sort": "062488000", "src": "collegiate", "section": "alpha", "stems": ["for"], "offensive": false}, "hom": 3, "hwi": {"hw": "for"}, "fl": "abbreviation", "def": [{"sseq": [[["sense", {"sn": "1", "dt": [["text", "foreign"]]}]], [["sense", {"sn": "2", "dt": [["text", "forestry"]]}]]]}], "shortdef": ["foreign", "forestry"]}, {"meta": {"id": "FOR", "uuid": "d6c8f8f9-dfd2-435d-8247-981685efa6f0", "sort": "062489000", "src": "collegiate", "section": "alpha", "stems": ["FOR"], "offensive": false}, "hwi": {"hw": "FOR"}, "fl": "abbreviation", "def": [{"sseq": [[["sense", {"dt": [["text", "free on rail"]]}]]]}], "shortdef": ["free on rail"]}, {"meta": {"id": "for-", "uuid": "10074dbd-0d36-4396-b174-e2602a172479", "sort": "062490000", "src": "collegiate", "section": "alpha", "stems": ["for-"], "offensive": false}, "hwi": {"hw": "for-"}, "fl": "prefix", "def": [{"sseq": [[["sense", {"sn": "1", "dt": [["text", "{bc}so as to involve prohibition, exclusion, omission, failure, neglect, or refusal "], ["vis", [{"t": "{it}for{/it}bid"}]]]}]], [["sense", {"sn": "2", "dt": [["text", "{bc}destructively or detrimentally "], ["vis", [{"t": "{it}for{/it}do"}]]]}]], [["sense", {"sn": "3", "dt": [["text", "{bc}completely {bc}excessively {bc}to exhaustion {bc}to pieces "], ["vis", [{"t": "{it}for{/it}spent"}]]]}]]]}], "et": [["text", "Middle English, from Old English; akin to Old High German {it}far-{/it} for-, Old English {it}for{/it}"]], "shortdef": ["so as to involve prohibition, exclusion, omission, failure, neglect, or refusal", "destructively or detrimentally", "completely : excessively : to exhaustion : to pieces"]}, {"meta": {"id": "for and", "uuid": "9119008c-b308-406c-9de5-50f30b23ced0", "sort": "062501000", "src": "collegiate", "section": "alpha", "stems": ["for and"], "offensive": false}, "hwi": {"hw": "for and"}, "fl": "conjunction", "def": [{"sls": ["obsolete"], "sseq": [[["sense", {"dt": [["text", "{bc}and also"]]}]]]}], "date": "circa 1529", "shortdef": ["and also"]}, {"meta": {"id": "for cheap", "uuid": "46a161ec-0d46-44a7-bc72-63421962f764", "sort": "062531500", "src": "collegiate", "section": "alpha", "stems": ["for cheap"], "offensive": false}, "hwi": {"hw": "for cheap"}, "fl": "idiomatic phrase", "def": [{"sseq": [[["sense", {"dt": [["text", "{bc}for a relatively low cost "], ["vis", [{"t": "They bought a used sofa {wi}for cheap{/wi}."}, {"t": "You can dye your hair at home {wi}for cheap{/wi}."}]]]}]]]}], "date": "1977", "shortdef": ["for a relatively low cost"]}, {"meta": {"id": "for instance", "uuid": "595c7e3a-620f-4279-80d3-796195d3a70b", "sort": "062701000", "src": "collegiate", "section": "alpha", "stems": ["for instance"], "offensive": false}, "hwi": {"hw": "for instance", "prs": [{"mw": "f\u0259-\u02c8rin(t)-st\u0259nts", "sound": {"audio": "for_in01", "ref": "c", "stat": "1"}}, {"mw": "\u02c8frin(t)-"}]}, "fl": "noun", "def": [{"sseq": [[["sense", {"dt": [["text", "{bc}{sx|example||} "], ["vis", [{"t": "I'll give you a {it}for instance{/it}"}]]]}]]]}], "date": "1959", "shortdef": ["example"]}, {"meta": {"id": "for-profit", "uuid": "b38b76eb-558d-4ce4-9f4e-82ffa7b9768a", "sort": "062768000", "src": "collegiate", "section": "alpha", "stems": ["for-profit"], "offensive": false}, "hwi": {"hw": "for-prof*it", "prs": [{"mw": "\u02c8f\u022fr-\u02c8pr\u00e4-f\u0259t", "sound": {"audio": "forpr01v", "ref": "c", "stat": "1"}}]}, "fl": "adjective", "def": [{"sseq": [[["sense", {"dt": [["text", "{bc}established, maintained, or conducted for the purpose of making a profit "], ["vis", [{"t": "{wi}for-profit{/wi} businesses"}]]]}]]]}], "date": "1939", "shortdef": ["established, maintained, or conducted for the purpose of making a profit"]}, {"meta": {"id": "for a change", "uuid": "10433309-564a-45ae-8338-a2827d869a5d", "sort": "3006327000", "src": "ld", "section": "idioms", "stems": ["for a change"], "offensive": false}, "hwi": {"hw": "for a change"}, "fl": "idiom", "def": [{"sseq": [[["sense", {"dt": [["text", "{bc}as something different from what is usual "], ["vis", [{"t": "Let's eat out {it}for a change{/it}."}, {"t": "Why don't you help me out {it}for a change{/it} instead of me always helping you?!"}]]]}]]]}], "shortdef": ["as something different from what is usual"]}]