[{"meta": {"id": "full-time", "uuid": "56311ffe-99c3-47bc-9a06-fbb60e358538", "sort": "063619000", "src": "collegiate", "section": "alpha", "stems": ["full-time"], "offensive": false}, "hwi": {"hw": "full-time", "prs": [{"mw": "\u02c8fu\u0307l-\u02c8t\u012bm", "sound": {"audio": "full-time_1", "ref": "owl", "stat": "1"}}]}, "fl": "adjective", "def": [{"sseq": [[["sense", {"sn": "1", "dt": [["text", "{bc}employed for or involving full time "], ["vis", [{"t": "{wi}full-time{/wi} employees"}, {"t": "{wi}full-time{/wi} work"}]]]}]], [["sense", {"sn": "2", "dt": [["text", "{bc}devoting one's full attention and energies to something "], ["vis", [{"t": "a {wi}full-time{/wi} gambler"}]]]}]]]}], "uros": [{"ure": "full-time", "fl": "adverb"}], "date": "1834{ds||1||}", "shortdef": ["employed for or involving full time", "devoting one's full attention and energies to something"]}, {"meta": {"id": "full time", "uuid": "0de3dfcc-bc45-4202-a136-2ae4ea4f9d28", "sort": "063620000", "src": "collegiate", "section": "alpha", "stems": ["full time", "full times"], "offensive": false}, "hwi": {"hw": "full time"}, "fl": "noun", "def": [{"sseq": [[["sense", {"dt": [["text", "{bc}the amount of time considered the normal or standard amount for working during a given period"]]}]]]}], "date": "1821", "shortdef": ["the amount of time considered the normal or standard amount for working during a given period"]}]