[{"meta": {"id": "gentle:1", "uuid": "1cd5f879-6186-4601-8e9d-09925166b08a", "sort": "070809000", "src": "collegiate", "section": "alpha", "stems": ["gentle", "gentler", "gentlest", "gently"], "offensive": false}, "hom": 1, "hwi": {"hw": "gen*tle", "prs": [{"mw": "\u02c8jen-t\u1d4al", "sound": {"audio": "gentle01", "ref": "c", "stat": "1"}}]}, "fl": "adjective", "ins": [{"if": "gen*tler", "prs": [{"mw": "\u02c8jent-l\u0259r", "sound": {"audio": "gentle02", "ref": "c", "stat": "1"}}, {"mw": "-t\u1d4al-\u0259r"}]}, {"if": "gen*tlest", "prs": [{"mw": "\u02c8jent-l\u0259st", "sound": {"audio": "gentle03", "ref": "c", "stat": "1"}}, {"mw": "-t\u1d4al-\u0259st"}]}], "def": [{"sseq": [[["sense", {"sn": "1 a", "dt": [["text", "{bc}free from harshness, sternness, or violence "], ["vis", [{"t": "used {wi}gentle{/wi} persuasion"}]]]}], ["sense", {"sn": "b", "dt": [["text", "{bc}{sx|tractable||}, {sx|docile||} "], ["vis", [{"t": "a {wi}gentle{/wi} horse"}]]]}]], [["sense", {"sn": "2", "dt": [["text", "{bc}{sx|soft||}, {sx|delicate||} "], ["vis", [{"t": "the {wi}gentle{/wi} touch of her hand"}]]]}]], [["sense", {"sn": "3", "dt": [["text", "{bc}{sx|moderate||} "], ["vis", [{"t": "His doctor recommended {wi}gentle{/wi} exercise."}]]]}]], [["sense", {"sn": "4 a", "dt": [["text", "{bc}belonging to a family of high social station"]]}], ["sense", {"sn": "b", "dt": [["text", "{bc}{sx|honorable||}, {sx|distinguished||}"]], "sdsense": {"sd": "specifically", "dt": [["text", "{bc}of or relating to a {a_link|gentleman}"]]}}], ["sense", {"sn": "c", "dt": [["text", "{bc}{sx|kind||}, {sx|amiable||} "], ["uns", [[["text", "used especially in address as a complimentary epithet "], ["vis", [{"t": "{wi}gentle{/wi} reader"}]]]]]]}], ["sense", {"sn": "d", "dt": [["text", "{bc}suited to a person of high social station "], ["vis", [{"t": "the {wi}gentle{/wi} art of sophisticated conversation"}]]]}], ["sense", {"sn": "e", "sls": ["archaic"], "dt": [["text", "{bc}{sx|chivalrous||}"]]}]]]}], "uros": [{"ure": "gent*ly", "prs": [{"mw": "\u02c8jent-l\u0113", "sound": {"audio": "gentle04", "ref": "c", "stat": "1"}}], "fl": "adverb"}], "et": [["text", "Middle English {it}gentyl{/it} \"of aristocratic birth, exhibiting ideal characteristics of the wellborn, of excellent quality, gracious, courteous, kind,\" borrowed from Anglo-French {it}gentil{/it}, borrowed from Medieval Latin {it}gent\u012blis{/it} \"of one\u02bcs own house, of good family or breeding, native, of a non-Jewish nation or faith, not Christian, pagan,\" going back to Latin \"of a Roman gens, of one\u02bcs own family or tribe, native,\" from {it}gent-, gens{/it} \"race, people, {et_link|gens|gens}\" + {it}-\u012blis{/it}, suffix of affiliation"]], "date": "13th century{ds||4|a|}", "shortdef": ["free from harshness, sternness, or violence", "tractable, docile", "soft, delicate"]}, {"meta": {"id": "let (someone) down easy/gently", "uuid": "28180fc5-a166-42ad-b987-15fca7b39880", "sort": "3010984000", "src": "ld", "section": "idioms", "stems": ["let (someone) down easy/gently", "let down easy", "let down gently", "let someone down easy", "let someone down gently"], "offensive": false}, "hwi": {"hw": "let (someone) down easy/gently"}, "fl": "idiom", "def": [{"sseq": [[["sense", {"dt": [["text", "{bc}to give someone unpleasant news in a gentle or kind way "], ["vis", [{"t": "I knew I had to fire her, but I was trying to think of a way to {it}let{/it} her {it}down easy{/it}."}]]]}]]]}], "shortdef": ["to give someone unpleasant news in a gentle or kind way"]}]