[{"meta": {"id": "god:1", "uuid": "1fef7737-ea2b-4fbe-96d6-2544ed6d5769", "sort": "071645000", "src": "collegiate", "section": "alpha", "stems": ["god", "gods"], "offensive": false}, "hom": 1, "hwi": {"hw": "god", "prs": [{"mw": "\u02c8g\u00e4d", "sound": {"audio": "god00001", "ref": "c", "stat": "1"}}, {"l": "also", "mw": "\u02c8g\u022fd"}]}, "fl": "noun", "ins": [{"il": "plural", "if": "gods"}], "def": [{"sseq": [[["bs", {"sense": {"sn": "1", "vrs": [{"va": "God"}], "dt": [["text", "{bc}the supreme or ultimate reality: such as"]]}}], ["sense", {"sn": "a", "dt": [["text", "{bc}the Being perfect in power, wisdom, and goodness who is worshipped (as in Judaism, Christianity, Islam, and Hinduism) as creator and ruler of the universe "], ["vis", [{"t": "Throughout the {d_link|patristic|patristic} and {d_link|medieval|medieval:1} periods, Christian theologians taught that {wi}God{/wi} created the universe \u2026", "aq": {"auth": "Jame Schaefer"}}, {"t": "\u2026 the Supreme Being or {wi}God{/wi}, the personal form of the Ultimate Reality, is conceived by Hindus as having various aspects.", "aq": {"auth": "Sunita Pant Bansal"}}]]]}], ["sense", {"sn": "b", "sls": ["Christian Science"], "dt": [["text", "{bc}the incorporeal divine Principle ruling over all as eternal Spirit {bc}infinite Mind"]]}]], [["sense", {"sn": "2", "vrs": [{"vl": "or less commonly", "va": "God"}], "dt": [["text", "{bc}a being or object that is worshipped as having more than natural attributes and powers"]], "sdsense": {"sd": "specifically", "dt": [["text", "{bc}one controlling a particular aspect or part of reality "], ["vis", [{"t": "Greek {wi}gods{/wi} of love and war"}]]]}}]], [["sense", {"sn": "3", "dt": [["text", "{bc}a person or thing of supreme value "], ["vis", [{"t": "had photos of baseball's {wi}gods{/wi} pinned to his bedroom wall"}]]]}]], [["sense", {"sn": "4", "dt": [["text", "{bc}a powerful ruler "], ["vis", [{"t": "Hollywood {wi}gods{/wi} that control our movies' fates"}]]]}]]]}], "et": [["text", "Middle English, from Old English; akin to Old High German {it}got{/it} god"]], "date": "before 12th century{ds||1||}", "shortdef": ["the supreme or ultimate reality: such as", "the Being perfect in power, wisdom, and goodness who is worshipped (as in Judaism, Christianity, Islam, and Hinduism) as creator and ruler of the universe", "the incorporeal divine Principle ruling over all as eternal Spirit : infinite Mind"]}, {"meta": {"id": "god:2", "uuid": "1f3a0687-91d0-4778-99e5-4824e6b95828", "sort": "071646000", "src": "collegiate", "section": "alpha", "stems": ["god", "godded", "godding", "gods"], "offensive": false}, "hom": 2, "hwi": {"hw": "god"}, "fl": "verb", "ins": [{"if": "god*ded"}, {"if": "god*ding"}], "def": [{"vd": "transitive verb", "sseq": [[["sense", {"dt": [["text", "{bc}to treat as a god {bc}{sx|idolize||}, {sx|deify||}"]]}]]]}], "et": [["text", "{dx_ety}see {dxt|god:1||}{/dx_ety}"]], "date": "1595", "shortdef": ["to treat as a god : idolize, deify"]}, {"meta": {"id": "god-awful", "uuid": "e400be01-6fcf-4b53-b236-e4f9cc465bcc", "sort": "071647000", "src": "collegiate", "section": "alpha", "stems": ["god-awful"], "offensive": true}, "hwi": {"hw": "god-aw*ful", "prs": [{"mw": "g\u00e4d-\u02c8\u022f-f\u0259l", "sound": {"audio": "godawf01", "ref": "c", "stat": "1"}}]}, "fl": "adjective", "def": [{"sseq": [[["sense", {"dt": [["text", "{bc}extremely unpleasant or disagreeable {bc}{sx|abominable||} "], ["vis", [{"t": "{wi}god-awful{/wi} weather"}]]]}]]]}], "et": [["text", "{it}god{/it}damned + {it}awful{/it}"]], "date": "1877", "shortdef": ["extremely unpleasant or disagreeable : abominable"]}, {"meta": {"id": "God-fearing", "uuid": "63e38cc4-d58e-4b87-89f3-787e71777f88", "sort": "071660000", "src": "collegiate", "section": "alpha", "stems": ["God-fearing"], "offensive": false}, "hwi": {"hw": "God-fear*ing", "prs": [{"mw": "\u02c8g\u00e4d-\u02ccfir-i\u014b", "sound": {"audio": "godfea01", "ref": "c", "stat": "1"}}]}, "fl": "adjective", "def": [{"sseq": [[["sense", {"dt": [["text", "{bc}having a reverent feeling toward God {bc}{sx|devout||}"]]}]]]}], "date": "1548", "shortdef": ["having a reverent feeling toward God : devout"]}, {"meta": {"id": "God-given", "uuid": "51e984fd-a59a-4294-b421-cdecc45e3de4", "sort": "071661500", "src": "collegiate", "section": "alpha", "stems": ["God-given"], "offensive": false}, "hwi": {"hw": "God-giv*en", "prs": [{"mw": "\u02c8g\u00e4d-\u02c8gi-v\u0259n", "sound": {"audio": "godgi01ld", "ref": "ld", "stat": "1"}}]}, "fl": "adjective", "def": [{"sseq": [[["sense", {"dt": [["text", "{bc}received as a gift from God {bc}{sx|natural||} "], ["vis", [{"t": "a {wi}God-given{/wi} talent"}, {"t": "{wi}God-given{/wi} rights"}]]]}]]]}], "date": "1642", "shortdef": ["received as a gift from God : natural"]}, {"meta": {"id": "God's acre", "uuid": "00150aed-0d30-4d68-9896-e293f09b4347", "sort": "071673000", "src": "collegiate", "section": "alpha", "stems": ["God's acre", "God's acres"], "offensive": false}, "hwi": {"hw": "God's acre"}, "fl": "noun", "def": [{"sseq": [[["sense", {"dt": [["text", "{bc}{sx|churchyard||}"]]}]]]}], "date": "1605", "shortdef": ["churchyard"]}, {"meta": {"id": "God knows", "uuid": "c43878ee-2963-488b-b789-633e49329a63", "sort": "3007406000", "src": "ld", "section": "idioms", "stems": ["god knows"], "offensive": false}, "hwi": {"hw": "God knows"}, "fl": "idiom", "def": [{"sls": ["informal"], "sseq": [[["sense", {"dt": [["uns", [[["text", "used to stress that something is not known "], ["vis", [{"t": "{it}God{/it} (only) {it}knows{/it} if the reports are true."}]]]]]]}]]]}], "shortdef": ["\u2014used to stress that something is not known"]}, {"meta": {"id": "God's gift", "uuid": "f5d69b66-16b9-4e6f-ae69-3f465e5cfd6f", "sort": "3007416000", "src": "ld", "section": "idioms", "stems": ["god's gift"], "offensive": false}, "hwi": {"hw": "God's gift"}, "fl": "noun", "def": [{"sls": ["informal + disapproving"], "sseq": [[["sense", {"dt": [["uns", [[["text", "used to describe the attitude of people who think that they are very talented, attractive, etc. "], ["vis", [{"t": "He thinks he's {it}God's gift{/it} to the world."}]]]]]]}]]]}], "shortdef": ["\u2014used to describe the attitude of people who think that they are very talented, attractive, etc."]}, {"meta": {"id": "God willing", "uuid": "7172574f-568b-49d7-916e-bd457a5eda5c", "sort": "3007418000", "src": "ld", "section": "idioms", "stems": ["god willing"], "offensive": false}, "hwi": {"hw": "God willing"}, "fl": "idiom", "def": [{"sseq": [[["sense", {"dt": [["uns", [[["text", "used to say what one hopes and expects to do or happen if no problems occur "], ["vis", [{"t": "We'll be able to move into our new house next week, {it}God willing{/it}."}, {"t": "{it}God willing{/it}, I'll finish my degree this year."}]]]]]]}]]]}], "shortdef": ["\u2014used to say what one hopes and expects to do or happen if no problems occur"]}, {"meta": {"id": "act of God", "uuid": "544281f3-c230-458c-8b82-c05b7a3aac27", "sort": "010711000", "src": "collegiate", "section": "alpha", "stems": ["act of God", "acts of God"], "offensive": false}, "hwi": {"hw": "act of God"}, "fl": "noun phrase", "def": [{"sseq": [[["sense", {"dt": [["text", "{bc}an extraordinary interruption by a natural cause (such as a flood or earthquake) of the usual course of events that experience, prescience, or care cannot reasonably foresee or prevent"]]}]]]}], "date": "1611", "shortdef": ["an extraordinary interruption by a natural cause (such as a flood or earthquake) of the usual course of events that experience, prescience, or care cannot reasonably foresee or prevent"]}]