[{"meta": {"id": "gonna", "uuid": "ebd63a5c-6b78-4f8a-b203-5232684b09c0", "sort": "071788500", "src": "collegiate", "section": "alpha", "stems": ["gonna"], "offensive": false}, "hwi": {"hw": "gon*na", "prs": [{"mw": "\u02c8g\u0259-n\u0259", "sound": {"audio": "gonna01ld", "ref": "ld", "stat": "1"}}, {"mw": "g\u0259-n\u0259"}]}, "fl": "pronunciation spelling", "def": [{"sseq": [[["sense", {"dt": [["uns", [[["text", "used for \"going to\" in informal speech and in representations of such speech "], ["vis", [{"t": "\"It's not {wi}gonna{/wi} be easy.\""}, {"t": "\"They're {wi}gonna{/wi} get married in July.\""}, {"t": "\"I felt like something bad was {wi}gonna{/wi} happen.\""}]]]]]]}]]]}], "date": "1806", "shortdef": ["\u2014used for \"going to\" in informal speech and in representations of such speech"]}]