[{"meta": {"id": "good", "uuid": "b7ec25c5-86ba-43a0-b22d-8ac9fc82f466", "src": "coll_thes", "section": "alpha", "target": {"tuuid": "7259e773-1a16-46bb-8e6a-3fb674b55b3a", "tsrc": "collegiate"}, "stems": ["good", "as good as gold", "best", "better", "goodish"], "syns": [["commonsense", "commonsensible", "commonsensical", "firm", "hard", "informed", "just", "justified", "levelheaded", "logical", "rational", "reasonable", "reasoned", "sensible", "sober", "solid", "valid", "well-founded"], ["all right", "decent", "ethical", "honest", "honorable", "just", "moral", "nice", "right", "righteous", "right-minded", "straight", "true", "upright", "virtuous"], ["analytic", "coherent", "consequent", "logical", "rational", "reasonable", "sensible", "sound", "valid", "well-founded", "well-grounded"], ["agreeable", "all right", "alright", "copacetic", "ducky", "fine", "hunky-dory", "jake", "OK", "palatable", "satisfactory"], ["admiring", "applauding", "appreciative", "approbatory", "approving", "commendatory", "complimentary", "favorable", "friendly", "positive"], ["constant", "dedicated", "devoted", "devout", "down-the-line", "faithful", "fast", "loyal", "pious", "staunch", "steadfast", "steady", "true", "true-blue"], ["agreeable", "blessed", "congenial", "darling", "delectable", "delicious", "delightful", "delightsome", "dreamy", "dulcet", "enjoyable", "felicitous", "grateful", "gratifying", "heavenly", "jolly", "luscious", "nice", "palatable", "pleasant", "pleasing", "pleasurable", "pretty", "satisfying", "savory", "sweet", "tasty", "welcome"], ["accomplished", "ace", "adept", "compleat", "complete", "consummate", "crack", "crackerjack", "educated", "experienced", "expert", "great", "master", "masterful", "masterly", "practiced", "professed", "proficient", "skilled", "skillful", "versed", "veteran", "virtuoso"], ["deserving", "meritorious", "worthy"], ["able", "capable", "competent", "equal", "fit", "qualified", "suitable"], ["applicable", "appropriate", "apt", "becoming", "befitting", "felicitous", "fit", "fitted", "fitting", "happy", "meet", "pretty", "proper", "right", "suitable"], ["biggish", "considerable", "goodly", "handsome", "healthy", "largish", "major", "respectable", "significant", "sizable", "substantial", "substantive", "tidy"], ["calculable", "dependable", "reliable", "responsible", "safe", "secure", "solid", "steady", "sure", "tried", "tried-and-true", "true", "trustable", "trustworthy", "trusty"], ["accurate", "bang on", "correct", "dead-on", "exact", "on-target", "precise", "proper", "right", "so", "spot-on", "true", "veracious"], ["aesthetic", "attractive", "beauteous", "beautiful", "bonny", "comely", "cute", "drop-dead", "fair", "fetching", "good-looking", "goodly", "gorgeous", "handsome", "knockout", "likely", "lovely", "lovesome", "pretty", "ravishing", "seemly", "sightly", "stunning", "taking", "well-favored"], ["healthful", "healthy", "medicinal", "restorative", "salubrious", "salutary", "salutiferous", "sanative", "tonic", "wholesome"], ["altruistic", "beneficent", "benevolent", "charitable", "do-good", "eleemosynary", "humanitarian", "philanthropic"], ["acceptable", "adequate", "all right", "decent", "fairish", "fine", "OK", "passable", "respectable", "satisfactory", "serviceable", "tolerable"], ["advantageous", "benefic", "beneficent", "beneficial", "benignant", "favorable", "friendly", "helpful", "kindly", "profitable", "salutary"]], "ants": [["groundless", "illogical", "invalid", "irrational", "nonrational", "nonsensical", "nonvalid", "unfounded", "uninformed", "unjustified", "unreasonable", "unreasoned", "unsound"], ["bad", "black", "dishonest", "dishonorable", "evil", "evil-minded", "immoral", "indecent", "sinful", "unethical", "unrighteous", "wicked", "wrong"], ["illegitimate", "illogical", "incoherent", "inconsequent", "inconsequential", "invalid", "irrational", "unreasonable", "unsound", "weak"], ["disagreeable", "unsatisfactory"], ["adverse", "depreciative", "depreciatory", "derogatory", "disapproving", "inappreciative", "negative", "unappreciative", "uncomplimentary", "unfavorable", "unflattering", "unfriendly"], ["disloyal", "faithless", "false", "fickle", "inconstant", "perfidious", "recreant", "traitorous", "treacherous", "unfaithful", "untrue"], ["disagreeable", "pleasureless", "unpalatable", "unpleasant", "unwelcome"], ["amateur", "amateurish", "inexperienced", "inexpert", "jackleg", "unprofessional", "unseasoned", "unskilled", "unskillful"], ["no-good", "undeserving", "valueless", "worthless"], ["incompetent", "inept", "poor", "unfit", "unfitted", "unqualified"], ["improper", "inapplicable", "inapposite", "inappropriate", "inapt", "incongruous", "indecent", "infelicitous", "malapropos", "misbecoming", "unapt", "unbecoming", "unbeseeming", "unfit", "unfitting", "unhappy", "unmeet", "unseemly", "unsuitable", "wrong"], ["inconsequential", "inconsiderable", "insignificant", "insubstantial", "negligible", "nominal"], ["dodgy", "uncertain", "undependable", "unreliable", "unsafe", "untrustworthy"], ["false", "improper", "inaccurate", "incorrect", "inexact", "off", "untrue", "wrong"], ["grotesque", "hideous", "homely", "ill-favored", "plain", "ugly", "unaesthetic", "unattractive", "unbeautiful", "uncomely", "uncute", "unhandsome", "unlovely", "unpleasing", "unpretty", "unsightly"], ["insalubrious", "noxious", "unhealthful", "unhealthy", "unwholesome"], ["self-centered", "self-concerned", "selfish"], ["deficient", "inadequate", "insufficient", "lacking", "unacceptable", "unsatisfactory", "wanting"], ["bad", "disadvantageous", "unfavorable", "unfriendly", "unhelpful", "unprofitable"]], "offensive": false}, "hwi": {"hw": "good"}, "fl": "adjective", "def": [{"sseq": [[["sense", {"sn": "1", "dt": [["text", "based on sound reasoning or information "], ["vis", [{"t": "had enough information to make a {it}good{/it} assessment of the situation"}]]], "syn_list": [[{"wd": "commonsense"}, {"wd": "commonsensible"}, {"wd": "commonsensical"}, {"wd": "firm"}, {"wd": "hard"}, {"wd": "informed"}, {"wd": "just"}, {"wd": "justified"}, {"wd": "levelheaded"}, {"wd": "logical"}, {"wd": "rational"}, {"wd": "reasonable"}, {"wd": "reasoned"}, {"wd": "sensible"}, {"wd": "sober"}, {"wd": "solid"}, {"wd": "valid"}, {"wd": "well-founded"}]], "rel_list": [[{"wd": "actual"}, {"wd": "real"}, {"wd": "true"}], [{"wd": "certain"}, {"wd": "sure"}], [{"wd": "certified"}, {"wd": "validated"}, {"wd": "verified"}], [{"wd": "confirmed"}, {"wd": "corroborated"}, {"wd": "substantiated"}], [{"wd": "cogent"}, {"wd": "convincing"}], [{"wd": "colorable"}, {"wd": "credible"}, {"wd": "plausible"}]], "near_list": [[{"wd": "unsubstantiated"}, {"wd": "unsupported"}, {"wd": "unwarranted"}], [{"wd": "flimsy"}, {"wd": "implausible"}, {"wd": "unconvincing"}, {"wd": "weak"}], [{"wd": "fallacious"}, {"wd": "false"}, {"wd": "misguided"}, {"wd": "misled"}]], "ant_list": [[{"wd": "groundless"}, {"wd": "illogical"}, {"wd": "invalid"}, {"wd": "irrational"}, {"wd": "nonrational"}, {"wd": "nonsensical"}, {"wd": "nonvalid"}, {"wd": "unfounded"}, {"wd": "uninformed"}, {"wd": "unjustified"}, {"wd": "unreasonable"}, {"wd": "unreasoned"}, {"wd": "unsound"}]]}]], [["sense", {"sn": "2", "dt": [["text", "conforming to a high standard of morality or virtue "], ["vis", [{"t": "a {it}good{/it} person who seldom did wrong"}, {"t": "{it}good{/it} behavior will earn you the respect of others"}]]], "syn_list": [[{"wd": "all right"}, {"wd": "decent"}, {"wd": "ethical"}, {"wd": "honest"}, {"wd": "honorable"}, {"wd": "just"}, {"wd": "moral"}, {"wd": "nice"}, {"wd": "right"}, {"wd": "righteous"}, {"wd": "right-minded"}, {"wd": "straight"}, {"wd": "true"}, {"wd": "upright"}, {"wd": "virtuous"}]], "rel_list": [[{"wd": "correct"}, {"wd": "decorous"}, {"wd": "proper"}, {"wd": "seemly"}], [{"wd": "high-minded"}, {"wd": "noble"}, {"wd": "principled"}], [{"wd": "commendable"}, {"wd": "creditable"}, {"wd": "exemplary"}, {"wd": "legitimate"}], [{"wd": "esteemed"}, {"wd": "law-abiding"}, {"wd": "menschy"}, {"wd": "reputable"}, {"wd": "respected"}, {"wd": "upstanding"}, {"wd": "worthy"}], [{"wd": "blameless"}, {"wd": "clean"}, {"wd": "guiltless"}, {"wd": "immaculate"}, {"wd": "incorrupt", "wvrs": [{"wvl": "also", "wva": "incorrupted"}]}, {"wd": "incorruptible"}, {"wd": "innocent"}, {"wd": "inoffensive"}, {"wd": "irreproachable"}, {"wd": "unobjectionable"}], [{"wd": "angelic", "wvrs": [{"wvl": "or", "wva": "angelical"}]}, {"wd": "lily-white"}, {"wd": "pure"}, {"wd": "scrupulous"}, {"wd": "spotless"}, {"wd": "uncorrupted"}, {"wd": "unerring"}], [{"wd": "goody-goody"}, {"wd": "moralistic"}, {"wd": "pharisaical"}, {"wd": "rectitudinous"}, {"wd": "sanctimonious"}, {"wd": "self-righteous"}]], "near_list": [[{"wd": "improper"}, {"wd": "incorrect"}, {"wd": "indecorous"}, {"wd": "naughty"}, {"wd": "unbecoming"}, {"wd": "unseemly"}], [{"wd": "corrupt"}, {"wd": "debased"}, {"wd": "debauched"}, {"wd": "degenerate"}, {"wd": "depraved"}, {"wd": "dissolute"}, {"wd": "libertine"}, {"wd": "perverted"}, {"wd": "reprobate"}], [{"wd": "unprincipled"}, {"wd": "unscrupulous"}], [{"wd": "atrocious"}, {"wd": "infamous"}, {"wd": "villainous"}], [{"wd": "base"}, {"wd": "low"}, {"wd": "mean"}, {"wd": "vicious"}, {"wd": "vile"}], [{"wd": "blameworthy"}, {"wd": "objectionable"}, {"wd": "offensive"}], [{"wd": "iniquitous"}, {"wd": "nefarious"}], [{"wd": "errant"}, {"wd": "erring"}, {"wd": "fallen"}]], "ant_list": [[{"wd": "bad"}, {"wd": "black"}, {"wd": "dishonest"}, {"wd": "dishonorable"}, {"wd": "evil"}, {"wd": "evil-minded"}, {"wd": "immoral"}, {"wd": "indecent"}, {"wd": "sinful"}, {"wd": "unethical"}, {"wd": "unrighteous"}, {"wd": "wicked"}, {"wd": "wrong"}]]}]], [["sense", {"sn": "3", "dt": [["text", "according to the rules of logic "], ["vis", [{"t": "you don't need a {it}good{/it} reason to stop doing that\u2014it's because I said so"}]]], "syn_list": [[{"wd": "analytic", "wvrs": [{"wvl": "or", "wva": "analytical"}]}, {"wd": "coherent"}, {"wd": "consequent"}, {"wd": "logical"}, {"wd": "rational"}, {"wd": "reasonable"}, {"wd": "sensible"}, {"wd": "sound"}, {"wd": "valid"}, {"wd": "well-founded"}, {"wd": "well-grounded"}]], "rel_list": [[{"wd": "a posteriori"}, {"wd": "a priori"}, {"wd": "syllogistic"}], [{"wd": "cognitive"}, {"wd": "empirical", "wvrs": [{"wvl": "also", "wva": "empiric"}]}], [{"wd": "defendable"}, {"wd": "defensible"}, {"wd": "justifiable"}, {"wd": "maintainable"}, {"wd": "supportable"}, {"wd": "sustainable"}, {"wd": "tenable"}]], "near_list": [[{"wd": "casuistic", "wvrs": [{"wvl": "or", "wva": "casuistical"}]}, {"wd": "eristic", "wvrs": [{"wvl": "also", "wva": "eristical"}]}, {"wd": "fallacious"}, {"wd": "misleading"}, {"wd": "sophistic", "wvrs": [{"wvl": "or", "wva": "sophistical"}]}, {"wd": "specious"}], [{"wd": "unarticulated"}], [{"wd": "unscientific"}], [{"wd": "absurd"}, {"wd": "cockeyed"}, {"wd": "crazy"}, {"wd": "daffy"}, {"wd": "fatuous"}, {"wd": "half-baked"}, {"wd": "half-witted"}, {"wd": "harebrained"}, {"wd": "insane"}, {"wd": "loony", "wvrs": [{"wvl": "also", "wva": "looney"}]}, {"wd": "mad"}, {"wd": "nonsensical"}, {"wd": "nutty"}, {"wd": "preposterous"}, {"wd": "simpleminded"}, {"wd": "stupid"}, {"wd": "weak-minded"}, {"wd": "witless"}], [{"wd": "senseless"}, {"wd": "thoughtless"}], [{"wd": "uncompelling"}, {"wd": "unconvincing"}]], "ant_list": [[{"wd": "illegitimate"}, {"wd": "illogical"}, {"wd": "incoherent"}, {"wd": "inconsequent"}, {"wd": "inconsequential"}, {"wd": "invalid"}, {"wd": "irrational"}, {"wd": "unreasonable"}, {"wd": "unsound"}, {"wd": "weak"}]]}]], [["sense", {"sn": "4", "dt": [["text", "being to one's liking "], ["vis", [{"t": "that band's music is {it}good{/it}"}]]], "syn_list": [[{"wd": "agreeable"}, {"wd": "all right"}, {"wd": "alright"}, {"wd": "copacetic", "wvrs": [{"wvl": "also", "wva": "copasetic"}, {"wvl": "or", "wva": "copesetic"}]}, {"wd": "ducky"}, {"wd": "fine"}, {"wd": "hunky-dory"}, {"wd": "jake", "wsls": ["slang"]}, {"wd": "OK", "wvrs": [{"wvl": "or", "wva": "okay"}]}, {"wd": "palatable"}, {"wd": "satisfactory"}]], "rel_list": [[{"wd": "delectable"}, {"wd": "delicious"}, {"wd": "delightful"}, {"wd": "dreamy"}, {"wd": "felicitous"}, {"wd": "gratifying"}, {"wd": "nice"}, {"wd": "pleasant"}, {"wd": "pleasing"}, {"wd": "scrumptious"}, {"wd": "welcome"}], [{"wd": "acceptable"}, {"wd": "adequate"}, {"wd": "decent"}, {"wd": "passable"}, {"wd": "tolerable"}]], "near_list": [[{"wd": "bad"}, {"wd": "deficient"}, {"wd": "inferior"}, {"wd": "lousy"}, {"wd": "poor"}, {"wd": "punk"}, {"wd": "substandard"}, {"wd": "unacceptable"}, {"wd": "wanting"}, {"wd": "wretched"}], [{"wd": "mediocre"}, {"wd": "middling"}, {"wd": "second-class"}, {"wd": "second-rate"}]], "ant_list": [[{"wd": "disagreeable"}, {"wd": "unsatisfactory"}]]}]], [["sense", {"sn": "5", "dt": [["text", "expressing approval "], ["vis", [{"t": "gave the restaurant a {it}good{/it} review"}]]], "syn_list": [[{"wd": "admiring"}, {"wd": "applauding"}, {"wd": "appreciative"}, {"wd": "approbatory"}, {"wd": "approving"}, {"wd": "commendatory"}, {"wd": "complimentary"}, {"wd": "favorable"}, {"wd": "friendly"}, {"wd": "positive"}]], "rel_list": [[{"wd": "accepting"}, {"wd": "warm"}], [{"wd": "encomiastic"}, {"wd": "eulogistic"}, {"wd": "flattering"}, {"wd": "hagiographic", "wvrs": [{"wvl": "also", "wva": "hagiographical"}]}, {"wd": "laudative"}, {"wd": "laudatory"}, {"wd": "panegyrical"}, {"wd": "praiseful"}], [{"wd": "respectful"}, {"wd": "supportive"}, {"wd": "sympathetic"}], [{"wd": "adoring"}, {"wd": "adulatory"}, {"wd": "idolizing"}, {"wd": "worshipful"}, {"wd": "worshipping", "wvrs": [{"wvl": "also", "wva": "worshiping"}]}], [{"wd": "advisory"}, {"wd": "recommendatory"}]], "near_list": [[{"wd": "captious"}, {"wd": "carping"}, {"wd": "caviling", "wvrs": [{"wvl": "or", "wva": "cavilling"}]}, {"wd": "censuring"}, {"wd": "critical"}, {"wd": "faultfinding"}, {"wd": "hypercritical"}, {"wd": "overcritical"}], [{"wd": "belittling"}, {"wd": "contemptuous"}, {"wd": "disdainful"}, {"wd": "disparaging"}, {"wd": "scornful"}, {"wd": "slighting"}]], "ant_list": [[{"wd": "adverse"}, {"wd": "depreciative"}, {"wd": "depreciatory"}, {"wd": "derogatory"}, {"wd": "disapproving"}, {"wd": "inappreciative"}, {"wd": "negative"}, {"wd": "unappreciative"}, {"wd": "uncomplimentary"}, {"wd": "unfavorable"}, {"wd": "unflattering"}, {"wd": "unfriendly"}]]}]], [["sense", {"sn": "6", "dt": [["text", "firm in one's allegiance to someone or something "], ["vis", [{"t": "a {it}good{/it} Democrat who wouldn't dream of voting for a Republican candidate"}]]], "syn_list": [[{"wd": "constant"}, {"wd": "dedicated"}, {"wd": "devoted"}, {"wd": "devout"}, {"wd": "down-the-line"}, {"wd": "faithful"}, {"wd": "fast"}, {"wd": "loyal"}, {"wd": "pious"}, {"wd": "staunch", "wvrs": [{"wvl": "also", "wva": "stanch"}]}, {"wd": "steadfast"}, {"wd": "steady"}, {"wd": "true"}, {"wd": "true-blue"}]], "rel_list": [[{"wd": "dependable"}, {"wd": "dutiful"}, {"wd": "reliable"}, {"wd": "responsible"}, {"wd": "solid"}, {"wd": "tried"}, {"wd": "tried-and-true"}, {"wd": "trustworthy"}, {"wd": "trusty"}], [{"wd": "unfaltering"}, {"wd": "unhesitating"}, {"wd": "unwavering"}], [{"wd": "determined"}, {"wd": "intent"}, {"wd": "resolute"}], [{"wd": "confirmed"}, {"wd": "dyed-in-the-wool"}, {"wd": "inveterate"}, {"wd": "sworn"}], [{"wd": "ardent"}, {"wd": "avid"}, {"wd": "enthusiastic"}, {"wd": "fervent"}, {"wd": "fervid"}, {"wd": "gung ho"}, {"wd": "impassioned"}, {"wd": "passionate"}, {"wd": "serious"}]], "near_list": [[{"wd": "irresponsible"}, {"wd": "undependable"}, {"wd": "unreliable"}, {"wd": "untrustworthy"}], [{"wd": "faltering"}, {"wd": "hesitant"}, {"wd": "vacillating"}, {"wd": "wavering"}], [{"wd": "dubious"}, {"wd": "irresolute"}, {"wd": "shaky"}, {"wd": "uncertain"}], [{"wd": "apathetic"}, {"wd": "dispassionate"}, {"wd": "uninterested"}]], "ant_list": [[{"wd": "disloyal"}, {"wd": "faithless"}, {"wd": "false"}, {"wd": "fickle"}, {"wd": "inconstant"}, {"wd": "perfidious"}, {"wd": "recreant"}, {"wd": "traitorous"}, {"wd": "treacherous"}, {"wd": "unfaithful"}, {"wd": "untrue"}]]}]], [["sense", {"sn": "7", "dt": [["text", "giving pleasure or contentment to the mind or senses "], ["vis", [{"t": "we had a {it}good{/it} time at the movies"}]]], "syn_list": [[{"wd": "agreeable"}, {"wd": "blessed", "wvrs": [{"wvl": "also", "wva": "blest"}]}, {"wd": "congenial"}, {"wd": "darling"}, {"wd": "delectable"}, {"wd": "delicious"}, {"wd": "delightful"}, {"wd": "delightsome"}, {"wd": "dreamy"}, {"wd": "dulcet"}, {"wd": "enjoyable"}, {"wd": "felicitous"}, {"wd": "grateful"}, {"wd": "gratifying"}, {"wd": "heavenly"}, {"wd": "jolly"}, {"wd": "luscious"}, {"wd": "nice"}, {"wd": "palatable"}, {"wd": "pleasant"}, {"wd": "pleasing"}, {"wd": "pleasurable"}, {"wd": "pretty"}, {"wd": "satisfying"}, {"wd": "savory", "wvrs": [{"wvl": "also", "wva": "savoury"}]}, {"wd": "sweet"}, {"wd": "tasty"}, {"wd": "welcome"}]], "rel_list": [[{"wd": "alluring"}, {"wd": "attractive"}, {"wd": "desirable"}, {"wd": "enviable"}, {"wd": "inviting"}, {"wd": "relishable"}, {"wd": "tempting"}], [{"wd": "charming"}, {"wd": "enchanting"}, {"wd": "fascinating"}], [{"wd": "calming"}, {"wd": "comforting"}, {"wd": "soothing"}], [{"wd": "amusing"}, {"wd": "diverting"}, {"wd": "entertaining"}, {"wd": "recreative"}], [{"wd": "affable"}, {"wd": "amiable"}, {"wd": "cheerful"}, {"wd": "cheery"}, {"wd": "comfortable"}, {"wd": "gem\u00fctlich"}, {"wd": "genial"}, {"wd": "goodly"}, {"wd": "good-natured"}, {"wd": "gracious"}, {"wd": "hospitable"}, {"wd": "kindly"}, {"wd": "personable"}], [{"wd": "blissful"}, {"wd": "felicific"}, {"wd": "glad"}, {"wd": "happy"}, {"wd": "joyous"}], [{"wd": "elating"}, {"wd": "exhilarating"}, {"wd": "intoxicating"}], [{"wd": "ecstatic"}, {"wd": "euphoric"}, {"wd": "nirvanic"}, {"wd": "rapturous"}]], "near_list": [[{"wd": "abominable"}, {"wd": "ghastly"}, {"wd": "god-awful"}, {"wd": "hellish"}, {"wd": "horrid"}, {"wd": "miserable"}, {"wd": "wretched"}], [{"wd": "bilious"}, {"wd": "disgusting"}, {"wd": "distasteful"}, {"wd": "obnoxious"}, {"wd": "offensive"}, {"wd": "repellent", "wvrs": [{"wvl": "also", "wva": "repellant"}]}, {"wd": "repugnant"}, {"wd": "repulsive"}, {"wd": "revulsive"}, {"wd": "unsavory"}, {"wd": "vile"}, {"wd": "yucky", "wvrs": [{"wvl": "also", "wva": "yukky"}]}], [{"wd": "abhorrent"}, {"wd": "detestable"}, {"wd": "hateful"}, {"wd": "odious"}], [{"wd": "boring"}, {"wd": "commonplace"}, {"wd": "dull"}, {"wd": "flat"}, {"wd": "insipid"}, {"wd": "irksome"}, {"wd": "stale"}, {"wd": "tedious"}], [{"wd": "displeasing"}, {"wd": "dissatisfying"}], [{"wd": "depressing"}, {"wd": "disheartening"}, {"wd": "dismal"}, {"wd": "dreary"}, {"wd": "gloomy"}, {"wd": "heartbreaking"}, {"wd": "heartrending"}, {"wd": "joyless"}, {"wd": "lachrymose"}, {"wd": "sad"}, {"wd": "unhappy"}], [{"wd": "deplorable"}, {"wd": "doleful"}, {"wd": "dolorous"}, {"wd": "lamentable"}, {"wd": "lugubrious"}, {"wd": "mournful"}, {"wd": "regrettable"}, {"wd": "sorrowful"}, {"wd": "tragic", "wvrs": [{"wvl": "also", "wva": "tragical"}]}], [{"wd": "aggravating"}, {"wd": "annoying"}, {"wd": "exasperating"}, {"wd": "irritating"}, {"wd": "peeving"}, {"wd": "perturbing"}, {"wd": "vexing"}], [{"wd": "forbidding"}], [{"wd": "hostile"}, {"wd": "intimidating"}], [{"wd": "angering"}, {"wd": "enraging"}, {"wd": "incensing"}, {"wd": "inflaming", "wvrs": [{"wvl": "also", "wva": "enflaming"}]}, {"wd": "infuriating"}, {"wd": "maddening"}, {"wd": "outraging"}, {"wd": "rankling"}, {"wd": "riling"}], [{"wd": "distressing"}, {"wd": "disturbing"}, {"wd": "upsetting"}]], "ant_list": [[{"wd": "disagreeable"}, {"wd": "pleasureless"}, {"wd": "unpalatable"}, {"wd": "unpleasant"}, {"wd": "unwelcome"}]]}]], [["sense", {"sn": "8", "dt": [["text", "having or showing exceptional knowledge, experience, or skill in a field of endeavor "], ["vis", [{"t": "he's {it}good{/it} at math"}]]], "syn_list": [[{"wd": "accomplished"}, {"wd": "ace"}, {"wd": "adept"}, {"wd": "compleat"}, {"wd": "complete"}, {"wd": "consummate"}, {"wd": "crack"}, {"wd": "crackerjack"}, {"wd": "educated"}, {"wd": "experienced"}, {"wd": "expert"}, {"wd": "great"}, {"wd": "master"}, {"wd": "masterful"}, {"wd": "masterly"}, {"wd": "practiced", "wvrs": [{"wvl": "also", "wva": "practised"}]}, {"wd": "professed"}, {"wd": "proficient"}, {"wd": "skilled"}, {"wd": "skillful"}, {"wd": "versed"}, {"wd": "veteran"}, {"wd": "virtuoso"}]], "rel_list": [[{"wd": "adroit"}, {"wd": "clever"}, {"wd": "deft"}, {"wd": "dexterous", "wvrs": [{"wvl": "also", "wva": "dextrous"}]}, {"wd": "handy"}, {"wd": "slick"}, {"wd": "sure-handed"}], [{"wd": "gifted"}, {"wd": "talented"}], [{"wd": "polished"}, {"wd": "refined"}], [{"wd": "effective"}, {"wd": "effectual"}, {"wd": "efficient"}, {"wd": "workmanlike"}], [{"wd": "able"}, {"wd": "capable"}, {"wd": "competent"}, {"wd": "employable"}, {"wd": "fit"}, {"wd": "fitted"}, {"wd": "habile"}, {"wd": "qualified"}], [{"wd": "knowledgeable"}, {"wd": "schooled"}, {"wd": "taught"}, {"wd": "trained"}, {"wd": "tutored"}], [{"wd": "all-around", "wvrs": [{"wvl": "also", "wva": "all-round"}]}, {"wd": "well-rounded"}], [{"wd": "long-term"}, {"wd": "old"}], [{"wd": "multiskilled"}, {"wd": "multitalented"}]], "near_list": [[{"wd": "incapable"}, {"wd": "incompetent"}, {"wd": "inept"}, {"wd": "unable"}, {"wd": "unfit"}, {"wd": "unfitted"}, {"wd": "unqualified"}, {"wd": "weak"}], [{"wd": "artless"}, {"wd": "crude"}, {"wd": "rude"}], [{"wd": "ineffective"}, {"wd": "ineffectual"}, {"wd": "inefficient"}], [{"wd": "talentless"}, {"wd": "ungifted"}, {"wd": "untalented"}], [{"wd": "ignorant"}, {"wd": "unschooled"}, {"wd": "untaught"}, {"wd": "untrained"}, {"wd": "untutored"}], [{"wd": "beginning"}, {"wd": "green"}, {"wd": "inexperienced"}, {"wd": "new"}, {"wd": "raw"}, {"wd": "unseasoned"}, {"wd": "untested"}, {"wd": "untried"}, {"wd": "would-be"}], [{"wd": "primitive"}, {"wd": "rough"}, {"wd": "unpolished"}], [{"wd": "awkward"}, {"wd": "clumsy"}, {"wd": "ham-fisted"}, {"wd": "ham-handed"}, {"wd": "heavy-handed"}]], "ant_list": [[{"wd": "amateur"}, {"wd": "amateurish"}, {"wd": "inexperienced"}, {"wd": "inexpert"}, {"wd": "jackleg"}, {"wd": "unprofessional"}, {"wd": "unseasoned"}, {"wd": "unskilled"}, {"wd": "unskillful"}]]}]], [["sense", {"sn": "9", "dt": [["text", "having sufficient worth or merit to receive one's honor, esteem, or reward "], ["vis", [{"t": "she is {it}good{/it} enough to win a fellowship"}]]], "syn_list": [[{"wd": "deserving"}, {"wd": "meritorious"}, {"wd": "worthy"}]], "rel_list": [[{"wd": "admirable"}, {"wd": "commendable"}, {"wd": "creditable"}, {"wd": "laudable"}, {"wd": "praiseworthy"}], [{"wd": "invaluable"}, {"wd": "priceless"}], [{"wd": "cherished"}, {"wd": "prized"}, {"wd": "treasured"}], [{"wd": "choice"}, {"wd": "excellent"}, {"wd": "exceptional"}, {"wd": "fancy"}, {"wd": "high-grade"}, {"wd": "primary"}, {"wd": "prime"}, {"wd": "special"}]], "near_list": [[{"wd": "base"}, {"wd": "cheap"}, {"wd": "inferior"}, {"wd": "second-rate"}, {"wd": "substandard"}], [{"wd": "bad"}, {"wd": "defective"}, {"wd": "flawed"}, {"wd": "imperfect"}], [{"wd": "deficient"}, {"wd": "inadequate"}, {"wd": "insufficient"}, {"wd": "unacceptable"}, {"wd": "unsatisfactory"}]], "ant_list": [[{"wd": "no-good"}, {"wd": "undeserving"}, {"wd": "valueless"}, {"wd": "worthless"}]]}]], [["sense", {"sn": "10", "dt": [["text", "having the required skills for an acceptable level of performance "], ["vis", [{"t": "that electrician is {it}good{/it} at what he does"}]]], "syn_list": [[{"wd": "able"}, {"wd": "capable"}, {"wd": "competent"}, {"wd": "equal"}, {"wd": "fit"}, {"wd": "qualified"}, {"wd": "suitable"}]], "rel_list": [[{"wd": "accomplished"}, {"wd": "ace"}, {"wd": "adept"}, {"wd": "experienced"}, {"wd": "expert"}, {"wd": "master"}, {"wd": "masterful"}, {"wd": "masterly"}, {"wd": "practiced", "wvrs": [{"wvl": "also", "wva": "practised"}]}, {"wd": "proficient"}, {"wd": "seasoned"}, {"wd": "skilled"}, {"wd": "skillful"}, {"wd": "veteran"}], [{"wd": "overqualified"}], [{"wd": "prepared"}, {"wd": "schooled"}, {"wd": "trained"}], [{"wd": "apt"}, {"wd": "ready"}, {"wd": "willing"}], [{"wd": "all-around", "wvrs": [{"wvl": "also", "wva": "all-round"}]}, {"wd": "protean"}, {"wd": "versatile"}]], "phrase_list": [[{"wd": "on the ball"}]], "near_list": [[{"wd": "inexperienced"}, {"wd": "inexpert"}, {"wd": "unseasoned"}, {"wd": "unskilled"}, {"wd": "unskillful"}], [{"wd": "unprepared"}, {"wd": "unschooled"}, {"wd": "untrained"}], [{"wd": "beginning"}, {"wd": "green"}, {"wd": "new"}, {"wd": "raw"}, {"wd": "untested"}, {"wd": "untried"}]], "ant_list": [[{"wd": "incompetent"}, {"wd": "inept"}, {"wd": "poor"}, {"wd": "unfit"}, {"wd": "unfitted"}, {"wd": "unqualified"}]]}]], [["sense", {"sn": "11", "dt": [["text", "meeting the requirements of a purpose or situation "], ["vis", [{"t": "those rotten apples aren't {it}good{/it} to eat"}]]], "syn_list": [[{"wd": "applicable"}, {"wd": "appropriate"}, {"wd": "apt"}, {"wd": "becoming"}, {"wd": "befitting"}, {"wd": "felicitous"}, {"wd": "fit"}, {"wd": "fitted"}, {"wd": "fitting"}, {"wd": "happy"}, {"wd": "meet"}, {"wd": "pretty"}, {"wd": "proper"}, {"wd": "right"}, {"wd": "suitable"}]], "rel_list": [[{"wd": "condign"}, {"wd": "deserved"}, {"wd": "just"}, {"wd": "justified"}], [{"wd": "needed"}, {"wd": "required"}, {"wd": "requisite"}], [{"wd": "able"}, {"wd": "capable"}, {"wd": "competent"}, {"wd": "cut out"}, {"wd": "qualified"}, {"wd": "trained"}], [{"wd": "pitch-perfect"}], [{"wd": "acceptable"}, {"wd": "adequate"}, {"wd": "decent"}, {"wd": "kosher"}, {"wd": "satisfactory"}, {"wd": "serviceable"}, {"wd": "tolerable"}], [{"wd": "correct"}, {"wd": "decorous"}, {"wd": "respectable"}, {"wd": "seemly"}], [{"wd": "balanced"}, {"wd": "companionate"}, {"wd": "congruous"}, {"wd": "consonant"}, {"wd": "harmonious"}], [{"wd": "rightful"}]], "phrase_list": [[{"wd": "in order"}]], "near_list": [[{"wd": "incapable"}, {"wd": "incompetent"}, {"wd": "inept"}, {"wd": "inexpert"}, {"wd": "unqualified"}, {"wd": "unskilled"}, {"wd": "unskillful"}, {"wd": "untrained"}], [{"wd": "inadequate"}, {"wd": "intolerable"}, {"wd": "unacceptable"}, {"wd": "unsatisfactory"}], [{"wd": "graceless"}, {"wd": "incorrect"}, {"wd": "indecorous"}], [{"wd": "incompatible"}, {"wd": "uncongenial"}]], "ant_list": [[{"wd": "improper"}, {"wd": "inapplicable"}, {"wd": "inapposite"}, {"wd": "inappropriate"}, {"wd": "inapt"}, {"wd": "incongruous"}, {"wd": "indecent"}, {"wd": "infelicitous"}, {"wd": "malapropos"}, {"wd": "misbecoming"}, {"wd": "unapt"}, {"wd": "unbecoming"}, {"wd": "unbeseeming"}, {"wd": "unfit"}, {"wd": "unfitting"}, {"wd": "unhappy"}, {"wd": "unmeet"}, {"wd": "unseemly"}, {"wd": "unsuitable"}, {"wd": "wrong"}]]}]], [["sense", {"sn": "12", "dt": [["text", "sufficiently large in size, amount, or number to merit attention "], ["vis", [{"t": "had a {it}good{/it} number of valuable baseball cards in his collection"}]]], "syn_list": [[{"wd": "biggish"}, {"wd": "considerable"}, {"wd": "goodly"}, {"wd": "handsome"}, {"wd": "healthy"}, {"wd": "largish"}, {"wd": "major"}, {"wd": "respectable"}, {"wd": "significant"}, {"wd": "sizable", "wvrs": [{"wvl": "or", "wva": "sizeable"}]}, {"wd": "substantial"}, {"wd": "substantive"}, {"wd": "tidy"}]], "rel_list": [[{"wd": "big"}, {"wd": "bulky"}, {"wd": "hefty"}, {"wd": "hulking"}, {"wd": "outsize", "wvrs": [{"wvl": "also", "wva": "outsized"}]}, {"wd": "oversize", "wvrs": [{"wvl": "or", "wva": "oversized"}]}, {"wd": "voluminous"}], [{"wd": "astronomical", "wvrs": [{"wvl": "also", "wva": "astronomic"}]}, {"wd": "bumper"}, {"wd": "colossal"}, {"wd": "elephantine"}, {"wd": "enormous"}, {"wd": "gigantic"}, {"wd": "great"}, {"wd": "herculean"}, {"wd": "huge"}, {"wd": "immense"}, {"wd": "jumbo"}, {"wd": "king-size", "wvrs": [{"wvl": "or", "wva": "king-sized"}]}, {"wd": "mammoth"}, {"wd": "massive"}, {"wd": "monstrous"}, {"wd": "monumental"}, {"wd": "prodigious"}, {"wd": "titanic"}, {"wd": "tremendous"}, {"wd": "whopping"}]], "near_list": [[{"wd": "measly"}, {"wd": "minute"}, {"wd": "paltry"}, {"wd": "petty"}, {"wd": "picayune"}, {"wd": "picayunish"}, {"wd": "piddling"}, {"wd": "puny"}, {"wd": "trifling"}, {"wd": "trivial"}, {"wd": "unimportant"}], [{"wd": "marginal"}, {"wd": "meager", "wvrs": [{"wvl": "or", "wva": "meagre"}]}, {"wd": "slight"}], [{"wd": "little"}, {"wd": "small"}, {"wd": "tiny"}, {"wd": "undersized", "wvrs": [{"wvl": "also", "wva": "undersize"}]}], [{"wd": "bitty"}, {"wd": "diminutive"}, {"wd": "miniature"}, {"wd": "pint-size", "wvrs": [{"wvl": "or", "wva": "pint-sized"}]}, {"wd": "pocket"}, {"wd": "pocket-size", "wvrs": [{"wvl": "also", "wva": "pocket-sized"}]}, {"wd": "pygmy"}, {"wd": "smallish"}]], "ant_list": [[{"wd": "inconsequential"}, {"wd": "inconsiderable"}, {"wd": "insignificant"}, {"wd": "insubstantial"}, {"wd": "negligible"}, {"wd": "nominal"}]]}]], [["sense", {"sn": "13", "dt": [["text", "worthy of one's trust "], ["vis", [{"t": "a car that should be {it}good{/it} for another few years"}]]], "syn_list": [[{"wd": "calculable"}, {"wd": "dependable"}, {"wd": "reliable"}, {"wd": "responsible"}, {"wd": "safe"}, {"wd": "secure"}, {"wd": "solid"}, {"wd": "steady"}, {"wd": "sure"}, {"wd": "tried"}, {"wd": "tried-and-true"}, {"wd": "true"}, {"wd": "trustable"}, {"wd": "trustworthy"}, {"wd": "trusty"}]], "rel_list": [[{"wd": "constant"}, {"wd": "devoted"}, {"wd": "faithful"}, {"wd": "fast"}, {"wd": "loyal"}, {"wd": "staunch", "wvrs": [{"wvl": "also", "wva": "stanch"}]}, {"wd": "steadfast"}, {"wd": "true-blue"}], [{"wd": "honest"}, {"wd": "sincere"}, {"wd": "single-minded"}], [{"wd": "infallible"}, {"wd": "unerring"}], [{"wd": "bedrock"}, {"wd": "firm"}, {"wd": "sound"}, {"wd": "strong"}], [{"wd": "effective"}, {"wd": "telling"}], [{"wd": "attested"}, {"wd": "authenticated"}, {"wd": "confirmed"}, {"wd": "proven"}, {"wd": "valid"}, {"wd": "validated"}, {"wd": "verified"}], [{"wd": "blameless"}, {"wd": "faultless"}, {"wd": "guiltless"}, {"wd": "impeccable"}, {"wd": "inerrant"}, {"wd": "irreproachable"}, {"wd": "unimpeachable"}, {"wd": "unquestionable"}]], "near_list": [[{"wd": "disloyal"}, {"wd": "faithless"}, {"wd": "false"}, {"wd": "fickle"}, {"wd": "inconstant"}, {"wd": "perfidious"}, {"wd": "recreant"}, {"wd": "traitorous"}, {"wd": "treacherous"}, {"wd": "unfaithful"}, {"wd": "untrue"}], [{"wd": "deceitful"}, {"wd": "dishonest"}, {"wd": "lying"}, {"wd": "mendacious"}, {"wd": "untruthful"}], [{"wd": "debatable"}, {"wd": "disputable"}, {"wd": "doubtable"}, {"wd": "doubtful"}, {"wd": "dubious"}, {"wd": "fishy"}, {"wd": "problematic", "wvrs": [{"wvl": "also", "wva": "problematical"}]}, {"wd": "questionable"}, {"wd": "shady"}, {"wd": "shaky"}, {"wd": "suspect"}, {"wd": "uncertain"}, {"wd": "unsound"}], [{"wd": "hazardous"}, {"wd": "risky"}], [{"wd": "unconfirmed"}, {"wd": "untried"}]], "ant_list": [[{"wd": "dodgy", "wsls": ["chiefly British"]}, {"wd": "uncertain"}, {"wd": "undependable"}, {"wd": "unreliable"}, {"wd": "unsafe"}, {"wd": "untrustworthy"}]]}]], [["sense", {"sn": "14", "dt": [["text", "being in agreement with the truth or a fact or a standard "], ["vis", [{"t": "if these measurements are {it}good{/it}, the venetian blind should fit the window perfectly"}]]], "syn_list": [[{"wd": "accurate"}, {"wd": "bang on", "wsls": ["chiefly British"]}, {"wd": "correct"}, {"wd": "dead-on"}, {"wd": "exact"}, {"wd": "on-target"}, {"wd": "precise"}, {"wd": "proper"}, {"wd": "right"}, {"wd": "so"}, {"wd": "spot-on"}, {"wd": "true"}, {"wd": "veracious"}]], "rel_list": [[{"wd": "legitimate"}, {"wd": "logical"}, {"wd": "sound"}, {"wd": "valid"}], [{"wd": "errorless"}, {"wd": "faultless"}, {"wd": "flawless"}, {"wd": "impeccable"}, {"wd": "inerrant"}, {"wd": "infallible"}, {"wd": "letter-perfect"}, {"wd": "perfect"}], [{"wd": "rigorous"}, {"wd": "strict"}, {"wd": "stringent"}]], "phrase_list": [[{"wd": "on target"}, {"wd": "on the money"}]], "near_list": [[{"wd": "defective"}, {"wd": "faulty"}, {"wd": "flawed"}, {"wd": "imperfect"}]], "ant_list": [[{"wd": "false"}, {"wd": "improper"}, {"wd": "inaccurate"}, {"wd": "incorrect"}, {"wd": "inexact"}, {"wd": "off"}, {"wd": "untrue"}, {"wd": "wrong"}]]}]], [["sense", {"sn": "15", "dt": [["text", "very pleasing to look at "], ["vis", [{"t": "an actress who always looks {it}good{/it} on-screen"}]]], "syn_list": [[{"wd": "aesthetic", "wvrs": [{"wvl": "also", "wva": "esthetic"}, {"wvl": "or", "wva": "aesthetical"}, {"wvl": "or", "wva": "esthetical"}]}, {"wd": "attractive"}, {"wd": "beauteous"}, {"wd": "beautiful"}, {"wd": "bonny", "wvrs": [{"wvl": "also", "wva": "bonnie"}], "wsls": ["chiefly British"]}, {"wd": "comely"}, {"wd": "cute"}, {"wd": "drop-dead"}, {"wd": "fair"}, {"wd": "fetching"}, {"wd": "good-looking"}, {"wd": "goodly"}, {"wd": "gorgeous"}, {"wd": "handsome"}, {"wd": "knockout"}, {"wd": "likely"}, {"wd": "lovely"}, {"wd": "lovesome"}, {"wd": "pretty"}, {"wd": "ravishing"}, {"wd": "seemly"}, {"wd": "sightly"}, {"wd": "stunning"}, {"wd": "taking"}, {"wd": "well-favored"}]], "rel_list": [[{"wd": "alluring"}, {"wd": "appealing"}, {"wd": "charming"}, {"wd": "cunning"}, {"wd": "delightful"}, {"wd": "engaging"}, {"wd": "fascinating"}, {"wd": "glamorous", "wvrs": [{"wvl": "also", "wva": "glamourous"}]}, {"wd": "prepossessing"}], [{"wd": "elegant"}, {"wd": "exquisite"}, {"wd": "glorious"}, {"wd": "Junoesque"}, {"wd": "magnificent"}, {"wd": "resplendent"}, {"wd": "splendid"}, {"wd": "statuesque"}, {"wd": "sublime"}, {"wd": "superb"}], [{"wd": "flawless"}, {"wd": "perfect"}, {"wd": "radiant"}], [{"wd": "dainty"}, {"wd": "delicate"}], [{"wd": "personable"}, {"wd": "pleasant"}, {"wd": "presentable"}], [{"wd": "chocolate-box"}, {"wd": "prettyish"}], [{"wd": "desirable"}, {"wd": "dishy"}, {"wd": "dollish"}, {"wd": "foxy"}, {"wd": "hot"}, {"wd": "luscious"}, {"wd": "nubile"}, {"wd": "pulchritudinous"}, {"wd": "seductive"}, {"wd": "sexy"}, {"wd": "toothsome"}], [{"wd": "hunky"}, {"wd": "studly", "wsls": ["slang"]}], [{"wd": "arresting"}, {"wd": "eye-catching"}, {"wd": "flamboyant"}, {"wd": "flashy"}, {"wd": "glossy"}, {"wd": "showstopping"}, {"wd": "showy"}, {"wd": "slick"}, {"wd": "snazzy"}, {"wd": "splashy"}, {"wd": "striking"}, {"wd": "zingy"}], [{"wd": "photogenic"}, {"wd": "telegenic"}]], "near_list": [[{"wd": "abhorrent"}, {"wd": "abominable"}, {"wd": "bad"}, {"wd": "disagreeable"}, {"wd": "disgusting"}, {"wd": "dreadful"}, {"wd": "foul"}, {"wd": "frightful"}, {"wd": "ghastly"}, {"wd": "horrible"}, {"wd": "loathsome"}, {"wd": "nasty"}, {"wd": "nauseating"}, {"wd": "objectionable"}, {"wd": "offensive"}, {"wd": "repellent", "wvrs": [{"wvl": "also", "wva": "repellant"}]}, {"wd": "repugnant"}, {"wd": "repulsive"}, {"wd": "revolting"}, {"wd": "shocking"}, {"wd": "sickening"}, {"wd": "terrible"}, {"wd": "vile"}], [{"wd": "unappealing"}, {"wd": "unappetizing"}, {"wd": "unimposing"}, {"wd": "unpleasant"}, {"wd": "unprepossessing"}], [{"wd": "frumpish"}, {"wd": "frumpy"}, {"wd": "unbecoming"}, {"wd": "unshapely"}]], "ant_list": [[{"wd": "grotesque"}, {"wd": "hideous"}, {"wd": "homely"}, {"wd": "ill-favored"}, {"wd": "plain"}, {"wd": "ugly"}, {"wd": "unaesthetic"}, {"wd": "unattractive"}, {"wd": "unbeautiful"}, {"wd": "uncomely"}, {"wd": "uncute"}, {"wd": "unhandsome"}, {"wd": "unlovely"}, {"wd": "unpleasing"}, {"wd": "unpretty"}, {"wd": "unsightly"}]]}]], [["sense", {"sn": "16", "dt": [["text", "beneficial to the health of body or mind "], ["vis", [{"t": "eating a {it}good{/it} breakfast will provide you with more energy during the day"}, {"t": "didn't like broccoli even though he knew it was {it}good{/it} for him"}]]], "syn_list": [[{"wd": "healthful"}, {"wd": "healthy"}, {"wd": "medicinal"}, {"wd": "restorative"}, {"wd": "salubrious"}, {"wd": "salutary"}, {"wd": "salutiferous"}, {"wd": "sanative"}, {"wd": "tonic"}, {"wd": "wholesome"}]], "rel_list": [[{"wd": "alleviative"}, {"wd": "corrective"}, {"wd": "curative"}, {"wd": "recuperative"}, {"wd": "refreshing"}, {"wd": "rehabilitative"}, {"wd": "rejuvenating"}, {"wd": "rejuvenescent"}, {"wd": "remedial"}], [{"wd": "advantageous"}, {"wd": "useful"}], [{"wd": "antiseptic"}, {"wd": "aseptic"}, {"wd": "clean"}, {"wd": "hygienic"}, {"wd": "sanitary"}], [{"wd": "nourishing"}, {"wd": "nutritional"}, {"wd": "nutritious"}], [{"wd": "nonpoisonous"}, {"wd": "nontoxic"}]], "near_list": [[{"wd": "damaging"}, {"wd": "deleterious"}, {"wd": "harmful"}, {"wd": "injurious"}, {"wd": "pernicious"}], [{"wd": "infectious"}, {"wd": "poisonous"}, {"wd": "sickening"}, {"wd": "toxic"}], [{"wd": "insanitary"}, {"wd": "unhygienic"}, {"wd": "unsanitary"}]], "ant_list": [[{"wd": "insalubrious"}, {"wd": "noxious"}, {"wd": "unhealthful"}, {"wd": "unhealthy"}, {"wd": "unwholesome"}]]}]], [["sense", {"sn": "17", "dt": [["text", "having or showing a concern for the welfare of others "], ["vis", [{"t": "if the church is to stay open, it's going to have to receive more than {it}good{/it} intentions from its members"}]]], "syn_list": [[{"wd": "altruistic"}, {"wd": "beneficent"}, {"wd": "benevolent"}, {"wd": "charitable"}, {"wd": "do-good"}, {"wd": "eleemosynary"}, {"wd": "humanitarian"}, {"wd": "philanthropic", "wvrs": [{"wvl": "also", "wva": "philanthropical"}]}]], "rel_list": [[{"wd": "selfless"}, {"wd": "self-sacrificing"}], [{"wd": "bighearted"}, {"wd": "bounteous"}, {"wd": "bountiful"}, {"wd": "free"}, {"wd": "freehanded"}, {"wd": "generous"}, {"wd": "greathearted"}, {"wd": "handsome"}, {"wd": "liberal"}, {"wd": "magnanimous"}, {"wd": "munificent"}, {"wd": "openhanded"}, {"wd": "openhearted"}, {"wd": "unselfish"}, {"wd": "unsparing"}], [{"wd": "compassionate"}, {"wd": "humane"}, {"wd": "kind"}, {"wd": "kindhearted"}], [{"wd": "social-minded"}]], "near_list": [[{"wd": "self-indulgent"}, {"wd": "self-seeking"}], [{"wd": "cheap"}, {"wd": "closefisted"}, {"wd": "miserly"}, {"wd": "niggardly"}, {"wd": "parsimonious"}, {"wd": "stingy"}, {"wd": "tight"}, {"wd": "tightfisted"}], [{"wd": "hard-hearted"}, {"wd": "pitiless"}, {"wd": "unfeeling"}], [{"wd": "self-obsessed"}]], "ant_list": [[{"wd": "self-centered"}, {"wd": "self-concerned"}, {"wd": "selfish"}]]}]], [["sense", {"sn": "18", "dt": [["text", "of a level of quality that meets one's needs or standards "], ["vis", [{"t": "the food at that restaurant is {it}good{/it} but hardly great"}]]], "syn_list": [[{"wd": "acceptable"}, {"wd": "adequate"}, {"wd": "all right"}, {"wd": "decent"}, {"wd": "fairish"}, {"wd": "fine"}, {"wd": "OK", "wvrs": [{"wvl": "or", "wva": "okay"}]}, {"wd": "passable"}, {"wd": "respectable"}, {"wd": "satisfactory"}, {"wd": "serviceable"}, {"wd": "tolerable"}]], "rel_list": [[{"wd": "agreeable"}, {"wd": "bearable"}, {"wd": "endurable"}, {"wd": "sufferable"}], [{"wd": "average"}, {"wd": "fair"}, {"wd": "indifferent"}, {"wd": "mediocre"}, {"wd": "middling"}, {"wd": "minimal"}], [{"wd": "common"}, {"wd": "ordinary"}, {"wd": "run-of-the-mill"}, {"wd": "run-of-the-mine", "wvrs": [{"wvl": "or", "wva": "run-of-mine"}]}, {"wd": "second-rate"}, {"wd": "so-so"}], [{"wd": "standard"}, {"wd": "unexceptional"}], [{"wd": "appropriate"}, {"wd": "correct"}, {"wd": "due"}, {"wd": "fitting"}, {"wd": "meet"}, {"wd": "proper"}, {"wd": "right"}, {"wd": "seemly"}, {"wd": "suitable"}, {"wd": "useful"}, {"wd": "worthy"}], [{"wd": "gratifying"}, {"wd": "satisfying"}]], "phrase_list": [[{"wd": "up to snuff"}]], "near_list": [[{"wd": "disagreeable"}, {"wd": "disreputable"}, {"wd": "improper"}, {"wd": "indecent"}, {"wd": "objectionable"}, {"wd": "unfit"}, {"wd": "unsuitable"}, {"wd": "unworthy"}, {"wd": "useless"}, {"wd": "wrong"}], [{"wd": "bad"}, {"wd": "cheap"}, {"wd": "defective"}, {"wd": "faulty"}, {"wd": "imperfect"}, {"wd": "incomplete"}, {"wd": "lamentable"}, {"wd": "pitiful"}, {"wd": "shoddy"}], [{"wd": "dissatisfying"}], [{"wd": "insufficient"}, {"wd": "meager", "wvrs": [{"wvl": "or", "wva": "meagre"}]}, {"wd": "mean"}, {"wd": "miserly"}, {"wd": "niggardly"}, {"wd": "poor"}, {"wd": "scanty"}, {"wd": "shabby"}, {"wd": "short"}, {"wd": "skimpy"}, {"wd": "spare"}, {"wd": "stingy"}], [{"wd": "insufferable"}, {"wd": "intolerable"}, {"wd": "unbearable"}, {"wd": "unendurable"}], [{"wd": "atrocious"}, {"wd": "execrable"}, {"wd": "miserable"}, {"wd": "vile"}, {"wd": "wretched"}], [{"wd": "exceptional"}, {"wd": "exquisite"}, {"wd": "extreme"}, {"wd": "fancy"}, {"wd": "first-class"}, {"wd": "high-grade"}, {"wd": "matchless"}, {"wd": "maximized"}, {"wd": "maximum"}, {"wd": "optimal"}, {"wd": "optimum"}, {"wd": "peerless"}, {"wd": "preeminent"}, {"wd": "premium"}, {"wd": "special"}, {"wd": "supreme"}, {"wd": "unmatched"}, {"wd": "unparalleled"}], [{"wd": "A1"}, {"wd": "bang-up"}, {"wd": "banner"}, {"wd": "boss", "wsls": ["slang"]}, {"wd": "capital"}, {"wd": "classic"}, {"wd": "crackerjack"}, {"wd": "dandy"}, {"wd": "divine"}, {"wd": "fabulous"}, {"wd": "first-rate"}, {"wd": "grand"}, {"wd": "great"}, {"wd": "groovy"}, {"wd": "heavenly"}, {"wd": "jim-dandy"}, {"wd": "keen"}, {"wd": "marvelous", "wvrs": [{"wvl": "or", "wva": "marvellous"}]}, {"wd": "mean"}, {"wd": "neat"}, {"wd": "nifty"}, {"wd": "noble"}, {"wd": "par excellence"}, {"wd": "prime"}, {"wd": "sensational"}, {"wd": "splendid"}, {"wd": "stellar"}, {"wd": "sterling"}, {"wd": "superb"}, {"wd": "superior"}, {"wd": "superlative"}, {"wd": "supernal"}, {"wd": "swell"}, {"wd": "terrific"}, {"wd": "tip-top"}, {"wd": "top"}, {"wd": "top-notch"}, {"wd": "unsurpassed"}, {"wd": "wonderful"}]], "ant_list": [[{"wd": "deficient"}, {"wd": "inadequate"}, {"wd": "insufficient"}, {"wd": "lacking"}, {"wd": "unacceptable"}, {"wd": "unsatisfactory"}, {"wd": "wanting"}]]}]], [["sense", {"sn": "19", "dt": [["text", "promoting or contributing to personal or social well-being "], ["vis", [{"t": "product packaging that is intended to be {it}good{/it} for the environment"}]]], "syn_list": [[{"wd": "advantageous"}, {"wd": "benefic"}, {"wd": "beneficent"}, {"wd": "beneficial"}, {"wd": "benignant"}, {"wd": "favorable"}, {"wd": "friendly"}, {"wd": "helpful"}, {"wd": "kindly"}, {"wd": "profitable"}, {"wd": "salutary"}]], "rel_list": [[{"wd": "gratifying"}, {"wd": "rewarding"}, {"wd": "satisfying"}], [{"wd": "auspicious"}, {"wd": "promising"}, {"wd": "propitious"}], [{"wd": "advisable"}, {"wd": "desirable"}, {"wd": "healthful"}, {"wd": "healthy"}, {"wd": "salubrious"}, {"wd": "salutiferous"}, {"wd": "wholesome"}], [{"wd": "gainful"}, {"wd": "lucrative"}, {"wd": "remunerative"}], [{"wd": "ameliorative"}, {"wd": "amelioratory"}, {"wd": "bettering"}, {"wd": "constructive"}, {"wd": "supportive"}]], "near_list": [[{"wd": "damaging"}, {"wd": "deleterious"}, {"wd": "harmful"}, {"wd": "injurious"}, {"wd": "insalubrious"}]], "ant_list": [[{"wd": "bad"}, {"wd": "disadvantageous"}, {"wd": "unfavorable"}, {"wd": "unfriendly"}, {"wd": "unhelpful"}, {"wd": "unprofitable"}]]}]]]}], "shortdef": ["based on sound reasoning or information", "conforming to a high standard of morality or virtue", "according to the rules of logic"]}, {"meta": {"id": "good", "uuid": "b824835d-51ef-4ee6-84a3-8fda45a0e683", "src": "coll_thes", "section": "alpha", "target": {"tuuid": "83b269cd-3fc6-4caa-921e-4e372eb7c041", "tsrc": "collegiate"}, "stems": ["good", "goods", "in good with", "to the good"], "syns": [["benediction", "benefit", "blessing", "boon", "felicity", "godsend", "manna", "windfall"], ["interest", "weal", "welfare", "well-being"], ["commodities", "merchandise", "wares"], ["capability", "credentials", "qualification", "stuff"], ["belongings", "chattels", "duds", "effects", "gear", "holdings", "movables", "paraphernalia", "personal effects", "personal property", "personalty", "plunder", "possession", "stuff", "things"]], "ants": [["affliction", "bane", "curse", "evil", "plague", "scourge"], ["ill-being"]], "offensive": false}, "hwi": {"hw": "good"}, "fl": "noun", "def": [{"sseq": [[["sense", {"sn": "1", "dt": [["text", "something that provides happiness or does good for a person or thing "], ["vis", [{"t": "let us praise God, from Whom all {it}goods{/it} flow"}]]], "syn_list": [[{"wd": "benediction"}, {"wd": "benefit"}, {"wd": "blessing"}, {"wd": "boon"}, {"wd": "felicity"}, {"wd": "godsend"}, {"wd": "manna"}, {"wd": "windfall"}]], "rel_list": [[{"wd": "grace"}, {"wd": "mercy"}], [{"wd": "favor"}, {"wd": "kindness"}, {"wd": "mitzvah"}], [{"wd": "advantage"}, {"wd": "aid"}, {"wd": "assistance"}, {"wd": "gift"}, {"wd": "help"}, {"wd": "relief"}, {"wd": "support"}], [{"wd": "anodyne"}, {"wd": "comfort"}, {"wd": "consolation"}, {"wd": "solace"}], [{"wd": "bonus"}, {"wd": "extra"}, {"wd": "lagniappe"}], [{"wd": "delight"}, {"wd": "joy"}, {"wd": "pleasure"}]], "near_list": [[{"wd": "hex"}, {"wd": "hoodoo"}, {"wd": "jinx"}], [{"wd": "bother"}, {"wd": "irritant"}, {"wd": "nuisance"}, {"wd": "pest"}], [{"wd": "disadvantage"}], [{"wd": "cross"}, {"wd": "misery"}, {"wd": "trial"}, {"wd": "tribulation"}]], "ant_list": [[{"wd": "affliction"}, {"wd": "bane"}, {"wd": "curse"}, {"wd": "evil"}, {"wd": "plague"}, {"wd": "scourge"}]]}]], [["sense", {"sn": "2", "dt": [["text", "the state of doing well especially in relation to one's happiness or success "], ["vis", [{"t": "I am doing this for your own {it}good{/it}"}]]], "syn_list": [[{"wd": "interest"}, {"wd": "weal"}, {"wd": "welfare"}, {"wd": "well-being"}]], "rel_list": [[{"wd": "fortune"}, {"wd": "prosperity"}, {"wd": "prosperousness"}, {"wd": "success"}, {"wd": "successfulness"}], [{"wd": "fitness"}, {"wd": "health"}, {"wd": "healthiness"}, {"wd": "robustness"}, {"wd": "soundness"}, {"wd": "wellness"}, {"wd": "wholeness"}, {"wd": "wholesomeness"}], [{"wd": "bliss"}, {"wd": "felicity"}, {"wd": "happiness"}, {"wd": "joy"}], [{"wd": "advantage"}, {"wd": "benefit"}, {"wd": "gain"}, {"wd": "sake"}], [{"wd": "content"}, {"wd": "contentedness"}, {"wd": "gratification"}, {"wd": "satisfaction"}]], "near_list": [[{"wd": "unhealthiness"}, {"wd": "unsoundness"}], [{"wd": "misery"}, {"wd": "sadness"}, {"wd": "suffering"}, {"wd": "unhappiness"}, {"wd": "wretchedness"}]], "ant_list": [[{"wd": "ill-being"}]]}]], [["sense", {"sn": "3", "ins": [{"if": "goods", "spl": "plural"}], "dt": [["text", "products that are bought and sold in business "], ["vis", [{"t": "had a hard time selling leftover Easter {it}goods{/it} that were still on the shelves by Mother's Day"}]]], "syn_list": [[{"wd": "commodities"}, {"wd": "merchandise"}, {"wd": "wares"}]], "rel_list": [[{"wd": "line"}], [{"wd": "export"}, {"wd": "import"}], [{"wd": "inventory"}, {"wd": "staples"}, {"wd": "stock"}, {"wd": "stuff"}, {"wd": "supply"}], [{"wd": "job lot"}], [{"wd": "domestics"}, {"wd": "durables", "wvrs": [{"wvl": "also", "wva": "durable goods"}]}, {"wd": "hard goods"}]]}]], [["sense", {"sn": "4", "ins": [{"if": "goods", "spl": "plural"}], "dt": [["text", "a skill, an ability, or knowledge that makes a person able to do a particular job "], ["vis", [{"t": "the hiring committee thinks this latest applicant really has the {it}goods{/it}"}]]], "syn_list": [[{"wd": "capability"}, {"wd": "credentials"}, {"wd": "qualification"}, {"wd": "stuff"}]], "rel_list": [[{"wd": "command"}, {"wd": "expertise"}, {"wd": "know-how"}, {"wd": "mastership"}, {"wd": "mastery"}, {"wd": "proficiency"}], [{"wd": "ability"}, {"wd": "capacity"}, {"wd": "competence"}, {"wd": "competency"}, {"wd": "facility"}, {"wd": "faculty"}], [{"wd": "aptitude"}, {"wd": "endowment"}, {"wd": "flair"}, {"wd": "genius"}, {"wd": "gift"}, {"wd": "knack"}, {"wd": "talent"}], [{"wd": "forte"}, {"wd": "long suit"}, {"wd": "m\u00e9tier", "wvrs": [{"wvl": "also", "wva": "metier"}]}, {"wd": "specialism"}, {"wd": "speciality"}, {"wd": "specialty"}, {"wd": "strong suit"}], [{"wd": "fitness"}, {"wd": "suitability"}, {"wd": "suitableness"}], [{"wd": "makings"}, {"wd": "potentiality"}]]}]], [["sense", {"sn": "5", "ins": [{"if": "goods", "spl": "plural"}], "dt": [["text", "transportable items that one owns "], ["vis", [{"t": "before moving to Florida, the couple sold their house and auctioned off their household {it}goods{/it}"}]]], "syn_list": [[{"wd": "belongings"}, {"wd": "chattels"}, {"wd": "duds"}, {"wd": "effects"}, {"wd": "gear"}, {"wd": "holdings"}, {"wd": "movables", "wvrs": [{"wvl": "or", "wva": "moveables"}]}, {"wd": "paraphernalia"}, {"wd": "personal effects"}, {"wd": "personal property"}, {"wd": "personalty"}, {"wd": "plunder", "wsls": ["chiefly dialect"]}, {"wd": "possession"}, {"wd": "stuff"}, {"wd": "things"}]], "rel_list": [[{"wd": "treasures"}, {"wd": "valuables"}], [{"wd": "appointments"}, {"wd": "fixtures"}, {"wd": "furnishings"}], [{"wd": "estate"}, {"wd": "property"}, {"wd": "tangibles"}], [{"wd": "collateral"}]], "near_list": [[{"wd": "immovables"}, {"wd": "real estate"}]]}]]]}], "shortdef": ["something that provides happiness or does good for a person or thing", "the state of doing well especially in relation to one's happiness or success", "products that are bought and sold in business"]}, {"meta": {"id": "good", "uuid": "89ef8c97-5320-4c5f-865f-12f8cdd98086", "src": "coll_thes", "section": "alpha", "target": {"tuuid": "47cc7225-b8e6-4330-bb04-1dbf8a321850", "tsrc": "collegiate"}, "stems": ["good", "best", "better"], "syns": [["acceptably", "adequately", "all right", "alright", "creditably", "decently", "fine", "middlingly", "nicely", "OK", "passably", "respectably", "satisfactorily", "serviceably", "so-so", "sufficiently", "tolerably", "well"]], "ants": [["bad", "badly", "deficiently", "ill", "inadequately", "insufficiently", "intolerably", "poorly", "unacceptably", "unsatisfactorily"]], "offensive": false}, "hwi": {"hw": "good"}, "fl": "adverb", "def": [{"sseq": [[["sense", {"dt": [["text", "in a satisfactory way "], ["vis", [{"t": "things are going {it}good{/it} for us"}]]], "syn_list": [[{"wd": "acceptably"}, {"wd": "adequately"}, {"wd": "all right"}, {"wd": "alright"}, {"wd": "creditably"}, {"wd": "decently"}, {"wd": "fine"}, {"wd": "middlingly"}, {"wd": "nicely"}, {"wd": "OK", "wvrs": [{"wvl": "or", "wva": "okay"}]}, {"wd": "passably"}, {"wd": "respectably"}, {"wd": "satisfactorily"}, {"wd": "serviceably"}, {"wd": "so-so"}, {"wd": "sufficiently"}, {"wd": "tolerably"}, {"wd": "well"}]], "rel_list": [[{"wd": "appropriately"}, {"wd": "aptly"}, {"wd": "congruously"}, {"wd": "correctly"}, {"wd": "decorously"}, {"wd": "felicitously"}, {"wd": "fittingly"}, {"wd": "happily"}, {"wd": "meetly"}, {"wd": "rightly"}, {"wd": "seemly"}, {"wd": "suitably"}], [{"wd": "gratifyingly"}, {"wd": "satisfyingly"}], [{"wd": "effectively"}, {"wd": "effectually"}, {"wd": "efficiently"}, {"wd": "neatly"}, {"wd": "tidily"}]], "near_list": [[{"wd": "unbearably"}], [{"wd": "inappropriately"}, {"wd": "incorrectly"}, {"wd": "indecently"}, {"wd": "unsuitably"}], [{"wd": "awfully"}, {"wd": "deplorably"}, {"wd": "disastrously"}, {"wd": "dreadfully"}, {"wd": "horrendously"}, {"wd": "horribly"}, {"wd": "horridly"}, {"wd": "miserably"}, {"wd": "terribly"}]], "ant_list": [[{"wd": "bad"}, {"wd": "badly"}, {"wd": "deficiently"}, {"wd": "ill"}, {"wd": "inadequately"}, {"wd": "insufficiently"}, {"wd": "intolerably"}, {"wd": "poorly"}, {"wd": "unacceptably"}, {"wd": "unsatisfactorily"}]]}]]]}], "shortdef": ["in a satisfactory way"]}, {"meta": {"id": "Good Book", "uuid": "f1075055-1b52-439f-9b41-168fd339e97d", "src": "coll_thes", "section": "alpha", "target": {"tuuid": "c0694ef5-9834-4c40-88bb-32b44d1a2bb3", "tsrc": "collegiate"}, "stems": ["good book"], "syns": [["Bible", "Book", "Holy Writ", "Scripture"]], "ants": [], "offensive": false}, "hwi": {"hw": "Good Book"}, "fl": "noun", "def": [{"sseq": [[["sense", {"dt": [["text", "a book made up of the writings accepted by Christians as coming from God "], ["vis", [{"t": "what does the {it}Good Book{/it} say about temptation?"}]]], "syn_list": [[{"wd": "Bible"}, {"wd": "Book"}, {"wd": "Holy Writ"}, {"wd": "Scripture"}]], "rel_list": [[{"wd": "Polyglot"}]]}]]]}], "shortdef": ["a book made up of the writings accepted by Christians as coming from God"]}, {"meta": {"id": "good-bye", "uuid": "6e347710-a8ad-4cbc-9e7f-40f93b777a65", "src": "coll_thes", "section": "alpha", "target": {"tuuid": "6339184e-edfa-42d2-9a45-2f87d1e5c299", "tsrc": "collegiate"}, "stems": ["good-bye", "good-by", "good-byes", "good-bys"], "syns": [["adieu", "au revoir", "ave", "bon voyage", "cong\u00e9", "farewell", "Godspeed"]], "ants": [["hello"]], "offensive": false}, "hwi": {"hw": "good-bye"}, "vrs": [{"vl": "or", "va": "good-by"}], "fl": "noun", "def": [{"sseq": [[["sense", {"dt": [["text", "an expression of good wishes at parting "], ["vis", [{"t": "said our {it}good-byes{/it} and headed for home"}]]], "syn_list": [[{"wd": "adieu"}, {"wd": "au revoir"}, {"wd": "ave"}, {"wd": "bon voyage"}, {"wd": "cong\u00e9", "wvrs": [{"wvl": "also", "wva": "congee"}]}, {"wd": "farewell"}, {"wd": "Godspeed"}]], "rel_list": [[{"wd": "leave-taking"}, {"wd": "send-off"}]], "near_list": [[{"wd": "greeting(s)"}, {"wd": "salutation"}, {"wd": "salute"}], [{"wd": "welcome"}]], "ant_list": [[{"wd": "hello"}]]}]]]}], "shortdef": ["an expression of good wishes at parting"]}, {"meta": {"id": "good deal", "uuid": "73b2d14a-ba10-4075-b747-cc49b9544f3c", "src": "coll_thes", "section": "alpha", "target": {"tuuid": "572658aa-9fdc-46e7-b7d3-fcdad206531c", "tsrc": "collegiate"}, "stems": ["good deal", "good deals"], "syns": [["abundance", "barrel", "basketful", "boatload", "bucket", "bunch", "bundle", "bushel", "carload", "chunk", "deal", "dozen", "fistful", "gobs", "heap", "hundred", "lashings", "loads", "lot", "mass", "mess", "mountain", "much", "multiplicity", "myriad", "oodles", "pack", "passel", "peck", "pile", "plateful", "plenitude", "plentitude", "plenty", "pot", "potful", "profusion", "quantity", "raft", "reams", "scads", "sheaf", "shipload", "sight", "slew", "spate", "stack", "store", "ton", "truckload", "volume", "wad", "wealth", "yard"]], "ants": [["ace", "bit", "dab", "dram", "driblet", "glimmer", "handful", "hint", "lick", "little", "mite", "mouthful", "nip", "ounce", "peanuts", "pinch", "pittance", "scruple", "shade", "shadow", "smidgen", "speck", "spot", "sprinkle", "sprinkling", "strain", "streak", "suspicion", "tad", "taste", "touch", "trace"]], "offensive": false}, "hwi": {"hw": "good deal"}, "fl": "noun", "def": [{"sseq": [[["sense", {"dt": [["text", "a considerable amount "], ["vis", [{"t": "he knows a {it}good deal{/it} about the current situation in Africa"}]]], "syn_list": [[{"wd": "abundance"}, {"wd": "barrel"}, {"wd": "basketful"}, {"wd": "boatload"}, {"wd": "bucket"}, {"wd": "bunch"}, {"wd": "bundle"}, {"wd": "bushel"}, {"wd": "carload"}, {"wd": "chunk"}, {"wd": "deal"}, {"wd": "dozen"}, {"wd": "fistful"}, {"wd": "gobs"}, {"wd": "heap"}, {"wd": "hundred"}, {"wd": "lashings", "wvrs": [{"wvl": "also", "wva": "lashins"}], "wsls": ["chiefly British"]}, {"wd": "loads"}, {"wd": "lot"}, {"wd": "mass"}, {"wd": "mess"}, {"wd": "mountain"}, {"wd": "much"}, {"wd": "multiplicity"}, {"wd": "myriad"}, {"wd": "oodles"}, {"wd": "pack"}, {"wd": "passel"}, {"wd": "peck"}, {"wd": "pile"}, {"wd": "plateful"}, {"wd": "plenitude"}, {"wd": "plentitude"}, {"wd": "plenty"}, {"wd": "pot"}, {"wd": "potful"}, {"wd": "profusion"}, {"wd": "quantity"}, {"wd": "raft"}, {"wd": "reams"}, {"wd": "scads"}, {"wd": "sheaf"}, {"wd": "shipload"}, {"wd": "sight"}, {"wd": "slew"}, {"wd": "spate"}, {"wd": "stack"}, {"wd": "store"}, {"wd": "ton"}, {"wd": "truckload"}, {"wd": "volume"}, {"wd": "wad"}, {"wd": "wealth"}, {"wd": "yard"}]], "rel_list": [[{"wd": "epidemic"}, {"wd": "plague"}, {"wd": "rash"}], [{"wd": "bonanza"}, {"wd": "embarrassment"}, {"wd": "excess"}, {"wd": "overabundance"}, {"wd": "overage"}, {"wd": "overkill"}, {"wd": "overmuch"}, {"wd": "oversupply"}, {"wd": "plethora"}, {"wd": "redundancy"}, {"wd": "superabundance"}, {"wd": "superfluity"}, {"wd": "surfeit"}, {"wd": "surplus"}], [{"wd": "deluge"}, {"wd": "flood"}, {"wd": "overflow"}], [{"wd": "army"}, {"wd": "bevy"}, {"wd": "cram"}, {"wd": "crowd"}, {"wd": "crush"}, {"wd": "drove"}, {"wd": "flock"}, {"wd": "herd"}, {"wd": "horde"}, {"wd": "host"}, {"wd": "legion"}, {"wd": "mob"}, {"wd": "multitude"}, {"wd": "press"}, {"wd": "score"}, {"wd": "sea"}, {"wd": "swarm"}, {"wd": "throng"}], [{"wd": "gazillion"}, {"wd": "jillion"}, {"wd": "kazillion"}, {"wd": "million"}, {"wd": "thousands"}, {"wd": "trillion"}, {"wd": "zillion"}]], "phrase_list": [[{"wd": "all kinds (of)"}, {"wd": "quite a bit"}]], "near_list": [[{"wd": "atom"}, {"wd": "crumb"}, {"wd": "dot"}, {"wd": "fleck"}, {"wd": "flyspeck"}, {"wd": "fragment"}, {"wd": "grain"}, {"wd": "granule"}, {"wd": "iota"}, {"wd": "jot"}, {"wd": "modicum"}, {"wd": "molecule"}, {"wd": "mote"}, {"wd": "nubbin"}, {"wd": "particle"}, {"wd": "ray"}, {"wd": "scintilla"}, {"wd": "scrap"}, {"wd": "shred"}, {"wd": "tittle"}, {"wd": "whit"}], [{"wd": "smatter"}, {"wd": "smattering"}], [{"wd": "dash"}, {"wd": "drop"}, {"wd": "morsel"}, {"wd": "shot"}], [{"wd": "piece"}, {"wd": "portion"}, {"wd": "section"}], [{"wd": "absence"}, {"wd": "dearth"}, {"wd": "famine"}, {"wd": "lack"}, {"wd": "paucity"}, {"wd": "poverty"}, {"wd": "scarceness"}, {"wd": "scarcity"}, {"wd": "shortage"}, {"wd": "undersupply"}, {"wd": "want"}], [{"wd": "deficiency"}, {"wd": "deficit"}, {"wd": "inadequacy"}, {"wd": "insufficiency"}, {"wd": "meagerness"}, {"wd": "scantiness"}, {"wd": "scantness"}, {"wd": "skimpiness"}]], "ant_list": [[{"wd": "ace"}, {"wd": "bit"}, {"wd": "dab"}, {"wd": "dram"}, {"wd": "driblet"}, {"wd": "glimmer"}, {"wd": "handful"}, {"wd": "hint"}, {"wd": "lick"}, {"wd": "little"}, {"wd": "mite"}, {"wd": "mouthful"}, {"wd": "nip"}, {"wd": "ounce"}, {"wd": "peanuts"}, {"wd": "pinch"}, {"wd": "pittance"}, {"wd": "scruple"}, {"wd": "shade"}, {"wd": "shadow"}, {"wd": "smidgen", "wvrs": [{"wvl": "also", "wva": "smidgeon"}, {"wvl": "or", "wva": "smidgin"}, {"wvl": "or", "wva": "smidge"}]}, {"wd": "speck"}, {"wd": "spot"}, {"wd": "sprinkle"}, {"wd": "sprinkling"}, {"wd": "strain"}, {"wd": "streak"}, {"wd": "suspicion"}, {"wd": "tad"}, {"wd": "taste"}, {"wd": "touch"}, {"wd": "trace"}]]}]]]}], "shortdef": ["a considerable amount"]}, {"meta": {"id": "good-fellowship", "uuid": "3933f8f9-1563-4714-8963-6d6e03f0ae32", "src": "coll_thes", "section": "alpha", "stems": ["good-fellowship", "good-fellowships"], "syns": [["amity", "benevolence", "brotherhood", "charity", "cordiality", "cordialness", "fellowship", "friendliness", "friendship", "gem\u00fctlichkeit", "goodwill", "kindliness", "neighborliness"]], "ants": [["ill will", "malevolence", "venom"]], "offensive": false}, "hwi": {"hw": "good-fellowship"}, "fl": "noun", "def": [{"sseq": [[["sense", {"dt": [["text", "kindly concern, interest, or support "], ["vis", [{"t": "in the spirit of {it}good-fellowship{/it}, the opposing softball players asked us to join them for drinks after the game"}]]], "syn_list": [[{"wd": "amity"}, {"wd": "benevolence"}, {"wd": "brotherhood"}, {"wd": "charity"}, {"wd": "cordiality"}, {"wd": "cordialness"}, {"wd": "fellowship"}, {"wd": "friendliness"}, {"wd": "friendship"}, {"wd": "gem\u00fctlichkeit"}, {"wd": "goodwill"}, {"wd": "kindliness"}, {"wd": "neighborliness"}]], "rel_list": [[{"wd": "bonhomie"}, {"wd": "camaraderie"}, {"wd": "collegiality"}, {"wd": "community"}, {"wd": "companionship"}, {"wd": "company"}, {"wd": "comradeship"}], [{"wd": "civility"}, {"wd": "comity"}, {"wd": "concord"}, {"wd": "harmony"}, {"wd": "rapport"}, {"wd": "rapprochement"}], [{"wd": "generosity"}], [{"wd": "affinity"}, {"wd": "communion"}, {"wd": "empathy"}, {"wd": "kindness"}, {"wd": "sympathy"}, {"wd": "tolerance"}], [{"wd": "altruism"}, {"wd": "philanthropy"}, {"wd": "selflessness"}, {"wd": "unselfishness"}]], "near_list": [[{"wd": "disfavor"}, {"wd": "intolerance"}], [{"wd": "animosity"}, {"wd": "antagonism"}, {"wd": "antipathy"}, {"wd": "enmity"}, {"wd": "hate"}, {"wd": "hatred"}, {"wd": "hostility"}, {"wd": "incivility"}, {"wd": "malice"}, {"wd": "rancor"}], [{"wd": "belligerency"}, {"wd": "quarrelsomeness"}, {"wd": "querulousness"}]], "ant_list": [[{"wd": "ill will"}, {"wd": "malevolence"}, {"wd": "venom"}]]}]]]}], "shortdef": ["kindly concern, interest, or support"]}, {"meta": {"id": "good-for-nothing", "uuid": "f9c9852a-085f-4e51-b594-3fde1f422e0b", "src": "coll_thes", "section": "alpha", "target": {"tuuid": "42c2824e-f06b-4371-9923-dae2e721ab2d", "tsrc": "collegiate"}, "stems": ["good-for-nothing", "good-for-nothings"], "syns": [["ne'er-do-well", "no-account", "no-good"]], "ants": [], "offensive": false}, "hwi": {"hw": "good-for-nothing"}, "fl": "adjective", "def": [{"sseq": [[["sense", {"dt": [["text", "having no ambition, success, or value to society "], ["vis", [{"t": "refused to leave anything in his will to his {it}good-for-nothing{/it} grandchildren"}]]], "syn_list": [[{"wd": "ne'er-do-well"}, {"wd": "no-account"}, {"wd": "no-good"}]], "rel_list": [[{"wd": "idle"}, {"wd": "indolent"}, {"wd": "lazy"}, {"wd": "shiftless"}, {"wd": "slothful"}, {"wd": "unambitious"}], [{"wd": "useless"}, {"wd": "worthless"}]], "near_list": [[{"wd": "ambitious"}, {"wd": "diligent"}, {"wd": "enterprising"}, {"wd": "industrious"}]]}]]]}], "shortdef": ["having no ambition, success, or value to society"]}, {"meta": {"id": "good-for-nothing", "uuid": "0466143a-2b01-41f5-a2b0-4a3e34e951a6", "src": "coll_thes", "section": "alpha", "stems": ["good-for-nothing", "good-for-nothings"], "syns": [["bum", "derelict", "do-nothing", "ne'er-do-well", "no-account", "no-good", "no-goodnik", "slacker", "vagrant"]], "ants": [], "offensive": false}, "hwi": {"hw": "good-for-nothing"}, "fl": "noun", "def": [{"sseq": [[["sense", {"dt": [["text", "an idle worthless person "], ["vis", [{"t": "teacher after teacher had predicted that he would never be more than a {it}good-for-nothing{/it}"}]]], "syn_list": [[{"wd": "bum"}, {"wd": "derelict"}, {"wd": "do-nothing"}, {"wd": "ne'er-do-well"}, {"wd": "no-account"}, {"wd": "no-good"}, {"wd": "no-goodnik"}, {"wd": "slacker"}, {"wd": "vagrant"}]], "rel_list": [[{"wd": "hobo"}, {"wd": "sundowner", "wsls": ["Australian"]}, {"wd": "tramp"}, {"wd": "vagabond"}], [{"wd": "drifter"}, {"wd": "roamer"}, {"wd": "transient"}], [{"wd": "beggar"}, {"wd": "panhandler"}], [{"wd": "dodger"}, {"wd": "goldbrick"}, {"wd": "shirker"}], [{"wd": "gamine"}, {"wd": "ragamuffin"}, {"wd": "urchin"}, {"wd": "waif"}], [{"wd": "drone"}, {"wd": "idler"}, {"wd": "lazybones"}, {"wd": "loafer"}, {"wd": "slouch"}, {"wd": "slug"}, {"wd": "sluggard"}], [{"wd": "down-and-out", "wvrs": [{"wvl": "or", "wva": "down-and-outer"}]}, {"wd": "indigent"}, {"wd": "pauper"}]], "near_list": [[{"wd": "success"}, {"wd": "winner"}]]}]]]}], "shortdef": ["an idle worthless person"]}, {"meta": {"id": "good-hearted", "uuid": "b27b1515-2d15-40e1-918b-289b05df17f6", "src": "coll_thes", "section": "alpha", "target": {"tuuid": "f21ce837-eaa1-4a2d-b0eb-b69fe13cbc81", "tsrc": "collegiate"}, "stems": ["good-hearted", "good-heartedly", "good-heartedness", "good-heartednesses"], "syns": [["beneficent", "benevolent", "benignant", "compassionate", "humane", "kind", "kindhearted", "kindly", "softhearted", "sympathetic", "tender", "tenderhearted", "warmhearted"]], "ants": [["atrocious", "barbaric", "barbarous", "bestial", "brutal", "brute", "brutish", "callous", "cold-blooded", "cruel", "fiendish", "hard-hearted", "heartless", "inhuman", "inhumane", "insensate", "sadistic", "savage", "truculent", "uncompassionate", "unfeeling", "unkind", "unkindly", "unsympathetic", "vicious", "wanton"]], "offensive": false}, "hwi": {"hw": "good-hearted"}, "fl": "adjective", "def": [{"sseq": [[["sense", {"dt": [["text", "having or marked by sympathy and consideration for others "], ["vis", [{"t": "a {it}good-hearted{/it} doctor who regularly sees poor patients for free"}]]], "syn_list": [[{"wd": "beneficent"}, {"wd": "benevolent"}, {"wd": "benignant"}, {"wd": "compassionate"}, {"wd": "humane"}, {"wd": "kind"}, {"wd": "kindhearted"}, {"wd": "kindly"}, {"wd": "softhearted"}, {"wd": "sympathetic"}, {"wd": "tender"}, {"wd": "tenderhearted"}, {"wd": "warmhearted"}]], "rel_list": [[{"wd": "attentive"}, {"wd": "considerate"}, {"wd": "solicitous"}, {"wd": "thoughtful"}], [{"wd": "affable"}, {"wd": "amicable"}, {"wd": "benign"}, {"wd": "companionable"}, {"wd": "comradely"}, {"wd": "cordial"}, {"wd": "friendly"}, {"wd": "genial"}, {"wd": "gentle"}, {"wd": "good"}, {"wd": "good-natured"}, {"wd": "good-tempered"}, {"wd": "gracious"}, {"wd": "mild"}, {"wd": "neighborly"}, {"wd": "nice"}, {"wd": "pleasant"}, {"wd": "sweet"}, {"wd": "warm"}], [{"wd": "clement"}, {"wd": "forbearing"}, {"wd": "forgiving"}, {"wd": "lenient"}, {"wd": "merciful"}, {"wd": "soft"}], [{"wd": "patient"}, {"wd": "pitying"}, {"wd": "tolerant"}, {"wd": "understanding"}], [{"wd": "altruistic"}, {"wd": "brotherly"}, {"wd": "charitable"}, {"wd": "freehanded"}, {"wd": "generous"}, {"wd": "greathearted"}, {"wd": "humanitarian"}, {"wd": "liberal"}, {"wd": "magnanimous"}, {"wd": "munificent"}, {"wd": "noble"}, {"wd": "openhearted"}, {"wd": "philanthropic", "wvrs": [{"wvl": "also", "wva": "philanthropical"}]}, {"wd": "selfless"}, {"wd": "unselfish"}, {"wd": "unsparing"}], [{"wd": "anticruelty"}, {"wd": "cruelty-free"}]], "near_list": [[{"wd": "ironhearted"}, {"wd": "merciless"}, {"wd": "pitiless"}, {"wd": "ruthless"}, {"wd": "stonyhearted"}], [{"wd": "inconsiderate"}, {"wd": "insensitive"}, {"wd": "thoughtless"}, {"wd": "uncaring"}, {"wd": "unthinking"}], [{"wd": "grim"}, {"wd": "hard-boiled"}, {"wd": "harsh"}, {"wd": "heavy-handed"}, {"wd": "severe"}, {"wd": "stern"}, {"wd": "tough"}, {"wd": "unsentimental"}], [{"wd": "hateful"}, {"wd": "malevolent"}, {"wd": "malicious"}, {"wd": "malign"}, {"wd": "malignant"}, {"wd": "mean"}, {"wd": "nasty"}, {"wd": "spiteful"}, {"wd": "virulent"}], [{"wd": "antihumanitarian"}, {"wd": "uncharitable"}]], "ant_list": [[{"wd": "atrocious"}, {"wd": "barbaric"}, {"wd": "barbarous"}, {"wd": "bestial"}, {"wd": "brutal"}, {"wd": "brute"}, {"wd": "brutish"}, {"wd": "callous"}, {"wd": "cold-blooded"}, {"wd": "cruel"}, {"wd": "fiendish"}, {"wd": "hard-hearted"}, {"wd": "heartless"}, {"wd": "inhuman"}, {"wd": "inhumane"}, {"wd": "insensate"}, {"wd": "sadistic"}, {"wd": "savage"}, {"wd": "truculent"}, {"wd": "uncompassionate"}, {"wd": "unfeeling"}, {"wd": "unkind"}, {"wd": "unkindly"}, {"wd": "unsympathetic"}, {"wd": "vicious"}, {"wd": "wanton"}]]}]]]}], "shortdef": ["having or marked by sympathy and consideration for others"]}]