[{"meta": {"id": "got", "uuid": "81ddbb17-d287-4ae5-9e46-0b7e0b4cb339", "sort": "071913000", "src": "collegiate", "section": "alpha", "stems": ["get", "got"], "offensive": false}, "hwi": {"hw": "got"}, "cxs": [{"cxl": "past tense and past participle of", "cxtis": [{"cxt": "get"}]}], "shortdef": []}, {"meta": {"id": "get:1", "uuid": "19112b35-139f-4e2f-9f5d-9bebabbecaf4", "sort": "070994000", "src": "collegiate", "section": "alpha", "stems": ["get", "get a life", "get a move on", "get after", "get ahead", "get at", "get away with", "get cracking", "get even", "get even with", "get going", "get her act together", "get her goat", "get his act together", "get his goat", "get into", "get it", "get it on", "get its act together", "get its goat", "get my act together", "get my goat", "get on", "get one's act together", "get one's goat", "get our act together", "get our acts together", "get our goat", "get our goats", "get over", "get real", "get religion", "get somewhere", "get their act together", "get their acts together", "get their goat", "get their goats", "get there", "get through", "get to", "get together", "get wind of", "get with it", "get your act together", "get your acts together", "get your goat", "get your goats", "gets", "gets a life", "gets a move on", "gets after", "gets ahead", "gets at", "gets away with", "gets cracking", "gets even", "gets even with", "gets going", "gets her act together", "gets her goat", "gets his act together", "gets his goat", "gets into", "gets it", "gets it on", "gets its act together", "gets its goat", "gets my goat", "gets on", "gets one's act together", "gets one's goat", "gets our goat", "gets our goats", "gets over", "gets real", "gets religion", "gets somewhere", "gets their act together", "gets their goat", "gets their goats", "gets there", "gets through", "gets to", "gets together", "gets wind of", "gets with it", "gets your goat", "gets your goats", "getting", "getting a life", "getting a move on", "getting after", "getting ahead", "getting at", "getting away with", "getting cracking", "getting even", "getting even with", "getting going", "getting her act together", "getting her goat", "getting his act together", "getting his goat", "getting into", "getting it", "getting it on", "getting its act together", "getting its goat", "getting my act together", "getting my goat", "getting on", "getting one's act together", "getting one's goat", "getting our act together", "getting our acts together", "getting our goat", "getting our goats", "getting over", "getting real", "getting religion", "getting somewhere", "getting their act together", "getting their acts together", "getting their goat", "getting their goats", "getting there", "getting through", "getting to", "getting together", "getting wind of", "getting with it", "getting your act together", "getting your acts together", "getting your goat", "getting your goats", "got", "got a life", "got a move on", "got after", "got ahead", "got at", "got away with", "got cracking", "got even", "got even with", "got going", "got her act together", "got her goat", "got his act together", "got his goat", "got into", "got it", "got it on", "got its act together", "got its goat", "got my act together", "got my goat", "got on", "got one's act together", "got one's goat", "got our act together", "got our acts together", "got our goat", "got our goats", "got over", "got real", "got religion", "got somewhere", "got their act together", "got their acts together", "got their goat", "got their goats", "got there", "got through", "got to", "got together", "got wind of", "got with it", "got your act together", "got your acts together", "got your goat", "got your goats", "gotten", "gotten a life", "gotten a move on", "gotten after", "gotten ahead", "gotten at", "gotten away with", "gotten cracking", "gotten even", "gotten even with", "gotten going", "gotten her act together", "gotten her goat", "gotten his act together", "gotten his goat", "gotten into", "gotten it", "gotten it on", "gotten its act together", "gotten its goat", "gotten my act together", "gotten my goat", "gotten on", "gotten our act together", "gotten our acts together", "gotten our goat", "gotten our goats", "gotten over", "gotten real", "gotten religion", "gotten somewhere", "gotten their act together", "gotten their acts together", "gotten their goat", "gotten their goats", "gotten there", "gotten through", "gotten to", "gotten together", "gotten wind of", "gotten with it", "gotten your act together", "gotten your acts together", "gotten your goat", "gotten your goats"], "offensive": false}, "hom": 1, "hwi": {"hw": "get", "prs": [{"mw": "\u02c8get", "sound": {"audio": "get00001", "ref": "c", "stat": "1"}}, {"l": "nonstandard", "mw": "\u02c8git", "sound": {"audio": "get00002", "ref": "c", "stat": "1"}}]}, "fl": "verb", "ins": [{"if": "got", "prs": [{"mw": "\u02c8g\u00e4t", "sound": {"audio": "get00003", "ref": "c", "stat": "1"}}]}, {"if": "got"}, {"il": "or", "if": "got*ten", "prs": [{"mw": "\u02c8g\u00e4-t\u1d4an", "sound": {"audio": "get00004", "ref": "c", "stat": "1"}}]}, {"if": "get*ting"}], "def": [{"vd": "transitive verb", "sseq": [[["sense", {"sn": "1 a", "dt": [["text", "{bc}to gain possession of "], ["vis", [{"t": "{it}got{/it} a new bicycle"}]]]}], ["sense", {"sn": "b", "dt": [["text", "{bc}to receive as a return {bc}{sx|earn||} "], ["vis", [{"t": "he {it}got{/it} a bad reputation for carelessness"}]]]}]], [["sense", {"sn": "2 a", "dt": [["text", "{bc}to obtain by concession or entreaty "], ["vis", [{"t": "{wi}get{/wi} your mother's permission to go"}]]]}], ["sense", {"sn": "b", "dt": [["text", "{bc}to become affected by (a disease or bodily condition) {bc}{sx|catch||} "], ["vis", [{"t": "{it}got{/it} measles from his sister"}]]]}]], [["sense", {"sn": "3 a", "dt": [["text", "{bc}to seek out and obtain "], ["vis", [{"t": "hoped to {wi}get{/wi} dinner at the inn"}]]]}], ["sense", {"sn": "b", "dt": [["text", "{bc}to obtain and bring where wanted or needed "], ["vis", [{"t": "{wi}get{/wi} a pencil from the desk"}]]]}]], [["sense", {"sn": "4", "dt": [["text", "{bc}{sx|beget||}"]]}]], [["sense", {"sn": "5 a", "dt": [["text", "{bc}to cause to come or go "], ["vis", [{"t": "quickly {it}got{/it} his luggage through customs"}]]]}], ["sense", {"sn": "b", "dt": [["text", "{bc}to cause to move "], ["vis", [{"t": "{wi}get{/wi} it out of the house"}]]]}], ["sense", {"sn": "c", "dt": [["text", "{bc}to cause to be in a certain position or condition "], ["vis", [{"t": "{it}got{/it} his feet wet"}]]]}], ["sense", {"sn": "d", "dt": [["text", "{bc}to make ready {bc}{sx|prepare||} "], ["vis", [{"t": "{wi}get{/wi} breakfast"}]]]}]], [["sense", {"sn": "6 a", "dt": [["text", "{bc}to be subjected to "], ["vis", [{"t": "{it}got{/it} a bad fall"}]]]}], ["sense", {"sn": "b", "dt": [["text", "{bc}to receive by way of punishment"]]}], ["sense", {"sn": "c", "dt": [["text", "{bc}to suffer a specified injury to "], ["vis", [{"t": "{it}got{/it} my nose broken"}]]]}]], [["sense", {"sn": "7 a", "dt": [["text", "{bc}to achieve as a result of military activity"]]}], ["sense", {"sn": "b", "dt": [["text", "{bc}to obtain or receive by way of benefit or advantage "], ["vis", [{"t": "he {it}got{/it} little for his trouble"}, {"t": "{wi}get{/wi} the better of an enemy"}]]]}]], [["sense", {"sn": "8 a", "dt": [["text", "{bc}{sx|seize||} "], ["vis", [{"t": "The dog {it}got{/it} the thief by the leg."}]]]}], ["sense", {"sn": "b", "dt": [["text", "{bc}{sx|overcome||} "], ["vis", [{"t": "Such practices will surely {wi}get{/wi} you in the end."}]]]}], ["sense", {"sn": "c", "dt": [["text", "{bc}to have an emotional effect on "], ["vis", [{"t": "the final scene always {wi}gets{/wi} me"}]]]}], ["sense", {"sn": "d", "dt": [["text", "{bc}{sx|irritate||} "], ["vis", [{"t": "the delays were starting to {wi}get{/wi} her"}]]]}], ["sense", {"sn": "e", "dt": [["text", "{bc}{sx|puzzle||} "], ["vis", [{"t": "This problem really {wi}gets{/wi} me."}]]]}], ["sense", {"sn": "f", "dt": [["text", "{bc}to take vengeance on"]], "sdsense": {"sd": "specifically", "dt": [["text", "{bc}{sx|kill||}"]]}}], ["sense", {"sn": "g", "dt": [["text", "{bc}{sx|hit||}"]]}]], [["sense", {"sn": "9", "dt": [["text", "{bc}to prevail on {bc}{sx|cause||} "], ["vis", [{"t": "finally {it}got{/it} them to tidy up their room"}]]]}]], [["sense", {"sn": "10 a", "dt": [["text", "{bc}{sx|have||} "], ["uns", [[["text", "used in the present perfect tense form with present meaning "], ["vis", [{"t": "I've {it}got{/it} no money"}]]]]]]}], ["sense", {"sn": "b", "dt": [["text", "{bc}to have as an obligation or necessity "], ["uns", [[["text", "used in the present perfect tense form with present meaning "], ["vis", [{"t": "you have {it}got{/it} to come"}]]]]]]}]], [["sense", {"sn": "11 a", "dt": [["text", "{bc}to find out by calculation "], ["vis", [{"t": "{wi}get{/wi} the answer to a problem"}]]]}], ["sense", {"sn": "b", "dt": [["text", "{bc}{sx|memorize||} "], ["vis", [{"t": "{it}got{/it} the verse by heart"}]]]}], ["sense", {"sn": "c", "dt": [["text", "{bc}{sx|hear||} "], ["vis", [{"t": "Sorry, but I didn't {wi}get{/wi} your name."}]]]}], ["sense", {"sn": "d", "dt": [["text", "{bc}{sx|understand||} "], ["vis", [{"t": "he {it}got{/it} the joke"}]]]}]], [["sense", {"sn": "12", "dt": [["text", "{bc}to establish communication with"]]}]], [["sense", {"sn": "13", "dt": [["text", "{bc}to put out in baseball"]]}]], [["sense", {"sn": "14", "dt": [["text", "{bc}{sx|deliver||6b} "], ["vis", [{"t": "the car {wi}gets{/wi} 20 miles to the gallon"}]]]}]]]}, {"vd": "intransitive verb", "sseq": [[["sense", {"sn": "1 a", "dt": [["text", "{bc}to succeed in coming or going {bc}to bring or move oneself "], ["vis", [{"t": "{wi}get{/wi} away to the country"}, {"t": "{it}got{/it} into the car"}]]]}], ["sense", {"sn": "b", "dt": [["text", "{bc}to reach or enter into a certain condition "], ["vis", [{"t": "{it}got{/it} to sleep after midnight"}]]]}], ["sense", {"sn": "c", "dt": [["text", "{bc}to make progress "], ["vis", [{"t": "hasn't {it}gotten{/it} far with the essay"}]]]}]], [["sense", {"sn": "2", "dt": [["text", "{bc}to acquire wealth"]]}]], [["sense", {"sn": "3 a", "dt": [["text", "{bc}to be able "], ["vis", [{"t": "never {it}got{/it} to go to college"}]]]}], ["sense", {"sn": "b", "dt": [["text", "{bc}to come to be "], ["uns", [[["text", "often used with following present participle "], ["vis", [{"t": "{it}got{/it} talking about old times"}]]]]]]}]], [["sense", {"sn": "4 a", "dt": [["text", "{bc}to succeed in becoming {bc}{sx|become||} "], ["vis", [{"t": "how to {wi}get{/wi} clear of all the debts I owe", "aq": {"auth": "William Shakespeare"}}]]]}], ["sense", {"sn": "b", "dt": [["text", "{bc}to become involved "], ["vis", [{"t": "people who {wi}get{/wi} into trouble with the law"}]]]}]], [["sense", {"sn": "5", "dt": [["text", "{bc}to leave immediately "], ["vis", [{"t": "told them to {wi}get{/wi}"}]]]}]]]}, {"vd": "auxiliary verb", "sseq": [[["sense", {"dt": [["uns", [[["text", "used with the past participle of transitive verbs as a passive voice auxiliary "], ["vis", [{"t": "they {it}got{/it} caught in the act"}]]]]]]}]]]}], "dros": [{"drp": "get after", "def": [{"sseq": [[["sense", {"dt": [["text", "{bc}to pursue with exhortation, reprimand, or attack "], ["vis", [{"t": "The coach really {it}got after{/it} the players at halftime."}]]]}]]]}]}, {"drp": "get ahead", "def": [{"sseq": [[["sense", {"dt": [["text", "{bc}to achieve success "], ["vis", [{"t": "determined to {it}get ahead{/it} in life"}]]]}]]]}]}, {"drp": "get a life", "def": [{"sseq": [[["sense", {"dt": [["text", "{bc}to stop wasting time on trivial or hopeless matters"]]}]]]}]}, {"drp": "get a move on", "def": [{"sseq": [[["sense", {"dt": [["text", "{bc}{sx|hurry||}"]]}]]]}]}, {"drp": "get at", "def": [{"sseq": [[["sense", {"sn": "1", "dt": [["text", "{bc}to reach effectively "], ["vis", [{"t": "The valve is hard to {it}get at{/it} unless you have a special tool."}]]]}]], [["sense", {"sn": "2", "dt": [["text", "{bc}to influence corruptly {bc}{sx|bribe||}"]]}]], [["sense", {"sn": "3", "dt": [["text", "{bc}to turn one's attention to "], ["vis", [{"t": "The committee finally {it}got at{/it} the main issue."}]]]}]], [["sense", {"sn": "4", "dt": [["text", "{bc}to try to prove or make clear "], ["vis", [{"t": "I don't understand what he's {it}getting at{/it}."}]]]}]]]}]}, {"drp": "get away with", "def": [{"sseq": [[["sense", {"dt": [["text", "{bc}to avoid criticism or punishment for or the consequences of (such as a reprehensible act)"]]}]]]}]}, {"drp": "get cracking", "def": [{"sseq": [[["sense", {"dt": [["text", "{bc}to make a start {bc}get going "], ["vis", [{"t": "ought to {it}get cracking{/it} on that assignment"}]]]}]]]}]}, {"drp": "get even", "def": [{"sseq": [[["sense", {"dt": [["text", "{bc}to get revenge"]]}]]]}]}, {"drp": "get even with", "def": [{"sseq": [[["sense", {"dt": [["text", "{bc}to repay in kind"]]}]]]}]}, {"drp": "get going", "def": [{"sseq": [[["sense", {"dt": [["text", "{bc}to make a start "], ["vis", [{"t": "time to {it}get going{/it} on that assignment"}]]]}]]]}]}, {"drp": "get into", "def": [{"sseq": [[["sense", {"dt": [["text", "{bc}to become strongly involved with or deeply interested in "], ["vis", [{"t": "{it}got into{/it} gymnastics at an early age"}]]]}]]]}]}, {"drp": "get it", "def": [{"sseq": [[["sense", {"dt": [["text", "{bc}to receive a scolding or punishment"]]}]]]}]}, {"drp": "get it on", "def": [{"sseq": [[["sense", {"sn": "1", "dt": [["text", "{bc}to become enthusiastic, energetic, or excited"]]}]], [["sense", {"sn": "2", "dt": [["text", "{bc}to engage in sexual intercourse"]]}]]]}]}, {"drp": "get on", "def": [{"sseq": [[["sense", {"sn": "1", "dt": [["text", "{bc}to produce an unfortunate effect on {bc}{sx|upset||} "], ["vis", [{"t": "the noise {it}got on{/it} my nerves"}]]]}]], [["sense", {"sn": "2", "dt": [["text", "{bc}to criticize insistently "], ["vis", [{"t": "the fans {it}got on{/it} him for losing the game"}]]]}]]]}]}, {"drp": "get one's act together", "def": [{"sseq": [[["sense", {"sn": "1", "dt": [["text", "{bc}to put one's life, thoughts, or emotions in order {bc}cease to be confused or misdirected"]]}]], [["sense", {"sn": "2", "dt": [["text", "{bc}to begin to function in a skillful or efficient manner "], ["vis", [{"t": "the company finally {it}got its act together{/it}"}]]]}]]]}]}, {"drp": "get one's goat", "def": [{"sseq": [[["sense", {"dt": [["text", "{bc}to make one angry or annoyed"]]}]]]}]}, {"drp": "get over", "def": [{"sseq": [[["sense", {"sn": "1 a", "dt": [["text", "{bc}{sx|overcome||}, {sx|surmount||} "], ["vis", [{"t": "{it}get over{/it} your fear of being lied to"}]]]}], ["sense", {"sn": "b", "dt": [["text", "{bc}to recover from "], ["vis", [{"t": "still trying to {it}get over{/it} a bad cold"}]]]}], ["sense", {"sn": "c", "dt": [["text", "{bc}to reconcile oneself to {bc}become accustomed to "], ["vis", [{"t": "was very disappointed, but he'll {it}get over{/it} it"}]]]}]], [["sense", {"sn": "2", "dt": [["text", "{bc}to move or travel across"]]}]]]}]}, {"drp": "get real", "def": [{"sseq": [[["sense", {"dt": [["text", "{bc}to stop deceiving oneself or fooling around {bc}face reality"]]}]]]}]}, {"drp": "get religion", "def": [{"sseq": [[["sense", {"sn": "1", "dt": [["text", "{bc}to undergo religious conversion"]]}]], [["sense", {"sn": "2", "dt": [["text", "{bc}to turn to or adopt an enlightened course of action or point of view"]]}]]]}]}, {"drp": "get somewhere", "def": [{"sseq": [[["sense", {"dt": [["text", "{bc}to be successful "], ["vis", [{"t": "After a difficult start we're finally {it}getting somewhere{/it}."}]]]}]]]}]}, {"drp": "get there", "def": [{"sseq": [[["sense", {"dt": [["text", "{bc}to be successful"]]}]]]}]}, {"drp": "get through", "def": [{"sseq": [[["sense", {"dt": [["text", "{bc}to reach the end of {bc}{sx|complete||} "], ["vis", [{"t": "{it}got through{/it} the ordeal unhurt"}]]]}]]]}]}, {"drp": "get to", "def": [{"sseq": [[["sense", {"sn": "1 a", "dt": [["text", "{bc}{sx|begin||} "], ["vis", [{"t": "{it}gets to{/it} worrying over nothing at all"}]]]}], ["sense", {"sn": "b", "dt": [["text", "{bc}to be ready to begin or deal with "], ["vis", [{"t": "I'll {it}get to{/it} the accounts as soon as I can"}]]]}]], [["bs", {"sense": {"sn": "2", "dt": [["text", "{bc}to have an effect on: such as"]]}}], ["sense", {"sn": "a", "dt": [["text", "{bc}{sx|influence||}"]]}], ["sense", {"sn": "b", "dt": [["text", "{bc}{sx|bother||} "], ["vis", [{"t": "All these delays are starting to {it}get to{/it} me."}]]]}]]]}]}, {"drp": "get together", "def": [{"sseq": [[["sense", {"sn": "1", "dt": [["text", "{bc}to bring together {bc}{sx|accumulate||}"]]}]], [["sense", {"sn": "2", "dt": [["text", "{bc}to come together {bc}{sx|assemble||}, {sx|meet||} "], ["vis", [{"t": "often {it}gets together{/it} with his friends after work"}]]]}]], [["sense", {"sn": "3", "dt": [["text", "{bc}to reach agreement "], ["vis", [{"t": "were unable to {it}get together{/it} on the new contract"}]]]}]]]}]}, {"drp": "get wind of", "def": [{"sseq": [[["sense", {"dt": [["text", "{bc}to become aware of "], ["vis", [{"t": "{it}got wind of{/it} our plans for the party"}]]]}]]]}]}, {"drp": "get with it", "def": [{"sseq": [[["sense", {"dt": [["text", "{bc}to become alert or aware {bc}show sophisticated consciousness"]]}]]]}]}], "usages": [{"pl": "How do you pronounce {parahw}get{/parahw}?", "pt": [["text", "The pronunciation \\\u02c8git\\ has been noted as a feature of some British and American dialects since the 16th century. In the phonetic spelling of his own speech Benjamin Franklin records {it}git.{/it} However, since at least 1687 some grammarians and teachers have disapproved this pronunciation. It nonetheless remains in widespread and unpredictable use in many dialects, often, but not exclusively, when {it}get{/it} is a passive auxiliary (as in {it}get married{/it}) or an imperative (as in {it}get up!{/it})."]]}], "et": [["text", "Middle English, from Old Norse {it}geta{/it} to get, beget; akin to Old English bi{it}gietan{/it} to beget, Latin pre{it}hendere{/it} to seize, grasp, Greek {it}chandanein{/it} to hold, contain"]], "date": "13th century{ds|t|1|a|}", "shortdef": ["to gain possession of", "to receive as a return : earn", "to obtain by concession or entreaty"]}, {"meta": {"id": "got game", "uuid": "042e19eb-9ee7-4223-9ca0-40becfd04bb2", "sort": "3007641000", "src": "ld", "section": "idioms", "stems": ["got game"], "offensive": false}, "hwi": {"hw": "got game"}, "fl": "idiom", "def": [{"sls": ["US", "informal"], "sseq": [[["sense", {"dt": [["text", "{bc}skill at playing a particular game or sport, such as basketball "], ["vis", [{"t": "In playing against her older brother, she showed that she's {it}got game{/it}."}]]]}]]]}], "shortdef": ["skill at playing a particular game or sport, such as basketball"]}, {"meta": {"id": "got it bad", "uuid": "7a209d96-5e6e-4a1f-9e2e-e57e073e1909", "sort": "3007655000", "src": "ld", "section": "idioms", "stems": ["got it bad"], "offensive": false}, "hwi": {"hw": "got it bad"}, "fl": "idiom", "def": [{"sls": ["US", "informal"], "sseq": [[["sense", {"dt": [["text", "{bc}having extreme feelings about something "], ["vis", [{"t": "\"Is he in love with her?\" \"Oh yeah, he's {it}got it bad{/it}.\""}]]]}]]]}], "shortdef": ["having extreme feelings about something"]}, {"meta": {"id": "cat got your tongue", "uuid": "7366d728-3824-4ef4-9eaa-8e3573bbb558", "sort": "3002983000", "src": "ld", "section": "idioms", "stems": ["cat got your tongue"], "offensive": false}, "hwi": {"hw": "cat got your tongue"}, "fl": "idiom", "def": [{"sls": ["informal"], "sseq": [[["sense", {"dt": [["uns", [[["text", "used to ask someone why he or she is not saying anything "], ["vis", [{"t": "\"You've been unusually quiet tonight,\" she said. \"What's the matter? {it}Cat got your tongue{/it}?\""}]]]]]]}]]]}], "shortdef": ["\u2014used to ask someone why he or she is not saying anything"]}, {"meta": {"id": "have got", "uuid": "d2185bb2-c370-40b7-bfb3-1a62d0dc434b", "sort": "3008252000", "src": "ld", "section": "idioms", "stems": ["have got"], "offensive": false}, "hwi": {"hw": "have got"}, "fl": "idiom", "def": [{"sseq": [[["sense", {"dt": [["text", "{bc}have "], ["uns", [[["text", "used in present tense situations usually in informal writing and in ordinary speech. "], ["vis", [{"t": "I sent the package to him yesterday. I hope he {it}has got{/it} it."}, {"t": "It's getting late. We{it}'ve got{/it} to go."}]]]]]]}]]]}], "shortdef": ["have \u2014used in present tense situations usually in informal writing and in ordinary speech."]}, {"meta": {"id": "have got one's claws into", "uuid": "588336c7-203d-4523-b3f2-153d156c4e84", "sort": "3008255000", "src": "ld", "section": "idioms", "stems": ["have got her claws into", "have got his claws into", "have got one's claws into", "have got their claws into"], "offensive": false}, "hwi": {"hw": "have got one's claws into"}, "fl": "idiom", "def": [{"sseq": [[["sense", {"dt": [["text", "{bc}to have control over (someone) "], ["vis", [{"t": "They've only been dating for a few months and already she's {it}got her claws into{/it} him!"}]]]}]]]}], "shortdef": ["to have control over (someone)"]}, {"meta": {"id": "if you've got it, flaunt it", "uuid": "5c453887-c7b6-4c24-8dbc-946220d812c1", "sort": "3009176000", "src": "ld", "section": "idioms", "stems": ["if you've got it, flaunt it"], "offensive": false}, "hwi": {"hw": "if you've got it, flaunt it"}, "fl": "idiom", "def": [{"sseq": [[["sense", {"dt": [["uns", [[["text", "used to say that a person should not be afraid to show his or her good features and talents "], ["vis", [{"t": "Their motto seems to be, \"{it}If you've got it, flaunt it{/it}!\""}]]]]]]}]]]}], "shortdef": ["\u2014used to say that a person should not be afraid to show his or her good features and talents"]}, {"meta": {"id": "like the cat that got the cream", "uuid": "70ac8251-dcb6-435f-8276-855ceb552d49", "sort": "3011179000", "src": "ld", "section": "idioms", "stems": ["like the cat that got the cream"], "offensive": false}, "hwi": {"hw": "like the cat that got the cream"}, "fl": "idiom", "def": [{"sseq": [[["sense", {"dt": [["uns", [[["text", "used to say that someone looks very proud or satisfied about something he or she has done "], ["vis", [{"t": "After pointing out his teacher's mistake, he smiled {it}like the cat that got the cream{/it}."}]]]]]]}]]]}], "shortdef": ["\u2014used to say that someone looks very proud or satisfied about something he or she has done"]}, {"meta": {"id": "you've got me (there)", "uuid": "bfd0e5a8-c562-468a-bbe8-319091646718", "sort": "3023128000", "src": "ld", "section": "idioms", "stems": ["you've got me", "you've got me (there)", "you've got me there"], "offensive": false}, "hwi": {"hw": "you've got me (there)"}, "fl": "idiom", "def": [{"sseq": [[["sense", {"dt": [["uns", [[["text", "used to say that one doesn't have an answer, solution, etc. "], ["vis", [{"t": "That's a good question. {it}You've got me (there){/it}"}]]]]]]}]]]}], "shortdef": ["\u2014used to say that one doesn't have an answer, solution, etc."]}]