[{"meta": {"id": "gotta", "uuid": "5225ce26-917e-4882-ae5b-c4d787dbaa20", "sort": "071926500", "src": "collegiate", "section": "alpha", "stems": ["gotta"], "offensive": false}, "hwi": {"hw": "got*ta", "prs": [{"mw": "\u02c8g\u00e4-t\u0259", "sound": {"audio": "gotta01ld", "ref": "ld", "stat": "1"}}]}, "fl": "pronunciation spelling", "def": [{"sseq": [[["sense", {"dt": [["uns", [[["text", "used for {ldquo}got to{rdquo} in informal speech and in representations of such speech "], ["vis", [{"t": "You've {wi}gotta{/wi} be {gloss}=you must be{/gloss} kidding me."}, {"t": "I {wi}gotta{/wi} go. {gloss}=I have to go, I have got to go{/gloss}"}, {"t": "If you're going to invite me to a dance, you've {wi}gotta{/wi} let me dance.", "aq": {"auth": "Quentin Tarantino"}}, {"t": "Fish {wi}gotta{/wi} swim. Birds {wi}gotta{/wi} fly. And opera stars {wi}gotta{/wi} do crossover songs.", "aq": {"auth": "Steve Kort"}}]]]]]]}]]]}], "date": "1891", "shortdef": ["\u2014used for \"got to\" in informal speech and in representations of such speech"]}]