[{"meta": {"id": "had", "uuid": "0faab231-3f2f-42a6-a5af-0a069755b6a6", "sort": "080006700", "src": "collegiate", "section": "alpha", "stems": ["had", "have"], "offensive": false}, "hwi": {"hw": "had"}, "cxs": [{"cxl": "past tense and past participle of", "cxtis": [{"cxt": "have"}]}], "shortdef": []}, {"meta": {"id": "have:1", "uuid": "4c915bb1-043b-4d7e-b1be-f6c60e50294f", "sort": "080082600", "src": "collegiate", "section": "alpha", "stems": ["had", "had at", "had best", "had better", "had done", "had done (with)", "had done with", "had it in for", "had one's eye on", "had to do with", "has", "has at", "has done", "has done (with)", "has done with", "has it in for", "has one's eye on", "has to do with", "have", "have at", "have coming", "have done", "have done with", "have had it", "have it", "have it in for", "have it out", "have none of", "have one's eye on", "have to do with", "having", "having at", "having done", "having done (with)", "having done with", "having it in for", "having one's eye on", "having to do with"], "offensive": false}, "hom": 1, "hwi": {"hw": "have", "prs": [{"mw": "\u02c8hav", "sound": {"audio": "have0001", "ref": "c", "stat": "1"}}, {"mw": "(h)\u0259v"}, {"mw": "v", "pun": ";"}, {"l": "in \"have to\" meaning \"must\" usually", "mw": "\u02c8haf"}]}, "fl": "verb", "ins": [{"if": "had", "prs": [{"mw": "\u02c8had", "sound": {"audio": "have0002", "ref": "c", "stat": "1"}}, {"mw": "(h)\u0259d"}, {"mw": "d"}]}, {"if": "hav*ing", "prs": [{"mw": "\u02c8ha-vi\u014b", "sound": {"audio": "have0003", "ref": "c", "stat": "1"}}]}, {"if": "has", "prs": [{"mw": "\u02c8haz", "sound": {"audio": "have0004", "ref": "c", "stat": "1"}}, {"mw": "(h)\u0259z"}, {"mw": "z"}, {"mw": "s", "pun": ";"}, {"l": "in \"has to\" meaning \"must\" usually", "mw": "\u02c8has"}]}], "def": [{"vd": "transitive verb", "sseq": [[["sense", {"sn": "1 a", "dt": [["text", "{bc}to hold or maintain as a possession, privilege, or entitlement "], ["vis", [{"t": "they {wi}have{/wi} a new car"}, {"t": "I {wi}have{/wi} my rights"}]]]}], ["sense", {"sn": "b", "dt": [["text", "{bc}to hold in one's use, service, regard, or at one's disposal "], ["vis", [{"t": "the group will {wi}have{/wi} enough tickets for everyone"}, {"t": "we don't {wi}have{/wi} time to stay"}]]]}], ["sense", {"sn": "c", "dt": [["text", "{bc}to hold, include, or contain as a part or whole "], ["vis", [{"t": "the car {it}has{/it} power brakes"}, {"t": "April {it}has{/it} 30 days"}]]]}]], [["sense", {"sn": "2", "dt": [["text", "{bc}to feel obligation in regard to "], ["uns", [[["text", "usually used with an infinitive with {it}to{/it} "], ["vis", [{"t": "we {wi}have{/wi} things to do"}, {"t": "{wi}have{/wi} a deadline to meet"}]]]]]]}]], [["sense", {"sn": "3", "dt": [["text", "{bc}to stand in a certain relationship to "], ["vis", [{"t": "{it}has{/it} three fine children"}, {"t": "we will {wi}have{/wi} the wind at our backs"}]]]}]], [["sense", {"sn": "4 a", "dt": [["text", "{bc}to acquire or get possession of {bc}{sx|obtain||} "], ["vis", [{"t": "these shoes are the best to be {it}had{/it}"}]]]}], ["sense", {"sn": "b", "dt": [["text", "{bc}{sx|receive||} "], ["vis", [{"t": "She asked if he {it}had{/it} any news."}]]]}], ["sense", {"sn": "c", "dt": [["text", "{bc}{sx|accept||} "], ["vis", [{"t": "so burnt no one would {wi}have{/wi} a piece"}]]], "sdsense": {"sd": "specifically", "dt": [["text", "{bc}to accept in marriage "], ["vis", [{"t": "could find no one who would {wi}have{/wi} him"}]]]}}], ["sense", {"sn": "d", "dt": [["text", "{bc}to copulate with "], ["vis", [{"t": "claims to have {it}had{/it} many women"}]]]}]], [["sense", {"sn": "5 a", "dt": [["text", "{bc}to be marked or characterized by (a quality, attribute, or faculty) "], ["vis", [{"t": "both {wi}have{/wi} red hair"}, {"t": "{it}has{/it} a way with words"}]]]}], ["sense", {"sn": "b", "dt": [["text", "{bc}{sx|exhibit||}, {sx|show||} "], ["vis", [{"t": "{it}had{/it} the gall to refuse"}]]]}], ["sense", {"sn": "c", "dt": [["text", "{bc}{sx|use||}, {sx|exercise||} "], ["vis", [{"t": "{wi}have{/wi} mercy on us"}]]]}]], [["sense", {"sn": "6 a", "dt": [["text", "{bc}to experience especially by submitting to, undergoing, or suffering "], ["vis", [{"t": "I {wi}have{/wi} a cold"}]]]}], ["sense", {"sn": "b", "dt": [["text", "{bc}to make the effort to perform (an action) or engage in (an activity) "], ["vis", [{"t": "{wi}have{/wi} a look at that cut"}]]]}], ["sense", {"sn": "c", "dt": [["text", "{bc}to entertain in the mind "], ["vis", [{"t": "{wi}have{/wi} an opinion"}]]]}]], [["sense", {"sn": "7 a", "dt": [["text", "{bc}to cause or command to do something "], ["uns", [[["text", "used with the infinitive without {it}to{/it} "], ["vis", [{"t": "{wi}have{/wi} the children stay"}]]]]]]}], ["sense", {"sn": "b", "dt": [["text", "{bc}to cause to be in a certain place or state "], ["vis", [{"t": "{it}has{/it} people around at all times"}]]]}]], [["sense", {"sn": "8", "dt": [["text", "{bc}{sx|allow||} "], ["vis", [{"t": "we'll {wi}have{/wi} no more of that"}]]]}]], [["sense", {"sn": "9", "dt": [["text", "{bc}to be competent in "], ["vis", [{"t": "{it}has{/it} only a little French"}]]]}]], [["sense", {"sn": "10 a", "dt": [["text", "{bc}to hold in a position of disadvantage or certain defeat "], ["vis", [{"t": "we {wi}have{/wi} him now"}]]]}], ["sense", {"sn": "b", "dt": [["text", "{bc}to take advantage of {bc}{sx|trick||}, {sx|fool||} "], ["vis", [{"t": "been {it}had{/it} by a partner"}]]]}]], [["sense", {"sn": "11", "dt": [["text", "{bc}{sx|bear||3a} "], ["vis", [{"t": "{wi}have{/wi} a baby"}]]]}]], [["sense", {"sn": "12", "dt": [["text", "{bc}to partake of "], ["vis", [{"t": "{wi}have{/wi} dinner"}, {"t": "{wi}have{/wi} a piece"}]]]}]], [["sense", {"sn": "13", "dt": [["text", "{bc}{sx|bribe||}, {sx|suborn||} "], ["vis", [{"t": "can be {it}had{/it} for a price"}]]]}]]]}, {"vd": "auxiliary verb", "sseq": [[["sense", {"sn": "1", "dt": [["uns", [[["text", "used with the past participle to form the present perfect, past perfect, or future perfect "], ["vis", [{"t": "{it}has{/it} gone home"}, {"t": "{it}had{/it} already eaten"}, {"t": "will {wi}have{/wi} finished dinner by then"}]]]]]]}]], [["sense", {"sn": "2", "dt": [["text", "{bc}to be compelled, obliged, or required "], ["uns", [[["text", "used with an infinitive with {it}to{/it} or {it}to{/it} alone "], ["vis", [{"t": "we {it}had{/it} to go"}, {"t": "do what you {it}have{/it} to"}, {"t": "it {it}has{/it} to be said"}]]]]]]}]]]}], "dros": [{"drp": "had better", "vrs": [{"vl": "or", "va": "had best"}], "def": [{"sseq": [[["sense", {"dt": [["text", "{bc}would be wise to "], ["vis", [{"t": "{it}had better{/it} go to bed"}]]]}]]]}]}, {"drp": "have at", "def": [{"sseq": [[["sense", {"dt": [["text", "{bc}to go at or deal with {bc}{sx|attack||} "], ["vis", [{"t": "like two boxers {it}having at{/it} each other"}]]]}]]]}]}, {"drp": "have coming", "def": [{"sseq": [[["sense", {"dt": [["text", "{bc}to deserve or merit what one gets, benefits by, or suffers "], ["vis", [{"t": "he {it}had{/it} that {it}coming{/it}"}]]]}]]]}]}, {"drp": "have done", "def": [{"sseq": [[["sense", {"dt": [["text", "{bc}{sx|finish||}, {sx|stop||} "], ["vis", [{"t": "wish you would {it}have done{/it} before I go mad"}]]]}]]]}]}, {"drp": "have done with", "def": [{"sseq": [[["sense", {"dt": [["text", "{bc}to bring to an end {bc}have no further concern with "], ["vis", [{"t": "let us {it}have done with{/it} name-calling"}]]]}]]]}]}, {"drp": "have had it", "def": [{"sseq": [[["sense", {"sn": "1", "dt": [["text", "{bc}to have had or have done all one is going to be allowed to "], ["vis", [{"t": "He's been cheating me for years but now he'{it}s had it{/it}."}]]]}]], [["sense", {"sn": "2", "dt": [["text", "{bc}to have experienced, endured, or suffered all one can "], ["vis", [{"t": "Her old beater {it}has{/it} finally {it}had it{/it}."}]]]}]]]}]}, {"drp": "have it", "def": [{"sseq": [[["sense", {"dt": [["text", "{bc}{sx|assert||}, {sx|claim||} "], ["vis", [{"t": "rumor {it}has it{/it} that he was drunk"}]]]}]]]}]}, {"drp": "have it in for", "def": [{"sseq": [[["sense", {"dt": [["text", "{bc}to intend to do harm to"]]}]]]}]}, {"drp": "have it out", "def": [{"sseq": [[["sense", {"dt": [["text", "{bc}to settle a matter of contention by discussion or a fight "], ["vis", [{"t": "thinks they just need to {it}have it out{/it}"}]]]}]]]}]}, {"drp": "have none of", "def": [{"sseq": [[["sense", {"dt": [["text", "{bc}to refuse to have anything to do with "], ["vis", [{"t": "We will {it}have none of{/it} that."}]]]}]]]}]}, {"drp": "have one's eye on", "def": [{"sseq": [[["sense", {"sn": "1 a", "dt": [["text", "{bc}to look at"]]}], ["sense", {"sn": "b", "dt": [["text", "{bc}to watch constantly and attentively"]]}]], [["sense", {"sn": "2", "dt": [["text", "{bc}to have as an objective "], ["vis", [{"t": "{it}has her eye on{/it} a little cottage in the country"}]]]}]]]}]}, {"drp": "have to do with", "def": [{"sseq": [[["sense", {"sn": "1", "dt": [["text", "{bc}to deal with "], ["vis", [{"t": "the story {it}has to do with{/it} real people", "aq": {"auth": "Alice M. Jordan"}}]]]}]], [["sense", {"sn": "2", "dt": [["text", "{bc}to have a specified relationship with or effect on "], ["vis", [{"t": "the size of the brain {it}has{/it} nothing {it}to do with{/it} intelligence", "aq": {"auth": "Ruth Benedict"}}]]]}]]]}]}], "et": [["text", "Middle English, from Old English {it}habban{/it}; akin to Old High German {it}hab\u0113n{/it} to have, and perhaps to {it}hevan{/it} to lift {ma}{mat|heave:1|}{/ma}"]], "date": "before 12th century{ds|t|1|a|}", "shortdef": ["to hold or maintain as a possession, privilege, or entitlement", "to hold in one's use, service, regard, or at one's disposal", "to hold, include, or contain as a part or whole"]}, {"meta": {"id": "had a good innings", "uuid": "2e83b20f-6d3a-41b1-add2-3647cd05195b", "sort": "3007924000", "src": "ld", "section": "idioms", "stems": ["had a good innings"], "offensive": false}, "hwi": {"hw": "had a good innings"}, "fl": "idiom", "def": [{"sls": ["British", "informal"], "sseq": [[["sense", {"dt": [["uns", [[["text", "used to say that someone who has died lived a long life "], ["vis", [{"t": "We're sad she's gone, but she {it}had a good innings{/it}."}]]]]]]}]]]}], "shortdef": ["\u2014used to say that someone who has died lived a long life"]}, {"meta": {"id": "be had", "uuid": "43471366-9c5c-4ada-8f76-6ce6453cfe39", "sort": "3001653000", "src": "ld", "section": "idioms", "stems": ["be had"], "offensive": false}, "hwi": {"hw": "be had"}, "fl": "idiom", "def": [{"sseq": [[["sense", {"dt": [["text", "{bc}to be tricked or fooled by someone "], ["vis", [{"t": "She doesn't want to buy a used car because she's worried about {it}being had{/it} by a dishonest salesman."}, {"t": "I don't trust them. I think we've {it}been had{/it}."}]]]}]]]}], "shortdef": ["to be tricked or fooled by someone"]}, {"meta": {"id": "if it had not been for", "uuid": "a2f6f55b-b92e-470d-b593-29a4319207d2", "sort": "3009139000", "src": "ld", "section": "idioms", "stems": ["if it had not been for"], "offensive": false}, "hwi": {"hw": "if it had not been for"}, "fl": "idiom", "def": [{"sseq": [[["sense", {"dt": [["text", "{bc}in the absence of (something or someone) {bc}without "], ["vis", [{"t": "{it}If it hadn't been for{/it} him, I wouldn't be where I am today."}]]]}]]]}], "shortdef": ["in the absence of (something or someone) : without"]}, {"meta": {"id": "if one had one's druthers", "uuid": "7737b0cc-5caa-4438-8c60-702ce812be78", "sort": "3009156000", "src": "ld", "section": "idioms", "stems": ["if one had her druthers", "if one had his druthers", "if one had one's druthers", "if one had their druthers"], "offensive": false}, "hwi": {"hw": "if one had one's druthers"}, "fl": "idiom", "def": [{"sls": ["US", "informal"], "sseq": [[["sense", {"dt": [["text", "{bc}if one could choose what to do "], ["vis", [{"t": "{it}If I had my druthers{/it}, I would travel all the time."}]]]}]]]}], "shortdef": ["if one could choose what to do"]}, {"meta": {"id": "you had to be there", "uuid": "b86abf8e-b3b8-4c36-905a-05d3a33b6368", "sort": "3023090000", "src": "ld", "section": "idioms", "stems": ["you had to be there"], "offensive": false}, "hwi": {"hw": "you had to be there"}, "fl": "idiom", "def": [{"sseq": [[["sense", {"dt": [["uns", [[["text", "used to say that people cannot understand something because they did not experience it or see it themselves "], ["vis", [{"t": "I know it sounds weird, but it was so funny. I guess {it}you had to be there{/it}."}]]]]]]}]]]}], "shortdef": ["\u2014used to say that people cannot understand something because they did not experience it or see it themselves"]}, {"meta": {"id": "base:1", "uuid": "cde55691-6c1a-4d36-a60b-0ec7a9ef884d", "sort": "020081100", "src": "collegiate", "section": "alpha", "stems": ["base", "baseless", "bases", "cover all the bases", "cover every base", "covered all the bases", "covered every base", "covering all the bases", "covering every base", "covers all the bases", "covers every base", "had all her bases covered", "had all his bases covered", "had all its bases covered", "had all my bases covered", "had all one's bases covered", "had all our bases covered", "had all their bases covered", "had all your bases covered", "had her bases covered", "had his bases covered", "had its bases covered", "had my bases covered", "had one's bases covered", "had our bases covered", "had their bases covered", "had your bases covered", "has all her bases covered", "has all his bases covered", "has all its bases covered", "has all one's bases covered", "has her bases covered", "has his bases covered", "has its bases covered", "has one's bases covered", "have all my bases covered", "have all one's bases covered", "have all our bases covered", "have all their bases covered", "have all your bases covered", "have my bases covered", "have one's bases covered", "have our bases covered", "have their bases covered", "have your bases covered", "having all her bases covered", "having all his bases covered", "having all its bases covered", "having all my bases covered", "having all our bases covered", "having all their bases covered", "having all your bases covered", "having her bases covered", "having his bases covered", "having its bases covered", "having my bases covered", "having our bases covered", "having their bases covered", "having your bases covered", "off base", "touch all the bases", "touch every base", "touched all the bases", "touched every base", "touches all the bases", "touches every base", "touching all the bases", "touching every base"], "offensive": false}, "hom": 1, "hwi": {"hw": "base", "prs": [{"mw": "\u02c8b\u0101s", "sound": {"audio": "base0001", "ref": "c", "stat": "1"}}]}, "fl": "noun", "ins": [{"il": "plural", "if": "bas*es", "prs": [{"mw": "\u02c8b\u0101-s\u0259z", "sound": {"audio": "base0002", "ref": "c", "stat": "1"}}]}], "def": [{"sseq": [[["sense", {"sn": "1 a", "dt": [["text", "{bc}the bottom of something considered as its support {bc}{sx|foundation||} "], ["vis", [{"t": "the {wi}base{/wi} of the mountain"}, {"t": "the lamp's heavy {wi}base{/wi}"}]]]}], ["sense", {"sn": "b", "sls": ["biology"], "dt": [["text", "{bc}that part of a bodily organ by which it is attached to another more central structure of the organism "], ["vis", [{"t": "the {wi}base{/wi} of the thumb"}]]]}], ["sen", {"sn": "c", "sls": ["architecture"]}], ["pseq", [["sense", {"sn": "(1)", "dt": [["text", "{bc}the lower part of a wall, pier, or column considered as a separate architectural feature"]]}], ["sense", {"sn": "(2)", "dt": [["text", "{bc}the lower part of a complete architectural design (as of a monument)"]]}]]], ["sen", {"sn": "d", "sls": ["mathematics"]}], ["pseq", [["sense", {"sn": "(1)", "dt": [["text", "{bc}a side or face {dx_def}see {dxt|face:1||5a(5)}{/dx_def} of a geometrical figure from which an altitude {dx_def}see {dxt|altitude||1c(1)}{/dx_def} can be constructed"]], "sdsense": {"sd": "especially", "dt": [["text", "{bc}a side or face on which the figure stands "], ["vis", [{"t": "the {wi}base{/wi} of a triangle"}]]]}}], ["sense", {"sn": "(2)", "dt": [["text", "{bc}the length of a base "], ["vis", [{"t": "determining the triangle's {wi}base{/wi}"}]]]}]]]], [["sense", {"sn": "2 a", "dt": [["text", "{bc}a main ingredient "], ["vis", [{"t": "paint having a latex {wi}base{/wi}"}]]]}], ["sense", {"sn": "b", "dt": [["text", "{bc}a supporting or carrying ingredient (as of a medicine)"]]}], ["sense", {"sn": "c", "dt": [["text", "{bc}a first or bottom layer of something on which other elements are added "], ["vis", [{"t": "Overnight, Utah's famous snow has freshly blanketed both runs, adding to a solid {wi}base{/wi} of three feet \u2026", "aq": {"auth": "Abby Carroll"}}]]]}]], [["sense", {"sn": "3 a", "dt": [["text", "{bc}the fundamental part of something {bc}{sx|groundwork||}, {sx|basis||} "], ["vis", [{"t": "the book's theoretical {wi}base{/wi}"}, {"t": "her broad {wi}base{/wi} of knowledge"}]]]}], ["sense", {"sn": "b", "dt": [["text", "{bc}something (as a group of people) that reliably provides support (such as for a business or political candidate) "], ["uns", [[["text", "usually singular "], ["vis", [{"t": "efforts to expand their customer {wi}base{/wi}"}, {"t": "the band's fan {wi}base{/wi}"}, {"t": "But I do believe that that's a very sore point with many Democrats and could be used to energize their {wi}base{/wi}.", "aq": {"auth": "John McCain"}}]]]]]]}], ["sense", {"sn": "c", "sls": ["Marxism"], "dt": [["text", "{bc}the economic factors on which all legal, social, and political relations are formed"]]}]], [["sense", {"sn": "4 a", "dt": [["text", "{bc}the starting point or line for an action or undertaking "], ["vis", [{"t": "plans to make this city his {wi}base{/wi} of operation", "aq": {"auth": "J. A. Loftus"}}]]]}], ["sense", {"sn": "b", "dt": [["text", "{bc}a {d_link|baseline|baseline} in {d_link|surveying|surveying}"]]}], ["pseq", [["bs", {"sense": {"sn": "c", "dt": [["text", "{bc}a center or area of operations "], ["vis", [{"t": "The company has its {wi}base{/wi} in London."}]], ["text", ": such as"]]}}], ["sense", {"sn": "(1)", "dt": [["text", "{bc}a permanent military installation "], ["vis", [{"t": "a naval {wi}base{/wi}"}, {"t": "The troops were ordered back to {wi}base{/wi}."}]]]}], ["sense", {"sn": "(2)", "dt": [["text", "{bc}the place from which a military force draws supplies"]]}], ["sense", {"sn": "(3)", "dt": [["text", "{bc}a place where military operations begin"]]}]]], ["sense", {"sn": "d", "sls": ["linguistics"], "dt": [["text", "{bc}{sx|root||6} "], ["vis", [{"t": "\"Leave\" is the {wi}base{/wi} of the verb \"left.\""}]]]}], ["sen", {"sn": "e", "sls": ["mathematics"]}], ["pseq", [["sense", {"sn": "(1)", "dt": [["text", "{bc}a number (such as 5 in 5{sup}6.44{/sup} or 5{sup}7{/sup}) that is raised to a power {dx_def}see {dxt|power:1||5a}{/dx_def}"]], "sdsense": {"sd": "especially", "dt": [["text", "{bc}the number that when raised to a power equal to the logarithm of a number yields the number itself "], ["vis", [{"t": "The logarithm of 100 to the {wi}base{/wi} 10 is 2 since 10{sup}2{/sup} = 100."}]]]}}], ["sense", {"sn": "(2)", "dt": [["text", "{bc}a number equal to the number of units in a given digit's place {dx_def}see {dxt|place:1||8}{/dx_def} that for a given system of writing numbers is required to give the numeral 1 in the next higher place "], ["vis", [{"t": "The decimal system uses a {wi}base{/wi} of 10."}]]], "sdsense": {"sd": "also", "dt": [["text", "{bc}such a system of writing numbers using an indicated base "], ["vis", [{"t": "Convert from {wi}base{/wi} 10 to {wi}base{/wi} 2."}]]]}}], ["sense", {"sn": "(3)", "dt": [["text", "{bc}a number that is multiplied by a rate or of which a percentage or fraction is calculated "], ["vis", [{"t": "To find the interest on $90 at 10 percent multiply the {wi}base{/wi} 90 by .10."}]]]}]]]], [["sense", {"sn": "5 a", "dt": [["text", "{bc}any one of the four stations at the corners of a baseball or softball {d_link|infield|infield} "], ["vis", [{"t": "allowing the batter to reach {wi}base{/wi}"}]]]}], ["sense", {"sn": "b", "sls": ["in various games"], "dt": [["text", "{bc}the starting place or goal"]]}], ["sense", {"sn": "c", "dt": [["text", "{bc}a point to be considered "], ["vis", [{"t": "His opening remarks touched every {wi}base{/wi}."}]]]}]], [["sen", {"sn": "6", "sls": ["chemistry"]}], ["sense", {"sn": "a", "dt": [["text", "{bc}any of various typically water-soluble and bitter tasting compounds that in solution have a pH greater than 7, are capable of reacting with an {d_link|acid|acid:1} to form a salt, and are molecules or ions able to take up a proton from an acid or able to give up an unshared pair of electrons to an acid"]]}], ["sense", {"sn": "b", "dt": [["text", "{bc}any of the five {d_link|purine|purine} or {d_link|pyrimidine|pyrimidine} bases of DNA and RNA that include cytosine, guanine, adenine, thymine, and uracil"]]}]], [["sense", {"sn": "7", "sls": ["finance"], "dt": [["text", "{bc}a price level at which a security {dx_def}see {dxt|security||3}{/dx_def} previously declining in price resists further decline"]]}]], [["sense", {"sn": "8", "sls": ["heraldry"], "dt": [["text", "{bc}the lower part of a heraldic field {dx_def}see {dxt|field:1||3c}{/dx_def}"]]}]], [["sense", {"sn": "9", "sls": ["linguistics"], "dt": [["text", "{bc}the part of a {d_link|transformational grammar|transformational grammar} that consists of rules and a lexicon and generates the {d_link|deep structures|deep structure} of a language"]]}]], [["sense", {"sn": "10", "dt": [["text", "{bc}an electrode that modulates the current flowing through a {d_link|bipolar|bipolar} junction transistor according to the voltage applied to the electrode "], ["vis", [{"t": "This gate, which is called a grid in a tube and a {wi}base{/wi} in a transistor, enables a small \"controlling\" voltage to turn on and off a much larger voltage between the cathode and the anode.", "aq": {"auth": "Thom Hartmann"}}]], ["text", " {dx}compare {dxt|gate:1|gate:1|5b}{/dx}"]]}]]]}], "uros": [{"ure": "base*less", "prs": [{"mw": "\u02c8b\u0101-sl\u0259s", "sound": {"audio": "base0004", "ref": "c", "stat": "1"}}], "fl": "adjective"}], "dros": [{"drp": "cover all the bases", "vrs": [{"vl": "or less commonly", "va": "cover every base"}, {"vl": "or", "va": "have (all) one's bases covered"}], "def": [{"sseq": [[["sense", {"dt": [["text", "{bc}to do or include everything that needs to be done or included {bc}to fulfill all requirements or necessities "], ["vis", [{"t": "The well rounded menu {wi}covers all the bases{/wi}\u2014pork or duck breast and always a grilled chicken with complementary sauces and relishes \u2026", "aq": {"auth": "Caroline Bates"}}, {"t": "In other words, we need to {wi}cover every base{/wi}. Too often, something is remembered at the last minute and we find ourselves waiting for the stores to open on sale day so we can purchase a much-needed item.", "aq": {"auth": "Sue Story"}}, {"t": "In your e-mail, let the company know that, for their convenience, you're e-mailing the resume and letter, but that the original documents will arrive by postal service. This way you've {wi}got all your bases covered{/wi}.", "aq": {"auth": "Peter Post"}}]]]}]]]}]}, {"drp": "off base", "def": [{"sseq": [[["sense", {"sn": "1", "dt": [["text", "{bc}{sx|wrong||}, {sx|mistaken||} "], ["vis", [{"t": "Estimates were way {wi}off base{/wi}."}]]]}]], [["sense", {"sn": "2", "dt": [["text", "{bc}{sx|unawares||} "], ["vis", [{"t": "caught {it}off base{/it} by the charges"}]]]}]]]}]}, {"drp": "touch all the bases", "vrs": [{"vl": "or less commonly", "va": "touch every base"}], "def": [{"sseq": [[["sense", {"sn": "1", "dt": [["text", "{bc}to mention every subject that needs to be considered "], ["vis", [{"t": "a speech that {wi}touches all the bases{/wi}"}]]]}]], [["sense", {"sn": "2", "dt": [["text", "{bc}to do or include everything that needs to be done or included {bc}to fulfill all requirements or necessities "], ["vis", [{"t": "need to {wi}touch all the bases{/wi} when applying for a mortgage"}, {"t": "The owner of the Utah Stars is in Salt Lake City, working 24 hours a day in an effort to {wi}touch every base{/wi} to keep his club in Utah's capital city.", "aq": {"auth": "Dan Pattison"}}]]]}]]]}]}], "art": {"artid": "base", "capt": "base of a column: {it}1{/it} upper torus, {it}2{/it} scotia, {it}3{/it} lower torus, {it}4{/it} plinth, {it}5{/it} shaft, {it}6{/it} fillets"}, "et": [["text", "Middle English, from Anglo-French, from Latin {it}basis{/it}, from Greek, step, base, from {it}bainein{/it} to go {ma}{mat|come|}{/ma}"]], "date": "14th century{ds||1|c|1}", "shortdef": ["the bottom of something considered as its support : foundation", "that part of a bodily organ by which it is attached to another more central structure of the organism", "the lower part of a wall, pier, or column considered as a separate architectural feature"]}, {"meta": {"id": "bell:1", "uuid": "09c5afb0-ca40-4c03-bba2-bf03f7aef5c3", "sort": "020147600", "src": "collegiate", "section": "alpha", "stems": ["bell", "bells", "gave (someone) a bell", "gave her a bell", "gave him a bell", "gave me a bell", "gave them a bell", "gave us a bell", "gave you a bell", "get her bell rung", "get his bell rung", "get its bell rung", "get my bell rung", "get one's bell rung", "get our bell rung", "get their bell rung", "get your bell rung", "gets her bell rung", "gets his bell rung", "gets its bell rung", "gets one's bell rung", "getting her bell rung", "getting his bell rung", "getting its bell rung", "getting my bell rung", "getting one's bell rung", "getting our bell rung", "getting their bell rung", "getting your bell rung", "give (someone) a bell", "give her a bell", "give him a bell", "give me a bell", "give them a bell", "give us a bell", "give you a bell", "given her a bell", "given him a bell", "given me a bell", "given them a bell", "given us a bell", "given you a bell", "gives (someone) a bell", "gives her a bell", "gives him a bell", "gives me a bell", "gives them a bell", "gives us a bell", "gives you a bell", "giving (someone) a bell", "giving her a bell", "giving him a bell", "giving me a bell", "giving them a bell", "giving us a bell", "giving you a bell", "got her bell rung", "got his bell rung", "got its bell rung", "got my bell rung", "got one's bell rung", "got our bell rung", "got their bell rung", "got your bell rung", "had her bell rung", "had his bell rung", "had its bell rung", "had my bell rung", "had one's bell rung", "had our bell rung", "had their bell rung", "had your bell rung", "has her bell rung", "has his bell rung", "has its bell rung", "has one's bell rung", "have her bell rung", "have his bell rung", "have its bell rung", "have my bell rung", "have one's bell rung", "have our bell rung", "have their bell rung", "have your bell rung", "having her bell rung", "having his bell rung", "having its bell rung", "having my bell rung", "having one's bell rung", "having our bell rung", "having their bell rung", "having your bell rung"], "offensive": false}, "hom": 1, "hwi": {"hw": "bell", "prs": [{"mw": "\u02c8bel", "sound": {"audio": "bell0001", "ref": "c", "stat": "1"}}]}, "fl": "noun", "def": [{"sseq": [[["sense", {"sn": "1 a", "dt": [["text", "{bc}a hollow metallic device that gives off a reverberating sound when struck"]]}], ["sense", {"sn": "b", "dt": [["text", "{bc}{sx|doorbell||}"]]}]], [["sense", {"sn": "2 a", "dt": [["text", "{bc}the sounding of a bell as a signal"]]}], ["sense", {"sn": "b", "dt": [["text", "{bc}a stroke of a bell (as on shipboard) to indicate the time"]], "sdsense": {"sd": "also", "dt": [["text", "{bc}the time so indicated"]]}}], ["sense", {"sn": "c", "dt": [["text", "{bc}a half hour period of a watch on shipboard indicated by the strokes of a bell {dx}see {dxt|Ship's Bells Table|bell|table}{/dx} below"]]}]], [["bs", {"sense": {"sn": "3", "dt": [["text", "{bc}something having the form of a bell: such as"]]}}], ["sense", {"sn": "a", "dt": [["text", "{bc}the corolla of a flower"]]}], ["sense", {"sn": "b", "dt": [["text", "{bc}a bell-shaped organ or part (such as the {d_link|dewlap|dewlap} of a moose)"]], "sdsense": {"sd": "especially", "dt": [["text", "{bc}the bell- or saucer-shaped, largely gelatinous structure that forms the main part of the body of most jellyfish {bc}{sx|umbrella:1||3}"]]}}], ["sense", {"sn": "c", "dt": [["text", "{bc}the part of the capital of a column between the abacus and neck molding"]]}], ["sense", {"sn": "d", "dt": [["text", "{bc}the flared end of a wind instrument"]]}], ["sense", {"sn": "e", "dt": [["text", "{bc}the open mouth of a {d_link|nozzle|nozzle} (such as of the exhaust of a jet engine) "], ["vis", [{"t": "The heating was so intense \u2026 that the gas went rushing out the tail of the engine at 30,000 feet per second, or twice the speed at which exhaust leaves the {wi}bell{/wi} of a conventional engine.", "aq": {"auth": "Jeffrey Kluger"}}]]]}]], [["sense", {"sn": "4 a", "dt": [["text", "{bc}a percussion instrument consisting of metal bars or tubes that when struck give out tones resembling {a_link|bells} "], ["uns", [[["text", "usually used in plural"]]]]]}], ["sense", {"sn": "b", "dt": [["text", "{bc}{sx|glockenspiel||}"]]}]]]}], "dros": [{"drp": "get/have one's bell rung", "def": [{"sls": ["US and Canada", "sports", "informal"], "sseq": [[["sense", {"dt": [["text", "{bc}to be hit on the head {bc}to suffer a concussion "], ["vis", [{"t": "He had {wi}his bell rung{/wi} on a blitz, and a short time later he was taken to Divine Providence Hospital.", "aq": {"auth": "Ralph Wiley"}}]]]}]]]}]}, {"drp": "give (someone) a bell", "def": [{"sls": ["British", "informal"], "sseq": [[["sense", {"dt": [["text", "{bc}to make a telephone call to "], ["vis", [{"t": "Maybe Cowell can {wi}give him a bell{/wi} towards the end of his marathon broadcast\u2014that would certainly wake him up.", "aq": {"auth": "Mark Jefferies"}}]]]}]]]}]}], "table": {"tableid": "bell", "displayname": "Ship's Bells Table"}, "et": [["text", "Middle English {it}belle{/it}, from Old English; perhaps akin to Old English {it}bellan{/it} to roar {ma}{mat|bellow|}{/ma}"]], "date": "before 12th century{ds||1|a|}", "shortdef": ["a hollow metallic device that gives off a reverberating sound when struck", "doorbell", "the sounding of a bell as a signal"]}, {"meta": {"id": "bent:2", "uuid": "34ed9b8a-a1c5-4351-bc50-e1fb448fa344", "sort": "020162800", "src": "collegiate", "section": "alpha", "stems": ["bent", "bent on", "bent out of shape", "get bent", "gets bent", "getting bent", "got bent", "had gotten bent"], "offensive": false}, "hom": 2, "hwi": {"hw": "bent"}, "fl": "adjective", "def": [{"sseq": [[["sense", {"sn": "1", "dt": [["text", "{bc}changed by bending out of an originally straight or even condition "], ["vis", [{"t": "{wi}bent{/wi} twigs"}, {"t": "standing with knees slightly {wi}bent{/wi}"}]]]}]], [["sense", {"sn": "2", "dt": [["text", "{bc}strongly inclined {bc}{sx|determined||} "], ["uns", [[["text", "usually used with {it}on{/it} "], ["vis", [{"t": "was {wi}bent{/wi} on going"}]]]]]]}]], [["sen", {"sn": "3", "sls": ["slang"]}], ["sense", {"sn": "a", "dt": [["text", "{bc}different from the normal or usual "], ["vis", [{"t": "\u2026 she was so {wi}bent{/wi} that she's probably a woman who ought to be locked up somewhere \u2026", "aq": {"auth": "Robert Redford"}}]]]}], ["sense", {"sn": "b", "sls": ["chiefly British"], "dt": [["text", "{bc}{sx|dishonest||}, {sx|corrupt||} "], ["vis", [{"t": "a {wi}bent{/wi} cop"}]]]}], ["sense", {"sn": "c", "sls": ["chiefly US"], "dt": [["text", "{bc}{sx|intoxicated|intoxicated|}, {sx|drunk||} "], ["vis", [{"t": "Like to get {wi}bent{/wi}? This hangover beater will help you get back on track.", "aq": {"source": "{it}Vibe{/it}"}}]]]}]]]}], "dros": [{"drp": "bent out of shape", "def": [{"sseq": [[["sense", {"dt": [["text", "{bc}extremely upset or angry"]]}]]]}]}, {"drp": "get bent", "def": [{"sseq": [[["sense", {"sls": ["slang"], "dt": [["uns", [[["text", "used as an angry or contemptuous way of dismissing someone's statement, suggestion, etc. "], ["vis", [{"t": "I try to call him the next morning to apologize, but he tells me to {wi}get bent{/wi}.", "aq": {"auth": "Chuck Klosterman"}}]]]]]]}]]]}]}], "et": [["text", "Middle English, from past participle of {it}benden{/it} to bend"]], "date": "14th century{ds||1||}", "shortdef": ["changed by bending out of an originally straight or even condition", "strongly inclined : determined \u2014usually used with on", "different from the normal or usual"]}]