[{"meta": {"id": "ha-ha", "uuid": "082b4d70-d093-4647-8577-10dd6edd8210", "src": "CTcompile", "section": "alpha", "stems": ["ha-ha"], "syns": [["moat", "stank", "sunk fence", "dike", "ditch", "fosse", "gutter", "sheugh", "trench", "trough", "acequia", "culvert", "drain", "draw", "gully", "ravine", "drill", "furrow", "kennel"]], "ants": [], "offensive": false}, "hwi": {"hw": "ha-ha"}, "fl": "noun", "def": [{"sseq": [[["sense", {"dt": [["text", "as in {it}moat{/it}, {it}stank{/it}"]], "sim_list": [[{"wd": "moat"}, {"wd": "stank", "wsls": ["British dialect"]}, {"wd": "sunk fence"}], [{"wd": "dike"}, {"wd": "ditch"}, {"wd": "fosse", "wvrs": [{"wvl": "or", "wva": "foss"}]}, {"wd": "gutter"}, {"wd": "sheugh", "wsls": ["chiefly Scottish"]}, {"wd": "trench"}, {"wd": "trough"}], [{"wd": "acequia", "wsls": ["Southwest"]}, {"wd": "culvert"}, {"wd": "drain"}, {"wd": "draw"}, {"wd": "gully", "wvrs": [{"wvl": "also", "wva": "gulley"}]}, {"wd": "ravine"}], [{"wd": "drill"}, {"wd": "furrow"}], [{"wd": "kennel"}]]}]]]}], "shortdef": ["as in moat, stank"]}]