[{"meta": {"id": "he:1", "uuid": "9e41bc40-f769-4bc8-90ee-e8de061f11eb", "sort": "080091400", "src": "collegiate", "section": "alpha", "stems": ["he"], "offensive": false}, "hom": 1, "hwi": {"hw": "he", "prs": [{"mw": "\u02c8h\u0113", "sound": {"audio": "he000001", "ref": "c", "stat": "1"}}, {"mw": "\u0113"}]}, "fl": "pronoun", "def": [{"sseq": [[["sense", {"sn": "1", "dt": [["text", "{bc}that male one who is neither speaker nor hearer "], ["vis", [{"t": "{wi}he{/wi} is my father"}]], ["text", " {dx}compare {dxt|him||}, {dxt|his||}, {dxt|it||}, {dxt|she||}, {dxt|they||}{/dx}"]]}]], [["sense", {"sn": "2", "dt": [["uns", [[["text", "used in a generic sense or when the gender of the person is unspecified "], ["vis", [{"t": "{wi}he{/wi} that hath ears to hear, let him hear", "aq": {"source": "Matthew 11:15 (King James Version)"}}, {"t": "one should do the best {wi}he{/wi} can"}]]]]]]}]]]}], "et": [["text", "Middle English, from Old English {it}h\u0113{/it}; akin to Old English {it}h\u0113o{/it} she, {it}hit{/it} it, Old High German {it}h\u0113{/it} he, Latin {it}cis, citra{/it} on this side, Greek e{it}ke{/it}inos that person"]], "date": "before 12th century{ds||1||}", "shortdef": ["that male one who is neither speaker nor hearer", "\u2014used in a generic sense or when the gender of the person is unspecified"]}, {"meta": {"id": "he:2", "uuid": "a19dc8ef-16d9-44bc-b1de-1ef5d7b26233", "sort": "080091500", "src": "collegiate", "section": "alpha", "stems": ["he", "hes"], "offensive": false}, "hom": 2, "hwi": {"hw": "he", "prs": [{"mw": "\u02c8h\u0113", "sound": {"audio": "he000002", "ref": "c", "stat": "1"}}]}, "fl": "noun", "def": [{"sseq": [[["sense", {"sn": "1", "dt": [["text", "{bc}a male person or animal"]]}]], [["sense", {"sn": "2", "dt": [["text", "{bc}one that is strongly masculine or has strong masculine appeal "], ["uns", [[["text", "usually used in combination "], ["vis", [{"t": "that's what I call {it}he{/it}-literature", "aq": {"auth": "Sinclair Lewis"}}]]]]]]}]]]}], "date": "before 12th century{ds||1||}", "shortdef": ["a male person or animal", "one that is strongly masculine or has strong masculine appeal \u2014usually used in combination"]}, {"meta": {"id": "he:3", "uuid": "27023626-0977-400b-8785-37e96c76402a", "sort": "080091600", "src": "collegiate", "section": "alpha", "stems": ["he", "hes"], "offensive": false}, "hom": 3, "hwi": {"hw": "he", "prs": [{"mw": "\u02c8h\u0101", "sound": {"audio": "he000003", "ref": "c", "stat": "1"}}]}, "fl": "noun", "def": [{"sseq": [[["sense", {"dt": [["text", "{bc}the 5th letter of the Hebrew alphabet {dx}see {dxt|Alphabet Table|alphabet|table}{/dx}"]]}]]]}], "et": [["text", "Hebrew {it}h\u0113'{/it}"]], "date": "circa 1567", "shortdef": ["the 5th letter of the Hebrew alphabet"]}, {"meta": {"id": "He", "uuid": "a3b9ae7a-530e-4bbd-909f-ee69f532759a", "sort": "080091700", "src": "collegiate", "section": "alpha", "stems": ["He"], "offensive": false}, "hwi": {"hw": "He"}, "fl": "symbol", "def": [{"sseq": [[["sense", {"dt": [["text", "helium"]]}]]]}], "shortdef": ["helium"]}, {"meta": {"id": "HE", "uuid": "a13b6e1c-36f8-4125-8619-324333df392c", "sort": "080091800", "src": "collegiate", "section": "alpha", "stems": ["HE"], "offensive": false}, "hwi": {"hw": "HE"}, "fl": "abbreviation", "def": [{"sseq": [[["sense", {"sn": "1", "dt": [["text", "Her Excellency; His Excellency"]]}]], [["sense", {"sn": "2", "dt": [["text", "high efficiency"]]}]], [["sense", {"sn": "3", "dt": [["text", "high explosive"]]}]], [["sense", {"sn": "4", "dt": [["text", "His Eminence"]]}]]]}], "shortdef": ["Her Excellency; His Excellency", "high efficiency", "high explosive", "His Eminence"]}, {"meta": {"id": "him", "uuid": "9b67e5cf-aa05-466d-8b70-772de72a1a57", "sort": "080192300", "src": "collegiate", "section": "alpha", "stems": ["he", "him"], "offensive": false}, "hwi": {"hw": "him", "prs": [{"mw": "im"}, {"mw": "\u02c8him", "sound": {"audio": "him00001", "ref": "c", "stat": "1"}}]}, "fl": "pronoun", "cxs": [{"cxl": "objective case of", "cxtis": [{"cxt": "he"}]}], "shortdef": []}, {"meta": {"id": "he-man", "uuid": "57d7c984-71fa-49f3-9822-e51ff9849e10", "sort": "080130700", "src": "collegiate", "section": "alpha", "stems": ["he-man", "he-men"], "offensive": false}, "hwi": {"hw": "he-man", "prs": [{"mw": "\u02c8h\u0113-\u02ccman", "sound": {"audio": "heman001", "ref": "c", "stat": "1"}}]}, "fl": "noun", "def": [{"sseq": [[["sense", {"dt": [["text", "{bc}a strong virile man"]]}]]]}], "date": "1758", "shortdef": ["a strong virile man"]}, {"meta": {"id": "he laughs best that laughs last", "uuid": "f84c5263-f842-4331-92da-bac5a541bb5d", "sort": "3008481000", "src": "ld", "section": "idioms", "stems": ["he laughs best that laughs last"], "offensive": false}, "hwi": {"hw": "he laughs best that laughs last"}, "fl": "idiom", "def": [{"sseq": [[["sense", {"dt": [["uns", [[["text", "used to say that even if someone is not successful now he or she will succeed or be the winner in the end"]]]]]}]]]}], "shortdef": ["\u2014used to say that even if someone is not successful now he or she will succeed or be the winner in the end"]}, {"meta": {"id": "he who hesitates is lost", "uuid": "c5c3b303-4757-4e99-ba02-38363b255f1e", "sort": "3008527000", "src": "ld", "section": "idioms", "stems": ["he who hesitates is lost"], "offensive": false}, "hwi": {"hw": "he who hesitates is lost"}, "fl": "idiom", "def": [{"sseq": [[["sense", {"dt": [["uns", [[["text", "used to say that it is important to make decisions and do things in a quick and definite way "], ["vis", [{"t": "I took my time and when I got to the store, they were all sold out. I guess \"he who hesitates is lost.\""}]]]]]]}]]]}], "shortdef": ["\u2014used to say that it is important to make decisions and do things in a quick and definite way"]}, {"meta": {"id": "he who laughs last, laughs best", "uuid": "713f6e22-6ee5-429c-a287-b9f066fc9df1", "sort": "3008528000", "src": "ld", "section": "idioms", "stems": ["he who laughs last, laughs best"], "offensive": false}, "hwi": {"hw": "he who laughs last, laughs best"}, "fl": "idiom", "def": [{"sseq": [[["sense", {"dt": [["uns", [[["text", "used to say that even if someone is not successful now he or she will succeed or be the winner in the end"]]]]]}]]]}], "shortdef": ["\u2014used to say that even if someone is not successful now he or she will succeed or be the winner in the end"]}]