[{"meta": {"id": "heart", "uuid": "ecb70fd9-cc9c-4455-a9f8-bfb03703c4ee", "src": "coll_thes", "section": "alpha", "target": {"tuuid": "f0b7bdb0-3194-4621-8410-992ac81192f1", "tsrc": "collegiate"}, "stems": ["heart", "at heart", "by heart", "hearts", "to heart"], "syns": [["bigheartedness", "charity", "commiseration", "compassion", "feeling", "good-heartedness", "humanity", "kindheartedness", "kindliness", "kindness", "largeheartedness", "mercy", "pity", "ruth", "softheartedness", "sympathy", "warmheartedness"], ["axis", "base", "capital", "center", "central", "core", "cynosure", "epicenter", "eye", "focus", "ground zero", "hub", "locus", "mecca", "navel", "nerve center", "nexus", "nucleus", "omphalos", "seat"], ["bottle", "bravery", "courage", "courageousness", "daring", "daringness", "dauntlessness", "doughtiness", "fearlessness", "gallantry", "greatheartedness", "guts", "gutsiness", "hardihood", "heroism", "intestinal fortitude", "intrepidity", "intrepidness", "moxie", "nerve", "pecker", "prowess", "stoutness", "valor", "virtue"], ["bottom line", "bull's-eye", "centerpiece", "core", "crux", "essence", "gist", "kernel", "keynote", "meat", "meat and potatoes", "net", "nub", "nubbin", "nucleus", "pith", "pivot", "point", "root", "sum"], ["belly", "blood", "bone(s)", "bosom", "breast", "core", "gut", "heartstrings", "inner space", "inside", "quick", "soul"]], "ants": [["coldheartedness", "hard-heartedness", "inhumanity", "inhumanness", "mercilessness", "pitilessness"], ["cowardice", "cowardliness", "cravenness", "dastardliness", "poltroonery", "spinelessness"]], "offensive": false}, "hwi": {"hw": "heart"}, "fl": "noun", "def": [{"sseq": [[["sense", {"sn": "1", "dt": [["text", "the capacity for feeling for another's unhappiness or misfortune "], ["vis", [{"t": "those who refuse to contribute to the fund for the famine victims must have no {it}heart{/it}"}]]], "syn_list": [[{"wd": "bigheartedness"}, {"wd": "charity"}, {"wd": "commiseration"}, {"wd": "compassion"}, {"wd": "feeling"}, {"wd": "good-heartedness"}, {"wd": "humanity"}, {"wd": "kindheartedness"}, {"wd": "kindliness"}, {"wd": "kindness"}, {"wd": "largeheartedness"}, {"wd": "mercy"}, {"wd": "pity"}, {"wd": "ruth"}, {"wd": "softheartedness"}, {"wd": "sympathy"}, {"wd": "warmheartedness"}]], "rel_list": [[{"wd": "feelings"}, {"wd": "responsiveness"}, {"wd": "sensibility"}, {"wd": "sensitivity"}], [{"wd": "affection"}, {"wd": "love"}, {"wd": "regard"}], [{"wd": "affinity"}, {"wd": "empathy"}, {"wd": "rapport"}], [{"wd": "altruism"}, {"wd": "benevolence"}, {"wd": "benignancy"}, {"wd": "benignity"}, {"wd": "generosity"}, {"wd": "goodwill"}, {"wd": "humaneness"}, {"wd": "humanism"}, {"wd": "humanitarianism"}, {"wd": "philanthropy"}]], "near_list": [[{"wd": "callousness"}, {"wd": "coldness"}, {"wd": "disinterest"}, {"wd": "indifference"}, {"wd": "unconcern"}], [{"wd": "cruelty"}, {"wd": "harshness"}], [{"wd": "animosity"}, {"wd": "antipathy"}, {"wd": "dislike"}, {"wd": "hatred"}, {"wd": "hostility"}]], "ant_list": [[{"wd": "coldheartedness"}, {"wd": "hard-heartedness"}, {"wd": "inhumanity"}, {"wd": "inhumanness"}, {"wd": "mercilessness"}, {"wd": "pitilessness"}]]}]], [["sense", {"sn": "2", "dt": [["text", "a thing or place that is of greatest importance to an activity or interest "], ["vis", [{"t": "the {it}heart{/it} of the village economy was the outdoor market"}]]], "syn_list": [[{"wd": "axis"}, {"wd": "base"}, {"wd": "capital"}, {"wd": "center"}, {"wd": "central"}, {"wd": "core"}, {"wd": "cynosure"}, {"wd": "epicenter"}, {"wd": "eye"}, {"wd": "focus"}, {"wd": "ground zero"}, {"wd": "hub"}, {"wd": "locus"}, {"wd": "mecca"}, {"wd": "navel"}, {"wd": "nerve center"}, {"wd": "nexus"}, {"wd": "nucleus"}, {"wd": "omphalos"}, {"wd": "seat"}]], "rel_list": [[{"wd": "headquarters"}], [{"wd": "happy hunting ground"}, {"wd": "hive"}, {"wd": "hotbed"}, {"wd": "hot spot"}, {"wd": "playground"}, {"wd": "playland"}], [{"wd": "kernel"}, {"wd": "nub"}, {"wd": "pith"}], [{"wd": "deep"}, {"wd": "thick"}], [{"wd": "essence"}, {"wd": "quintessence"}, {"wd": "soul"}], [{"wd": "attraction"}, {"wd": "lodestone", "wvrs": [{"wvl": "also", "wva": "loadstone"}]}, {"wd": "magnet"}, {"wd": "polestar"}]], "phrase_list": [[{"wd": "where it's at"}]]}]], [["sense", {"sn": "3", "dt": [["text", "strength of mind to carry on in spite of danger "], ["vis", [{"t": "never lost {it}heart{/it} while she was lost in the woods"}]]], "syn_list": [[{"wd": "bottle", "wsls": ["British slang"]}, {"wd": "bravery"}, {"wd": "courage"}, {"wd": "courageousness"}, {"wd": "daring"}, {"wd": "daringness"}, {"wd": "dauntlessness"}, {"wd": "doughtiness"}, {"wd": "fearlessness"}, {"wd": "gallantry"}, {"wd": "greatheartedness"}, {"wd": "guts"}, {"wd": "gutsiness"}, {"wd": "hardihood"}, {"wd": "heroism"}, {"wd": "intestinal fortitude"}, {"wd": "intrepidity"}, {"wd": "intrepidness"}, {"wd": "moxie"}, {"wd": "nerve"}, {"wd": "pecker", "wsls": ["chiefly British"]}, {"wd": "prowess"}, {"wd": "stoutness"}, {"wd": "valor"}, {"wd": "virtue"}]], "rel_list": [[{"wd": "backbone"}, {"wd": "fiber"}, {"wd": "fortitude"}, {"wd": "grit"}, {"wd": "gumption"}, {"wd": "mettle"}, {"wd": "pluck"}, {"wd": "pluckiness"}, {"wd": "spunk"}, {"wd": "temper"}], [{"wd": "determination"}, {"wd": "perseverance"}, {"wd": "resolution"}], [{"wd": "endurance"}, {"wd": "stamina"}, {"wd": "stomach"}, {"wd": "tenacity"}], [{"wd": "audacity"}, {"wd": "boldness"}, {"wd": "brazenness"}, {"wd": "cheek"}, {"wd": "cojones", "wsls": ["slang"]}, {"wd": "effrontery"}, {"wd": "gall"}, {"wd": "temerity"}]], "near_list": [[{"wd": "cold feet"}, {"wd": "faintheartedness"}, {"wd": "fearfulness"}, {"wd": "mousiness"}, {"wd": "timidity"}, {"wd": "timorousness"}], [{"wd": "feebleness"}, {"wd": "softness"}, {"wd": "weakness"}], [{"wd": "impotence"}, {"wd": "ineffectualness"}], [{"wd": "hesitation"}, {"wd": "indecision"}, {"wd": "indecisiveness"}, {"wd": "irresolution"}]], "ant_list": [[{"wd": "cowardice"}, {"wd": "cowardliness"}, {"wd": "cravenness"}, {"wd": "dastardliness"}, {"wd": "poltroonery"}, {"wd": "spinelessness"}]]}]], [["sense", {"sn": "4", "dt": [["text", "the central part or aspect of something under consideration "], ["vis", [{"t": "at the {it}heart{/it} of the problem is the school's outmoded computer system"}, {"t": "avoided any small talk and got right to the {it}heart{/it} of the matter"}]]], "syn_list": [[{"wd": "bottom line"}, {"wd": "bull's-eye"}, {"wd": "centerpiece"}, {"wd": "core"}, {"wd": "crux"}, {"wd": "essence"}, {"wd": "gist"}, {"wd": "kernel"}, {"wd": "keynote"}, {"wd": "meat"}, {"wd": "meat and potatoes"}, {"wd": "net"}, {"wd": "nub"}, {"wd": "nubbin"}, {"wd": "nucleus"}, {"wd": "pith"}, {"wd": "pivot"}, {"wd": "point"}, {"wd": "root"}, {"wd": "sum"}]], "rel_list": [[{"wd": "course"}, {"wd": "direction"}, {"wd": "drift"}, {"wd": "tenor"}], [{"wd": "body"}, {"wd": "content"}, {"wd": "substance"}], [{"wd": "hypothesis"}, {"wd": "proposition"}, {"wd": "purport"}, {"wd": "subject"}, {"wd": "theme"}, {"wd": "thesis"}]], "phrase_list": [[{"wd": "sum and substance"}, {"wd": "the long and short", "wvrs": [{"wvl": "or", "wva": "the long and the short"}]}]]}]], [["sense", {"sn": "5", "dt": [["text", "the seat of one's deepest thoughts and emotions "], ["vis", [{"t": "deep down in her {it}heart{/it}, she knew he was telling the truth"}]]], "syn_list": [[{"wd": "belly"}, {"wd": "blood"}, {"wd": "bone(s)"}, {"wd": "bosom"}, {"wd": "breast"}, {"wd": "core"}, {"wd": "gut"}, {"wd": "heartstrings"}, {"wd": "inner space"}, {"wd": "inside"}, {"wd": "quick"}, {"wd": "soul"}]], "rel_list": [[{"wd": "conscience"}, {"wd": "mind"}]]}]]]}], "shortdef": ["the capacity for feeling for another's unhappiness or misfortune", "a thing or place that is of greatest importance to an activity or interest", "strength of mind to carry on in spite of danger"]}, {"meta": {"id": "heart-stopping", "uuid": "00254afc-b404-46bb-a566-248e210c333b", "src": "coll_thes", "section": "alpha", "target": {"tuuid": "d43b39d9-64ad-4028-a044-2f6fa8972ace", "tsrc": "collegiate"}, "stems": ["heart-stopping", "heart-stopper", "heart-stoppers"], "syns": [["breathtaking", "charged", "electric", "electrifying", "exciting", "exhilarating", "exhilarative", "galvanic", "galvanizing", "hair-raising", "inspiring", "intoxicating", "kicky", "mind-bending", "mind-blowing", "mind-boggling", "rip-roaring", "rousing", "stimulating", "stirring", "thrilling"]], "ants": [["unexciting"]], "offensive": false}, "hwi": {"hw": "heart-stopping"}, "fl": "adjective", "def": [{"sseq": [[["sense", {"dt": [["text", "causing great emotional or mental stimulation "], ["vis", [{"t": "the movie's climax is a {it}heart-stopping{/it} chase through the streets of San Francisco"}]]], "syn_list": [[{"wd": "breathtaking"}, {"wd": "charged"}, {"wd": "electric"}, {"wd": "electrifying"}, {"wd": "exciting"}, {"wd": "exhilarating"}, {"wd": "exhilarative"}, {"wd": "galvanic"}, {"wd": "galvanizing"}, {"wd": "hair-raising"}, {"wd": "inspiring"}, {"wd": "intoxicating"}, {"wd": "kicky"}, {"wd": "mind-bending"}, {"wd": "mind-blowing"}, {"wd": "mind-boggling"}, {"wd": "rip-roaring"}, {"wd": "rousing"}, {"wd": "stimulating"}, {"wd": "stirring"}, {"wd": "thrilling"}]], "rel_list": [[{"wd": "arresting"}, {"wd": "interesting"}, {"wd": "intriguing"}, {"wd": "provocative"}, {"wd": "tantalizing"}, {"wd": "titillating"}], [{"wd": "absorbing"}, {"wd": "engrossing"}, {"wd": "gripping"}, {"wd": "riveting"}], [{"wd": "moving"}, {"wd": "poignant"}, {"wd": "touching"}], [{"wd": "enchanting"}, {"wd": "enthralling"}, {"wd": "fascinating"}, {"wd": "spellbinding"}], [{"wd": "dynamic"}, {"wd": "energetic"}, {"wd": "high-voltage"}, {"wd": "kinetic"}, {"wd": "lively"}, {"wd": "lusty"}]], "near_list": [[{"wd": "boring"}, {"wd": "mind-numbing"}, {"wd": "tedious"}, {"wd": "tiresome"}], [{"wd": "dreary"}, {"wd": "dull"}, {"wd": "humdrum"}, {"wd": "monotonous"}, {"wd": "uninteresting"}]], "ant_list": [[{"wd": "unexciting"}]]}]]]}], "shortdef": ["causing great emotional or mental stimulation"]}, {"meta": {"id": "heart-free", "uuid": "d5cc5d91-ac93-4713-9fd8-2ec2647e1288", "src": "CTcompile", "section": "alpha", "stems": ["heart-free"], "syns": [["cool", "detached", "unenchanted", "unimpressed", "disenchanted", "disillusioned"]], "ants": [["besotted (by)", "crazy (about or over)", "dotty (over)", "enamored (of)", "enraptured (by)", "gaga (over)", "gone (on)", "infatuated (with)", "mad (about)", "nuts (about)", "hung up (on)", "obsessed", "foolish", "silly", "wild"]], "offensive": false}, "hwi": {"hw": "heart-free"}, "fl": "adjective", "def": [{"sseq": [[["sense", {"dt": [["text", "as in {it}cool{/it}, {it}disillusioned{/it}"]], "sim_list": [[{"wd": "cool"}, {"wd": "detached"}, {"wd": "unenchanted"}, {"wd": "unimpressed"}], [{"wd": "disenchanted"}, {"wd": "disillusioned"}]], "opp_list": [[{"wd": "besotted (by)"}, {"wd": "crazy (about or over)"}, {"wd": "dotty (over)"}, {"wd": "enamored (of)"}, {"wd": "enraptured (by)"}, {"wd": "gaga (over)"}, {"wd": "gone (on)"}, {"wd": "infatuated (with)"}, {"wd": "mad (about)"}, {"wd": "nuts (about)"}], [{"wd": "hung up (on)"}, {"wd": "obsessed"}], [{"wd": "foolish"}, {"wd": "silly"}, {"wd": "wild"}]]}]]]}], "shortdef": ["as in cool, disillusioned"]}, {"meta": {"id": "heart-to-heart", "uuid": "3ce2e97f-c589-4bb4-b1ad-6749ed4ecac8", "src": "CTcompile", "section": "alpha", "stems": ["heart-to-heart"], "syns": [["direct", "forthright", "frank", "open", "plain", "straightforward", "artless", "candid", "genuine", "heartfelt", "honest", "sincere", "undesigning", "unfeigned"]], "ants": [["artificial", "backhanded", "counterfeit", "double", "double-dealing", "double-faced", "fake", "feigned", "hypocritical", "insincere", "Janus-faced", "jive", "left-handed", "lip", "mealy", "mealymouthed", "Pecksniffian", "phony", "phony-baloney", "pretended", "two-faced", "unctuous", "affected", "assumed", "claptrap", "contrived", "forced", "mechanical", "put-on", "simulated", "strained", "unnatural", "empty", "hollow", "meaningless"]], "offensive": false}, "hwi": {"hw": "heart-to-heart"}, "fl": "adjective", "def": [{"sseq": [[["sense", {"dt": [["text", "as in {it}forthright{/it}, {it}straightforward{/it}"]], "sim_list": [[{"wd": "direct"}, {"wd": "forthright"}, {"wd": "frank"}, {"wd": "open"}, {"wd": "plain"}, {"wd": "straightforward"}], [{"wd": "artless"}, {"wd": "candid"}, {"wd": "genuine"}, {"wd": "heartfelt"}, {"wd": "honest"}, {"wd": "sincere"}, {"wd": "undesigning"}, {"wd": "unfeigned"}]], "opp_list": [[{"wd": "artificial"}, {"wd": "backhanded"}, {"wd": "counterfeit"}, {"wd": "double"}, {"wd": "double-dealing"}, {"wd": "double-faced"}, {"wd": "fake"}, {"wd": "feigned"}, {"wd": "hypocritical"}, {"wd": "insincere"}, {"wd": "Janus-faced"}, {"wd": "jive", "wsls": ["slang"]}, {"wd": "left-handed"}, {"wd": "lip"}, {"wd": "mealy"}, {"wd": "mealymouthed"}, {"wd": "Pecksniffian"}, {"wd": "phony", "wvrs": [{"wvl": "also", "wva": "phoney"}]}, {"wd": "phony-baloney", "wvrs": [{"wvl": "or", "wva": "phoney-baloney"}]}, {"wd": "pretended"}, {"wd": "two-faced"}, {"wd": "unctuous"}], [{"wd": "affected"}, {"wd": "assumed"}, {"wd": "claptrap"}, {"wd": "contrived"}, {"wd": "forced"}, {"wd": "mechanical"}, {"wd": "put-on"}, {"wd": "simulated"}, {"wd": "strained"}, {"wd": "unnatural"}], [{"wd": "empty"}, {"wd": "hollow"}, {"wd": "meaningless"}]]}]]]}], "shortdef": ["as in forthright, straightforward"]}, {"meta": {"id": "change of heart", "uuid": "4fdc75bd-0b72-437e-a253-a0e50312ce8a", "src": "CTenhance", "section": "phrases", "stems": ["change of heart"], "syns": [["about-face", "about-turn", "flip-flop", "reversal", "turnabout", "turnaround", "U-turn", "volte-face"]], "ants": [], "offensive": false}, "hwi": {"hw": "change of heart"}, "fl": "phrase", "def": [{"sseq": [[["sense", {"dt": [["text", "a changing from one policy or point of view to virtually its exact opposite "], ["vis", [{"t": "He considered taking a position at another company, but had a {it}change of heart{/it} when his employer offered him a raise."}]]], "syn_list": [[{"wd": "about-face"}, {"wd": "about-turn", "wsls": ["British"]}, {"wd": "flip-flop"}, {"wd": "reversal"}, {"wd": "turnabout"}, {"wd": "turnaround"}, {"wd": "U-turn"}, {"wd": "volte-face"}]], "rel_list": [[{"wd": "bait and switch"}, {"wd": "switcheroo"}], [{"wd": "denial"}, {"wd": "disaffirmance"}, {"wd": "disavowal"}, {"wd": "disownment"}, {"wd": "recantation"}, {"wd": "renunciation"}, {"wd": "repudiation"}, {"wd": "retraction"}], [{"wd": "reconsideration"}, {"wd": "retreat"}, {"wd": "second thought"}], [{"wd": "hesitation"}, {"wd": "indecision"}, {"wd": "irresolution"}, {"wd": "shilly-shallying"}, {"wd": "vacillation"}, {"wd": "wavering"}, {"wd": "wobbling", "wvrs": [{"wvl": "also", "wva": "wabbling"}]}]]}]]]}], "shortdef": ["a changing from one policy or point of view to virtually its exact opposite"]}, {"meta": {"id": "eat one's heart out", "uuid": "04b8d56e-4966-4617-8a65-39b3292db0d6", "src": "CTenhance", "section": "phrases", "stems": ["eat one's heart out", "eat her heart out", "eat his heart out", "eat their heart out"], "syns": [["agonize", "anguish", "bleed", "grieve", "hurt", "mourn", "sorrow", "suffer"]], "ants": [], "offensive": false}, "hwi": {"hw": "eat one's heart out"}, "fl": "phrase", "def": [{"sseq": [[["sense", {"dt": [["text", "to feel deep sadness or mental pain "], ["vis", [{"t": "He was admiring my new car, but I told him to {it}eat his heart out{/it} because I'd never let him drive it."}]]], "syn_list": [[{"wd": "agonize"}, {"wd": "anguish"}, {"wd": "bleed"}, {"wd": "grieve"}, {"wd": "hurt"}, {"wd": "mourn"}, {"wd": "sorrow"}, {"wd": "suffer"}]], "rel_list": [[{"wd": "ache"}, {"wd": "long (for)"}, {"wd": "pine (away)"}, {"wd": "sigh"}, {"wd": "smart"}], [{"wd": "rack"}, {"wd": "torment"}, {"wd": "torture"}], [{"wd": "bemoan"}, {"wd": "bewail"}, {"wd": "deplore"}, {"wd": "lament"}, {"wd": "rue"}], [{"wd": "bawl"}, {"wd": "blubber"}, {"wd": "cry"}, {"wd": "groan"}, {"wd": "howl"}, {"wd": "keen"}, {"wd": "moan"}, {"wd": "sob"}, {"wd": "take on"}, {"wd": "wail"}, {"wd": "weep"}, {"wd": "yammer"}, {"wd": "yowl"}], [{"wd": "languish"}], [{"wd": "regret"}]], "phrase_list": [[{"wd": "tear one's hair"}]], "near_list": [[{"wd": "beam"}, {"wd": "cheer"}, {"wd": "crow"}, {"wd": "delight"}, {"wd": "exult"}, {"wd": "glory"}, {"wd": "joy"}, {"wd": "laugh"}, {"wd": "ravish"}, {"wd": "rejoice"}, {"wd": "triumph"}], [{"wd": "assure"}, {"wd": "cheer"}, {"wd": "comfort"}, {"wd": "commiserate"}, {"wd": "console"}, {"wd": "reassure"}, {"wd": "solace"}, {"wd": "soothe"}, {"wd": "sympathize"}]]}]]]}], "shortdef": ["to feel deep sadness or mental pain"]}, {"meta": {"id": "eating one's heart out", "uuid": "5c01dd3f-cb3f-4bf4-9238-b0773e43f9c1", "src": "CTenhance", "section": "phrases", "stems": ["eating one's heart out", "eating her heart out", "eating his heart out", "eating their heart out", "eat one's heart out", "eat her heart out", "eat his heart out", "eat their heart out", "ate one's heart out", "ate her heart out", "ate his heart out", "ate their heart out", "eats one's heart out", "eats her heart out", "eats his heart out", "eats their heart out"], "syns": [["covetous", "envious", "green-eyed", "invidious", "jaundiced", "jealous", "resentful"]], "ants": [["unenvious"]], "offensive": false}, "hwi": {"hw": "eating one's heart out"}, "fl": "phrase", "def": [{"sseq": [[["sense", {"dt": [["text", "having or showing mean resentment of another's possessions or advantages "], ["vis", [{"t": "She's been {it}eating her heart out{/it} since her friends have started buying their own houses."}]]], "syn_list": [[{"wd": "covetous"}, {"wd": "envious"}, {"wd": "green-eyed"}, {"wd": "invidious"}, {"wd": "jaundiced"}, {"wd": "jealous"}, {"wd": "resentful"}]], "rel_list": [[{"wd": "begrudging"}, {"wd": "grudging"}], [{"wd": "avaricious"}, {"wd": "grasping"}, {"wd": "greedy"}, {"wd": "rapacious"}], [{"wd": "distrustful"}, {"wd": "suspicious"}], [{"wd": "malicious"}, {"wd": "petty"}, {"wd": "spiteful"}]], "phrase_list": [[{"wd": "green with envy"}]], "near_list": [[{"wd": "generous"}, {"wd": "kind"}, {"wd": "kindhearted"}], [{"wd": "altruistic"}, {"wd": "benevolent"}, {"wd": "charitable"}], [{"wd": "well-meaning"}]], "ant_list": [[{"wd": "unenvious"}]]}]]]}], "shortdef": ["having or showing mean resentment of another's possessions or advantages"]}, {"meta": {"id": "lose heart", "uuid": "ccdbd9e3-fa84-485f-9408-0429639aa428", "src": "CTenhance", "section": "phrases", "stems": ["lose heart", "losing heart", "lost heart", "loses heart"], "syns": [["despair", "despond"]], "ants": [["brighten", "cheer (up)", "perk (up)"]], "offensive": false}, "hwi": {"hw": "lose heart"}, "fl": "phrase", "def": [{"sseq": [[["sense", {"dt": [["text", "to lose all hope or confidence "], ["vis", [{"t": "He told his friend not to {it}lose heart{/it} because they might still win the game."}]]], "syn_list": [[{"wd": "despair"}, {"wd": "despond"}]], "rel_list": [[{"wd": "give up"}, {"wd": "surrender"}, {"wd": "yield"}], [{"wd": "darken"}, {"wd": "sadden"}], [{"wd": "agonize"}, {"wd": "bleed"}, {"wd": "grieve"}, {"wd": "hurt"}, {"wd": "mourn"}, {"wd": "sorrow"}, {"wd": "suffer"}], [{"wd": "discourage"}, {"wd": "dishearten"}, {"wd": "dispirit"}]], "near_list": [[{"wd": "exult"}, {"wd": "rejoice"}], [{"wd": "assure"}, {"wd": "encourage"}, {"wd": "hearten"}, {"wd": "reassure"}], [{"wd": "hope"}]], "ant_list": [[{"wd": "brighten"}, {"wd": "cheer (up)"}, {"wd": "perk (up)"}]]}]]]}], "shortdef": ["to lose all hope or confidence"]}, {"meta": {"id": "lose one's heart (to)", "uuid": "5c473aa4-bb4f-4cbc-94bd-c7faf142363c", "src": "CTenhance", "section": "phrases", "stems": ["lose one's heart (to)", "lose her heart ", "lose his heart ", "lose their heart ", "losing one's heart ", "losing her heart ", "losing his heart ", "losing their heart ", "lost one's heart ", "lost her heart ", "lost his heart ", "lost their heart ", "loses one's heart ", "loses her heart ", "loses his heart ", "loses their heart ", "lose one's heart", "lose her heart", "lose his heart", "lose their heart", "losing one's heart", "losing her heart", "losing his heart", "losing their heart", "lost one's heart", "lost her heart", "lost his heart", "lost their heart", "loses one's heart", "loses her heart", "loses his heart", "loses their heart"], "syns": [["adore", "cherish", "love", "worship"]], "ants": [["abhor", "abominate", "despise", "detest", "execrate", "hate", "loathe"]], "offensive": false}, "hwi": {"hw": "lose one's heart (to)"}, "fl": "phrase", "def": [{"sseq": [[["sense", {"dt": [["text", "to feel passion, devotion, or tenderness for "], ["vis", [{"t": "I was a salesman before I {it}lost my heart to{/it} woodworking."}]]], "syn_list": [[{"wd": "adore"}, {"wd": "cherish"}, {"wd": "love"}, {"wd": "worship"}]], "rel_list": [[{"wd": "adulate"}, {"wd": "canonize"}, {"wd": "deify"}, {"wd": "idealize"}, {"wd": "idolize"}], [{"wd": "revere"}, {"wd": "reverence"}, {"wd": "venerate"}], [{"wd": "delight (in)"}, {"wd": "dote (on)"}]], "phrase_list": [[{"wd": "carry a torch (for)", "wvrs": [{"wvl": "or", "wva": "carry the torch (for)"}]}, {"wd": "fall for"}]], "near_list": [[{"wd": "antagonize"}, {"wd": "displease"}], [{"wd": "disapprove (of)"}, {"wd": "disfavor"}, {"wd": "dislike"}], [{"wd": "disgust"}, {"wd": "nauseate"}, {"wd": "repel"}, {"wd": "repulse"}, {"wd": "revolt"}, {"wd": "sicken"}, {"wd": "turn off"}]], "ant_list": [[{"wd": "abhor"}, {"wd": "abominate"}, {"wd": "despise"}, {"wd": "detest"}, {"wd": "execrate"}, {"wd": "hate"}, {"wd": "loathe"}]]}]]]}], "shortdef": ["to feel passion, devotion, or tenderness for"]}, {"meta": {"id": "set one's heart on", "uuid": "d745de34-c87b-4f79-b707-8728a9f02166", "src": "CTenhance", "section": "phrases", "stems": ["set one's heart on", "set her heart on", "set his heart on", "set their heart on", "setting one's heart on", "setting her heart on", "setting his heart on", "setting their heart on", "sets one's heart on", "sets her heart on", "sets his heart on", "sets their heart on"], "syns": [["ache (for)", "covet", "crave", "desiderate", "desire", "die (for)", "hanker (for or after)", "hunger (for)", "itch (for)", "jones (for)", "long (for)", "lust (for or after)", "pant (after)", "pine (for)", "repine (for)", "salivate (for)", "sigh (for)", "thirst (for)", "want", "wish (for)", "yearn (for)", "yen (for)"]], "ants": [], "offensive": false}, "hwi": {"hw": "set one's heart on"}, "fl": "phrase", "def": [{"sseq": [[["sense", {"dt": [["text", "to have an earnest wish to own or enjoy "], ["vis", [{"t": "She {it}set her heart on{/it} going to Harvard when she was only a freshman in high school."}]]], "syn_list": [[{"wd": "ache (for)"}, {"wd": "covet"}, {"wd": "crave"}, {"wd": "desiderate"}, {"wd": "desire"}, {"wd": "die (for)"}, {"wd": "hanker (for or after)"}, {"wd": "hunger (for)"}, {"wd": "itch (for)"}, {"wd": "jones (for)", "wsls": ["slang"]}, {"wd": "long (for)"}, {"wd": "lust (for or after)"}, {"wd": "pant (after)"}, {"wd": "pine (for)"}, {"wd": "repine (for)"}, {"wd": "salivate (for)"}, {"wd": "sigh (for)"}, {"wd": "thirst (for)"}, {"wd": "want"}, {"wd": "wish (for)"}, {"wd": "yearn (for)"}, {"wd": "yen (for)"}]], "rel_list": [[{"wd": "spoil (for)"}], [{"wd": "adore"}, {"wd": "delight (in)"}, {"wd": "dig"}, {"wd": "enjoy"}, {"wd": "fancy"}, {"wd": "groove (on)"}, {"wd": "like"}, {"wd": "love"}, {"wd": "relish"}, {"wd": "revel (in)"}], [{"wd": "favor"}, {"wd": "prefer"}], [{"wd": "admire"}, {"wd": "appreciate"}, {"wd": "cherish"}, {"wd": "prize"}, {"wd": "treasure"}, {"wd": "value"}]], "near_list": [[{"wd": "abhor"}, {"wd": "abominate"}, {"wd": "despise"}, {"wd": "detest"}, {"wd": "execrate"}, {"wd": "hate"}, {"wd": "loathe"}], [{"wd": "decline"}, {"wd": "refuse"}, {"wd": "reject"}, {"wd": "spurn"}]]}]]]}], "shortdef": ["to have an earnest wish to own or enjoy"]}]