[{"meta": {"id": "honor:1", "uuid": "fb72f5bc-4cea-4671-a1b5-f83da36476ab", "sort": "080248600", "src": "collegiate", "section": "alpha", "stems": ["honor", "honors"], "offensive": false}, "hom": 1, "hwi": {"hw": "hon*or", "prs": [{"mw": "\u02c8\u00e4-n\u0259r", "sound": {"audio": "honor001", "ref": "c", "stat": "1"}}]}, "fl": "noun", "def": [{"sseq": [[["sense", {"sn": "1 a", "dt": [["text", "{bc}good name or public {d_link|esteem|esteem:1} {bc}{sx|reputation||}"]]}], ["sense", {"sn": "b", "dt": [["text", "{bc}a showing of usually {d_link|merited|merit:2} respect {bc}{sx|recognition||} "], ["vis", [{"t": "pay {wi}honor{/wi} to our founder"}]]]}]], [["sense", {"sn": "2", "dt": [["text", "{bc}{sx|privilege||} "], ["vis", [{"t": "had the {wi}honor{/wi} of joining the captain for dinner"}]]]}]], [["sense", {"sn": "3", "dt": [["text", "{bc}a person of superior {d_link|standing|standing:2} "], ["uns", [[["text", "now used especially as a title for a holder of high office "], ["vis", [{"t": "if Your {it}Honor{/it} please"}]]]]]]}]], [["sense", {"sn": "4", "dt": [["text", "{bc}one whose worth brings respect or fame {bc}{sx|credit||} "], ["vis", [{"t": "an {wi}honor{/wi} to the profession"}]]]}]], [["sense", {"sn": "5", "dt": [["text", "{bc}the center point of the upper half of an {d_link|armorial|armorial} {d_link|escutcheon|escutcheon}"]]}]], [["bs", {"sense": {"sn": "6", "dt": [["text", "{bc}an evidence or symbol of distinction: such as"]]}}], ["sense", {"sn": "a", "dt": [["text", "{bc}an {d_link|exalted|exalt} title or rank"]]}], ["pseq", [["sense", {"sn": "b (1)", "dt": [["text", "{bc}{sx|badge||}, {sx|decoration||}"]]}], ["sense", {"sn": "(2)", "dt": [["text", "{bc}a ceremonial {d_link|rite|rite} or {d_link|observance|observance} "], ["vis", [{"t": "buried with full military {wi}honors{/wi}"}]]]}]]], ["sense", {"sn": "c", "dt": [["text", "{bc}an award in a contest or field of competition"]]}], ["sense", {"sn": "d", "sls": ["archaic"], "dt": [["text", "{bc}a gesture of {d_link|deference|deference} {bc}{sx|bow||}"]]}], ["sen", {"sn": "e", "ins": [{"if": "hon*ors", "spl": "plural"}]}], ["pseq", [["sense", {"sn": "(1)", "dt": [["text", "{bc}an academic distinction conferred on a superior student"]]}], ["sense", {"sn": "(2)", "dt": [["text", "{bc}a course of study for superior students supplementing or replacing a regular course"]]}]]]], [["sense", {"sn": "7", "dt": [["text", "{bc}{sx|chastity||}, {sx|purity||} "], ["vis", [{"t": "fought fiercely for her {wi}honor{/wi} and her life", "aq": {"auth": "Barton Black"}}]]]}]], [["sense", {"sn": "8 a", "dt": [["text", "{bc}a {d_link|keen|keen:1} sense of ethical conduct {bc}{sx|integrity||} "], ["vis", [{"t": "a man of {wi}honor{/wi}"}]]]}], ["sense", {"sn": "b", "dt": [["text", "{bc}one's word given as a guarantee of performance "], ["vis", [{"t": "on my {wi}honor{/wi}, I will be there"}]]]}]], [["sense", {"sn": "9", "ins": [{"if": "honors", "spl": "plural"}], "dt": [["text", "{bc}social courtesies or civilities extended by a host "], ["vis", [{"t": "asked her to do the {wi}honors{/wi}"}]]]}]], [["pseq", [["sense", {"sn": "10 a (1)", "dt": [["text", "{bc}an ace, king, queen, jack, or ten especially of the {d_link|trump|trump:1} suit in bridge"]]}], ["sense", {"sn": "(2)", "dt": [["text", "{bc}the scoring value of honors held in bridge "], ["uns", [[["text", "usually used in plural"]]]]]}]]], ["sense", {"sn": "b", "dt": [["text", "{bc}the privilege of playing first from the tee in golf"]]}]]]}], "syns": [{"pl": "synonyms", "pt": [["text", "{sc}honor{/sc} {sc}homage{/sc} {sc}reverence{/sc} {sc}deference{/sc} mean respect and esteem shown to another. {sc}honor{/sc} may apply to the recognition of one's right to great respect or to any expression of such recognition. "], ["vis", [{"t": "the nomination is an {it}honor{/it}"}]], ["text", " {sc}homage{/sc} adds the implication of accompanying praise. "], ["vis", [{"t": "paying {it}homage{/it} to Shakespeare"}]], ["text", " {sc}reverence{/sc} implies profound respect mingled with love, devotion, or awe. "], ["vis", [{"t": "great {it}reverence{/it} for my father"}]], ["text", " {sc}deference{/sc} implies a yielding or submitting to another's judgment or preference out of respect or reverence. "], ["vis", [{"t": "showed no {it}deference{/it} to their elders"}]]], "sarefs": ["honesty"]}], "quotes": [{"t": "Many of the Persians, despite belonging to the Barbarian Other, come off with {qword}honor{/qword} and dignity in his pages, even during the final narrative of Xerxes' invasion.", "aq": {"auth": "Peter Green", "source": "{it}New York Review of Books{/it}", "aqdate": "15 May 2008"}}, {"t": "Whoever footed the bill, the episode gave Marsh a taste of the grand life she yearned for. Presiding at balls in her {qword}honor{/qword} and making entrances at lavish picnics were distinctions she could never have dreamed of back home.", "aq": {"auth": "Edmund S. Morgan et al.", "source": "{it}New York Review of Books{/it}", "aqdate": "27 Sept. 2007"}}, {"t": "\"As I was saying,\" he said, smiling at the sea of students before him, all of whom were still gazing transfixed at Mad-Eye Moody, \"we are to have the {qword}honor{/qword} of hosting a very exciting event over the coming months, an event that has not been held for over a century.\"", "aq": {"auth": "J. K. Rowling", "source": "{it}Harry Potter and the Goblet of Fire{/it}", "aqdate": "2000"}}], "et": [["text", "Middle English, from Anglo-French {it}onur, honur{/it}, from Latin {it}honos, honor{/it}"]], "date": "13th century{ds||1|a|}", "shortdef": ["good name or public esteem : reputation", "a showing of usually merited respect : recognition", "privilege"]}, {"meta": {"id": "honor:2", "uuid": "79eedc06-7a43-43cd-af34-8741f31ca767", "sort": "080248700", "src": "collegiate", "section": "alpha", "stems": ["honor", "honored", "honoree", "honorees", "honorer", "honorers", "honoring", "honors"], "offensive": false}, "hom": 2, "hwi": {"hw": "hon*or", "prs": [{"mw": "\u02c8\u00e4-n\u0259r", "sound": {"audio": "honor001", "ref": "c", "stat": "1"}}]}, "fl": "verb", "ins": [{"if": "hon*ored"}, {"if": "hon*or*ing", "prs": [{"mw": "\u02c8\u00e4-n\u0259-ri\u014b", "sound": {"audio": "honor002", "ref": "c", "stat": "1"}}, {"mw": "\u02c8\u00e4n-ri\u014b"}]}], "def": [{"vd": "transitive verb", "sseq": [[["sense", {"sn": "1 a", "dt": [["text", "{bc}to regard or treat (someone) with admiration and respect {bc}to regard or treat with honor"]]}], ["sense", {"sn": "b", "dt": [["text", "{bc}to give special recognition to {bc}to confer honor on"]]}]], [["sense", {"sn": "2 a", "dt": [["text", "{bc}to live up to or fulfill the terms of "], ["vis", [{"t": "{wi}honor{/wi} a commitment"}]]]}], ["sense", {"sn": "b", "dt": [["text", "{bc}to accept as payment "], ["vis", [{"t": "{wi}honor{/wi} a credit card"}]]]}]], [["sense", {"sn": "3", "dt": [["text", "{bc}to salute with a bow in square dancing"]]}]]]}], "uros": [{"ure": "hon*or*ee", "prs": [{"mw": "\u02cc\u00e4-n\u0259-\u02c8r\u0113", "sound": {"audio": "honor003", "ref": "c", "stat": "1"}}], "fl": "noun"}, {"ure": "hon*or*er", "prs": [{"mw": "\u02c8\u00e4-n\u0259r-\u0259r", "sound": {"audio": "honor004", "ref": "c", "stat": "1"}}], "fl": "noun"}], "quotes": [{"t": "Cape Ann, an hour's drive north of Boston, is far sleepier than the famous elbow that bounds the southern reach of Massachusetts Bay.\u00a0 \u2026 There aren't any schmaltzy songs about my granite cape, which was named to {qword}honor{/qword} a queen, thank you very much.", "aq": {"auth": "Anita Diamant", "source": "{it}National Geographic Traveler{/it}", "aqdate": "September 2005"}}, {"t": "Ricketts left for Mexico to study typhus in July of that year, where it killed him in 1910 at the age of thirty-nine. To {qword}honor{/qword} his memory, the organisms that cause typhus and sundry spotted fevers were dubbed rickettsia in 1916.", "aq": {"auth": "Wayne Biddle", "source": "{it}A Field Guide to Germs{/it}", "aqdate": "1995"}}, {"t": "\"Elegant Attire is a tradition in the Saratoga Clubhouse,\" says a sign outside the clubhouse. \"Ladies and gentlemen who continue to {qword}honor{/qword} this tradition (e.g., dresses, suits or sport jackets) are always appreciated.\" It is not easy to arbitrate good taste, particularly when the temperature is soaring toward the 90's on a humid day.", "aq": {"auth": "George Vecsey", "source": "{it}New York Times{/it}", "aqdate": "21 Aug. 1994"}}, {"t": "But by talking with hikers and trail builders in the years since, and tracing the history these stone piles carry with them, I would learn that cairns are more than just interesting curiosities. I would discover that cairns {qword}honor{/qword} the dead, save lives, mark boundaries, protect vegetation, claim territory, and reflect the seasons.", "aq": {"auth": "Barbara Claire Kasselmann", "source": "{it}AMC Outdoors{/it}", "aqdate": "May 1999"}}], "et": [["text", "{dx_ety}see {dxt|honor:1||}{/dx_ety}"]], "date": "13th century{ds||1|a|}", "shortdef": ["to regard or treat (someone) with admiration and respect : to regard or treat with honor", "to give special recognition to : to confer honor on", "to live up to or fulfill the terms of"]}, {"meta": {"id": "honour", "uuid": "69094b77-f699-4282-af77-e6780f55e921", "sort": "080249800", "src": "collegiate", "section": "alpha", "stems": ["honor", "honorable", "honour", "honourable", "honouraries", "honourary", "honoured", "honouring", "honours"], "offensive": false}, "hwi": {"hw": "hon*our"}, "ahws": [{"hw": "hon*our*able"}, {"hw": "hon*our*ary"}], "cxs": [{"cxl": "chiefly British spellings of", "cxtis": [{"cxt": "honor"}, {"cxt": "honorable"}, {"cxt": "honorary"}]}], "shortdef": []}, {"meta": {"id": "honor guard", "uuid": "616916ac-24b4-4d07-8ca5-9a66461cbcc6", "sort": "080249200", "src": "collegiate", "section": "alpha", "stems": ["honor guard", "honor guards"], "offensive": false}, "hwi": {"hw": "honor guard"}, "fl": "noun", "def": [{"sseq": [[["sense", {"dt": [["text", "{bc}a guard assigned to a ceremonial duty (such as to accompany a casket at a military funeral)"]]}]]]}], "date": "1925", "shortdef": ["a guard assigned to a ceremonial duty (such as to accompany a casket at a military funeral)"]}, {"meta": {"id": "honor killing", "uuid": "0eeb5bd0-87de-4a17-bccb-590afa49ff41", "sort": "080249400", "src": "collegiate", "section": "alpha", "stems": ["honor killing"], "offensive": false}, "hwi": {"hw": "honor killing"}, "fl": "noun", "def": [{"sseq": [[["sense", {"dt": [["text", "{bc}the traditional practice in some countries of killing a family member who is believed to have brought shame on the family"]]}]]]}], "date": "1929", "shortdef": ["the traditional practice in some countries of killing a family member who is believed to have brought shame on the family"]}, {"meta": {"id": "honor roll", "uuid": "629e892a-00b9-4e02-987d-0eace4a32162", "sort": "080249500", "src": "collegiate", "section": "alpha", "stems": ["honor roll", "honor rolls"], "offensive": false}, "hwi": {"hw": "honor roll"}, "fl": "noun", "def": [{"sseq": [[["sense", {"dt": [["text", "{bc}a roster of names of persons deserving honor"]], "sdsense": {"sd": "especially", "dt": [["text", "{bc}a list of students achieving academic distinction"]]}}]]]}], "date": "1863", "shortdef": ["a roster of names of persons deserving honor; especially : a list of students achieving academic distinction"]}, {"meta": {"id": "honor society", "uuid": "dd6d27ac-a3bc-49b9-a6d9-0857844e8f2d", "sort": "080249600", "src": "collegiate", "section": "alpha", "stems": ["honor societies", "honor society"], "offensive": false}, "hwi": {"hw": "honor society"}, "fl": "noun", "def": [{"sseq": [[["sense", {"dt": [["text", "{bc}a society for the recognition of scholarly achievement especially of undergraduates"]]}]]]}], "date": "1886", "shortdef": ["a society for the recognition of scholarly achievement especially of undergraduates"]}, {"meta": {"id": "honor system", "uuid": "66e654e1-c361-44de-bf9b-81874e86bdf1", "sort": "080249700", "src": "collegiate", "section": "alpha", "stems": ["honor system", "honor systems"], "offensive": false}, "hwi": {"hw": "honor system"}, "fl": "noun", "def": [{"sseq": [[["sense", {"dt": [["text", "{bc}a system (as at a college) whereby persons are trusted to abide by the regulations (as for a code of conduct) without supervision or surveillance"]]}]]]}], "date": "1893", "shortdef": ["a system (as at a college) whereby persons are trusted to abide by the regulations (as for a code of conduct) without supervision or surveillance"]}, {"meta": {"id": "honor bound", "uuid": "f8188d6c-a3fa-4ddb-b7fe-f49fc517c1eb", "sort": "3008865000", "src": "ld", "section": "idioms", "stems": ["honor bound"], "offensive": false}, "hwi": {"hw": "honor bound"}, "fl": "idiom", "def": [{"sseq": [[["sense", {"dt": [["text", "{bc}bound by one's sense of honor or what is morally right "], ["vis", [{"t": "I felt {it}honor bound{/it} to defend them."}]]]}]]]}], "shortdef": ["bound by one's sense of honor or what is morally right"]}, {"meta": {"id": "court of honor", "uuid": "f7d6d9e8-3415-4fa5-8af3-def938ae9980", "sort": "035665100", "src": "collegiate", "section": "alpha", "stems": ["court of honor"], "offensive": false}, "hwi": {"hw": "court of honor"}, "fl": "noun phrase", "def": [{"sseq": [[["sense", {"dt": [["text", "{bc}a tribunal (such as a military court) for investigating questions of personal honor"]]}]]]}], "date": "1593", "shortdef": ["a tribunal (such as a military court) for investigating questions of personal honor"]}]