[{"meta": {"id": "hospital", "uuid": "fad1dd24-8dbe-47b3-a460-3eba7ba0504c", "sort": "080271200", "src": "collegiate", "section": "alpha", "stems": ["hospital", "hospitals"], "offensive": false}, "hwi": {"hw": "hos*pi*tal", "prs": [{"mw": "\u02c8h\u00e4-(\u02cc)spi-t\u1d4al", "sound": {"audio": "hospit04", "ref": "c", "stat": "1"}}]}, "fl": "noun", "lbs": ["often attributive"], "def": [{"sseq": [[["sense", {"sn": "1", "dt": [["text", "{bc}a charitable institution for the needy, aged, infirm, or young"]]}]], [["sense", {"sn": "2", "dt": [["text", "{bc}an institution where the sick or injured are given medical or surgical care "], ["uns", [[["text", "usually used in British English without an article after a preposition"]]]]]}]], [["sense", {"sn": "3", "dt": [["text", "{bc}a repair shop for specified small objects "], ["vis", [{"t": "a clock {wi}hospital{/wi}"}]]]}]]]}], "et": [["text", "Middle English {it}hospital, ospitale{/it} \"residence for pilgrims and travelers, charitable institution providing residence for the poor and infirm,\" borrowed from Anglo-French, borrowed from Medieval Latin {it}hospit\u0101le,{/it} going back to Latin, in plural {it}hospit\u0101lia{/it} \"guest accommodations\" (probably by ellipsis from {it}hospit\u0101le cubiculum{/it} \"sleeping room for guests\"), noun derivative from neuter of {it}hospit\u0101lis{/it} \"of a guest, of hospitality, hospitable,\" from {it}hospit-, hospes{/it} \"guest, host\" + {it}-\u0101lis{/it} {et_link|-al:1|-al:1} {ma}{mat|host:3|}{/ma}"]], "date": "14th century{ds||1||}", "shortdef": ["a charitable institution for the needy, aged, infirm, or young", "an institution where the sick or injured are given medical or surgical care \u2014usually used in British English without an article after a preposition", "a repair shop for specified small objects"]}, {"meta": {"id": "hospital corner", "uuid": "da417e4b-17d4-46e1-b696-3052923bde6e", "sort": "080271250", "src": "collegiate", "section": "alpha", "stems": ["hospital corner", "hospital corners"], "offensive": false}, "hwi": {"hw": "hospital corner"}, "fl": "noun", "ins": [{"il": "plural", "if": "hospital corners"}], "def": [{"sseq": [[["sense", {"dt": [["text", "{bc}a neatly folded corner on a bed formed when the corner of a sheet or bedspread is tucked under the mattress "], ["vis", [{"t": "The boys wore knickers to school, and, starting at age five, made their own beds, with {wi}hospital corners{/wi}.", "aq": {"auth": "Dale Russakoff"}}, {"t": "The couple were gone, but the bed was made with {wi}hospital corners{/wi} and a thin brown blanket.", "aq": {"auth": "Sam Lipsyte"}}]]]}]]]}], "date": "1907", "shortdef": ["a neatly folded corner on a bed formed when the corner of a sheet or bedspread is tucked under the mattress"]}, {"meta": {"id": "hospital gown", "uuid": "0c33d729-1023-4866-8393-dbcbfa97901f", "sort": "3008915000", "src": "ld", "section": "idioms", "stems": ["hospital gown"], "offensive": false}, "hwi": {"hw": "hospital gown"}, "fl": "noun", "def": [{"sseq": [[["sense", {"dt": [["text", "{bc}a robe worn by a patient in a hospital"]]}]]]}], "shortdef": ["a robe worn by a patient in a hospital"]}, {"meta": {"id": "teaching hospital", "uuid": "a4452675-7a77-43f5-b659-f2828c13c949", "sort": "200066200", "src": "collegiate", "section": "alpha", "stems": ["teaching hospital", "teaching hospitals"], "offensive": false}, "hwi": {"hw": "teaching hospital"}, "fl": "noun", "def": [{"sseq": [[["sense", {"dt": [["text", "{bc}a hospital that is affiliated with a medical school and provides means for medical education"]]}]]]}], "date": "1933", "shortdef": ["a hospital that is affiliated with a medical school and provides means for medical education"]}, {"meta": {"id": "cottage hospital", "uuid": "4a547c5f-6db7-423f-b4c3-a4849d8fa962", "sort": "3003994000", "src": "ld", "section": "idioms", "stems": ["cottage hospital"], "offensive": false}, "hwi": {"hw": "cottage hospital"}, "fl": "noun", "def": [{"sls": ["British"], "sseq": [[["sense", {"dt": [["text", "{bc}a small hospital in the country"]]}]]]}], "shortdef": ["a small hospital in the country"]}, {"meta": {"id": "interhospital", "uuid": "cb4858e6-38d9-453c-b3dc-268309bf18a2", "sort": "092213000", "src": "collegiate", "section": "alpha", "stems": ["inter-hospital", "interhospital"], "offensive": false}, "hwi": {"hw": "in*ter*hos*pi*tal", "prs": [{"mw": "\u02ccin-t\u0259r-\u02c8h\u00e4-(\u02cc)spi-t\u1d4al", "sound": {"audio": "interhospital_1", "ref": "owl", "stat": "1"}}]}, "vrs": [{"vl": "or", "va": "in*ter-hos*pi*tal"}], "fl": "adjective", "def": [{"sseq": [[["sense", {"dt": [["text", "{bc}occurring between or involving two or more {d_link|hospitals|hospital} "], ["vis", [{"t": "{wi}interhospital{/wi} patient transfers"}]]]}]]]}], "date": "1871", "shortdef": ["occurring between or involving two or more hospitals"]}]