[{"meta": {"id": "how:1", "uuid": "fef73bba-d8c2-4cf5-be0f-def733243a34", "sort": "080289600", "src": "collegiate", "section": "alpha", "stems": ["how", "how about", "how come"], "offensive": false}, "hom": 1, "hwi": {"hw": "how", "prs": [{"mw": "\u02c8hau\u0307", "sound": {"audio": "how00001", "ref": "c", "stat": "1"}}]}, "fl": "adverb", "def": [{"sseq": [[["sense", {"sn": "1 a", "dt": [["text", "{bc}in what manner or way "], ["vis", [{"t": "{it}How{/it} did you two meet each other?"}, {"t": "{it}How{/it} did he die?"}, {"t": "{it}How{/it} do you know that?"}]]]}], ["sense", {"sn": "b", "dt": [["text", "{bc}for what reason {bc}{sx|why||} "], ["vis", [{"t": "{it}How{/it} would I know if it's going to rain or not?"}]]]}], ["sense", {"sn": "c", "dt": [["text", "{bc}with what meaning {bc}to what effect "], ["vis", [{"t": "{it}How{/it} are we to interpret such behavior?"}]]]}], ["sense", {"sn": "d", "dt": [["text", "{bc}by what name or title "], ["vis", [{"t": "{wi}How{/wi} art thou called?", "aq": {"auth": "William Shakespeare"}}]]]}]], [["sense", {"sn": "2", "dt": [["text", "{bc}to what degree or extent "], ["vis", [{"t": "{it}How{/it} much longer do we have to wait?"}, {"t": "I don't know {wi}how{/wi} old she is."}]]]}]], [["sense", {"sn": "3", "dt": [["text", "{bc}in what state or condition "], ["vis", [{"t": "{it}How{/it} are you?"}, {"t": "{it}How{/it} do you feel?"}]]]}]], [["sense", {"sn": "4", "dt": [["text", "{bc}at what price "], ["vis", [{"t": "{wi}how{/wi} a score of ewes now", "aq": {"auth": "Shakespeare"}}]]]}]]]}], "dros": [{"drp": "how about", "def": [{"sseq": [[["sense", {"dt": [["text", "{bc}what do you say to or think of "], ["vis", [{"t": "{it}how about{/it} it, are you going?"}]]]}]]]}]}, {"drp": "how come", "def": [{"sseq": [[["sense", {"dt": [["text", "{bc}how does it happen that {bc}{sx|why||} "], ["vis", [{"t": "{it}How come{/it} you can't go?"}]]]}]]]}]}], "et": [["text", "Middle English, from Old English {it}h\u016b{/it}; akin to Old High German {it}hwuo{/it} how, Old English {it}hw\u0101{/it} who {ma}{mat|who|}{/ma}"]], "date": "before 12th century{ds||1|a|}", "shortdef": ["in what manner or way", "for what reason : why", "with what meaning : to what effect"]}, {"meta": {"id": "how:2", "uuid": "74853415-a75e-45a2-ac5b-97fb5b0e4baf", "sort": "080289700", "src": "collegiate", "section": "alpha", "stems": ["how"], "offensive": false}, "hom": 2, "hwi": {"hw": "how"}, "fl": "conjunction", "def": [{"sseq": [[["sense", {"sn": "1 a", "dt": [["text", "{bc}the way or manner in which "], ["vis", [{"t": "asked {wi}how{/wi} they could help"}, {"t": "the story of {wi}how{/wi} the company was founded"}, {"t": "remember {wi}how{/wi} they fought"}]]], "sdsense": {"sd": "also", "dt": [["text", "{bc}the state or condition in which "], ["vis", [{"t": "reported {wi}how{/wi} the patient was found by the paramedics"}]]]}}], ["sense", {"sn": "b", "dt": [["text", "{bc}{sx|that||} "], ["vis", [{"t": "told them {wi}how{/wi} he had a situation", "aq": {"auth": "Charles Dickens"}}]]]}]], [["sense", {"sn": "2", "dt": [["text", "{bc}{sx|however||}, {sx|as||} "], ["vis", [{"t": "a reader can shift his attention {wi}how{/wi} he likes", "aq": {"auth": "William Empson"}}]]]}]]]}], "et": [["text", "{dx_ety}see {dxt|how:1||}{/dx_ety}"]], "date": "before 12th century{ds||1|a|}", "shortdef": ["the way or manner in which; also : the state or condition in which", "that", "however, as"]}, {"meta": {"id": "how:3", "uuid": "23e29933-0745-4ef1-83c5-2b7a19ee0c8c", "sort": "080289800", "src": "collegiate", "section": "alpha", "stems": ["how", "hows"], "offensive": false}, "hom": 3, "hwi": {"hw": "how"}, "fl": "noun", "def": [{"sseq": [[["sense", {"sn": "1", "dt": [["text", "{bc}a question about manner or method "], ["vis", [{"t": "the eternal whys and {wi}hows{/wi} of small children", "aq": {"auth": "Jeanne Massey"}}]]]}]], [["sense", {"sn": "2", "dt": [["text", "{bc}{sx|manner||}, {sx|method||} "], ["vis", [{"t": "examining the {wi}hows{/wi} and whys of exercise"}]]]}]]]}], "et": [["text", "{dx_ety}see {dxt|how:1||}{/dx_ety}"]], "date": "1533{ds||1||}", "shortdef": ["a question about manner or method", "manner, method"]}, {"meta": {"id": "how-to:1", "uuid": "e8942dbc-baa9-4b9b-80a6-d2868d7c5786", "sort": "080291300", "src": "collegiate", "section": "alpha", "stems": ["how-to"], "offensive": false}, "hom": 1, "hwi": {"hw": "how-to", "prs": [{"mw": "\u02c8hau\u0307-\u02c8t\u00fc", "sound": {"audio": "howto001", "ref": "c", "stat": "1"}}]}, "fl": "adjective", "def": [{"sseq": [[["sense", {"dt": [["text", "{bc}giving practical instruction and advice (as on a craft) "], ["vis", [{"t": "{wi}how-to{/wi} books on all sorts of hobbies", "aq": {"auth": "Harry Milt"}}]]]}]]]}], "date": "1926", "shortdef": ["giving practical instruction and advice (as on a craft)"]}, {"meta": {"id": "how-to:2", "uuid": "39ea6d79-9e99-47d8-a860-38846354638c", "sort": "080291400", "src": "collegiate", "section": "alpha", "stems": ["how-to", "how-to's", "how-tos"], "offensive": false}, "hom": 2, "hwi": {"hw": "how-to"}, "fl": "noun", "def": [{"sseq": [[["sense", {"dt": [["text", "{bc}a practical method or instruction "], ["vis", [{"t": "the {wi}how-tos{/wi} of balancing a checkbook"}]]], "sdsense": {"sd": "also", "dt": [["text", "{bc}something (such as a book) that provides such instruction"]]}}]]]}], "date": "1954", "shortdef": ["a practical method or instruction; also : something (such as a book) that provides such instruction"]}, {"meta": {"id": "how about it", "uuid": "82310c6a-2ab4-4041-be97-8e200090512f", "sort": "3008985000", "src": "ld", "section": "idioms", "stems": ["how about it"], "offensive": false}, "hwi": {"hw": "how about it"}, "fl": "idiom", "def": [{"sseq": [[["sense", {"dt": [["uns", [[["text", "used to ask if someone will do something "], ["vis", [{"t": "Well, {it}how about it{/it}, are you coming?"}]]]]]]}]]]}], "shortdef": ["\u2014used to ask if someone will do something"]}, {"meta": {"id": "how about you", "uuid": "21112a45-ee28-4a92-af66-b9f254577819", "sort": "3008986000", "src": "ld", "section": "idioms", "stems": ["how about you"], "offensive": false}, "hwi": {"hw": "how about you"}, "fl": "idiom", "def": [{"sseq": [[["sense", {"dt": [["uns", [[["text", "used to ask someone to tell one something in response to what one has just said "], ["vis", [{"t": "I like skiing and hiking. {it}How about you{/it}? What do you like?"}, {"t": "I'm ready to go. {it}How about you?{/it}"}]]]]]]}]]]}], "shortdef": ["\u2014used to ask someone to tell one something in response to what one has just said"]}, {"meta": {"id": "how are you keeping", "uuid": "ae667cee-dc1f-4c4f-8a61-2d4b0f71d244", "sort": "3008987000", "src": "ld", "section": "idioms", "stems": ["how are you keeping"], "offensive": false}, "hwi": {"hw": "how are you keeping"}, "fl": "idiom", "def": [{"sls": ["British"], "sseq": [[["sense", {"dt": [["uns", [[["text", "used to ask if someone feels good, bad, happy, well, etc. "], ["vis", [{"t": "\"{it}How are you keeping{/it}, Jill?\" \"Oh, pretty well, thanks.\""}]]]]]]}]]]}], "shortdef": ["\u2014used to ask if someone feels good, bad, happy, well, etc."]}, {"meta": {"id": "how can/could", "uuid": "e7c8e9c0-da9a-4d54-b5f1-89f846318dfa", "sort": "3008988000", "src": "ld", "section": "idioms", "stems": ["how can", "how can/could", "how could"], "offensive": false}, "hwi": {"hw": "how can/could"}, "fl": "idiom", "def": [{"sseq": [[["sense", {"sn": "1", "dt": [["uns", [[["text", "used to show that one thinks that someone has done or said something shocking or wrong "], ["vis", [{"t": "\"We don't need his help anyway.\" \"{it}How can{/it} you say that?!\""}, {"t": "{it}How could{/it} she just walk away from her children like that?"}]]]]]]}]], [["sense", {"sn": "2", "dt": [["uns", [[["text", "used to express doubt that something will happen, is possible, etc. "], ["vis", [{"t": "{it}How could{/it} I (ever/possibly) leave this job?"}, {"t": "{it}How can{/it} I (ever/possibly) thank you?"}]]]]]]}]], [["sense", {"sn": "3", "sls": ["informal"], "dt": [["uns", [[["text", "used to show disappointment in someone's actions, thoughts, words, etc. "], ["vis", [{"t": "He threw away my gift? Oh, {it}how could{/it} he?"}]]]]]]}]]]}], "shortdef": ["\u2014used to show that one thinks that someone has done or said something shocking or wrong", "\u2014used to express doubt that something will happen, is possible, etc.", "\u2014used to show disappointment in someone's actions, thoughts, words, etc."]}, {"meta": {"id": "how dare (someone)", "uuid": "62e3b6c1-609f-4dd5-969b-1155822106af", "sort": "3008990000", "src": "ld", "section": "idioms", "stems": ["how dare", "how dare (someone)", "how dare someone"], "offensive": false}, "hwi": {"hw": "how dare (someone)"}, "fl": "idiom", "def": [{"sseq": [[["sense", {"dt": [["uns", [[["text", "used in speech to show anger about what someone has done or said "], ["vis", [{"t": "{it}How dare{/it} you touch me!"}, {"t": "{it}How dare{/it} he speak to you like that!"}]]]]]]}]]]}], "shortdef": ["\u2014used in speech to show anger about what someone has done or said"]}]