[{"meta": {"id": "in:1", "uuid": "13e4257b-2d44-48a3-8740-8e6e5d2b124f", "sort": "090763000", "src": "collegiate", "section": "alpha", "stems": ["in"], "offensive": false}, "hom": 1, "hwi": {"hw": "in", "prs": [{"mw": "\u02c8in", "sound": {"audio": "in000001", "ref": "c", "stat": "1"}}, {"mw": "\u0259n"}, {"mw": "\u1d4an"}]}, "fl": "preposition", "def": [{"sseq": [[["sense", {"sn": "1 a", "dt": [["uns", [[["text", "used as a function word to indicate inclusion, location, or position within limits "], ["vis", [{"t": "{wi}in{/wi} the lake"}, {"t": "wounded {wi}in{/wi} the leg"}, {"t": "{wi}in{/wi} the summer"}]]]]]]}], ["sense", {"sn": "b", "dt": [["text", "{bc}{sx|into||1} "], ["vis", [{"t": "went {wi}in{/wi} the house"}]]]}]], [["sense", {"sn": "2", "dt": [["uns", [[["text", "used as a function word to indicate means, medium, or instrumentality "], ["vis", [{"t": "written {wi}in{/wi} pencil"}, {"t": "bound {wi}in{/wi} leather"}]]]]]]}]], [["sense", {"sn": "3 a", "dt": [["uns", [[["text", "used as a function word to indicate limitation, qualification, or circumstance "], ["vis", [{"t": "alike {wi}in{/wi} some respects"}, {"t": "left {wi}in{/wi} a hurry"}]]]]]]}], ["sense", {"sn": "b", "dt": [["text", "{bc}{sx|into||4a} "], ["vis", [{"t": "broke {wi}in{/wi} pieces"}]]]}]], [["sense", {"sn": "4", "dt": [["uns", [[["text", "used as a function word to indicate purpose "], ["vis", [{"t": "said {wi}in{/wi} reply"}]]]]]]}]], [["sense", {"sn": "5", "dt": [["uns", [[["text", "used as a function word to indicate the larger member of a ratio "], ["vis", [{"t": "one {wi}in{/wi} six is eligible"}]]]]]]}]]]}], "et": [["text", "Middle English, from Old English; akin to Old High German {it}in{/it} in, Latin {it}in{/it}, Greek {it}en{/it}"]], "date": "before 12th century{ds||1|a|}", "shortdef": ["\u2014used as a function word to indicate inclusion, location, or position within limits", "into", "\u2014used as a function word to indicate means, medium, or instrumentality"]}, {"meta": {"id": "in:2", "uuid": "fd16c569-7988-449d-bc9c-83195e08ee2e", "sort": "090764000", "src": "collegiate", "section": "alpha", "stems": ["in", "in for"], "offensive": false}, "hom": 2, "hwi": {"hw": "in", "prs": [{"mw": "\u02c8in", "sound": {"audio": "in000001", "ref": "c", "stat": "1"}}]}, "fl": "adverb", "def": [{"sseq": [[["pseq", [["sense", {"sn": "1 a (1)", "dt": [["text", "{bc}to or toward the inside especially of a house or other building "], ["vis", [{"t": "come {wi}in{/wi}"}]]]}], ["sense", {"sn": "(2)", "dt": [["text", "{bc}to or toward some destination or particular place "], ["vis", [{"t": "flew {wi}in{/wi} on the first plane"}]]]}], ["sense", {"sn": "(3)", "dt": [["text", "{bc}at close quarters {bc}{sx|near||} "], ["vis", [{"t": "play close {wi}in{/wi}"}]]]}]]], ["sense", {"sn": "b", "dt": [["text", "{bc}so as to incorporate "], ["vis", [{"t": "mix {wi}in{/wi} the flour"}]], ["uns", [[["text", "often used in combination "], ["vis", [{"t": "built-{it}in{/it} bookcases"}]]]]]]}], ["sense", {"sn": "c", "dt": [["text", "{bc}to or at an appropriate place "], ["vis", [{"t": "fit a piece {wi}in{/wi}"}]]]}]], [["sense", {"sn": "2 a", "dt": [["text", "{bc}within a particular place"]], "sdsense": {"sd": "especially", "dt": [["text", "{bc}within the customary place of residence or business "], ["vis", [{"t": "the doctor is {wi}in{/wi}"}]]]}}], ["sense", {"sn": "b", "dt": [["text", "{bc}in the position of participant, insider, or officeholder "], ["uns", [[["text", "often used with {it}on{/it} "], ["vis", [{"t": "{wi}in{/wi} on the joke"}]]]]]]}], ["pseq", [["sense", {"sn": "c (1)", "dt": [["text", "{bc}on good terms"]]}], ["sense", {"sn": "(2)", "dt": [["text", "{bc}in a specified relation "], ["vis", [{"t": "{wi}in{/wi} bad with the boss"}]]]}], ["sense", {"sn": "(3)", "dt": [["text", "{bc}in a position of assured or definitive success"]]}]]], ["sense", {"sn": "d", "dt": [["text", "{bc}in vogue or season"]]}], ["sense", {"sn": "e", "sls": ["of an oil well"], "dt": [["text", "{bc}in production"]]}], ["sense", {"sn": "f", "dt": [["text", "{bc}in one's presence, possession, or control "], ["vis", [{"t": "after the crops are {wi}in{/wi}"}]]]}], ["sense", {"sn": "g", "dt": [["text", "{bc}from a condition of indistinguishability to one of clarity "], ["vis", [{"t": "fade {wi}in{/wi}"}]]]}]]]}], "dros": [{"drp": "in for", "def": [{"sseq": [[["sense", {"dt": [["text", "{bc}certain to experience "], ["vis", [{"t": "{it}in for{/it} a rude awakening"}]]]}]]]}]}], "date": "before 12th century{ds||1|a|1}", "shortdef": ["to or toward the inside especially of a house or other building", "to or toward some destination or particular place", "at close quarters : near"]}, {"meta": {"id": "in:3", "uuid": "490359c1-19e4-4fa2-a74a-8007477ac899", "sort": "090765000", "src": "collegiate", "section": "alpha", "stems": ["in"], "offensive": false}, "hom": 3, "hwi": {"hw": "in", "prs": [{"mw": "\u02c8in", "sound": {"audio": "in000001", "ref": "c", "stat": "1"}}]}, "fl": "adjective", "def": [{"sseq": [[["sense", {"sn": "1 a", "dt": [["text", "{bc}that is located inside or within "], ["vis", [{"t": "the {wi}in{/wi} part"}]]]}], ["sense", {"sn": "b", "dt": [["text", "{bc}that is in position, operation, or power "], ["vis", [{"t": "the {wi}in{/wi} party"}]]]}], ["sense", {"sn": "c", "dt": [["text", "{bc}{sx|inside||2}"]]}]], [["sense", {"sn": "2", "dt": [["text", "{bc}that is directed or bound inward {bc}{sx|incoming|incoming:1|} "], ["vis", [{"t": "the {wi}in{/wi} train"}]]]}]], [["sense", {"sn": "3 a", "dt": [["text", "{bc}extremely fashionable "], ["vis", [{"t": "the {wi}in{/wi} thing to do"}]]]}], ["sense", {"sn": "b", "dt": [["text", "{bc}keenly aware of and responsive to what is new and fashionable "], ["vis", [{"t": "the {wi}in{/wi} crowd"}]]]}]]]}], "date": "1599{ds||1|a|}", "shortdef": ["that is located inside or within", "that is in position, operation, or power", "inside"]}, {"meta": {"id": "in:4", "uuid": "54e370ea-4ecb-48f7-b078-3f35ce1ddbe3", "sort": "090766000", "src": "collegiate", "section": "alpha", "stems": ["in", "ins"], "offensive": false}, "hom": 4, "hwi": {"hw": "in", "prs": [{"mw": "\u02c8in", "sound": {"audio": "in000001", "ref": "c", "stat": "1"}}]}, "fl": "noun", "def": [{"sseq": [[["sense", {"sn": "1", "dt": [["text", "{bc}one who is in office or power or on the inside "], ["vis", [{"t": "a matter of {wi}ins{/wi} versus outs"}]]]}]], [["sense", {"sn": "2", "dt": [["text", "{bc}{sx|influence||}, {sx|pull||} "], ["vis", [{"t": "enjoyed some sort of {wi}in{/wi} with the commandant", "aq": {"auth": "Henriette Roosenburg"}}]]]}]]]}], "date": "1764{ds||1||}", "shortdef": ["one who is in office or power or on the inside", "influence, pull"]}, {"meta": {"id": "in:5", "uuid": "76dfbc21-7cb6-40fd-9271-a73fc1070844", "sort": "090767000", "src": "collegiate", "section": "alpha", "stems": ["in"], "offensive": false}, "hom": 5, "hwi": {"hw": "in"}, "fl": "abbreviation", "def": [{"sseq": [[["sense", {"sn": "1", "dt": [["text", "inch"]]}]], [["sense", {"sn": "2", "dt": [["text", "inlet"]]}]]]}], "shortdef": ["inch", "inlet"]}, {"meta": {"id": "In", "uuid": "25b67028-6235-4c03-9d8a-4df880eead82", "sort": "090768000", "src": "collegiate", "section": "alpha", "stems": ["In"], "offensive": false}, "hwi": {"hw": "In"}, "fl": "symbol", "def": [{"sseq": [[["sense", {"dt": [["text", "indium"]]}]]]}], "shortdef": ["indium"]}, {"meta": {"id": "IN", "uuid": "7f03c649-0f39-4e4f-ac50-45d3b2c2a62f", "sort": "090769000", "src": "collegiate", "section": "alpha", "stems": ["IN"], "offensive": false}, "hwi": {"hw": "IN"}, "fl": "abbreviation", "def": [{"sseq": [[["sense", {"dt": [["text", "Indiana"]]}]]]}], "shortdef": ["Indiana"]}, {"meta": {"id": "in-:1", "uuid": "33089747-5c6b-40b1-bf34-af717eee27a2", "sort": "090770000", "src": "collegiate", "section": "alpha", "stems": ["il-", "im-", "in-", "ir-"], "offensive": false}, "hom": 1, "hwi": {"hw": "in-"}, "vrs": [{"vl": "or", "va": "il-"}, {"vl": "or", "va": "im-"}, {"vl": "or", "va": "ir-"}], "fl": "prefix", "def": [{"sseq": [[["sense", {"dt": [["text", "{bc}not {bc}{sx|non-||}, {sx|un-||} "], ["uns", [[["text", "usually {it}il-{/it} before {it}l{/it} "], ["vis", [{"t": "{it}il{/it}logical"}]], ["text", ", {it}im-{/it} before {it}b, m{/it}, or {it}p{/it} "], ["vis", [{"t": "{it}im{/it}balance"}, {"t": "{it}im{/it}moral"}, {"t": "{it}im{/it}practical"}]], ["text", ", {it}ir-{/it} before {it}r{/it} "], ["vis", [{"t": "{it}ir{/it}reducible"}]], ["text", ", and {it}in-{/it} before other sounds "], ["vis", [{"t": "{it}in{/it}conclusive"}]]]]]]}]]]}], "et": [["text", "Middle English, from Anglo-French, from Latin; akin to Old English {it}un-{/it}"]], "shortdef": ["not : non-, un- \u2014usually il- before l, im- before b, m, or p, ir- before r, and in- before other sounds"]}, {"meta": {"id": "in-:2", "uuid": "1c70b70a-59cc-4a3a-8a4e-7a017817afe0", "sort": "090771000", "src": "collegiate", "section": "alpha", "stems": ["il-", "im-", "in-", "ir-"], "offensive": false}, "hom": 2, "hwi": {"hw": "in-"}, "vrs": [{"vl": "or", "va": "il-"}, {"vl": "or", "va": "im-"}, {"vl": "or", "va": "ir-"}], "fl": "prefix", "def": [{"sseq": [[["sense", {"sn": "1", "dt": [["text", "{bc}in {bc}within {bc}into {bc}toward {bc}on "], ["uns", [[["text", "usually {it}il-{/it} before {it}l{/it} "], ["vis", [{"t": "{it}il{/it}luviation"}]], ["text", ", {it}im-{/it} before {it}b, m{/it}, or {it}p{/it} "], ["vis", [{"t": "{it}im{/it}mingle"}]], ["text", ", {it}ir-{/it} before {it}r{/it} "], ["vis", [{"t": "{it}ir{/it}radiance"}]], ["text", ", and {it}in-{/it} before other sounds "], ["vis", [{"t": "{it}in{/it}filtrate"}]]]]]]}]], [["sense", {"sn": "2", "dt": [["text", "{bc}{sx|en-:1||} "], ["vis", [{"t": "{it}im{/it}brute"}, {"t": "{it}im{/it}peril"}, {"t": "{it}in{/it}spirit"}]]]}]]]}], "et": [["text", "Middle English, from Anglo-French, from Latin, from {it}in{/it} in, into"]], "shortdef": ["in : within : into : toward : on \u2014usually il- before l, im- before b, m, or p, ir- before r, and in- before other sounds", "en-"]}, {"meta": {"id": "-in:1", "uuid": "a96eec82-d6c2-4587-b279-12e813636d2a", "sort": "090772000", "src": "collegiate", "section": "alpha", "stems": ["-in", "-ins"], "offensive": false}, "hom": 1, "hwi": {"hw": "-in"}, "fl": "noun suffix", "def": [{"sseq": [[["sense", {"sn": "1 a", "dt": [["text", "{bc}neutral chemical compound "], ["vis", [{"t": "insul{it}in{/it}"}]]]}], ["sense", {"sn": "b", "dt": [["text", "{bc}enzyme "], ["vis", [{"t": "pancreat{it}in{/it}"}]]]}], ["sense", {"sn": "c", "dt": [["text", "{bc}antibiotic "], ["vis", [{"t": "penicill{it}in{/it}"}]]]}]], [["sense", {"sn": "2", "dt": [["text", "{bc}{sx|-ine:2||1a} "], ["vis", [{"t": "epinephr{it}in{/it}"}]]]}]], [["sense", {"sn": "3", "dt": [["text", "{bc}pharmaceutical product "], ["vis", [{"t": "niac{it}in{/it}"}]]]}]]]}], "et": [["text", "French {it}-ine{/it}, from Latin {it}-\u012bna{/it}, feminine of {it}-\u012bnus{/it} of or belonging to {ma}{mat|-en|}{/ma}"]], "shortdef": ["neutral chemical compound", "enzyme", "antibiotic"]}]