[{"meta": {"id": "integrity", "uuid": "873950ed-e44e-414e-8416-7db32e717f83", "src": "coll_thes", "section": "alpha", "target": {"tuuid": "e5ae2669-ecfd-4b7d-b0c4-5951267c1edf", "tsrc": "collegiate"}, "stems": ["integrity", "integrities"], "syns": [["character", "decency", "goodness", "honesty", "morality", "probity", "rectitude", "righteousness", "rightness", "uprightness", "virtue", "virtuousness"], ["honesty", "probity", "truthfulness", "veracity", "verity"], ["honesty", "honor", "probity", "rectitude", "righteousness", "uprightness"]], "ants": [["badness", "evil", "evildoing", "immorality", "iniquity", "sin", "villainy", "wickedness"], ["deceit", "deceitfulness", "dishonesty", "lying", "mendaciousness", "mendacity", "untruthfulness"], ["baseness", "dishonor", "lowness"]], "offensive": false}, "hwi": {"hw": "integrity"}, "fl": "noun", "def": [{"sseq": [[["sense", {"sn": "1", "dt": [["text", "conduct that conforms to an accepted standard of right and wrong "], ["vis", [{"t": "demonstrated that he was a man of {it}integrity{/it} by taking full responsibility for his actions"}]]], "syn_list": [[{"wd": "character"}, {"wd": "decency"}, {"wd": "goodness"}, {"wd": "honesty"}, {"wd": "morality"}, {"wd": "probity"}, {"wd": "rectitude"}, {"wd": "righteousness"}, {"wd": "rightness"}, {"wd": "uprightness"}, {"wd": "virtue"}, {"wd": "virtuousness"}]], "rel_list": [[{"wd": "high-mindedness"}, {"wd": "honor"}, {"wd": "incorruptibility"}, {"wd": "irreproachability"}, {"wd": "irreproachableness"}, {"wd": "right-mindedness"}, {"wd": "scrupulosity"}, {"wd": "scrupulousness"}], [{"wd": "appropriateness"}, {"wd": "correctness"}, {"wd": "decorousness"}, {"wd": "decorum"}, {"wd": "etiquette"}, {"wd": "fitness"}, {"wd": "propriety"}, {"wd": "seemliness"}], [{"wd": "ethics"}, {"wd": "morals"}]], "near_list": [[{"wd": "impropriety"}, {"wd": "indecency"}, {"wd": "indecorum"}, {"wd": "indiscretion"}], [{"wd": "debauchery"}, {"wd": "degeneracy"}, {"wd": "degradation"}, {"wd": "depravity"}, {"wd": "perversion"}, {"wd": "pervertedness"}, {"wd": "sinfulness"}], [{"wd": "crookedness"}, {"wd": "dishonesty"}, {"wd": "underhandedness"}, {"wd": "unscrupulousness"}], [{"wd": "lowness"}, {"wd": "meanness"}, {"wd": "viciousness"}, {"wd": "vileness"}], [{"wd": "corruption"}]], "ant_list": [[{"wd": "badness"}, {"wd": "evil"}, {"wd": "evildoing"}, {"wd": "immorality"}, {"wd": "iniquity"}, {"wd": "sin"}, {"wd": "villainy"}, {"wd": "wickedness"}]]}]], [["sense", {"sn": "2", "dt": [["text", "devotion to telling the truth "], ["vis", [{"t": "her {it}integrity{/it} is such that she tells the truth even when people least want to hear it"}]]], "syn_list": [[{"wd": "honesty"}, {"wd": "probity"}, {"wd": "truthfulness"}, {"wd": "veracity"}, {"wd": "verity"}]], "rel_list": [[{"wd": "honor"}, {"wd": "honorableness"}, {"wd": "incorruptibility"}, {"wd": "rectitude"}, {"wd": "righteousness"}, {"wd": "right-mindedness"}, {"wd": "scrupulosity"}, {"wd": "scrupulousness"}, {"wd": "uprightness"}], [{"wd": "artlessness"}, {"wd": "candidness"}, {"wd": "candor"}, {"wd": "forthrightness"}, {"wd": "frankness"}, {"wd": "good faith"}, {"wd": "guilelessness"}, {"wd": "ingenuousness"}, {"wd": "plainspokenness"}, {"wd": "sincerity"}, {"wd": "straightforwardness"}], [{"wd": "dependability"}, {"wd": "reliability"}, {"wd": "reliableness"}, {"wd": "trustability"}, {"wd": "trustiness"}, {"wd": "trustworthiness"}], [{"wd": "accuracy"}, {"wd": "objectivity"}], [{"wd": "authenticity"}, {"wd": "correctness"}, {"wd": "genuineness"}, {"wd": "truth"}], [{"wd": "credibility"}]], "near_list": [[{"wd": "artifice"}, {"wd": "cozenage"}, {"wd": "crookedness"}, {"wd": "deception"}, {"wd": "dissembling"}, {"wd": "dissimulation"}, {"wd": "double-dealing"}, {"wd": "dupery"}, {"wd": "duplicity"}, {"wd": "fakery"}, {"wd": "falseness"}, {"wd": "falsity"}, {"wd": "fraudulentness"}, {"wd": "hypocrisy"}, {"wd": "insincerity"}, {"wd": "two-facedness"}], [{"wd": "beguilement"}, {"wd": "craftiness"}, {"wd": "cunning"}, {"wd": "cunningness"}, {"wd": "furtiveness"}, {"wd": "guile"}, {"wd": "indirection"}, {"wd": "insidiousness"}, {"wd": "oiliness"}, {"wd": "perfidy"}, {"wd": "slickness"}, {"wd": "slipperiness"}, {"wd": "slyness"}, {"wd": "smoothness"}, {"wd": "treacherousness"}, {"wd": "trickery"}, {"wd": "underhandedness"}, {"wd": "unscrupulousness"}, {"wd": "wiliness"}], [{"wd": "equivocation"}, {"wd": "prevarication"}], [{"wd": "exaggeration"}, {"wd": "inaccuracy"}]], "ant_list": [[{"wd": "deceit"}, {"wd": "deceitfulness"}, {"wd": "dishonesty"}, {"wd": "lying"}, {"wd": "mendaciousness"}, {"wd": "mendacity"}, {"wd": "untruthfulness"}]]}]], [["sense", {"sn": "3", "dt": [["text", "faithfulness to high moral standards "], ["vis", [{"t": "a politician of great honesty and {it}integrity{/it}"}]]], "syn_list": [[{"wd": "honesty"}, {"wd": "honor"}, {"wd": "probity"}, {"wd": "rectitude"}, {"wd": "righteousness"}, {"wd": "uprightness"}]], "rel_list": [[{"wd": "blamelessness"}, {"wd": "character"}, {"wd": "conscientiousness"}, {"wd": "decency"}, {"wd": "fairness"}, {"wd": "high-mindedness"}, {"wd": "incorruptibility"}, {"wd": "irreproachability"}, {"wd": "irreproachableness"}, {"wd": "justice"}, {"wd": "morality"}, {"wd": "nobility"}, {"wd": "reputability"}, {"wd": "respectability"}, {"wd": "right-mindedness"}, {"wd": "scrupulousness"}, {"wd": "virtue"}, {"wd": "virtuousness"}]], "near_list": [[{"wd": "corruptibility"}, {"wd": "corruption"}, {"wd": "corruptness"}, {"wd": "debasement"}, {"wd": "debauchery"}, {"wd": "decadence"}, {"wd": "degeneracy"}, {"wd": "degradation"}, {"wd": "depravity"}, {"wd": "disgrace"}, {"wd": "disgracefulness"}, {"wd": "disreputableness"}, {"wd": "dissipatedness"}, {"wd": "dissipation"}, {"wd": "dissoluteness"}, {"wd": "looseness"}, {"wd": "perversion"}, {"wd": "pervertedness"}, {"wd": "profligacy"}, {"wd": "shamelessness"}, {"wd": "venality"}], [{"wd": "blameworthiness"}, {"wd": "criminality"}, {"wd": "crookedness"}, {"wd": "dishonesty"}, {"wd": "immorality"}, {"wd": "unrighteousness"}, {"wd": "unscrupulousness"}], [{"wd": "knavery"}, {"wd": "rascality"}, {"wd": "roguishness"}], [{"wd": "meanness"}, {"wd": "reprehensibleness"}, {"wd": "rottenness"}, {"wd": "sinfulness"}, {"wd": "vileness"}, {"wd": "villainy"}, {"wd": "wickedness"}, {"wd": "wretchedness"}]], "ant_list": [[{"wd": "baseness"}, {"wd": "dishonor"}, {"wd": "lowness"}]]}]]]}], "shortdef": ["conduct that conforms to an accepted standard of right and wrong", "devotion to telling the truth", "faithfulness to high moral standards"]}]