[{"meta": {"id": "where it's at", "uuid": "2260d9a3-3106-4481-b508-837fb987bb05", "src": "CTenhance", "section": "phrases", "stems": ["where it's at"], "syns": [["axis", "base", "capital", "center", "central", "core", "cynosure", "epicenter", "eye", "focus", "ground zero", "heart", "hub", "locus", "mecca", "navel", "nerve center", "nexus", "nucleus", "omphalos", "seat"]], "ants": [], "offensive": false}, "hwi": {"hw": "where it's at"}, "fl": "phrase", "def": [{"sseq": [[["sense", {"dt": [["text", "a thing or place that is of greatest importance to an activity or interest "], ["vis", [{"t": "When visiting Paris, the Eiffel Tower is {it}where it's at{/it}."}]]], "syn_list": [[{"wd": "axis"}, {"wd": "base"}, {"wd": "capital"}, {"wd": "center"}, {"wd": "central"}, {"wd": "core"}, {"wd": "cynosure"}, {"wd": "epicenter"}, {"wd": "eye"}, {"wd": "focus"}, {"wd": "ground zero"}, {"wd": "heart"}, {"wd": "hub"}, {"wd": "locus"}, {"wd": "mecca"}, {"wd": "navel"}, {"wd": "nerve center"}, {"wd": "nexus"}, {"wd": "nucleus"}, {"wd": "omphalos"}, {"wd": "seat"}]], "rel_list": [[{"wd": "headquarters"}], [{"wd": "happy hunting ground"}, {"wd": "hive"}, {"wd": "hotbed"}, {"wd": "hot spot"}, {"wd": "playground"}, {"wd": "playland"}], [{"wd": "kernel"}, {"wd": "nub"}, {"wd": "pith"}], [{"wd": "deep"}, {"wd": "thick"}], [{"wd": "essence"}, {"wd": "quintessence"}, {"wd": "soul"}], [{"wd": "attraction"}, {"wd": "lodestone", "wvrs": [{"wvl": "also", "wva": "loadstone"}]}, {"wd": "magnet"}, {"wd": "polestar"}]]}]]]}], "shortdef": ["a thing or place that is of greatest importance to an activity or interest"]}, {"meta": {"id": "where", "uuid": "016d631f-3ecc-4b06-9499-ddfe44db3d8d", "src": "coll_thes", "section": "alpha", "target": {"tuuid": "4b99e564-5bad-4e31-bcad-0375df0398cb", "tsrc": "collegiate"}, "stems": ["where", "where it's at", "where one is at", "wheres"], "syns": [["emplacement", "locale", "locality", "location", "locus", "place", "point", "position", "site", "spot", "venue"]], "ants": [], "offensive": false}, "hwi": {"hw": "where"}, "fl": "noun", "def": [{"sseq": [[["sense", {"dt": [["text", "the area or space occupied by or intended for something "], ["vis", [{"t": "we've decided on the when, but we still haven't resolved the {it}where{/it} for the party"}]]], "syn_list": [[{"wd": "emplacement"}, {"wd": "locale"}, {"wd": "locality"}, {"wd": "location"}, {"wd": "locus"}, {"wd": "place"}, {"wd": "point"}, {"wd": "position"}, {"wd": "site"}, {"wd": "spot"}, {"wd": "venue"}]], "rel_list": [[{"wd": "scene"}], [{"wd": "precinct"}, {"wd": "region"}, {"wd": "section"}, {"wd": "sector"}], [{"wd": "here"}, {"wd": "there"}]]}]]]}], "shortdef": ["the area or space occupied by or intended for something"]}]