[{"meta": {"id": "keep", "uuid": "4ec375f2-7218-456e-801d-1bd3d81bf8f6", "src": "coll_thes", "section": "alpha", "target": {"tuuid": "607a5d7f-e951-4e3f-ac67-2e1cbb9b82a5", "tsrc": "collegiate"}, "stems": ["keep", "keep at", "keep at a distance", "keep house", "keep one's distance", "keep one's eyes open", "keep one's eyes peeled", "keep one's hand in", "keep one's head down", "keep one's nose clean", "keep pace", "keep step", "keep to oneself", "keeping", "keeps", "kept"], "syns": [["celebrate", "commemorate", "observe"], ["hold", "reserve", "retain", "withhold"], ["answer", "complete", "comply (with)", "fill", "fulfill", "meet", "redeem", "satisfy"], ["put up", "reposit", "store", "stow"], ["maintain", "provide (for)", "support"], ["administer", "administrate", "carry on", "conduct", "control", "direct", "govern", "guide", "handle", "manage", "operate", "overlook", "oversee", "preside (over)", "regulate", "run", "steward", "superintend", "supervise", "tend"], ["bridle", "check", "constrain", "contain", "control", "curb", "govern", "hold", "inhibit", "measure", "pull in", "regulate", "rein (in)", "restrain", "rule", "tame"], ["bulwark", "cover", "defend", "fence", "fend", "forfend", "guard", "protect", "safeguard", "screen", "secure", "shield", "ward"]], "ants": [["break", "transgress", "violate"], ["give up", "hand over", "release", "relinquish", "surrender", "yield"], ["breach", "break", "transgress", "violate"], ["lose"], ["assail", "assault", "attack"]], "offensive": false}, "hwi": {"hw": "keep"}, "fl": "verb", "def": [{"sseq": [[["sense", {"sn": "1", "dt": [["text", "to mark with an appropriate practice, rite, or ceremony "], ["vis", [{"t": "{it}keep{/it} the Sabbath by not working"}]]], "syn_list": [[{"wd": "celebrate"}, {"wd": "commemorate"}, {"wd": "observe"}]], "rel_list": [[{"wd": "bless"}, {"wd": "consecrate"}, {"wd": "sanctify"}, {"wd": "solemnize"}], [{"wd": "fete", "wvrs": [{"wvl": "or", "wva": "f\u00eate"}]}, {"wd": "honor"}, {"wd": "laud"}, {"wd": "praise"}], [{"wd": "memorialize"}, {"wd": "remember"}]], "near_list": [[{"wd": "blow off"}, {"wd": "disregard"}, {"wd": "forget"}, {"wd": "ignore"}, {"wd": "neglect"}, {"wd": "overlook"}]], "ant_list": [[{"wd": "break"}, {"wd": "transgress"}, {"wd": "violate"}]]}]], [["sense", {"sn": "2", "dt": [["text", "to continue to have in one's possession or power "], ["vis", [{"t": "the money is yours to {it}keep{/it}"}, {"t": "{it}keep{/it} my secret and don't tell it to anyone"}]]], "syn_list": [[{"wd": "hold"}, {"wd": "reserve"}, {"wd": "retain"}, {"wd": "withhold"}]], "rel_list": [[{"wd": "conserve"}, {"wd": "guard"}, {"wd": "preserve"}, {"wd": "protect"}, {"wd": "save"}], [{"wd": "boast"}, {"wd": "enjoy"}, {"wd": "have"}, {"wd": "own"}, {"wd": "possess"}], [{"wd": "command"}, {"wd": "control"}, {"wd": "detain"}, {"wd": "direct"}, {"wd": "manage"}, {"wd": "rule"}], [{"wd": "bear"}, {"wd": "harbor"}], [{"wd": "cherish"}, {"wd": "cling (to)"}, {"wd": "hug"}, {"wd": "treasure"}]], "phrase_list": [[{"wd": "hang on to"}, {"wd": "hold on to"}]], "near_list": [[{"wd": "abandon"}, {"wd": "cede"}, {"wd": "drop"}], [{"wd": "contribute"}, {"wd": "donate"}, {"wd": "give"}, {"wd": "hand out"}], [{"wd": "discard"}, {"wd": "dump"}], [{"wd": "decline"}, {"wd": "reject"}, {"wd": "repudiate"}, {"wd": "spurn"}], [{"wd": "lose"}]], "ant_list": [[{"wd": "give up"}, {"wd": "hand over"}, {"wd": "release"}, {"wd": "relinquish"}, {"wd": "surrender"}, {"wd": "yield"}]]}]], [["sense", {"sn": "3", "dt": [["text", "to do what is required by the terms of "], ["vis", [{"t": "make sure you {it}keep{/it} your promise to help out at the homeless shelter"}]]], "syn_list": [[{"wd": "answer"}, {"wd": "complete"}, {"wd": "comply (with)"}, {"wd": "fill"}, {"wd": "fulfill", "wvrs": [{"wvl": "or", "wva": "fulfil"}]}, {"wd": "meet"}, {"wd": "redeem"}, {"wd": "satisfy"}]], "rel_list": [[{"wd": "conclude"}, {"wd": "consummate"}, {"wd": "finalize"}, {"wd": "finish"}, {"wd": "perfect"}], [{"wd": "accomplish"}, {"wd": "achieve"}, {"wd": "bring about"}, {"wd": "bring off"}, {"wd": "carry out"}, {"wd": "effect"}], [{"wd": "commit"}, {"wd": "compass"}, {"wd": "discharge"}, {"wd": "execute"}, {"wd": "follow through (with)"}, {"wd": "make"}, {"wd": "perform"}]], "phrase_list": [[{"wd": "abide by"}, {"wd": "make good", "wvrs": [{"wvl": "or", "wva": "make good on"}]}]], "near_list": [[{"wd": "default (on)"}], [{"wd": "disregard"}, {"wd": "forget"}, {"wd": "ignore"}, {"wd": "neglect"}, {"wd": "overlook"}, {"wd": "overpass"}, {"wd": "pass over"}, {"wd": "slight"}]], "ant_list": [[{"wd": "breach"}, {"wd": "break"}, {"wd": "transgress"}, {"wd": "violate"}]]}]], [["sense", {"sn": "4", "dt": [["text", "to place somewhere for safekeeping or ready availability "], ["vis", [{"t": "I {it}keep{/it} extra toothbrushes for unexpected overnight guests"}]]], "syn_list": [[{"wd": "put up"}, {"wd": "reposit"}, {"wd": "store"}, {"wd": "stow"}]], "rel_list": [[{"wd": "cellar"}, {"wd": "garage"}, {"wd": "hangar"}, {"wd": "house"}, {"wd": "warehouse"}], [{"wd": "file"}, {"wd": "pack"}, {"wd": "shelve"}]]}]], [["sense", {"sn": "5", "dt": [["text", "to pay the living expenses of "], ["vis", [{"t": "agreed to {it}keep{/it} both of their children in off-campus housing until they graduated and found jobs"}]]], "syn_list": [[{"wd": "maintain"}, {"wd": "provide (for)"}, {"wd": "support"}]], "rel_list": [[{"wd": "finance"}, {"wd": "fund"}, {"wd": "patronize"}, {"wd": "set up"}, {"wd": "sponsor"}, {"wd": "stake"}, {"wd": "underwrite"}]], "phrase_list": [[{"wd": "foot the bill (for)"}, {"wd": "take care of"}]]}]], [["sense", {"sn": "6", "dt": [["text", "to look after and make decisions about "], ["vis", [{"t": "enlisted a relative to {it}keep{/it} the store while she was away"}]]], "syn_list": [[{"wd": "administer"}, {"wd": "administrate"}, {"wd": "carry on"}, {"wd": "conduct"}, {"wd": "control"}, {"wd": "direct"}, {"wd": "govern"}, {"wd": "guide"}, {"wd": "handle"}, {"wd": "manage"}, {"wd": "operate"}, {"wd": "overlook"}, {"wd": "oversee"}, {"wd": "preside (over)"}, {"wd": "regulate"}, {"wd": "run"}, {"wd": "steward"}, {"wd": "superintend"}, {"wd": "supervise"}, {"wd": "tend"}]], "rel_list": [[{"wd": "care (for)"}, {"wd": "mind"}, {"wd": "watch"}], [{"wd": "lead"}, {"wd": "pilot"}, {"wd": "steer"}], [{"wd": "guard"}, {"wd": "protect"}, {"wd": "safeguard"}], [{"wd": "micromanage"}, {"wd": "stage-manage"}], [{"wd": "codirect"}, {"wd": "comanage"}]], "phrase_list": [[{"wd": "watch over"}]]}]], [["sense", {"sn": "7", "dt": [["text", "to keep from exceeding a desirable degree or level (as of expression) "], ["vis", [{"t": "try to {it}keep{/it} your composure no matter what happens"}]]], "syn_list": [[{"wd": "bridle"}, {"wd": "check"}, {"wd": "constrain"}, {"wd": "contain"}, {"wd": "control"}, {"wd": "curb"}, {"wd": "govern"}, {"wd": "hold"}, {"wd": "inhibit"}, {"wd": "measure"}, {"wd": "pull in"}, {"wd": "regulate"}, {"wd": "rein (in)"}, {"wd": "restrain"}, {"wd": "rule"}, {"wd": "tame"}]], "rel_list": [[{"wd": "bottle (up)"}, {"wd": "choke (back)"}, {"wd": "hold back"}, {"wd": "mince"}, {"wd": "muffle"}, {"wd": "pocket"}, {"wd": "repress"}, {"wd": "sink"}, {"wd": "smother"}, {"wd": "squelch"}, {"wd": "stifle"}, {"wd": "strangle"}, {"wd": "suppress"}, {"wd": "swallow"}], [{"wd": "arrest"}, {"wd": "interrupt"}, {"wd": "stop"}], [{"wd": "block"}, {"wd": "hamper"}, {"wd": "handcuff"}, {"wd": "hinder"}, {"wd": "impede"}, {"wd": "obstruct"}], [{"wd": "gag"}, {"wd": "muzzle"}, {"wd": "silence"}]], "near_list": [[{"wd": "liberate"}, {"wd": "loose"}, {"wd": "loosen"}, {"wd": "unleash"}], [{"wd": "air"}, {"wd": "express"}, {"wd": "take out"}, {"wd": "vent"}]], "ant_list": [[{"wd": "lose"}]]}]], [["sense", {"sn": "8", "dt": [["text", "to drive danger or attack away from "], ["vis", [{"t": "may God bless and {it}keep{/it} you"}]]], "syn_list": [[{"wd": "bulwark"}, {"wd": "cover"}, {"wd": "defend"}, {"wd": "fence"}, {"wd": "fend"}, {"wd": "forfend"}, {"wd": "guard"}, {"wd": "protect"}, {"wd": "safeguard"}, {"wd": "screen"}, {"wd": "secure"}, {"wd": "shield"}, {"wd": "ward"}]], "rel_list": [[{"wd": "avert"}, {"wd": "prevent"}], [{"wd": "oppose"}, {"wd": "resist"}, {"wd": "withstand"}], [{"wd": "battle"}, {"wd": "contend"}, {"wd": "fight"}, {"wd": "war"}], [{"wd": "conserve"}, {"wd": "preserve"}, {"wd": "save"}], [{"wd": "buffer"}, {"wd": "palisade"}, {"wd": "picket"}, {"wd": "wall"}]], "phrase_list": [[{"wd": "stand up for"}]], "near_list": [[{"wd": "bombard"}, {"wd": "storm"}], [{"wd": "beset"}, {"wd": "besiege"}, {"wd": "overrun"}], [{"wd": "capitulate"}, {"wd": "cave"}, {"wd": "submit"}, {"wd": "yield"}]], "ant_list": [[{"wd": "assail"}, {"wd": "assault"}, {"wd": "attack"}]]}]]]}], "shortdef": ["to mark with an appropriate practice, rite, or ceremony", "to continue to have in one's possession or power", "to do what is required by the terms of"]}, {"meta": {"id": "keep", "uuid": "e5389168-2e24-4203-b28c-557918364f48", "src": "coll_thes", "section": "alpha", "target": {"tuuid": "5a14da91-9101-4c8b-8066-d9763830ad53", "tsrc": "collegiate"}, "stems": ["keep", "keeps"], "syns": [["care and feeding", "conservation", "conserving", "maintenance", "preservation", "preserving", "sustentation", "upkeep"]], "ants": [], "offensive": false}, "hwi": {"hw": "keep"}, "fl": "noun", "def": [{"sseq": [[["sense", {"dt": [["text", "the act or activity of keeping something in an existing and usually satisfactory condition "], ["vis", [{"t": "the {it}keep{/it} of the stable is mainly left to the two equine-loving daughters"}]]], "syn_list": [[{"wd": "care and feeding"}, {"wd": "conservation"}, {"wd": "conserving"}, {"wd": "maintenance"}, {"wd": "preservation"}, {"wd": "preserving"}, {"wd": "sustentation"}, {"wd": "upkeep"}]], "rel_list": [[{"wd": "conservancy"}], [{"wd": "support"}, {"wd": "sustaining"}], [{"wd": "care"}, {"wd": "custody"}, {"wd": "guardianship"}], [{"wd": "defense"}, {"wd": "guarding"}, {"wd": "protection"}, {"wd": "safeguarding"}, {"wd": "safekeeping"}]], "near_list": [[{"wd": "dereliction"}, {"wd": "disregard"}, {"wd": "ignoring"}, {"wd": "inattention"}, {"wd": "neglect"}, {"wd": "negligence"}], [{"wd": "damage"}, {"wd": "demolition"}, {"wd": "destruction"}, {"wd": "harm"}, {"wd": "hurt"}, {"wd": "injury"}, {"wd": "ruin"}, {"wd": "ruination"}]]}]]]}], "shortdef": ["the act or activity of keeping something in an existing and usually satisfactory condition"]}, {"meta": {"id": "keep (from)", "uuid": "5780abfc-8563-4259-bae1-2d14988dcc0b", "src": "coll_thes", "section": "alpha", "stems": ["keep (from)", "keep", "keep from", "keep at", "keep at a distance", "keep house", "keep one's distance", "keep one's eyes open", "keep one's eyes peeled", "keep one's hand in", "keep one's head down", "keep one's nose clean", "keep pace", "keep step", "keep to oneself", "keeping", "keeps", "kept"], "syns": [["abjure", "abstain (from)", "forbear", "forgo", "refrain (from)", "withhold (from)"]], "ants": [["bow (to)", "give in (to)", "submit (to)", "succumb (to)", "surrender (to)", "yield (to)"]], "offensive": false}, "hwi": {"hw": "keep (from)"}, "fl": "verb", "def": [{"sseq": [[["sense", {"dt": [["text", "to resist the temptation of "], ["vis", [{"t": "try to {it}keep from{/it} eating all the chocolate in one day!"}]]], "syn_list": [[{"wd": "abjure"}, {"wd": "abstain (from)"}, {"wd": "forbear"}, {"wd": "forgo", "wvrs": [{"wvl": "also", "wva": "forego"}]}, {"wd": "refrain (from)"}, {"wd": "withhold (from)"}]], "rel_list": [[{"wd": "avoid"}, {"wd": "eschew"}, {"wd": "shun"}], [{"wd": "check"}, {"wd": "constrain"}, {"wd": "curb"}, {"wd": "inhibit"}], [{"wd": "deny"}, {"wd": "refuse"}, {"wd": "reject"}, {"wd": "repudiate"}], [{"wd": "buck"}, {"wd": "combat"}, {"wd": "fight"}]], "near_list": [[{"wd": "acquiesce (to)"}, {"wd": "capitulate"}, {"wd": "concede (to)"}, {"wd": "knuckle under (to)"}]], "ant_list": [[{"wd": "bow (to)"}, {"wd": "give in (to)"}, {"wd": "submit (to)"}, {"wd": "succumb (to)"}, {"wd": "surrender (to)"}, {"wd": "yield (to)"}]]}]]]}], "shortdef": ["to resist the temptation of"]}, {"meta": {"id": "keep (to)", "uuid": "ca3e8267-47ab-457e-8109-3783a6519aa5", "src": "coll_thes", "section": "alpha", "stems": ["keep (to)", "keep", "keep to", "keep at", "keep at a distance", "keep house", "keep one's distance", "keep one's eyes open", "keep one's eyes peeled", "keep one's hand in", "keep one's head down", "keep one's nose clean", "keep pace", "keep step", "keep to oneself", "keeping", "keeps", "kept"], "syns": [["adhere (to)", "cling (to)", "hew (to)", "stand by", "stick (to or with)"]], "ants": [["defect (from)"]], "offensive": false}, "hwi": {"hw": "keep (to)"}, "fl": "verb", "def": [{"sseq": [[["sense", {"dt": [["text", "to give steadfast support to "], ["vis", [{"t": "always {it}keeps to{/it} his political positions, even when they are unpopular"}]]], "syn_list": [[{"wd": "adhere (to)"}, {"wd": "cling (to)"}, {"wd": "hew (to)"}, {"wd": "stand by"}, {"wd": "stick (to or with)"}]], "rel_list": [[{"wd": "cleave (to)"}], [{"wd": "advocate"}, {"wd": "back"}, {"wd": "champion"}, {"wd": "confirm"}, {"wd": "defend"}, {"wd": "endorse", "wvrs": [{"wvl": "also", "wva": "indorse"}]}, {"wd": "espouse"}, {"wd": "support"}, {"wd": "uphold"}], [{"wd": "accept"}, {"wd": "adopt"}, {"wd": "cherish"}, {"wd": "cultivate"}, {"wd": "embrace"}, {"wd": "follow"}, {"wd": "foster"}, {"wd": "heed"}], [{"wd": "backstop"}, {"wd": "bolster"}, {"wd": "boost"}, {"wd": "buttress"}, {"wd": "enforce"}, {"wd": "reinforce", "wvrs": [{"wvl": "also", "wva": "reenforce"}]}]], "phrase_list": [[{"wd": "abide by"}, {"wd": "hold to"}, {"wd": "live up to"}]], "near_list": [[{"wd": "abandon"}, {"wd": "abnegate"}, {"wd": "desert"}, {"wd": "forsake"}, {"wd": "give up"}, {"wd": "relinquish"}, {"wd": "spurn"}, {"wd": "surrender"}], [{"wd": "abjure"}, {"wd": "recall"}, {"wd": "recant"}, {"wd": "reconsider"}, {"wd": "renege"}, {"wd": "renounce"}, {"wd": "retract"}, {"wd": "revoke"}, {"wd": "take back"}, {"wd": "unsay"}, {"wd": "withdraw"}], [{"wd": "controvert"}, {"wd": "disagree (with)"}, {"wd": "disprove"}, {"wd": "dispute"}, {"wd": "rebut"}, {"wd": "refute"}], [{"wd": "contradict"}, {"wd": "deny"}, {"wd": "disavow"}, {"wd": "disclaim"}, {"wd": "disown"}, {"wd": "gainsay"}, {"wd": "negate"}, {"wd": "negative"}, {"wd": "repudiate"}], [{"wd": "back down"}, {"wd": "back off"}, {"wd": "backtrack"}]], "ant_list": [[{"wd": "defect (from)"}]]}]]]}], "shortdef": ["to give steadfast support to"]}, {"meta": {"id": "keep up", "uuid": "a812ca90-5702-4f97-9107-f9e9cc4435bc", "src": "coll_thes", "section": "alpha", "target": {"tuuid": "062c910b-72cc-4f39-94fb-50b78975175d", "tsrc": "collegiate"}, "stems": ["keep up", "keeping up", "keeps up", "kept up"], "syns": [["hold out", "hold up", "last", "prevail", "survive"], ["conserve", "maintain", "preserve", "save"], ["abide", "bide", "continue", "endure", "hold on", "hold up", "last", "perdure", "persist", "remain", "run on"]], "ants": [["fail", "fizzle", "give out", "go out", "peter (out)", "run out"], ["cease", "close", "conclude", "desist", "die", "discontinue", "end", "expire", "finish", "lapse", "leave off", "pass", "quit", "stop", "terminate", "wind up"]], "offensive": false}, "hwi": {"hw": "keep up"}, "fl": "verb", "def": [{"sseq": [[["sense", {"sn": "1", "dt": [["text", "to continue to operate or to meet one's needs "], ["vis", [{"t": "let's hope that old air conditioner {it}keeps up{/it} through this heat wave"}]]], "syn_list": [[{"wd": "hold out"}, {"wd": "hold up"}, {"wd": "last"}, {"wd": "prevail"}, {"wd": "survive"}]], "rel_list": [[{"wd": "bear up"}, {"wd": "carry on"}, {"wd": "cope"}, {"wd": "endure"}, {"wd": "fare"}, {"wd": "get along"}, {"wd": "get by"}, {"wd": "get on"}, {"wd": "go"}, {"wd": "hang in"}, {"wd": "make out"}, {"wd": "manage"}, {"wd": "persevere"}], [{"wd": "abide"}, {"wd": "continue"}, {"wd": "draw out"}, {"wd": "hang on"}, {"wd": "hold on"}, {"wd": "linger"}, {"wd": "persist"}, {"wd": "remain"}, {"wd": "run on"}, {"wd": "stretch"}]], "near_list": [[{"wd": "break"}, {"wd": "break down"}, {"wd": "collapse"}, {"wd": "conk (out)"}, {"wd": "crash"}, {"wd": "cut out"}, {"wd": "die"}, {"wd": "expire"}, {"wd": "stall"}, {"wd": "stop"}], [{"wd": "run down"}, {"wd": "wane"}]], "ant_list": [[{"wd": "fail"}, {"wd": "fizzle"}, {"wd": "give out"}, {"wd": "go out"}, {"wd": "peter (out)"}, {"wd": "run out"}]]}]], [["sense", {"sn": "2", "dt": [["text", "to keep in good condition "], ["vis", [{"t": "{it}kept{/it} the house {it}up{/it} while the owners were gone"}]]], "syn_list": [[{"wd": "conserve"}, {"wd": "maintain"}, {"wd": "preserve"}, {"wd": "save"}]], "rel_list": [[{"wd": "service"}], [{"wd": "support"}, {"wd": "sustain"}], [{"wd": "care (for)"}, {"wd": "husband"}, {"wd": "manage"}], [{"wd": "defend"}, {"wd": "guard"}, {"wd": "protect"}, {"wd": "safeguard"}, {"wd": "screen"}, {"wd": "shield"}], [{"wd": "cure"}, {"wd": "fix"}, {"wd": "heal"}, {"wd": "remedy"}], [{"wd": "mend"}, {"wd": "patch"}, {"wd": "rebuild"}, {"wd": "reconstruct"}, {"wd": "rehabilitate"}, {"wd": "rejuvenate"}, {"wd": "restore"}]], "near_list": [[{"wd": "disregard"}, {"wd": "ignore"}, {"wd": "neglect"}], [{"wd": "break"}, {"wd": "damage"}, {"wd": "destroy"}, {"wd": "harm"}, {"wd": "hurt"}, {"wd": "impair"}, {"wd": "injure"}, {"wd": "ruin"}, {"wd": "wreck"}]]}]], [["sense", {"sn": "3", "dt": [["text", "to remain indefinitely in existence or in the same state "], ["vis", [{"t": "let's hope this beautiful weather {it}keeps up{/it} for the rest of our vacation"}]]], "syn_list": [[{"wd": "abide"}, {"wd": "bide"}, {"wd": "continue"}, {"wd": "endure"}, {"wd": "hold on"}, {"wd": "hold up"}, {"wd": "last"}, {"wd": "perdure"}, {"wd": "persist"}, {"wd": "remain"}, {"wd": "run on"}]], "rel_list": [[{"wd": "linger"}, {"wd": "stay"}, {"wd": "stick around"}, {"wd": "tarry"}], [{"wd": "carry through"}, {"wd": "prevail"}, {"wd": "survive"}]], "near_list": [[{"wd": "abate"}, {"wd": "die (down)"}, {"wd": "ebb"}, {"wd": "let up"}, {"wd": "moderate"}, {"wd": "subside"}, {"wd": "wane"}]], "ant_list": [[{"wd": "cease"}, {"wd": "close"}, {"wd": "conclude"}, {"wd": "desist"}, {"wd": "die"}, {"wd": "discontinue"}, {"wd": "end"}, {"wd": "expire"}, {"wd": "finish"}, {"wd": "lapse"}, {"wd": "leave off"}, {"wd": "pass"}, {"wd": "quit"}, {"wd": "stop"}, {"wd": "terminate"}, {"wd": "wind up"}]]}]]]}], "shortdef": ["to continue to operate or to meet one's needs", "to keep in good condition", "to remain indefinitely in existence or in the same state"]}, {"meta": {"id": "keep (someone) posted", "uuid": "ac5671a5-6771-446f-9457-d26a4681bf78", "src": "CTenhance", "section": "phrases", "stems": ["keep (someone) posted", "keep someone posted", "keep posted", "keep someone posted", "keep me posted", "keep him posted", "keep her posted", "keep them posted", "keeping someone posted", "keeping posted", "keep him posted", "keep them posted", "kept someone posted", "kept posted", "kept someone posted", "kept him posted", "kept them posted", "keeps someone posted", "keeps posted", "keeps someone posted", "keeps him posted", "keeps them posted", "keep posted", "keep posted", "keep someone posted", "keep me posted", "keep him posted", "keep her posted", "keep them posted", "keeping posted", "keeping posted", "keeping someone posted", "keep him posted", "keep them posted", "kept posted", "kept posted", "kept someone posted", "kept him posted", "kept them posted", "keeps posted", "keeps posted", "keeps someone posted", "keeps him posted", "keeps them posted"], "syns": [["acquaint", "advise", "apprise", "brief", "catch up", "clear", "clue (in)", "enlighten", "familiarize", "fill in", "hip", "inform", "instruct", "tell", "verse", "wise (up)"]], "ants": [], "offensive": false}, "hwi": {"hw": "keep (someone) posted"}, "fl": "phrase", "def": [{"sseq": [[["sense", {"dt": [["text", "to give information to "], ["vis", [{"t": "I'll {it}keep you posted{/it} on any new developments in the case."}]]], "syn_list": [[{"wd": "acquaint"}, {"wd": "advise"}, {"wd": "apprise"}, {"wd": "brief"}, {"wd": "catch up"}, {"wd": "clear"}, {"wd": "clue (in)"}, {"wd": "enlighten"}, {"wd": "familiarize"}, {"wd": "fill in"}, {"wd": "hip"}, {"wd": "inform"}, {"wd": "instruct"}, {"wd": "tell"}, {"wd": "verse"}, {"wd": "wise (up)"}]], "rel_list": [[{"wd": "advertise"}, {"wd": "alert"}, {"wd": "notify"}], [{"wd": "announce (to)"}, {"wd": "disclose (to)"}], [{"wd": "assure"}, {"wd": "certify"}, {"wd": "convince"}, {"wd": "reassure"}, {"wd": "warrant"}], [{"wd": "educate"}, {"wd": "lecture"}, {"wd": "school"}, {"wd": "teach"}, {"wd": "tutor"}], [{"wd": "disabuse"}, {"wd": "disenchant"}, {"wd": "disillusion"}, {"wd": "undeceive"}]], "phrase_list": [[{"wd": "let (someone) know"}]], "near_list": [[{"wd": "misinform"}, {"wd": "mislead"}]]}]]]}], "shortdef": ["to give information to"]}, {"meta": {"id": "keep an eye on", "uuid": "f94990aa-84d6-475a-9fc2-622f7391a9f0", "src": "CTenhance", "section": "phrases", "stems": ["keep an eye on", "keeping an eye on", "kept an eye on", "keeps an eye on"], "syns": [["cover", "monitor", "watch"]], "ants": [], "offensive": false}, "hwi": {"hw": "keep an eye on"}, "fl": "phrase", "def": [{"sseq": [[["sense", {"dt": [["text", "to pay continued close attention to (something) for a particular purpose "], ["vis", [{"t": "Can you {it}keep an eye on{/it} the biscuits so they don't burn?"}]]], "syn_list": [[{"wd": "cover"}, {"wd": "monitor"}, {"wd": "watch"}]], "rel_list": [[{"wd": "surveil"}], [{"wd": "eye"}], [{"wd": "behold"}, {"wd": "espy"}, {"wd": "look"}, {"wd": "note"}, {"wd": "notice"}, {"wd": "observe"}, {"wd": "regard"}, {"wd": "see"}, {"wd": "sight"}, {"wd": "spy"}, {"wd": "view"}, {"wd": "witness"}], [{"wd": "gape"}, {"wd": "gawk"}, {"wd": "gaze"}, {"wd": "glare"}, {"wd": "goggle"}, {"wd": "peer"}, {"wd": "rubberneck"}, {"wd": "stare"}], [{"wd": "glance"}, {"wd": "glimpse"}, {"wd": "peek"}, {"wd": "peep"}]]}]]]}], "shortdef": ["to pay continued close attention to (something) for a particular purpose"]}, {"meta": {"id": "keep clear of", "uuid": "7f22115b-5f41-4861-b54d-00df8b7a4617", "src": "CTenhance", "section": "phrases", "stems": ["keep clear of", "keeping clear of", "kept clear of", "keeps clear of"], "syns": [["avoid", "dodge", "duck", "elude", "escape", "eschew", "evade", "finesse", "get around", "scape", "shake", "shirk", "shuffle (out of)", "shun", "weasel (out of)"]], "ants": [], "offensive": false}, "hwi": {"hw": "keep clear of"}, "fl": "phrase", "def": [{"sseq": [[["sense", {"dt": [["text", "to get or keep away from (as a responsibility) through cleverness or trickery "], ["vis", [{"t": "They eventually became wise to the elaborate ruses he used to {it}keep clear of{/it} paying his debts."}]]], "syn_list": [[{"wd": "avoid"}, {"wd": "dodge"}, {"wd": "duck"}, {"wd": "elude"}, {"wd": "escape"}, {"wd": "eschew"}, {"wd": "evade"}, {"wd": "finesse"}, {"wd": "get around"}, {"wd": "scape"}, {"wd": "shake"}, {"wd": "shirk"}, {"wd": "shuffle (out of)"}, {"wd": "shun"}, {"wd": "weasel (out of)"}]], "rel_list": [[{"wd": "miss"}], [{"wd": "avert"}, {"wd": "deflect"}, {"wd": "divert"}, {"wd": "obviate"}, {"wd": "parry"}, {"wd": "prevent"}, {"wd": "ward (off)"}], [{"wd": "ban"}, {"wd": "bar"}, {"wd": "debar"}, {"wd": "eliminate"}, {"wd": "except"}, {"wd": "exclude"}, {"wd": "preclude"}, {"wd": "rule out"}], [{"wd": "bypass"}, {"wd": "circumvent"}, {"wd": "skirt"}], [{"wd": "foil"}, {"wd": "fox"}, {"wd": "frustrate"}, {"wd": "outfox"}, {"wd": "outsmart"}, {"wd": "outwit"}, {"wd": "overreach"}, {"wd": "thwart"}]], "phrase_list": [[{"wd": "fight shy of"}, {"wd": "stay clear of"}, {"wd": "steer clear of"}]], "near_list": [[{"wd": "accept"}, {"wd": "court"}, {"wd": "embrace"}, {"wd": "pursue"}, {"wd": "seek"}, {"wd": "welcome"}], [{"wd": "catch"}, {"wd": "contract"}, {"wd": "incur"}]]}]]]}], "shortdef": ["to get or keep away from (as a responsibility) through cleverness or trickery"]}, {"meta": {"id": "keep company", "uuid": "06c6555c-7ab2-454a-a552-88af3f55fdf2", "src": "CTenhance", "section": "phrases", "stems": ["keep company", "keeping company", "kept company", "keeps company"], "syns": [["court", "date"]], "ants": [], "offensive": false}, "hwi": {"hw": "keep company"}, "fl": "phrase", "def": [{"sseq": [[["sense", {"dt": [["text", "to go on dates that may eventually lead to marriage "], ["vis", [{"t": "Friends were happy to see the two {it}keeping company{/it}."}]]], "syn_list": [[{"wd": "court"}, {"wd": "date"}]], "rel_list": [[{"wd": "attend"}, {"wd": "gallant"}, {"wd": "romance"}, {"wd": "spark"}, {"wd": "woo"}], [{"wd": "escort"}, {"wd": "see"}, {"wd": "take out"}], [{"wd": "go out"}, {"wd": "step out"}]], "phrase_list": [[{"wd": "go steady"}]]}]]]}], "shortdef": ["to go on dates that may eventually lead to marriage"]}, {"meta": {"id": "keep company (with)", "uuid": "37fe1732-53af-4246-a7d1-04d8f2168333", "src": "CTenhance", "section": "phrases", "stems": ["keep company (with)", "keeping company with", "kept company with", "keeps company with", "keep company", "keeping company", "kept company", "keeps company"], "syns": [["associate", "chum", "company", "consociate", "consort", "fraternize", "hang (around or out)", "hobnob", "hook up", "mess around", "pal (around)", "run", "sort", "travel"]], "ants": [], "offensive": false}, "hwi": {"hw": "keep company (with)"}, "fl": "phrase", "def": [{"sseq": [[["sense", {"dt": [["text", "to come or be together as friends "], ["vis", [{"t": "She goes to her local senior center to {it}keep company with{/it} others in her age group."}]]], "syn_list": [[{"wd": "associate"}, {"wd": "chum"}, {"wd": "company"}, {"wd": "consociate"}, {"wd": "consort"}, {"wd": "fraternize"}, {"wd": "hang (around or out)"}, {"wd": "hobnob"}, {"wd": "hook up"}, {"wd": "mess around"}, {"wd": "pal (around)"}, {"wd": "run"}, {"wd": "sort"}, {"wd": "travel"}]], "rel_list": [[{"wd": "affiliate"}, {"wd": "ally"}, {"wd": "attach"}, {"wd": "band"}, {"wd": "bond"}, {"wd": "club"}, {"wd": "collaborate"}, {"wd": "collude"}, {"wd": "confederate"}, {"wd": "conjoin"}, {"wd": "connect"}, {"wd": "cooperate"}, {"wd": "couple"}, {"wd": "gang"}, {"wd": "get along"}, {"wd": "get on"}, {"wd": "group"}, {"wd": "interrelate"}, {"wd": "join"}, {"wd": "knot"}, {"wd": "league"}, {"wd": "link"}, {"wd": "mingle"}, {"wd": "mix"}, {"wd": "rally"}, {"wd": "relate"}, {"wd": "side"}, {"wd": "socialize"}, {"wd": "team"}, {"wd": "tie"}, {"wd": "wed"}], [{"wd": "befriend"}, {"wd": "friend"}]], "phrase_list": [[{"wd": "be friends with"}, {"wd": "fall in with"}, {"wd": "rub elbows (with)", "wvbvrs": [{"wvbvl": "or", "wvbva": "rub shoulders (with)"}]}, {"wd": "take up with"}]], "near_list": [[{"wd": "avoid"}, {"wd": "cold-shoulder"}, {"wd": "shun"}, {"wd": "snub"}], [{"wd": "alienate"}, {"wd": "estrange"}], [{"wd": "break up"}, {"wd": "disband"}, {"wd": "disperse"}, {"wd": "split (up)"}], [{"wd": "disjoin"}, {"wd": "dissociate"}, {"wd": "disunite"}, {"wd": "divorce"}, {"wd": "sever"}, {"wd": "split"}, {"wd": "sunder"}]]}]]]}], "shortdef": ["to come or be together as friends"]}]