[{"meta": {"id": "kinda", "uuid": "465d9122-6534-49ba-9eca-774bbd6f1f28", "sort": "110043250", "src": "collegiate", "section": "alpha", "stems": ["kinda"], "offensive": false}, "hwi": {"hw": "kinda", "prs": [{"mw": "\u02c8k\u012bn-d\u0259", "sound": {"audio": "kinda01ld", "ref": "ld", "stat": "1"}}]}, "fl": "pronunciation spelling", "def": [{"sseq": [[["sense", {"dt": [["uns", [[["text", "used for {ldquo}kind of{rdquo} in informal speech and in representations of such speech "], ["vis", [{"t": "I feel {wi}kinda{/wi} {gloss}=somewhat{/gloss} tired."}, {"t": "She's spontaneous, a bundle of fun and {wi}kinda{/wi} wild.", "aq": {"auth": "Bell Hooks"}}, {"t": "I just {wi}kinda{/wi} {gloss}=more or less{/gloss} wrote it.", "aq": {"auth": "Dana Goodyear"}}, {"t": "\u2026one of those things that just {wi}kinda{/wi} fell from the sky.", "aq": {"auth": "Tobit Raphael"}}, {"t": "You know the {wi}kinda{/wi} {gloss}=type of{/gloss} trouble kids can get into around here.", "aq": {"auth": "John Edgar Wideman"}}]]]]]]}]]]}], "date": "1885", "shortdef": ["\u2014used for \"kind of\" in informal speech and in representations of such speech"]}]