[{"meta": {"id": "kiss:1", "uuid": "fedea33b-a6ca-49f4-aa9c-f80fdc7d8522", "sort": "110053400", "src": "collegiate", "section": "alpha", "stems": ["kiss", "kiss ass", "kiss good-bye", "kiss goodbye", "kiss her ass", "kiss his ass", "kiss its ass", "kiss my ass", "kiss one's ass", "kiss our asses", "kiss their ass", "kiss their asses", "kiss up", "kiss up to", "kiss your ass", "kissable", "kissed", "kissed ass", "kissed good-bye", "kissed goodbye", "kissed her ass", "kissed his ass", "kissed its ass", "kissed my ass", "kissed one's ass", "kissed our asses", "kissed their ass", "kissed their asses", "kissed up", "kissed up to", "kissed your ass", "kisses", "kisses ass", "kisses good-bye", "kisses goodbye", "kisses her ass", "kisses his ass", "kisses its ass", "kisses my ass", "kisses one's ass", "kisses our asses", "kisses their ass", "kisses their asses", "kisses up", "kisses up to", "kisses your ass", "kissing", "kissing ass", "kissing good-bye", "kissing goodbye", "kissing her ass", "kissing his ass", "kissing its ass", "kissing my ass", "kissing one's ass", "kissing our asses", "kissing their ass", "kissing their asses", "kissing up", "kissing up to", "kissing your ass"], "offensive": true}, "hom": 1, "hwi": {"hw": "kiss", "prs": [{"mw": "\u02c8kis", "sound": {"audio": "kiss0001", "ref": "c", "stat": "1"}}]}, "fl": "verb", "ins": [{"if": "kissed"}, {"if": "kiss*ing"}, {"if": "kiss*es"}], "def": [{"vd": "transitive verb", "sseq": [[["sense", {"sn": "1", "dt": [["text", "{bc}to touch with the lips especially as a mark of affection or greeting "], ["vis", [{"t": "{wi}kissed{/wi} his wife goodbye"}]]]}]], [["sense", {"sn": "2", "dt": [["text", "{bc}to touch gently or lightly "], ["vis", [{"t": "wind gently {wi}kissing{/wi} the trees"}]]]}]]]}, {"vd": "intransitive verb", "sseq": [[["sense", {"sn": "1", "dt": [["text", "{bc}to salute or caress one another with the lips"]]}]], [["sense", {"sn": "2", "dt": [["text", "{bc}to come in gentle contact"]]}]]]}], "uros": [{"ure": "kiss*able", "prs": [{"mw": "\u02c8ki-s\u0259-b\u0259l", "sound": {"audio": "kissab01", "ref": "c", "stat": "1"}}], "fl": "adjective"}], "dros": [{"drp": "kiss ass", "def": [{"sseq": [[["sense", {"sls": ["vulgar"], "dt": [["text", "{bc}to act obsequiously especially to gain favor"]]}]]]}]}, {"drp": "kiss goodbye", "def": [{"sseq": [[["sense", {"sn": "1", "dt": [["text", "{bc}{sx|leave||}"]]}]], [["sense", {"sn": "2", "dt": [["text", "{bc}to resign oneself to the loss of"]]}]]]}]}, {"drp": "kiss one's ass", "def": [{"sseq": [[["sense", {"sls": ["vulgar"], "dt": [["text", "{bc}to act obsequiously toward one especially to gain favor"]]}]]]}]}, {"drp": "kiss up to", "def": [{"sseq": [[["sense", {"dt": [["text", "{bc}to curry favor with"]]}]]]}]}], "et": [["text", "Middle English, from Old English {it}cyssan{/it}; akin to Old High German {it}kussen{/it} to kiss"]], "date": "before 12th century{ds|t|1||}", "shortdef": ["to touch with the lips especially as a mark of affection or greeting", "to touch gently or lightly", "to salute or caress one another with the lips"]}, {"meta": {"id": "kiss:2", "uuid": "272fa9ae-497c-4848-ab7b-be3ae245e541", "sort": "110053500", "src": "collegiate", "section": "alpha", "stems": ["kiss", "kisses"], "offensive": false}, "hom": 2, "hwi": {"hw": "kiss"}, "fl": "noun", "def": [{"sseq": [[["sense", {"sn": "1", "dt": [["text", "{bc}a caress with the lips "], ["vis", [{"t": "a range of {wi}kisses{/wi} from a passionate embrace to a friendly peck"}]]]}]], [["sense", {"sn": "2", "dt": [["text", "{bc}a gentle touch or contact"]]}]], [["sense", {"sn": "3 a", "dt": [["text", "{bc}a small drop cookie made of meringue"]]}], ["sense", {"sn": "b", "dt": [["text", "{bc}a bite-size piece of candy often wrapped in paper or foil"]]}]], [["sense", {"sn": "4", "dt": [["text", "{bc}an expression of affection "], ["vis", [{"t": "sent him {wi}kisses{/wi} in her letter"}]]]}]]]}], "date": "before 12th century{ds||1||}", "shortdef": ["a caress with the lips", "a gentle touch or contact", "a small drop cookie made of meringue"]}, {"meta": {"id": "kiss-and-tell", "uuid": "71b42091-6897-4aec-a54b-45ab69f877b9", "sort": "110053600", "src": "collegiate", "section": "alpha", "stems": ["kiss-and-tell"], "offensive": false}, "hwi": {"hw": "kiss-and-tell", "prs": [{"mw": "\u02c8kis-\u1d4an(d)-\u02c8tel", "sound": {"audio": "kissa01w", "ref": "c", "stat": "1"}}]}, "fl": "adjective", "def": [{"sseq": [[["sense", {"dt": [["text", "{bc}telling details of private matters "], ["vis", [{"t": "{wi}kiss-and-tell{/wi} autobiographies"}]]]}]]]}], "date": "circa 1948", "shortdef": ["telling details of private matters"]}, {"meta": {"id": "kiss of death", "uuid": "0626a6df-1b8b-49af-9bd1-3c301a9d6d30", "sort": "110054100", "src": "collegiate", "section": "alpha", "stems": ["kiss of death", "kisses of death"], "offensive": false}, "hwi": {"hw": "kiss of death"}, "fl": "noun phrase", "def": [{"sseq": [[["sense", {"dt": [["text", "{bc}something (such as an act or association) ultimately causing ruin "], ["vis", [{"t": "The movie has a G rating, which is almost a {wi}kiss of death{/wi}. Last year, fewer than 2% of new films were rated G, and nearly all of those were animated.", "aq": {"source": "{it}Sports Illustrated{/it}"}}]], ["uns", [[["text", "usually used with {it}the{/it} "], ["vis", [{"t": "Not long ago, when I proposed to my agent that she champion a book of mine as a work of literature instead of trying to present it as a \"Sixties memoir,\" she told me, with a rueful laugh, that in publishing circles nowadays the \"L\" word is the {wi}kiss of death{/wi}.", "aq": {"auth": "Joel Agee"}}, {"t": "\u2026 a faraway region whose populations are so deeply anti-Western that any government cooperation with America can be the {wi}kiss of death{/wi} \u2026", "aq": {"auth": "Alan Tonelson"}}]]]]]]}]]]}], "et": [["text", "from the kiss with which Judas betrayed Jesus (Mark 14:44\u201346)"]], "date": "1943", "shortdef": ["something (such as an act or association) ultimately causing ruin \u2014usually used with the"]}, {"meta": {"id": "kiss off", "uuid": "087722c3-1058-4447-a7a0-70075b2ba799", "sort": "110054200", "src": "collegiate", "section": "alpha", "stems": ["kiss off", "kiss-off", "kiss-offs", "kissed off", "kisses off", "kissing off"], "offensive": false}, "hwi": {"hw": "kiss off"}, "fl": "verb", "ins": [{"if": "kissed off"}, {"if": "kiss*ing off"}, {"if": "kiss*es off"}], "def": [{"vd": "transitive verb", "sseq": [[["sense", {"dt": [["text", "{bc}to dismiss usually lightly "], ["vis", [{"t": "{it}kisses{/it} the other performers {it}off{/it} as mere amateurs"}]]]}]]]}], "uros": [{"ure": "kiss-off", "prs": [{"mw": "\u02c8ki-\u02ccs\u022ff", "sound": {"audio": "kisso01w", "ref": "c", "stat": "1"}}], "fl": "noun"}], "date": "circa 1935", "shortdef": ["to dismiss usually lightly"]}, {"meta": {"id": "kiss of life", "uuid": "02362a97-842a-4fd4-aeb6-9edd7c84ab49", "sort": "110054300", "src": "collegiate", "section": "alpha", "stems": ["kiss of life"], "offensive": false}, "hwi": {"hw": "kiss of life"}, "fl": "noun phrase", "def": [{"sls": ["chiefly British"], "sseq": [[["sense", {"dt": [["text", "{bc}artificial respiration by the mouth-to-mouth method"]]}]]]}], "date": "1961", "shortdef": ["artificial respiration by the mouth-to-mouth method"]}, {"meta": {"id": "kiss of peace", "uuid": "ccba5f63-fedc-4293-9205-aed46198351e", "sort": "110054400", "src": "collegiate", "section": "alpha", "stems": ["kiss of peace", "kisses of peace"], "offensive": false}, "hwi": {"hw": "kiss of peace"}, "fl": "noun phrase", "def": [{"sseq": [[["sense", {"dt": [["text", "{bc}a ceremonial kiss, embrace, or handclasp used in Christian liturgies and especially the Eucharist as a sign of fraternal unity"]]}]]]}], "date": "circa 1898", "shortdef": ["a ceremonial kiss, embrace, or handclasp used in Christian liturgies and especially the Eucharist as a sign of fraternal unity"]}, {"meta": {"id": "kiss and make up", "uuid": "3bc5a72d-66e9-4ad8-bdb8-cccea53ff652", "sort": "3010544000", "src": "ld", "section": "idioms", "stems": ["kiss and make up"], "offensive": false}, "hwi": {"hw": "kiss and make up"}, "fl": "idiom", "def": [{"sls": ["informal"], "sseq": [[["sense", {"dt": [["text", "{bc}to become friendly again after a fight or disagreement "], ["vis", [{"t": "It's time for the mayor and the police chief to {it}kiss and make up{/it}."}]]]}]]]}], "shortdef": ["to become friendly again after a fight or disagreement"]}, {"meta": {"id": "kiss someone's arse", "uuid": "581d1864-c401-4c6a-98f9-ef31b12e18e1", "sort": "3010553000", "src": "ld", "section": "idioms", "stems": ["kiss someone's arse"], "offensive": false}, "hwi": {"hw": "kiss someone's arse"}, "fl": "idiom", "def": [{"sls": ["British", "informal + impolite"], "sseq": [[["sense", {"dt": [["text", "{bc}to be nice to someone in order to be liked by or to get something from him or her "], ["vis", [{"t": "He says he doesn't want a promotion if he has to {it}kiss his boss's arse{/it} to get it."}]]]}]]]}], "shortdef": ["to be nice to someone in order to be liked by or to get something from him or her"]}, {"meta": {"id": "kiss someone's ass", "uuid": "ea12d842-d24a-4248-a2c8-4076fb997128", "sort": "3010554000", "src": "ld", "section": "idioms", "stems": ["kiss someone's ass"], "offensive": false}, "hwi": {"hw": "kiss someone's ass"}, "fl": "idiom", "def": [{"sls": ["informal + impolite"], "sseq": [[["sense", {"dt": [["text", "{bc}to be nice to someone in order to be liked by or to get something from him or her "], ["vis", [{"t": "He says he doesn't want a promotion if he has to {it}kiss his boss's ass{/it} to get it."}]]]}]]]}], "shortdef": ["to be nice to someone in order to be liked by or to get something from him or her"]}]