[{"meta": {"id": "kiss", "uuid": "c5eae510-4400-4a07-96a6-a163679ab565", "src": "coll_thes", "section": "alpha", "target": {"tuuid": "fedea33b-a6ca-49f4-aa9c-f80fdc7d8522", "tsrc": "collegiate"}, "stems": ["kiss", "kiss ass", "kiss goodbye", "kiss one's ass", "kissable", "kissed", "kisses", "kissing"], "syns": [["smooch"], ["brush", "graze", "nudge", "shave", "skim"]], "ants": [], "offensive": false}, "hwi": {"hw": "kiss"}, "fl": "verb", "def": [{"sseq": [[["sense", {"sn": "1", "dt": [["text", "to touch one another with the lips as a sign of love "], ["vis", [{"t": "it's traditional for couples to {it}kiss{/it} under the mistletoe at Christmastime"}]]], "syn_list": [[{"wd": "smooch"}]], "rel_list": [[{"wd": "buss"}, {"wd": "French-kiss"}, {"wd": "lip"}, {"wd": "osculate"}, {"wd": "smack"}], [{"wd": "canoodle"}, {"wd": "make out"}, {"wd": "neck"}, {"wd": "pet"}, {"wd": "spoon"}], [{"wd": "caress"}, {"wd": "embrace"}, {"wd": "fondle"}, {"wd": "hug"}, {"wd": "love"}], [{"wd": "bill"}, {"wd": "cuddle"}, {"wd": "nestle"}, {"wd": "snuggle"}]]}]], [["sense", {"sn": "2", "dt": [["text", "to pass lightly across or touch gently especially in passing "], ["vis", [{"t": "a gentle breeze {it}kissing{/it} the water's surface"}]]], "syn_list": [[{"wd": "brush"}, {"wd": "graze"}, {"wd": "nudge"}, {"wd": "shave"}, {"wd": "skim"}]], "rel_list": [[{"wd": "bump"}, {"wd": "contact"}, {"wd": "scrape"}, {"wd": "sideswipe"}, {"wd": "strike"}, {"wd": "sweep"}, {"wd": "swipe"}, {"wd": "touch"}], [{"wd": "bounce"}, {"wd": "carom"}, {"wd": "glance"}, {"wd": "rebound"}, {"wd": "ricochet"}, {"wd": "skip"}], [{"wd": "caress"}, {"wd": "cuddle"}, {"wd": "fondle"}, {"wd": "love"}, {"wd": "pat"}, {"wd": "pet"}, {"wd": "stroke"}], [{"wd": "miss"}, {"wd": "skirt"}]], "near_list": [[{"wd": "bang"}, {"wd": "bash"}, {"wd": "bump"}, {"wd": "clash"}, {"wd": "collide"}, {"wd": "crash"}, {"wd": "hit"}, {"wd": "impact"}, {"wd": "impinge"}, {"wd": "knock"}, {"wd": "punch"}, {"wd": "ram"}, {"wd": "slam"}, {"wd": "slap"}, {"wd": "smack"}, {"wd": "smash"}, {"wd": "swipe"}, {"wd": "thud"}, {"wd": "thwack"}, {"wd": "whack"}]]}]]]}], "shortdef": ["to touch one another with the lips as a sign of love", "to pass lightly across or touch gently especially in passing"]}, {"meta": {"id": "kiss off", "uuid": "9d37abf9-e55e-4044-8b59-b08d5a85e8f9", "src": "coll_thes", "section": "alpha", "target": {"tuuid": "087722c3-1058-4447-a7a0-70075b2ba799", "tsrc": "collegiate"}, "stems": ["kiss off", "kiss-off", "kiss-offs", "kissed off", "kisses off", "kissing off"], "syns": [["blow off", "break off (with)", "ditch", "dump", "jilt", "leave"], ["bad-mouth", "belittle", "cry down", "decry", "denigrate", "deprecate", "depreciate", "derogate", "diminish", "dis", "discount", "dismiss", "disparage", "minimize", "play down", "poor-mouth", "put down", "run down", "talk down", "trash", "trash-talk", "vilipend", "write off"]], "ants": [["acclaim", "applaud", "exalt", "extol", "glorify", "laud", "magnify", "praise"]], "offensive": false}, "hwi": {"hw": "kiss off"}, "fl": "verb", "def": [{"sseq": [[["sense", {"sn": "1", "dt": [["text", "to end a usually intimate relationship with "], ["vis", [{"t": "you can't {it}kiss{/it} someone {it}off{/it} like that and then expect to make up"}]]], "syn_list": [[{"wd": "blow off"}, {"wd": "break off (with)"}, {"wd": "ditch"}, {"wd": "dump"}, {"wd": "jilt"}, {"wd": "leave"}]], "rel_list": [[{"wd": "brush (aside or off)"}, {"wd": "cold-shoulder"}, {"wd": "cut"}, {"wd": "high-hat"}, {"wd": "slight"}, {"wd": "snub"}], [{"wd": "abandon"}, {"wd": "desert"}, {"wd": "forsake"}, {"wd": "maroon"}, {"wd": "quit"}]], "phrase_list": [[{"wd": "kiss good-bye"}]], "near_list": [[{"wd": "hook up (with)"}, {"wd": "take"}], [{"wd": "befriend"}, {"wd": "latch (on or onto)"}]]}]], [["sense", {"sn": "2", "dt": [["text", "to express scornfully one's low opinion of "], ["vis", [{"t": "a chef who airily {it}kisses off{/it} the cuisine of his rivals as homey comfort food"}]]], "syn_list": [[{"wd": "bad-mouth"}, {"wd": "belittle"}, {"wd": "cry down"}, {"wd": "decry"}, {"wd": "denigrate"}, {"wd": "deprecate"}, {"wd": "depreciate"}, {"wd": "derogate"}, {"wd": "diminish"}, {"wd": "dis", "wvrs": [{"wvl": "also", "wva": "diss"}], "wsls": ["slang"]}, {"wd": "discount"}, {"wd": "dismiss"}, {"wd": "disparage"}, {"wd": "minimize"}, {"wd": "play down"}, {"wd": "poor-mouth"}, {"wd": "put down"}, {"wd": "run down"}, {"wd": "talk down"}, {"wd": "trash"}, {"wd": "trash-talk"}, {"wd": "vilipend"}, {"wd": "write off"}]], "rel_list": [[{"wd": "discommend"}], [{"wd": "abuse"}, {"wd": "scold"}], [{"wd": "disapprove (of)"}, {"wd": "dislike"}], [{"wd": "censure"}, {"wd": "condemn"}, {"wd": "criticize"}, {"wd": "denounce"}, {"wd": "reprehend"}, {"wd": "reprobate"}], [{"wd": "asperse"}, {"wd": "defame"}, {"wd": "malign"}, {"wd": "rip"}, {"wd": "slander"}, {"wd": "slur"}, {"wd": "traduce"}, {"wd": "vilify"}], [{"wd": "discredit"}, {"wd": "disgrace"}]], "phrase_list": [[{"wd": "dump on"}]], "near_list": [[{"wd": "approve"}, {"wd": "countenance"}, {"wd": "endorse", "wvrs": [{"wvl": "also", "wva": "indorse"}]}, {"wd": "favor"}, {"wd": "recommend"}, {"wd": "sanction"}], [{"wd": "commend"}, {"wd": "compliment"}, {"wd": "eulogize"}]], "ant_list": [[{"wd": "acclaim"}, {"wd": "applaud"}, {"wd": "exalt"}, {"wd": "extol", "wvrs": [{"wvl": "also", "wva": "extoll"}]}, {"wd": "glorify"}, {"wd": "laud"}, {"wd": "magnify"}, {"wd": "praise"}]]}]]]}], "shortdef": ["to end a usually intimate relationship with", "to express scornfully one's low opinion of"]}, {"meta": {"id": "kiss good-bye", "uuid": "7a3811c7-67d7-4014-bd2e-63ea3239d6f9", "src": "CTenhance", "section": "phrases", "stems": ["kiss good-bye", "kissing good-bye", "kissed good-bye", "kisses good-bye"], "syns": [["blow off", "break off (with)", "ditch", "dump", "jilt", "kiss off", "leave"]], "ants": [], "offensive": false}, "hwi": {"hw": "kiss good-bye"}, "fl": "phrase", "def": [{"sseq": [[["sense", {"dt": [["text", "to end a usually intimate relationship with "], ["vis", [{"t": "She {it}kissed{/it} him {it}good-bye{/it} upon discovering his lies."}]]], "syn_list": [[{"wd": "blow off"}, {"wd": "break off (with)"}, {"wd": "ditch"}, {"wd": "dump"}, {"wd": "jilt"}, {"wd": "kiss off"}, {"wd": "leave"}]], "rel_list": [[{"wd": "brush (aside or off)"}, {"wd": "cold-shoulder"}, {"wd": "cut"}, {"wd": "high-hat"}, {"wd": "slight"}, {"wd": "snub"}], [{"wd": "abandon"}, {"wd": "desert"}, {"wd": "forsake"}, {"wd": "maroon"}, {"wd": "quit"}]], "near_list": [[{"wd": "hook up (with)"}, {"wd": "take"}], [{"wd": "befriend"}, {"wd": "latch (on or onto)"}]]}]]]}], "shortdef": ["to end a usually intimate relationship with"]}, {"meta": {"id": "kiss of death", "uuid": "b898dfa1-9cc2-4585-b3a8-09250990b1b8", "src": "CTenhance", "section": "phrases", "stems": ["kiss of death", "kisses of death"], "syns": [["death", "destruction", "downfall", "ruin", "ruination", "undoing"]], "ants": [], "offensive": false}, "hwi": {"hw": "kiss of death"}, "fl": "phrase", "def": [{"sseq": [[["sense", {"dt": [["text", "something that is the cause of one's ultimate failure or loss of life "], ["vis", [{"t": "Bringing the work files proved to be the {it}kiss of death{/it} for what may have been a relaxing vacation."}]]], "syn_list": [[{"wd": "death"}, {"wd": "destruction"}, {"wd": "downfall"}, {"wd": "ruin"}, {"wd": "ruination"}, {"wd": "undoing"}]], "rel_list": [[{"wd": "bane"}, {"wd": "curse"}, {"wd": "torment"}], [{"wd": "Achilles' heel"}, {"wd": "tragic flaw"}]]}]]]}], "shortdef": ["something that is the cause of one's ultimate failure or loss of life"]}, {"meta": {"id": "kiss up to", "uuid": "3403a7aa-6e73-4d37-ada4-9edb93869c79", "src": "CTenhance", "section": "phrases", "stems": ["kiss up to", "kissing up to", "kissed up to", "kisses up to"], "syns": [["apple-polish", "bootlick", "fawn", "fuss", "kowtow", "suck (up)", "toady", "truckle"]], "ants": [], "offensive": false}, "hwi": {"hw": "kiss up to"}, "fl": "phrase", "def": [{"sseq": [[["sense", {"dt": [["text", "to use flattery or the doing of favors in order to win approval especially from a superior "], ["vis", [{"t": "He was always {it}kissing up to{/it} his professors."}]]], "syn_list": [[{"wd": "apple-polish"}, {"wd": "bootlick"}, {"wd": "fawn"}, {"wd": "fuss"}, {"wd": "kowtow"}, {"wd": "suck (up)"}, {"wd": "toady"}, {"wd": "truckle"}]], "rel_list": [[{"wd": "drool"}, {"wd": "gush"}, {"wd": "slaver"}, {"wd": "slobber"}], [{"wd": "endear"}, {"wd": "ingratiate"}], [{"wd": "court"}, {"wd": "woo"}], [{"wd": "adulate"}, {"wd": "idolize"}, {"wd": "worship"}], [{"wd": "blandish"}, {"wd": "cajole"}, {"wd": "coax"}, {"wd": "flatter"}, {"wd": "overpraise"}, {"wd": "soft-soap"}], [{"wd": "cower"}, {"wd": "cringe"}, {"wd": "grovel"}], [{"wd": "abase"}, {"wd": "debase"}, {"wd": "demean"}], [{"wd": "defer"}, {"wd": "submit"}, {"wd": "yield"}]], "phrase_list": [[{"wd": "curry favor"}]], "near_list": [[{"wd": "despise"}, {"wd": "disdain"}, {"wd": "scorn"}], [{"wd": "gibe", "wvrs": [{"wvl": "or", "wva": "jibe"}]}, {"wd": "jeer"}, {"wd": "scoff"}], [{"wd": "brave"}, {"wd": "challenge"}, {"wd": "defy"}]]}]]]}], "shortdef": ["to use flattery or the doing of favors in order to win approval especially from a superior"]}, {"meta": {"id": "kiss-off", "uuid": "3a9a156a-8de8-4391-a35d-9f8f3cc629ef", "src": "CTcompile", "section": "alpha", "stems": ["kiss-off"], "syns": [["dismissal", "rejection", "brush-off", "cold shoulder", "rebuff", "repulse", "silent treatment", "snub", "banishment", "blackball", "ostracism"]], "ants": [["open arms", "acceptance", "embrace", "welcome", "glad hand", "welcome mat"]], "offensive": false}, "hwi": {"hw": "kiss-off"}, "fl": "noun", "def": [{"sseq": [[["sense", {"dt": [["text", "as in {it}rejection{/it}, {it}dismissal{/it}"]], "sim_list": [[{"wd": "dismissal"}, {"wd": "rejection"}], [{"wd": "brush-off"}, {"wd": "cold shoulder"}, {"wd": "rebuff"}, {"wd": "repulse"}, {"wd": "silent treatment"}, {"wd": "snub"}], [{"wd": "banishment"}, {"wd": "blackball"}, {"wd": "ostracism"}]], "opp_list": [[{"wd": "open arms"}], [{"wd": "acceptance"}, {"wd": "embrace"}, {"wd": "welcome"}], [{"wd": "glad hand"}, {"wd": "welcome mat"}]]}]]]}], "shortdef": ["as in rejection, dismissal"]}, {"meta": {"id": "kiss-offs", "uuid": "085c1fdd-81ab-4032-b3e8-7f622f052907", "src": "CTcompile", "section": "alpha", "stems": ["kiss-offs"], "syns": [["dismissals", "rejections", "brush-offs", "cold shoulders", "rebuffs", "repulses", "silent treatments", "snubs", "banishments", "blackballs", "ostracisms"]], "ants": [["open arms", "acceptances", "embraces", "welcomes", "glad hands", "welcome mats"]], "offensive": false}, "hwi": {"hw": "kiss-offs"}, "fl": "noun", "sls": ["plural of {d_link|kiss-off|kiss-off}"], "def": [{"sseq": [[["sense", {"dt": [["text", "as in {it}rejections{/it}, {it}dismissals{/it}"]], "sim_list": [[{"wd": "dismissals"}, {"wd": "rejections"}], [{"wd": "brush-offs"}, {"wd": "cold shoulders"}, {"wd": "rebuffs"}, {"wd": "repulses"}, {"wd": "silent treatments"}, {"wd": "snubs"}], [{"wd": "banishments"}, {"wd": "blackballs"}, {"wd": "ostracisms"}]], "opp_list": [[{"wd": "open arms"}], [{"wd": "acceptances"}, {"wd": "embraces"}, {"wd": "welcomes"}], [{"wd": "glad hands"}, {"wd": "welcome mats"}]]}]]]}], "shortdef": ["as in rejections, dismissals"]}, {"meta": {"id": "French-kiss", "uuid": "e56f105d-84bd-407d-ab74-b2cb1998faf0", "src": "CTcompile", "section": "alpha", "stems": ["French-kiss"], "syns": [["buss", "lip", "osculate", "smack", "kiss", "smooch", "canoodle", "make out", "neck", "pet", "spoon", "caress", "embrace", "fondle", "hug", "love", "bill", "cuddle", "nestle", "snuggle"]], "ants": [], "offensive": false}, "hwi": {"hw": "French-kiss"}, "fl": "verb", "def": [{"sseq": [[["sense", {"dt": [["text", "as in {it}smack{/it}, {it}osculate{/it}"]], "sim_list": [[{"wd": "buss"}, {"wd": "lip"}, {"wd": "osculate"}, {"wd": "smack"}], [{"wd": "kiss"}, {"wd": "smooch"}], [{"wd": "canoodle"}, {"wd": "make out"}, {"wd": "neck"}, {"wd": "pet"}, {"wd": "spoon"}], [{"wd": "caress"}, {"wd": "embrace"}, {"wd": "fondle"}, {"wd": "hug"}, {"wd": "love"}], [{"wd": "bill"}, {"wd": "cuddle"}, {"wd": "nestle"}, {"wd": "snuggle"}]]}]]]}], "shortdef": ["as in smack, osculate"]}]