[{"meta": {"id": "knew", "uuid": "395ee8a9-91ab-4cb8-9b21-47620cfd684c", "src": "coll_thes", "section": "alpha", "stems": ["knew"], "syns": [["comprehended", "grasped", "understood"], ["endured", "experienced", "felt", "had", "passed", "saw", "suffered", "sustained", "tasted", "underwent", "witnessed"], ["appreciated", "apprehended", "assimilated", "beheld", "caught", "caught on (to)", "cognized", "compassed", "comprehended", "conceived", "cottoned (to or on to)", "deciphered", "decoded", "discerned", "dug", "got", "grasped", "grokked", "intuited", "made", "made out", "perceived", "recognized", "registered", "savvied", "saw", "seized", "sensed", "tumbled (to)", "twigged", "understood"]], "ants": [["missed"]], "offensive": false}, "hwi": {"hw": "knew"}, "fl": "verb", "sls": ["past tense of {d_link|know|know}"], "def": [{"sseq": [[["sense", {"sn": "1", "dt": [["text", "to have a practical understanding of "], ["vis", [{"t": "a career diplomat who {it}knows{/it} several languages"}, {"t": "a fan who really {it}knows{/it} baseball"}]]], "syn_list": [[{"wd": "comprehended"}, {"wd": "grasped"}, {"wd": "understood"}]], "rel_list": [[{"wd": "appreciated"}, {"wd": "apprehended"}, {"wd": "cognized"}, {"wd": "fathomed"}, {"wd": "followed"}, {"wd": "kenned", "wsls": ["chiefly Scottish"]}, {"wd": "perceived"}, {"wd": "savvied"}], [{"wd": "had"}, {"wd": "possessed"}], [{"wd": "caught on (to)"}, {"wd": "picked up"}]], "near_list": [[{"wd": "misapprehended"}, {"wd": "misconceived"}, {"wd": "misinterpreted"}, {"wd": "misknew"}, {"wd": "misperceived"}, {"wd": "misunderstood"}]]}]], [["sense", {"sn": "2", "dt": [["text", "to come to a knowledge of (something) by living through it "], ["vis", [{"t": "{it}knows{/it} full well how nerve-racking it can be to speak in public"}]]], "syn_list": [[{"wd": "endured"}, {"wd": "experienced"}, {"wd": "felt"}, {"wd": "had"}, {"wd": "passed"}, {"wd": "saw"}, {"wd": "suffered"}, {"wd": "sustained"}, {"wd": "tasted"}, {"wd": "underwent"}, {"wd": "witnessed"}]], "rel_list": [[{"wd": "encountered"}, {"wd": "met"}], [{"wd": "accepted"}, {"wd": "received"}], [{"wd": "assimilated"}, {"wd": "digested"}]], "phrase_list": [[{"wd": "went through"}]]}]], [["sense", {"sn": "3", "dt": [["text", "to have a clear idea of "], ["vis", [{"t": "I think I {it}know{/it} what you're trying to say"}]]], "syn_list": [[{"wd": "appreciated"}, {"wd": "apprehended"}, {"wd": "assimilated"}, {"wd": "beheld"}, {"wd": "caught"}, {"wd": "caught on (to)"}, {"wd": "cognized"}, {"wd": "compassed"}, {"wd": "comprehended"}, {"wd": "conceived"}, {"wd": "cottoned (to or on to)"}, {"wd": "deciphered"}, {"wd": "decoded"}, {"wd": "discerned"}, {"wd": "dug"}, {"wd": "got"}, {"wd": "grasped"}, {"wd": "grokked"}, {"wd": "intuited"}, {"wd": "made"}, {"wd": "made out"}, {"wd": "perceived"}, {"wd": "recognized"}, {"wd": "registered"}, {"wd": "savvied"}, {"wd": "saw"}, {"wd": "seized"}, {"wd": "sensed"}, {"wd": "tumbled (to)"}, {"wd": "twigged"}, {"wd": "understood"}]], "rel_list": [[{"wd": "absorbed"}, {"wd": "digested"}, {"wd": "took in"}], [{"wd": "realized"}], [{"wd": "fathomed"}, {"wd": "penetrated"}, {"wd": "pierced"}]], "phrase_list": [[{"wd": "picked up on"}]], "near_list": [[{"wd": "misapprehended"}, {"wd": "misconceived"}, {"wd": "misconstrued"}, {"wd": "misinterpreted"}, {"wd": "misperceived"}, {"wd": "misread"}, {"wd": "mistook"}, {"wd": "misunderstood"}]], "ant_list": [[{"wd": "missed"}]]}]]]}], "shortdef": ["to have a practical understanding of", "to come to a knowledge of (something) by living through it", "to have a clear idea of"]}, {"meta": {"id": "know", "uuid": "f9cf0b71-7750-4326-b2e6-8b790d900798", "src": "coll_thes", "section": "alpha", "target": {"tuuid": "f6c4bffc-973a-4f08-90b4-6f719f17dda1", "tsrc": "collegiate"}, "stems": ["know", "knew", "know from", "knowable", "knower", "knowers", "knowing", "known", "knows"], "syns": [["comprehend", "grasp", "understand"], ["endure", "experience", "feel", "have", "pass", "see", "suffer", "sustain", "taste", "undergo", "witness"], ["appreciate", "apprehend", "assimilate", "behold", "catch", "catch on (to)", "cognize", "compass", "comprehend", "conceive", "cotton (to or on to)", "decipher", "decode", "dig", "discern", "get", "grasp", "grok", "intuit", "make", "make out", "perceive", "recognize", "register", "savvy", "see", "seize", "sense", "tumble (to)", "twig", "understand"]], "ants": [["miss"]], "offensive": false}, "hwi": {"hw": "know"}, "fl": "verb", "def": [{"sseq": [[["sense", {"sn": "1", "dt": [["text", "to have a practical understanding of "], ["vis", [{"t": "a career diplomat who {it}knows{/it} several languages"}, {"t": "a fan who really {it}knows{/it} baseball"}]]], "syn_list": [[{"wd": "comprehend"}, {"wd": "grasp"}, {"wd": "understand"}]], "rel_list": [[{"wd": "appreciate"}, {"wd": "apprehend"}, {"wd": "cognize"}, {"wd": "fathom"}, {"wd": "follow"}, {"wd": "ken", "wsls": ["chiefly Scottish"]}, {"wd": "perceive"}, {"wd": "savvy"}], [{"wd": "have"}, {"wd": "possess"}], [{"wd": "catch on (to)"}, {"wd": "pick up"}]], "near_list": [[{"wd": "misapprehend"}, {"wd": "misconceive"}, {"wd": "misinterpret"}, {"wd": "misknow"}, {"wd": "misperceive"}, {"wd": "misunderstand"}]]}]], [["sense", {"sn": "2", "dt": [["text", "to come to a knowledge of (something) by living through it "], ["vis", [{"t": "{it}knows{/it} full well how nerve-racking it can be to speak in public"}]]], "syn_list": [[{"wd": "endure"}, {"wd": "experience"}, {"wd": "feel"}, {"wd": "have"}, {"wd": "pass"}, {"wd": "see"}, {"wd": "suffer"}, {"wd": "sustain"}, {"wd": "taste"}, {"wd": "undergo"}, {"wd": "witness"}]], "rel_list": [[{"wd": "encounter"}, {"wd": "meet"}], [{"wd": "accept"}, {"wd": "receive"}], [{"wd": "assimilate"}, {"wd": "digest"}]], "phrase_list": [[{"wd": "go through"}]]}]], [["sense", {"sn": "3", "dt": [["text", "to have a clear idea of "], ["vis", [{"t": "I think I {it}know{/it} what you're trying to say"}]]], "syn_list": [[{"wd": "appreciate"}, {"wd": "apprehend"}, {"wd": "assimilate"}, {"wd": "behold"}, {"wd": "catch"}, {"wd": "catch on (to)"}, {"wd": "cognize"}, {"wd": "compass"}, {"wd": "comprehend"}, {"wd": "conceive"}, {"wd": "cotton (to or on to)"}, {"wd": "decipher"}, {"wd": "decode"}, {"wd": "dig"}, {"wd": "discern"}, {"wd": "get"}, {"wd": "grasp"}, {"wd": "grok"}, {"wd": "intuit"}, {"wd": "make"}, {"wd": "make out"}, {"wd": "perceive"}, {"wd": "recognize"}, {"wd": "register"}, {"wd": "savvy"}, {"wd": "see"}, {"wd": "seize"}, {"wd": "sense"}, {"wd": "tumble (to)"}, {"wd": "twig"}, {"wd": "understand"}]], "rel_list": [[{"wd": "absorb"}, {"wd": "digest"}, {"wd": "take in"}], [{"wd": "realize"}], [{"wd": "fathom"}, {"wd": "penetrate"}, {"wd": "pierce"}]], "phrase_list": [[{"wd": "pick up on"}]], "near_list": [[{"wd": "misapprehend"}, {"wd": "misconceive"}, {"wd": "misconstrue"}, {"wd": "misinterpret"}, {"wd": "misperceive"}, {"wd": "misread"}, {"wd": "mistake"}, {"wd": "misunderstand"}]], "ant_list": [[{"wd": "miss"}]]}]]]}], "shortdef": ["to have a practical understanding of", "to come to a knowledge of (something) by living through it", "to have a clear idea of"]}]