[{"meta": {"id": "know:1", "uuid": "f6c4bffc-973a-4f08-90b4-6f719f17dda1", "sort": "110070300", "src": "collegiate", "section": "alpha", "stems": ["knew", "know", "know from", "knower", "knowers", "knowing", "known", "knows"], "offensive": false}, "hom": 1, "hwi": {"hw": "know", "prs": [{"mw": "\u02c8n\u014d", "sound": {"audio": "know0001", "ref": "c", "stat": "1"}}]}, "fl": "verb", "ins": [{"if": "knew", "prs": [{"mw": "\u02c8n\u00fc", "sound": {"audio": "knew0001", "ref": "c", "stat": "1"}}, {"l": "also", "mw": "\u02c8ny\u00fc"}]}, {"if": "known", "prs": [{"mw": "\u02c8n\u014dn", "sound": {"audio": "known001", "ref": "c", "stat": "1"}}]}, {"if": "know*ing"}], "def": [{"vd": "transitive verb", "sseq": [[["pseq", [["sense", {"sn": "1 a (1)", "dt": [["text", "{bc}to perceive directly {bc}have direct cognition of"]]}], ["sense", {"sn": "(2)", "dt": [["text", "{bc}to have understanding of "], ["vis", [{"t": "importance of {wi}knowing{/wi} oneself"}]]]}], ["sense", {"sn": "(3)", "dt": [["text", "{bc}to recognize the nature of {bc}{sx|discern||}"]]}]]], ["pseq", [["sense", {"sn": "b (1)", "dt": [["text", "{bc}to recognize as being the same as something previously {a_link|known}"]]}], ["sense", {"sn": "(2)", "dt": [["text", "{bc}to be acquainted or familiar with"]]}], ["sense", {"sn": "(3)", "dt": [["text", "{bc}to have experience of"]]}]]]], [["sense", {"sn": "2 a", "dt": [["text", "{bc}to be aware of the truth or factuality of {bc}be convinced or certain of"]]}], ["sense", {"sn": "b", "dt": [["text", "{bc}to have a practical understanding of "], ["vis", [{"t": "{wi}knows{/wi} how to write"}]]]}]], [["sense", {"sn": "3", "sls": ["archaic"], "dt": [["text", "{bc}to have sexual intercourse with"]]}]]]}, {"vd": "intransitive verb", "sseq": [[["sense", {"sn": "1", "dt": [["text", "{bc}to have {a_link|knowledge}"]]}]], [["sense", {"sn": "2", "dt": [["text", "{bc}to be or become cognizant "], ["uns", [[["text", "sometimes used interjectionally with {it}you{/it} especially as a filler in informal speech"]]]]]}]]]}], "uros": [{"ure": "know*er", "prs": [{"mw": "\u02c8n\u014d-\u0259r", "sound": {"audio": "knower01", "ref": "c", "stat": "1"}}], "fl": "noun"}], "dros": [{"drp": "know from", "def": [{"sseq": [[["sense", {"dt": [["text", "{bc}to have knowledge of "], ["vis", [{"t": "didn't {it}know from{/it} sibling rivalry", "aq": {"auth": "Penny Marshall"}}]]]}]]]}]}], "et": [["text", "Middle English, from Old English {it}cn\u0101wan{/it}; akin to Old High German bi{it}chn\u0101an{/it} to recognize, Latin {it}gnoscere, noscere{/it} to come to know, Greek {it}gign\u014dskein{/it}"]], "date": "before 12th century{ds|t|1|a|1}", "shortdef": ["to perceive directly : have direct cognition of", "to have understanding of", "to recognize the nature of : discern"]}, {"meta": {"id": "know:2", "uuid": "e26afa18-2234-46ec-b6cc-c090b6319719", "sort": "110070400", "src": "collegiate", "section": "alpha", "stems": ["in the know", "know", "knows"], "offensive": false}, "hom": 2, "hwi": {"hw": "know"}, "fl": "noun", "def": [{"sseq": [[["sense", {"dt": [["text", "{bc}{sx|knowledge||}"]]}]]]}], "dros": [{"drp": "in the know", "def": [{"sseq": [[["sense", {"dt": [["text", "{bc}in possession of exclusive {a_link|knowledge} or information"]], "sdsense": {"sd": "broadly", "dt": [["text", "{bc}{sx|well-informed||}"]]}}]]]}]}], "et": [["text", "{dx_ety}see {dxt|know:1||}{/dx_ety}"]], "date": "1592", "shortdef": ["knowledge"]}, {"meta": {"id": "knew", "uuid": "c5da48d4-c6d9-4d71-89be-7c524069744e", "sort": "110064200", "src": "collegiate", "section": "alpha", "stems": ["knew", "know"], "offensive": false}, "hwi": {"hw": "knew"}, "cxs": [{"cxl": "past tense of", "cxtis": [{"cxt": "know"}]}], "shortdef": []}, {"meta": {"id": "know-all", "uuid": "b1c2f6b1-8193-4b2b-a2c6-7d5d06f49ba2", "sort": "110070500", "src": "collegiate", "section": "alpha", "stems": ["know-all", "know-alls", "know-it-all"], "offensive": false}, "hwi": {"hw": "know-all", "prs": [{"mw": "\u02c8n\u014d-\u02cc\u022fl", "sound": {"audio": "knowa01w", "ref": "c", "stat": "1"}}]}, "fl": "noun", "def": [{"sls": ["chiefly British"], "sseq": [[["sense", {"dt": [["text", "{bc}{sx|know-it-all||}"]]}]]]}], "date": "circa 1864", "shortdef": ["know-it-all"]}, {"meta": {"id": "know-how", "uuid": "4ef8d971-96f3-41dc-96c9-be4e00da2b19", "sort": "110070600", "src": "collegiate", "section": "alpha", "stems": ["know-how", "know-hows"], "offensive": false}, "hwi": {"hw": "know-how", "prs": [{"mw": "\u02c8n\u014d-\u02cchau\u0307", "sound": {"audio": "knowh01w", "ref": "c", "stat": "1"}}]}, "fl": "noun", "def": [{"sseq": [[["sense", {"dt": [["text", "{bc}knowledge of how to do something smoothly and efficiently {bc}{sx|expertise||}"]]}]]]}], "date": "1838", "shortdef": ["knowledge of how to do something smoothly and efficiently : expertise"]}, {"meta": {"id": "know-it-all", "uuid": "0247e1bd-e8ef-4308-b3f6-49350c591086", "sort": "110070900", "src": "collegiate", "section": "alpha", "stems": ["know-it-all", "know-it-alls"], "offensive": false}, "hwi": {"hw": "know-it-all", "prs": [{"mw": "\u02c8n\u014d-\u0259t-\u02cc\u022fl", "sound": {"audio": "knowi01w", "ref": "c", "stat": "1"}}]}, "fl": "noun", "def": [{"sseq": [[["sense", {"dt": [["text", "{bc}one who claims to know everything"]], "sdsense": {"sd": "also", "dt": [["text", "{bc}one who disdains advice"]]}}]]]}], "uros": [{"ure": "know-it-all", "fl": "adjective"}], "date": "1873", "shortdef": ["one who claims to know everything; also : one who disdains advice"]}, {"meta": {"id": "know-nothing", "uuid": "53b0a856-56dd-4db8-9fde-d062996389ac", "sort": "110071400", "src": "collegiate", "section": "alpha", "stems": ["know-nothing", "know-nothings"], "offensive": false}, "hwi": {"hw": "know-noth*ing", "prs": [{"mw": "\u02c8n\u014d-\u02ccn\u0259-thi\u014b", "sound": {"audio": "known01w", "ref": "c", "stat": "1"}}]}, "fl": "noun", "def": [{"sseq": [[["sense", {"sn": "1 a", "dt": [["text", "{bc}{sx|ignoramus||}"]]}], ["sense", {"sn": "b", "dt": [["text", "{bc}{sx|agnostic||}"]]}]], [["sense", {"sn": "2", "lbs": ["capitalized K&N"], "dt": [["text", "{bc}a member of a 19th century secret American political organization hostile to the political influence of recent immigrants and Roman Catholics"]]}]]]}], "uros": [{"ure": "know-nothing", "fl": "adjective"}], "date": "1812{ds||1|a|}", "shortdef": ["ignoramus", "agnostic", "a member of a 19th century secret American political organization hostile to the political influence of recent immigrants and Roman Catholics"]}, {"meta": {"id": "know-nothingism", "uuid": "a0206ed0-5f01-49e9-a0d0-b6d37b1eb278", "sort": "110071500", "src": "collegiate", "section": "alpha", "stems": ["know-nothingism", "know-nothingisms"], "offensive": false}, "hwi": {"hw": "know-noth*ing*ism", "prs": [{"mw": "\u02c8n\u014d-\u02ccn\u0259-thi\u014b-\u02cci-z\u0259m", "sound": {"audio": "known02w", "ref": "c", "stat": "1"}}]}, "fl": "noun", "def": [{"sseq": [[["sense", {"sn": "1", "lbs": ["capitalized K&N"], "dt": [["text", "{bc}the principles and policies of the Know-Nothings"]]}]], [["sense", {"sn": "2", "dt": [["text", "{bc}the condition of knowing nothing or desiring to know nothing or the conviction that nothing can be known with certainty especially in religion or morality"]]}]], [["sense", {"sn": "3", "lbs": ["often capitalized K&N"], "dt": [["text", "{bc}a mid-20th century political attitude characterized by anti-intellectualism, exaggerated patriotism, and fear of foreign subversive influences"]]}]]]}], "date": "1854{ds||1||}", "shortdef": ["the principles and policies of the Know-Nothings", "the condition of knowing nothing or desiring to know nothing or the conviction that nothing can be known with certainty especially in religion or morality", "a mid-20th century political attitude characterized by anti-intellectualism, exaggerated patriotism, and fear of foreign subversive influences"]}, {"meta": {"id": "know best", "uuid": "e4d86efa-a2f9-45e7-b050-69892e46d00b", "sort": "3010614000", "src": "ld", "section": "idioms", "stems": ["know best", "know what's best"], "offensive": false}, "hwi": {"hw": "know best"}, "vrs": [{"vl": "or", "va": "know what's best"}], "fl": "idiom", "def": [{"sseq": [[["sense", {"dt": [["text", "{bc}to know or understand better than someone else what should be done "], ["vis", [{"t": "I would take the highway myself, but you live here so you {it}know best{/it}."}, {"t": "I'll do whatever you say. You {it}know what's best{/it}."}]]]}]]]}], "shortdef": ["to know or understand better than someone else what should be done"]}, {"meta": {"id": "know better", "uuid": "cb2afc96-f618-4fcc-a713-bcdad9e7b9c3", "sort": "3010615000", "src": "ld", "section": "idioms", "stems": ["doesn't know (any) better", "doesn't know any better", "doesn't know better", "know better", "know better than to", "old enough to know better"], "offensive": false}, "hwi": {"hw": "know better"}, "fl": "idiom", "def": [{"sseq": [[["sense", {"sn": "1", "dt": [["text", "{bc}to be smart or sensible enough not to do something "], ["vis", [{"t": "You walked home alone? Don't you {it}know better{/it} (than that)?"}, {"t": "She'll {phrase}know better than to{/phrase} trust them again."}, {"t": "There's no excuse for his behavior. He's {phrase}old enough to know better{/phrase}."}, {"t": "Don't blame him. He's just a child and he {phrase}doesn't know (any) better{/phrase}."}]]]}]], [["sense", {"sn": "2", "dt": [["text", "{bc}to know or understand the truth about something "], ["vis", [{"t": "She tried to tell me that it wasn't her fault, but I {it}know better{/it}."}]]]}]], [["sense", {"sn": "3", "dt": [["text", "{bc}to know or understand more than other people "], ["vis", [{"t": "You can't tell him what to do. He always thinks that he {it}knows better{/it}."}]]]}]]]}], "shortdef": ["to be smart or sensible enough not to do something", "to know or understand the truth about something", "to know or understand more than other people"]}]