[{"meta": {"id": "know", "uuid": "f9cf0b71-7750-4326-b2e6-8b790d900798", "src": "coll_thes", "section": "alpha", "target": {"tuuid": "f6c4bffc-973a-4f08-90b4-6f719f17dda1", "tsrc": "collegiate"}, "stems": ["know", "knew", "know from", "knowable", "knower", "knowers", "knowing", "known", "knows"], "syns": [["comprehend", "grasp", "understand"], ["endure", "experience", "feel", "have", "pass", "see", "suffer", "sustain", "taste", "undergo", "witness"], ["appreciate", "apprehend", "assimilate", "behold", "catch", "catch on (to)", "cognize", "compass", "comprehend", "conceive", "cotton (to or on to)", "decipher", "decode", "dig", "discern", "get", "grasp", "grok", "intuit", "make", "make out", "perceive", "recognize", "register", "savvy", "see", "seize", "sense", "tumble (to)", "twig", "understand"]], "ants": [["miss"]], "offensive": false}, "hwi": {"hw": "know"}, "fl": "verb", "def": [{"sseq": [[["sense", {"sn": "1", "dt": [["text", "to have a practical understanding of "], ["vis", [{"t": "a career diplomat who {it}knows{/it} several languages"}, {"t": "a fan who really {it}knows{/it} baseball"}]]], "syn_list": [[{"wd": "comprehend"}, {"wd": "grasp"}, {"wd": "understand"}]], "rel_list": [[{"wd": "appreciate"}, {"wd": "apprehend"}, {"wd": "cognize"}, {"wd": "fathom"}, {"wd": "follow"}, {"wd": "ken", "wsls": ["chiefly Scottish"]}, {"wd": "perceive"}, {"wd": "savvy"}], [{"wd": "have"}, {"wd": "possess"}], [{"wd": "catch on (to)"}, {"wd": "pick up"}]], "near_list": [[{"wd": "misapprehend"}, {"wd": "misconceive"}, {"wd": "misinterpret"}, {"wd": "misknow"}, {"wd": "misperceive"}, {"wd": "misunderstand"}]]}]], [["sense", {"sn": "2", "dt": [["text", "to come to a knowledge of (something) by living through it "], ["vis", [{"t": "{it}knows{/it} full well how nerve-racking it can be to speak in public"}]]], "syn_list": [[{"wd": "endure"}, {"wd": "experience"}, {"wd": "feel"}, {"wd": "have"}, {"wd": "pass"}, {"wd": "see"}, {"wd": "suffer"}, {"wd": "sustain"}, {"wd": "taste"}, {"wd": "undergo"}, {"wd": "witness"}]], "rel_list": [[{"wd": "encounter"}, {"wd": "meet"}], [{"wd": "accept"}, {"wd": "receive"}], [{"wd": "assimilate"}, {"wd": "digest"}]], "phrase_list": [[{"wd": "go through"}]]}]], [["sense", {"sn": "3", "dt": [["text", "to have a clear idea of "], ["vis", [{"t": "I think I {it}know{/it} what you're trying to say"}]]], "syn_list": [[{"wd": "appreciate"}, {"wd": "apprehend"}, {"wd": "assimilate"}, {"wd": "behold"}, {"wd": "catch"}, {"wd": "catch on (to)"}, {"wd": "cognize"}, {"wd": "compass"}, {"wd": "comprehend"}, {"wd": "conceive"}, {"wd": "cotton (to or on to)"}, {"wd": "decipher"}, {"wd": "decode"}, {"wd": "dig"}, {"wd": "discern"}, {"wd": "get"}, {"wd": "grasp"}, {"wd": "grok"}, {"wd": "intuit"}, {"wd": "make"}, {"wd": "make out"}, {"wd": "perceive"}, {"wd": "recognize"}, {"wd": "register"}, {"wd": "savvy"}, {"wd": "see"}, {"wd": "seize"}, {"wd": "sense"}, {"wd": "tumble (to)"}, {"wd": "twig"}, {"wd": "understand"}]], "rel_list": [[{"wd": "absorb"}, {"wd": "digest"}, {"wd": "take in"}], [{"wd": "realize"}], [{"wd": "fathom"}, {"wd": "penetrate"}, {"wd": "pierce"}]], "phrase_list": [[{"wd": "pick up on"}]], "near_list": [[{"wd": "misapprehend"}, {"wd": "misconceive"}, {"wd": "misconstrue"}, {"wd": "misinterpret"}, {"wd": "misperceive"}, {"wd": "misread"}, {"wd": "mistake"}, {"wd": "misunderstand"}]], "ant_list": [[{"wd": "miss"}]]}]]]}], "shortdef": ["to have a practical understanding of", "to come to a knowledge of (something) by living through it", "to have a clear idea of"]}, {"meta": {"id": "know", "uuid": "3740df86-d854-457c-989b-6f52dc0094f3", "src": "CTcompile", "section": "alpha", "stems": ["know"], "syns": [["dope", "information", "intelligence", "lowdown", "news", "skinny", "knowledge", "lore", "science", "wisdom", "data", "evidence", "facts", "acquaintance", "awareness", "familiarity", "literacy", "erudition", "learning", "scholarship", "expertise", "know-how"]], "ants": [["ignorance", "inexperience", "innocence", "nescience", "unfamiliarity"]], "offensive": false}, "hwi": {"hw": "know"}, "fl": "noun", "def": [{"sseq": [[["sense", {"dt": [["text", "as in {it}news{/it}, {it}information{/it}"]], "sim_list": [[{"wd": "dope"}, {"wd": "information"}, {"wd": "intelligence"}, {"wd": "lowdown"}, {"wd": "news"}, {"wd": "skinny", "wsls": ["slang"]}], [{"wd": "knowledge"}, {"wd": "lore"}, {"wd": "science"}, {"wd": "wisdom"}], [{"wd": "data"}, {"wd": "evidence"}, {"wd": "facts"}], [{"wd": "acquaintance"}, {"wd": "awareness"}, {"wd": "familiarity"}, {"wd": "literacy"}], [{"wd": "erudition"}, {"wd": "learning"}, {"wd": "scholarship"}], [{"wd": "expertise"}, {"wd": "know-how"}]], "opp_list": [[{"wd": "ignorance"}, {"wd": "inexperience"}, {"wd": "innocence"}, {"wd": "nescience"}, {"wd": "unfamiliarity"}]]}]]]}], "shortdef": ["as in news, information"]}, {"meta": {"id": "know-how", "uuid": "e36474b5-20df-474f-980c-4e91e10bed73", "src": "coll_thes", "section": "alpha", "target": {"tuuid": "4ef8d971-96f3-41dc-96c9-be4e00da2b19", "tsrc": "collegiate"}, "stems": ["know-how", "know-hows"], "syns": [["chops", "experience", "expertise", "moxie", "proficiency", "savvy", "skills"]], "ants": [["inexperience"]], "offensive": false}, "hwi": {"hw": "know-how"}, "fl": "noun", "def": [{"sseq": [[["sense", {"dt": [["text", "knowledge gained by actually doing or living through something "], ["vis", [{"t": "you'll gain some practical {it}know-how{/it} in this auto mechanics class"}]]], "syn_list": [[{"wd": "chops"}, {"wd": "experience"}, {"wd": "expertise"}, {"wd": "moxie"}, {"wd": "proficiency"}, {"wd": "savvy"}, {"wd": "skills"}]], "rel_list": [[{"wd": "background"}], [{"wd": "command"}, {"wd": "mastery"}], [{"wd": "acquaintance"}, {"wd": "conversance"}, {"wd": "familiarity"}, {"wd": "intimacy"}]], "near_list": [[{"wd": "ignorance"}, {"wd": "unawareness"}, {"wd": "unfamiliarity"}]], "ant_list": [[{"wd": "inexperience"}]]}]]]}], "shortdef": ["knowledge gained by actually doing or living through something"]}, {"meta": {"id": "know-nothing", "uuid": "ff39b18d-dba9-46d4-a168-8eadac32d82a", "src": "coll_thes", "section": "alpha", "target": {"tuuid": "53b0a856-56dd-4db8-9fde-d062996389ac", "tsrc": "collegiate"}, "stems": ["know-nothing", "know-nothings"], "syns": [["airhead", "birdbrain", "blockhead", "bonehead", "bubblehead", "chowderhead", "chucklehead", "clodpoll", "clot", "cluck", "clunk", "cretin", "cuddy", "deadhead", "dim bulb", "dimwit", "dip", "dodo", "dolt", "donkey", "doofus", "dope", "dork", "dullard", "dum-dum", "dumbbell", "dumbhead", "dummkopf", "dummy", "dunce", "dunderhead", "fathead", "gander", "golem", "goof", "goon", "half-wit", "hammerhead", "hardhead", "idiot", "ignoramus", "imbecile", "jackass", "knucklehead", "lamebrain", "loggerhead", "loon", "lump", "lunkhead", "meathead", "mome", "moron", "mug", "mutt", "natural", "nimrod", "nincompoop", "ninny", "ninnyhammer", "nit", "nitwit", "noddy", "noodle", "numskull", "oaf", "pinhead", "prat", "ratbag", "saphead", "schlub", "schnook", "simpleton", "stock", "stupe", "stupid", "thickhead", "turkey", "woodenhead", "yahoo", "yo-yo"]], "ants": [["brain", "genius"]], "offensive": false}, "hwi": {"hw": "know-nothing"}, "fl": "noun", "def": [{"sseq": [[["sense", {"dt": [["text", "a stupid person "], ["vis", [{"t": "often disparaged her coworkers as a bunch of {it}know-nothings{/it}"}]]], "syn_list": [[{"wd": "airhead"}, {"wd": "birdbrain"}, {"wd": "blockhead"}, {"wd": "bonehead"}, {"wd": "bubblehead"}, {"wd": "chowderhead"}, {"wd": "chucklehead"}, {"wd": "clodpoll", "wvrs": [{"wvl": "or", "wva": "clodpole"}]}, {"wd": "clot", "wsls": ["British"]}, {"wd": "cluck"}, {"wd": "clunk"}, {"wd": "cretin"}, {"wd": "cuddy", "wvrs": [{"wvl": "or", "wva": "cuddie"}], "wsls": ["British dialect"]}, {"wd": "deadhead"}, {"wd": "dim bulb", "wsls": ["slang"]}, {"wd": "dimwit"}, {"wd": "dip"}, {"wd": "dodo"}, {"wd": "dolt"}, {"wd": "donkey"}, {"wd": "doofus", "wsls": ["slang"]}, {"wd": "dope"}, {"wd": "dork", "wsls": ["slang"]}, {"wd": "dullard"}, {"wd": "dum-dum"}, {"wd": "dumbbell"}, {"wd": "dumbhead"}, {"wd": "dummkopf"}, {"wd": "dummy"}, {"wd": "dunce"}, {"wd": "dunderhead"}, {"wd": "fathead"}, {"wd": "gander"}, {"wd": "golem"}, {"wd": "goof"}, {"wd": "goon"}, {"wd": "half-wit"}, {"wd": "hammerhead"}, {"wd": "hardhead"}, {"wd": "idiot"}, {"wd": "ignoramus"}, {"wd": "imbecile"}, {"wd": "jackass"}, {"wd": "knucklehead"}, {"wd": "lamebrain"}, {"wd": "loggerhead", "wsls": ["chiefly dialect"]}, {"wd": "loon"}, {"wd": "lump"}, {"wd": "lunkhead"}, {"wd": "meathead"}, {"wd": "mome", "wsls": ["archaic"]}, {"wd": "moron"}, {"wd": "mug", "wsls": ["chiefly British"]}, {"wd": "mutt"}, {"wd": "natural"}, {"wd": "nimrod", "wsls": ["slang"]}, {"wd": "nincompoop"}, {"wd": "ninny"}, {"wd": "ninnyhammer"}, {"wd": "nit", "wsls": ["chiefly British"]}, {"wd": "nitwit"}, {"wd": "noddy"}, {"wd": "noodle"}, {"wd": "numskull", "wvrs": [{"wvl": "or", "wva": "numbskull"}]}, {"wd": "oaf"}, {"wd": "pinhead"}, {"wd": "prat", "wsls": ["British"]}, {"wd": "ratbag", "wsls": ["chiefly Australian"]}, {"wd": "saphead"}, {"wd": "schlub", "wvrs": [{"wvl": "also", "wva": "shlub"}], "wsls": ["slang"]}, {"wd": "schnook", "wsls": ["slang"]}, {"wd": "simpleton"}, {"wd": "stock"}, {"wd": "stupe"}, {"wd": "stupid"}, {"wd": "thickhead"}, {"wd": "turkey"}, {"wd": "woodenhead"}, {"wd": "yahoo"}, {"wd": "yo-yo"}]], "rel_list": [[{"wd": "booby"}, {"wd": "buffoon"}, {"wd": "fool"}, {"wd": "goose"}, {"wd": "loony"}, {"wd": "lunatic"}, {"wd": "madman"}, {"wd": "nut"}, {"wd": "zany"}], [{"wd": "loser"}], [{"wd": "gawk"}], [{"wd": "featherbrain"}, {"wd": "scatterbrain"}], [{"wd": "beast"}, {"wd": "boor"}, {"wd": "cad"}, {"wd": "churl"}, {"wd": "clown"}, {"wd": "creep"}, {"wd": "cur"}, {"wd": "heel"}, {"wd": "jerk"}, {"wd": "skunk"}, {"wd": "snake"}, {"wd": "stinker"}, {"wd": "villain"}]], "phrase_list": [[{"wd": "dumb cluck"}]], "near_list": [[{"wd": "intellect"}, {"wd": "intellectual"}, {"wd": "sage"}, {"wd": "thinker"}, {"wd": "whiz"}, {"wd": "wizard"}], [{"wd": "polymath"}, {"wd": "Renaissance man"}], [{"wd": "sharpie", "wvrs": [{"wvl": "or", "wva": "sharpy"}]}]], "ant_list": [[{"wd": "brain"}, {"wd": "genius"}]]}]]]}], "shortdef": ["a stupid person"]}, {"meta": {"id": "know-it-all", "uuid": "7f09c0e1-0c3d-4290-9a7d-5f02590012c3", "src": "CTenhance", "section": "alpha", "stems": ["know-it-all", "know-it-alls"], "syns": [["know-all", "smart aleck", "smarty", "smarty-pants", "wiseacre", "wiseass", "wise guy", "wisenheimer", "wisecracker", "hotshot", "show-off"]], "ants": [], "offensive": false}, "hwi": {"hw": "know-it-all"}, "fl": "noun", "def": [{"sseq": [[["sense", {"sls": ["informal + disapproving"], "dt": [["text", "a person who talks and behaves like someone who knows everything "], ["vis", [{"t": "My neighbor is a real {it}know-it-all{/it}, always telling me what to do."}]]], "sim_list": [[{"wd": "know-all", "wsls": ["chiefly British"]}], [{"wd": "smart aleck"}, {"wd": "smarty", "wvrs": [{"wvl": "or", "wva": "smartie"}]}, {"wd": "smarty-pants"}, {"wd": "wiseacre"}, {"wd": "wiseass"}, {"wd": "wise guy"}, {"wd": "wisenheimer", "wvrs": [{"wvl": "also", "wva": "weisenheimer"}]}], [{"wd": "wisecracker"}], [{"wd": "hotshot"}, {"wd": "show-off"}]]}]]]}], "shortdef": ["a person who talks and behaves like someone who knows everything"]}, {"meta": {"id": "know-all", "uuid": "17e82485-03e0-408a-8298-e70cf71f4bf7", "src": "CTcompile", "section": "alpha", "stems": ["know-all"], "syns": [["know-it-all", "smart aleck", "smarty", "smarty-pants", "wiseacre", "wiseass", "wise guy", "wisenheimer", "wisecracker", "hotshot", "show-off"]], "ants": [], "offensive": false}, "hwi": {"hw": "know-all"}, "fl": "noun", "sls": ["chiefly British"], "def": [{"sseq": [[["sense", {"dt": [["text", "as in {it}know-it-all{/it}"]], "sim_list": [[{"wd": "know-it-all"}], [{"wd": "smart aleck", "wvrs": [{"wvl": "also", "wva": "smart alec"}]}, {"wd": "smarty", "wvrs": [{"wvl": "or", "wva": "smartie"}]}, {"wd": "smarty-pants"}, {"wd": "wiseacre"}, {"wd": "wiseass"}, {"wd": "wise guy"}, {"wd": "wisenheimer", "wvrs": [{"wvl": "also", "wva": "weisenheimer"}]}], [{"wd": "wisecracker"}], [{"wd": "hotshot"}, {"wd": "show-off"}]]}]]]}], "shortdef": ["as in know-it-all"]}, {"meta": {"id": "know-alls", "uuid": "f760d59f-3084-434e-b207-d63df2e907d8", "src": "CTcompile", "section": "alpha", "stems": ["know-alls"], "syns": [["know-it-alls", "smart alecks", "smarties", "smarty-pants", "wiseacres", "wiseasses", "wise guys", "wisenheimers", "wisecrackers", "hotshots", "show-offs"]], "ants": [], "offensive": false}, "hwi": {"hw": "know-alls"}, "fl": "noun", "sls": ["plural of {d_link|know-all|know-all}", "chiefly British"], "def": [{"sseq": [[["sense", {"dt": [["text", "as in {it}know-it-alls{/it}"]], "sim_list": [[{"wd": "know-it-alls"}], [{"wd": "smart alecks", "wvrs": [{"wvl": "also", "wva": "smart alecs"}]}, {"wd": "smarties"}, {"wd": "smarty-pants"}, {"wd": "wiseacres"}, {"wd": "wiseasses"}, {"wd": "wise guys"}, {"wd": "wisenheimers", "wvrs": [{"wvl": "also", "wva": "weisenheimers"}]}], [{"wd": "wisecrackers"}], [{"wd": "hotshots"}, {"wd": "show-offs"}]]}]]]}], "shortdef": ["as in know-it-alls"]}, {"meta": {"id": "know-nothingism", "uuid": "ee286817-1d74-4724-877d-ffa4bcd0d113", "src": "CTcompile", "section": "alpha", "stems": ["know-nothingism"], "syns": [["agnosticism", "atheism", "godlessness", "nonbelief", "secularism", "unbelief"]], "ants": [["credo", "creed", "cult", "faith", "persuasion", "religion", "church", "communion", "denomination", "sect", "doctrine", "dogma", "theology"]], "offensive": false}, "hwi": {"hw": "know-nothingism"}, "fl": "noun", "def": [{"sseq": [[["sense", {"dt": [["text", "as in {it}agnosticism{/it}"]], "sim_list": [[{"wd": "agnosticism"}], [{"wd": "atheism"}, {"wd": "godlessness"}, {"wd": "nonbelief"}, {"wd": "secularism"}, {"wd": "unbelief"}]], "opp_list": [[{"wd": "credo"}, {"wd": "creed"}, {"wd": "cult"}, {"wd": "faith"}, {"wd": "persuasion"}, {"wd": "religion"}], [{"wd": "church"}, {"wd": "communion"}, {"wd": "denomination"}, {"wd": "sect"}], [{"wd": "doctrine"}, {"wd": "dogma"}, {"wd": "theology"}]]}]]]}], "shortdef": ["as in agnosticism"]}, {"meta": {"id": "know-nothingisms", "uuid": "5753e5ff-5bdf-406c-b0e7-899380a34154", "src": "CTcompile", "section": "alpha", "stems": ["know-nothingisms"], "syns": [["agnosticism", "atheisms", "nonbeliefs", "secularisms"]], "ants": [["credos", "creeds", "cults", "faiths", "persuasions", "religions", "churches", "communions", "denominations", "sects", "doctrines", "dogmas", "theologies"]], "offensive": false}, "hwi": {"hw": "know-nothingisms"}, "fl": "noun", "sls": ["plural of {d_link|know-nothingism|know-nothingism}"], "def": [{"sseq": [[["sense", {"dt": [["text", "as in {it}agnosticism{/it}"]], "sim_list": [[{"wd": "agnosticism"}], [{"wd": "atheisms"}, {"wd": "nonbeliefs"}, {"wd": "secularisms"}]], "opp_list": [[{"wd": "credos"}, {"wd": "creeds"}, {"wd": "cults"}, {"wd": "faiths"}, {"wd": "persuasions"}, {"wd": "religions"}], [{"wd": "churches"}, {"wd": "communions"}, {"wd": "denominations"}, {"wd": "sects"}], [{"wd": "doctrines"}, {"wd": "dogmas", "wvrs": [{"wvl": "also", "wva": "dogmata"}]}, {"wd": "theologies"}]]}]]]}], "shortdef": ["as in agnosticism"]}, {"meta": {"id": "know-nothings", "uuid": "56bba27c-f9c4-4350-a59f-7d121e676100", "src": "coll_thes", "section": "alpha", "stems": ["know-nothings"], "syns": [["airheads", "birdbrains", "blockheads", "boneheads", "bubbleheads", "chowderheads", "chuckleheads", "clodpolls", "clots", "clucks", "clunks", "cretins", "cuddies", "deadheads", "dim bulbs", "dimwits", "dips", "dodoes", "dolts", "donkeys", "doofuses", "dopes", "dorks", "dullards", "dumbbells", "dumbheads", "dum-dums", "dummies", "dummkopfs", "dunces", "dunderheads", "fatheads", "ganders", "golems", "goofs", "goons", "half-wits", "hammerheads", "hardheads", "idiots", "ignoramuses", "imbeciles", "jackasses", "knuckleheads", "lamebrains", "loggerheads", "loons", "lumps", "lunkheads", "meatheads", "momes", "morons", "mugs", "mutts", "naturals", "nimrods", "nincompoops", "ninnies", "ninnyhammers", "nits", "nitwits", "noddies", "noodles", "numskulls", "oafs", "pinheads", "prats", "ratbags", "sapheads", "schlubs", "schnooks", "simpletons", "stocks", "stupes", "stupids", "thickheads", "turkeys", "woodenheads", "yahoos", "yo-yos"]], "ants": [["brains", "geniuses"]], "offensive": false}, "hwi": {"hw": "know-nothings"}, "fl": "noun", "sls": ["plural of {d_link|know-nothing|know-nothing}"], "def": [{"sseq": [[["sense", {"dt": [["text", "a stupid person "], ["vis", [{"t": "often disparaged her coworkers as a bunch of {it}know-nothings{/it}"}]]], "syn_list": [[{"wd": "airheads"}, {"wd": "birdbrains"}, {"wd": "blockheads"}, {"wd": "boneheads"}, {"wd": "bubbleheads"}, {"wd": "chowderheads"}, {"wd": "chuckleheads"}, {"wd": "clodpolls", "wvrs": [{"wvl": "or", "wva": "clodpoles"}]}, {"wd": "clots", "wsls": ["British"]}, {"wd": "clucks"}, {"wd": "clunks"}, {"wd": "cretins"}, {"wd": "cuddies", "wsls": ["British dialect"]}, {"wd": "deadheads"}, {"wd": "dim bulbs", "wsls": ["slang"]}, {"wd": "dimwits"}, {"wd": "dips"}, {"wd": "dodoes", "wvrs": [{"wvl": "or", "wva": "dodos"}]}, {"wd": "dolts"}, {"wd": "donkeys"}, {"wd": "doofuses", "wvrs": [{"wvl": "also", "wva": "dufuses"}], "wsls": ["slang"]}, {"wd": "dopes"}, {"wd": "dorks", "wsls": ["slang"]}, {"wd": "dullards"}, {"wd": "dumbbells"}, {"wd": "dumbheads"}, {"wd": "dum-dums"}, {"wd": "dummies"}, {"wd": "dummkopfs"}, {"wd": "dunces"}, {"wd": "dunderheads"}, {"wd": "fatheads"}, {"wd": "ganders"}, {"wd": "golems"}, {"wd": "goofs"}, {"wd": "goons"}, {"wd": "half-wits"}, {"wd": "hammerheads"}, {"wd": "hardheads"}, {"wd": "idiots"}, {"wd": "ignoramuses", "wvrs": [{"wvl": "also", "wva": "ignorami"}]}, {"wd": "imbeciles"}, {"wd": "jackasses"}, {"wd": "knuckleheads"}, {"wd": "lamebrains"}, {"wd": "loggerheads", "wsls": ["chiefly dialect"]}, {"wd": "loons"}, {"wd": "lumps"}, {"wd": "lunkheads"}, {"wd": "meatheads"}, {"wd": "momes", "wsls": ["archaic"]}, {"wd": "morons"}, {"wd": "mugs", "wsls": ["chiefly British"]}, {"wd": "mutts"}, {"wd": "naturals"}, {"wd": "nimrods", "wsls": ["slang"]}, {"wd": "nincompoops"}, {"wd": "ninnies"}, {"wd": "ninnyhammers"}, {"wd": "nits", "wsls": ["chiefly British"]}, {"wd": "nitwits"}, {"wd": "noddies"}, {"wd": "noodles"}, {"wd": "numskulls", "wvrs": [{"wvl": "or", "wva": "numbskulls"}]}, {"wd": "oafs"}, {"wd": "pinheads"}, {"wd": "prats", "wsls": ["British"]}, {"wd": "ratbags", "wsls": ["chiefly Australian"]}, {"wd": "sapheads"}, {"wd": "schlubs", "wvrs": [{"wvl": "also", "wva": "shlubs"}], "wsls": ["slang"]}, {"wd": "schnooks", "wsls": ["slang"]}, {"wd": "simpletons"}, {"wd": "stocks"}, {"wd": "stupes"}, {"wd": "stupids"}, {"wd": "thickheads"}, {"wd": "turkeys"}, {"wd": "woodenheads"}, {"wd": "yahoos"}, {"wd": "yo-yos"}]], "rel_list": [[{"wd": "boobies"}, {"wd": "buffoons"}, {"wd": "fools"}, {"wd": "geese"}, {"wd": "loonies"}, {"wd": "lunatics"}, {"wd": "madmen"}, {"wd": "nuts"}, {"wd": "zanies"}], [{"wd": "losers"}], [{"wd": "gawks"}], [{"wd": "featherbrains"}, {"wd": "scatterbrains"}], [{"wd": "beasts"}, {"wd": "boors"}, {"wd": "cads"}, {"wd": "churls"}, {"wd": "clowns"}, {"wd": "creeps"}, {"wd": "curs"}, {"wd": "heels"}, {"wd": "jerks"}, {"wd": "skunks", "wvrs": [{"wvl": "also", "wva": "skunk"}]}, {"wd": "snakes"}, {"wd": "stinkers"}, {"wd": "villains"}]], "phrase_list": [[{"wd": "dumb clucks"}]], "near_list": [[{"wd": "intellects"}, {"wd": "intellectuals"}, {"wd": "sages"}, {"wd": "thinkers"}, {"wd": "whizzes"}, {"wd": "wizards"}], [{"wd": "polymaths"}, {"wd": "Renaissance men"}], [{"wd": "sharpies"}]], "ant_list": [[{"wd": "brains"}, {"wd": "geniuses", "wvrs": [{"wvl": "or", "wva": "genii"}]}]]}]]]}], "shortdef": ["a stupid person"]}]