[{"meta": {"id": "living:1", "uuid": "8cfe1625-f8d0-4ba3-a531-505c6b6ae709", "sort": "120210800", "src": "collegiate", "section": "alpha", "stems": ["living", "livingness", "livingnesses"], "offensive": false}, "hom": 1, "hwi": {"hw": "liv*ing", "prs": [{"mw": "\u02c8li-vi\u014b", "sound": {"audio": "living01", "ref": "c", "stat": "1"}}]}, "fl": "adjective", "def": [{"sseq": [[["sense", {"sn": "1 a", "dt": [["text", "{bc}having life"]]}], ["sense", {"sn": "b", "dt": [["text", "{bc}{sx|active||}, {sx|functioning||} "], ["vis", [{"t": "{wi}living{/wi} languages"}]]]}]], [["sense", {"sn": "2 a", "dt": [["text", "{bc}exhibiting the life or motion of nature {bc}{sx|natural||} "], ["vis", [{"t": "the wilderness is a {wi}living{/wi} museum \u2026 of natural history", "aq": {"source": "{it}NEA Jour.{/it}"}}]]]}], ["sense", {"sn": "b", "dt": [["text", "{bc}{sx|live:2||2a}"]]}]], [["sense", {"sn": "3 a", "dt": [["text", "{bc}full of life or vigor"]]}], ["sense", {"sn": "b", "dt": [["text", "{bc}true to life {bc}{sx|vivid||} "], ["vis", [{"t": "televised in {wi}living{/wi} color"}]]]}], ["sense", {"sn": "c", "dt": [["text", "{bc}suited for living "], ["vis", [{"t": "the {wi}living{/wi} area"}]]]}]], [["sense", {"sn": "4", "dt": [["text", "{bc}involving living persons"]]}]], [["sense", {"sn": "5", "dt": [["text", "{bc}{sx|very||} "], ["uns", [[["text", "used as an intensive "], ["vis", [{"t": "scared the {wi}living{/wi} daylights out of me"}]]]]]]}]]]}], "uros": [{"ure": "liv*ing*ness", "fl": "noun"}], "date": "before 12th century{ds||1|a|}", "shortdef": ["having life", "active, functioning", "exhibiting the life or motion of nature : natural"]}, {"meta": {"id": "living:2", "uuid": "ce2efa84-2556-44fb-ade5-65d3cc152daf", "sort": "120210900", "src": "collegiate", "section": "alpha", "stems": ["living", "livings"], "offensive": false}, "hom": 2, "hwi": {"hw": "living"}, "fl": "noun", "def": [{"sseq": [[["sense", {"sn": "1", "dt": [["text", "{bc}the condition of being alive"]]}]], [["sense", {"sn": "2 a", "dt": [["text", "{bc}means of subsistence {bc}{sx|livelihood||} "], ["vis", [{"t": "earning a {wi}living{/wi}"}]]]}], ["sense", {"sn": "b", "sls": ["archaic"], "dt": [["text", "{bc}{sx|estate||}, {sx|property||}"]]}], ["sense", {"sn": "c", "sls": ["British"], "dt": [["text", "{bc}{sx|benefice||1}"]]}]], [["sense", {"sn": "3", "dt": [["text", "{bc}conduct or manner of life "], ["vis", [{"t": "the collegiate way of {wi}living{/wi}", "aq": {"auth": "J. B. Conant"}}]]]}]]]}], "date": "14th century{ds||1||}", "shortdef": ["the condition of being alive", "means of subsistence : livelihood", "estate, property"]}, {"meta": {"id": "live:1", "uuid": "1bad5dd9-8535-4cad-80fc-8942b71c2561", "sort": "120206800", "src": "collegiate", "section": "alpha", "stems": ["live", "live it up", "live up to", "live with", "lived", "lived it up", "lived up to", "lived with", "lives", "lives it up", "lives up to", "lives with", "living", "living it up", "living up to", "living with"], "offensive": false}, "hom": 1, "hwi": {"hw": "live", "prs": [{"mw": "\u02c8liv", "sound": {"audio": "live0001", "ref": "c", "stat": "1"}}]}, "fl": "verb", "ins": [{"if": "lived"}, {"if": "liv*ing"}], "def": [{"vd": "intransitive verb", "sseq": [[["sense", {"sn": "1", "dt": [["text", "{bc}to be alive {bc}have the life of an animal or plant "], ["vis", [{"t": "one of the greatest writers who ever {it}lived{/it}"}]]]}]], [["sense", {"sn": "2", "dt": [["text", "{bc}to continue alive "], ["vis", [{"t": "{it}lived{/it} to a ripe and vigorous old age"}]]]}]], [["sense", {"sn": "3", "dt": [["text", "{bc}to maintain oneself {bc}{sx|subsist||} "], ["vis", [{"t": "{it}lived{/it} on rice and peas"}]]]}]], [["sense", {"sn": "4 a", "dt": [["text", "{bc}to occupy a home {bc}{sx|dwell||} "], ["vis", [{"t": "{it}living{/it} in a shabby room"}, {"t": "they had always {it}lived{/it} in the country"}]]]}], ["sense", {"sn": "b", "dt": [["text", "{bc}to be located or stored "], ["vis", [{"t": "the silverware {wi}lives{/wi} here"}]]]}]], [["sense", {"sn": "5", "dt": [["text", "{bc}to attain eternal life "], ["vis", [{"t": "though he die, yet shall he {wi}live{/wi}", "aq": {"source": "John 11:25 (Revised Standard Version)"}}]]]}]], [["sense", {"sn": "6", "dt": [["text", "{bc}to conduct or pass one's life "], ["vis", [{"t": "{it}lived{/it} only for his work"}]]]}]], [["sense", {"sn": "7", "dt": [["text", "{bc}to remain in human memory or record "], ["vis", [{"t": "the past {wi}lives{/wi} in us all", "aq": {"auth": "W. R. Inge"}}]]]}]], [["sense", {"sn": "8", "dt": [["text", "{bc}to have a life rich in experience "], ["vis", [{"t": "the boy who is mentally alert {wi}lives{/wi} more in a day than a dull boy does in a month", "aq": {"source": "{it}Boy Scout Handbook{/it}"}}]]]}]], [["sense", {"sn": "9", "dt": [["text", "{bc}{sx|cohabit||} "], ["vis", [{"t": "She {it}lived{/it} with that actor for over a year."}]]]}]]]}, {"vd": "transitive verb", "sseq": [[["sense", {"sn": "1", "dt": [["text", "{bc}to pass through or spend the duration of "], ["vis", [{"t": "{it}lived{/it} their lives alone"}]]]}]], [["sense", {"sn": "2", "dt": [["text", "{bc}{sx|act out||}, {sx|practice||} "], ["uns", [[["text", "often used with {it}out{/it} "], ["vis", [{"t": "to {wi}live{/wi} out their fantasies"}]]]]]]}]], [["sense", {"sn": "3", "dt": [["text", "{bc}to exhibit vigor, gusto, or enthusiasm in "], ["vis", [{"t": "{it}lived{/it} life to the fullest"}]]]}]], [["sense", {"sn": "4 a", "dt": [["text", "{bc}to experience firsthand "], ["vis", [{"t": "{it}living{/it} a dream"}]]]}], ["sense", {"sn": "b", "dt": [["text", "{bc}to be thoroughly absorbed by or involved with "], ["vis", [{"t": "she {wi}lives{/wi} her work"}]]]}]]]}], "dros": [{"drp": "live it up", "def": [{"sseq": [[["sense", {"dt": [["text", "{bc}to live with gusto and usually fast and loose "], ["vis", [{"t": "{it}lived it up{/it} with wine and song", "aq": {"source": "{it}Newsweek{/it}"}}]]]}]]]}]}, {"drp": "live up to", "def": [{"sseq": [[["sense", {"dt": [["text", "{bc}to act or be in accordance with "], ["vis", [{"t": "had no intention of {it}living up to{/it} his promise"}]]]}]]]}]}, {"drp": "live with", "def": [{"sseq": [[["sense", {"dt": [["text", "{bc}to put up with {bc}{sx|accept||}, {sx|tolerate||} "], ["vis", [{"t": "had to {it}live with{/it} their decision"}]]]}]]]}]}], "et": [["text", "Middle English, from Old English {it}libban{/it}; akin to Old High German {it}leb\u0113n{/it} to live"]], "date": "before 12th century{ds|i|1||}", "shortdef": ["to be alive : have the life of an animal or plant", "to continue alive", "to maintain oneself : subsist"]}, {"meta": {"id": "living death", "uuid": "9cadfff1-8a2b-4642-9271-4562d2a4ce7e", "sort": "120211000", "src": "collegiate", "section": "alpha", "stems": ["living death", "living deaths"], "offensive": false}, "hwi": {"hw": "living death"}, "fl": "noun", "def": [{"sseq": [[["sense", {"dt": [["text", "{bc}life emptied of joys and satisfactions"]]}]]]}], "date": "circa 1530", "shortdef": ["life emptied of joys and satisfactions"]}, {"meta": {"id": "living fossil", "uuid": "1f849cf5-e67c-4175-b997-d452c29496f7", "sort": "120211100", "src": "collegiate", "section": "alpha", "stems": ["living fossil", "living fossils"], "offensive": false}, "hwi": {"hw": "living fossil"}, "fl": "noun", "def": [{"sseq": [[["sense", {"dt": [["text", "{bc}an organism (such as a horseshoe crab or a ginkgo tree) that has remained essentially unchanged from earlier geologic times and whose close relatives are usually extinct"]]}]]]}], "date": "1859", "shortdef": ["an organism (such as a horseshoe crab or a ginkgo tree) that has remained essentially unchanged from earlier geologic times and whose close relatives are usually extinct"]}, {"meta": {"id": "living room", "uuid": "77bbc454-0804-415e-a581-072afebd8600", "sort": "120211300", "src": "collegiate", "section": "alpha", "stems": ["living room", "living rooms", "living space"], "offensive": false}, "hwi": {"hw": "living room"}, "fl": "noun", "def": [{"sseq": [[["sense", {"sn": "1", "dt": [["text", "{bc}a room in a residence used for the common social activities of the occupants"]]}]], [["sense", {"sn": "2", "dt": [["text", "{bc}{sx|lebensraum||} "], ["ca", {"intro": "called also", "cats": [{"cat": "living space"}]}]]}]]]}], "date": "1787{ds||1||}", "shortdef": ["a room in a residence used for the common social activities of the occupants", "lebensraum \u2014called also living space"]}, {"meta": {"id": "living standard", "uuid": "23333b10-a28c-4e2b-804a-bb35dc3e86b1", "sort": "120211400", "src": "collegiate", "section": "alpha", "stems": ["living standard", "living standards"], "offensive": false}, "hwi": {"hw": "living standard"}, "fl": "noun", "def": [{"sseq": [[["sense", {"dt": [["text", "{bc}{sx|standard of living||}"]]}]]]}], "date": "1896", "shortdef": ["standard of living"]}, {"meta": {"id": "living trust", "uuid": "13113318-d84b-410a-8fa2-d0580d3be8a0", "sort": "120211500", "src": "collegiate", "section": "alpha", "stems": ["inter vivos trust", "living trust", "living trusts"], "offensive": false}, "hwi": {"hw": "living trust"}, "fl": "noun", "def": [{"sseq": [[["sense", {"dt": [["text", "{bc}a trust that becomes effective during the lifetime of the settlor "], ["ca", {"intro": "called also", "cats": [{"cat": "inter vivos trust"}]}]]}]]]}], "date": "1913", "shortdef": ["a trust that becomes effective during the lifetime of the settlor \u2014called also inter vivos trust"]}, {"meta": {"id": "living unit", "uuid": "296b518e-468e-4ef3-849c-7bd45c2871d1", "sort": "120211600", "src": "collegiate", "section": "alpha", "stems": ["living unit", "living units"], "offensive": false}, "hwi": {"hw": "living unit"}, "fl": "noun", "def": [{"sseq": [[["sense", {"dt": [["text", "{bc}an apartment or house for use by one family"]]}]]]}], "date": "circa 1937", "shortdef": ["an apartment or house for use by one family"]}, {"meta": {"id": "living wage", "uuid": "23cc89d4-6a70-4512-b3c3-90cc4ddc0ff1", "sort": "120211700", "src": "collegiate", "section": "alpha", "stems": ["living wage", "living wages"], "offensive": false}, "hwi": {"hw": "living wage"}, "fl": "noun", "def": [{"sseq": [[["sense", {"sn": "1", "dt": [["text", "{bc}a subsistence wage"]]}]], [["sense", {"sn": "2", "dt": [["text", "{bc}a wage sufficient to provide the necessities and comforts essential to an acceptable standard of living"]]}]]]}], "date": "1817{ds||1||}", "shortdef": ["a subsistence wage", "a wage sufficient to provide the necessities and comforts essential to an acceptable standard of living"]}]