[{"meta": {"id": "long", "uuid": "35fcb97e-fd6e-45bb-a8da-ebcd13d62b47", "src": "coll_thes", "section": "alpha", "target": {"tuuid": "954115fc-8a56-4871-877a-c3e933b07380", "tsrc": "collegiate"}, "stems": ["long", "longer", "longest", "longness", "longnesses", "not long for"], "syns": [["elongate", "extended", "king-size", "lengthy"], ["extended", "far", "great", "lengthy", "long-drawn-out", "long-lived", "long-term", "marathon"]], "ants": [["brief", "curt", "short", "shortish"], ["brief", "little", "mini", "short", "shortish", "short-lived", "short-term"]], "offensive": false}, "hwi": {"hw": "long"}, "fl": "adjective", "def": [{"sseq": [[["sense", {"sn": "1", "dt": [["text", "of great extent from end to end "], ["vis", [{"t": "giraffes have {it}long{/it} necks to help them reach leaves on tall trees"}]]], "syn_list": [[{"wd": "elongate", "wvrs": [{"wvl": "or", "wva": "elongated"}]}, {"wd": "extended"}, {"wd": "king-size", "wvrs": [{"wvl": "or", "wva": "king-sized"}]}, {"wd": "lengthy"}]], "rel_list": [[{"wd": "extensive"}, {"wd": "far-reaching"}, {"wd": "longish"}, {"wd": "outstretched"}], [{"wd": "oblong"}, {"wd": "rectangular"}], [{"wd": "big"}, {"wd": "biggish"}, {"wd": "considerable"}, {"wd": "hefty"}, {"wd": "hulking"}, {"wd": "jumbo"}, {"wd": "large"}, {"wd": "largish"}, {"wd": "overscale", "wvrs": [{"wvl": "or", "wva": "overscaled"}]}, {"wd": "oversize", "wvrs": [{"wvl": "or", "wva": "oversized"}]}, {"wd": "sizable", "wvrs": [{"wvl": "or", "wva": "sizeable"}]}, {"wd": "substantial"}, {"wd": "super"}]], "near_list": [[{"wd": "abbreviated"}, {"wd": "abridged"}, {"wd": "curtailed"}, {"wd": "diminished"}, {"wd": "shortened"}], [{"wd": "bitty"}, {"wd": "diminutive"}, {"wd": "little"}, {"wd": "miniature"}, {"wd": "minute"}, {"wd": "puny"}, {"wd": "small"}, {"wd": "smallish"}, {"wd": "teeny"}, {"wd": "tiny"}, {"wd": "undersized", "wvrs": [{"wvl": "also", "wva": "undersize"}]}, {"wd": "wee"}]], "ant_list": [[{"wd": "brief"}, {"wd": "curt"}, {"wd": "short"}, {"wd": "shortish"}]]}]], [["sense", {"sn": "2", "dt": [["text", "lasting for a considerable time "], ["vis", [{"t": "if it's boring, even a movie with a running time of 90 minutes can seem {it}long{/it}"}]]], "syn_list": [[{"wd": "extended"}, {"wd": "far"}, {"wd": "great"}, {"wd": "lengthy"}, {"wd": "long-drawn-out", "wvrs": [{"wvl": "or", "wva": "long-drawn"}]}, {"wd": "long-lived"}, {"wd": "long-term"}, {"wd": "marathon"}]], "rel_list": [[{"wd": "aeonian", "wvrs": [{"wvl": "or", "wva": "aeonic"}]}, {"wd": "endless"}, {"wd": "everlasting"}, {"wd": "interminable"}, {"wd": "persistent"}], [{"wd": "longish"}, {"wd": "overlong"}, {"wd": "prolonged"}, {"wd": "protracted"}], [{"wd": "permanent"}], [{"wd": "all-day"}, {"wd": "all-night"}], [{"wd": "multiday"}, {"wd": "multiyear"}]], "near_list": [[{"wd": "abrupt"}, {"wd": "sudden"}], [{"wd": "abbreviated"}, {"wd": "condensed"}, {"wd": "curtailed"}, {"wd": "shortened"}], [{"wd": "ephemeral"}, {"wd": "fleeting"}, {"wd": "momentary"}, {"wd": "transient"}, {"wd": "transitory"}], [{"wd": "impermanent"}], [{"wd": "short-range"}]], "ant_list": [[{"wd": "brief"}, {"wd": "little"}, {"wd": "mini"}, {"wd": "short"}, {"wd": "shortish"}, {"wd": "short-lived"}, {"wd": "short-term"}]]}]]]}], "shortdef": ["of great extent from end to end", "lasting for a considerable time"]}, {"meta": {"id": "long", "uuid": "6a054fd8-8724-4813-bfb1-49d9bf4691c0", "src": "CTcompile", "section": "alpha", "stems": ["long"], "syns": [["enduringly", "perennially", "always", "aye", "e'er", "eternally", "ever", "everlastingly", "evermore", "forever", "forevermore", "indelibly", "permanently", "perpetually"]], "ants": [["ne'er", "never", "nevermore", "once"]], "offensive": false}, "hwi": {"hw": "long"}, "fl": "adverb", "def": [{"sseq": [[["sense", {"dt": [["text", "as in {it}perennially{/it}, {it}enduringly{/it}"]], "sim_list": [[{"wd": "enduringly"}, {"wd": "perennially"}], [{"wd": "always"}, {"wd": "aye", "wvrs": [{"wvl": "also", "wva": "ay"}]}, {"wd": "e'er"}, {"wd": "eternally"}, {"wd": "ever"}, {"wd": "everlastingly"}, {"wd": "evermore"}, {"wd": "forever"}, {"wd": "forevermore"}, {"wd": "indelibly"}, {"wd": "permanently"}, {"wd": "perpetually"}]], "opp_list": [[{"wd": "ne'er"}, {"wd": "never"}, {"wd": "nevermore"}], [{"wd": "once"}]]}]]]}], "shortdef": ["as in perennially, enduringly"]}, {"meta": {"id": "long", "uuid": "497b5ce1-c8f2-4378-a0a3-775a2a9c966a", "src": "coll_thes", "section": "alpha", "target": {"tuuid": "1d2c1ac7-c408-4aba-a591-cfc3b954f960", "tsrc": "collegiate"}, "stems": ["long", "longs"], "syns": [["aeon", "age", "blue moon", "coon's age", "cycle", "donkey's years", "eternity", "forever", "months", "moon"]], "ants": [], "offensive": false}, "hwi": {"hw": "long"}, "fl": "noun", "def": [{"sseq": [[["sense", {"dt": [["text", "a long or seemingly long period of time "], ["vis", [{"t": "they should be here before {it}long{/it}"}]]], "syn_list": [[{"wd": "aeon", "wvrs": [{"wvl": "or", "wva": "eon"}]}, {"wd": "age"}, {"wd": "blue moon"}, {"wd": "coon's age"}, {"wd": "cycle"}, {"wd": "donkey's years", "wsls": ["chiefly British"]}, {"wd": "eternity"}, {"wd": "forever"}, {"wd": "months"}, {"wd": "moon"}]], "rel_list": [[{"wd": "infinity"}], [{"wd": "lifetime"}]], "near_list": [[{"wd": "flash"}, {"wd": "instant"}, {"wd": "jiffy"}, {"wd": "minute"}, {"wd": "moment"}, {"wd": "second"}, {"wd": "shake"}, {"wd": "split second"}, {"wd": "trice"}, {"wd": "twinkle"}, {"wd": "twinkling"}, {"wd": "wink"}], [{"wd": "microsecond"}, {"wd": "nanosecond"}]]}]]]}], "shortdef": ["a long or seemingly long period of time"]}, {"meta": {"id": "long", "uuid": "993bb973-3420-4bff-ac93-6f60c794fd31", "src": "CTcompile", "section": "alpha", "stems": ["long"], "syns": [["pine", "yearn", "agonize", "chafe", "bother", "fear", "fret", "fuss", "stew", "stress", "sweat", "trouble", "worry", "despair"]], "ants": [["accept", "abide", "bear", "endure", "stick out", "stomach", "sustain", "take", "tolerate"]], "offensive": false}, "hwi": {"hw": "long"}, "fl": "verb", "def": [{"sseq": [[["sense", {"dt": [["text", "as in {it}yearn{/it}, {it}pine{/it}"]], "sim_list": [[{"wd": "pine"}, {"wd": "yearn"}], [{"wd": "agonize"}], [{"wd": "chafe"}], [{"wd": "bother"}, {"wd": "fear"}, {"wd": "fret"}, {"wd": "fuss"}, {"wd": "stew"}, {"wd": "stress"}, {"wd": "sweat"}, {"wd": "trouble"}, {"wd": "worry"}], [{"wd": "despair"}]], "opp_list": [[{"wd": "accept"}], [{"wd": "abide"}, {"wd": "bear"}, {"wd": "endure"}, {"wd": "stick out"}, {"wd": "stomach"}, {"wd": "sustain"}, {"wd": "take"}, {"wd": "tolerate"}]]}]]]}], "shortdef": ["as in yearn, pine"]}, {"meta": {"id": "long (for)", "uuid": "d9840225-9a01-414d-a62c-4e3dec69fef2", "src": "coll_thes", "section": "alpha", "stems": ["long (for)", "long", "long for", "longed", "longer", "longers", "longing", "longs"], "syns": [["ache (for)", "covet", "crave", "desiderate", "desire", "die (for)", "hanker (for or after)", "hunger (for)", "itch (for)", "jones (for)", "lust (for or after)", "pant (after)", "pine (for)", "repine (for)", "salivate (for)", "sigh (for)", "thirst (for)", "want", "wish (for)", "yearn (for)", "yen (for)"]], "ants": [], "offensive": false}, "hwi": {"hw": "long (for)"}, "fl": "verb", "def": [{"sseq": [[["sense", {"dt": [["text", "to have an earnest wish to own or enjoy "], ["vis", [{"t": "I {it}long for{/it} the day when cancer is but a distant and unpleasant memory"}]]], "syn_list": [[{"wd": "ache (for)"}, {"wd": "covet"}, {"wd": "crave"}, {"wd": "desiderate"}, {"wd": "desire"}, {"wd": "die (for)"}, {"wd": "hanker (for or after)"}, {"wd": "hunger (for)"}, {"wd": "itch (for)"}, {"wd": "jones (for)", "wsls": ["slang"]}, {"wd": "lust (for or after)"}, {"wd": "pant (after)"}, {"wd": "pine (for)"}, {"wd": "repine (for)"}, {"wd": "salivate (for)"}, {"wd": "sigh (for)"}, {"wd": "thirst (for)"}, {"wd": "want"}, {"wd": "wish (for)"}, {"wd": "yearn (for)"}, {"wd": "yen (for)"}]], "rel_list": [[{"wd": "spoil (for)"}], [{"wd": "adore"}, {"wd": "delight (in)"}, {"wd": "dig"}, {"wd": "enjoy"}, {"wd": "fancy"}, {"wd": "groove (on)"}, {"wd": "like"}, {"wd": "love"}, {"wd": "relish"}, {"wd": "revel (in)"}], [{"wd": "favor"}, {"wd": "prefer"}], [{"wd": "admire"}, {"wd": "appreciate"}, {"wd": "cherish"}, {"wd": "prize"}, {"wd": "treasure"}, {"wd": "value"}]], "phrase_list": [[{"wd": "set one's heart on"}]], "near_list": [[{"wd": "abhor"}, {"wd": "abominate"}, {"wd": "despise"}, {"wd": "detest"}, {"wd": "execrate"}, {"wd": "hate"}, {"wd": "loathe"}], [{"wd": "decline"}, {"wd": "refuse"}, {"wd": "reject"}, {"wd": "spurn"}]]}]]]}], "shortdef": ["to have an earnest wish to own or enjoy"]}, {"meta": {"id": "long-drawn-out", "uuid": "e25c1dc5-fd48-405f-9f63-40b8c723a12f", "src": "coll_thes", "section": "alpha", "target": {"tuuid": "762e9b71-8364-46d2-b5cf-93957417c877", "tsrc": "collegiate"}, "stems": ["long-drawn-out", "long-drawn"], "syns": [["extended", "far", "great", "lengthy", "long", "long-lived", "long-term", "marathon"]], "ants": [["brief", "little", "mini", "short", "shortish", "short-lived", "short-term"]], "offensive": false}, "hwi": {"hw": "long-drawn-out"}, "vrs": [{"vl": "or", "va": "long-drawn"}], "fl": "adjective", "def": [{"sseq": [[["sense", {"dt": [["text", "lasting for a considerable time "], ["vis", [{"t": "a {it}long-drawn-out{/it} acceptance speech by an overemotional actor"}]]], "syn_list": [[{"wd": "extended"}, {"wd": "far"}, {"wd": "great"}, {"wd": "lengthy"}, {"wd": "long"}, {"wd": "long-lived"}, {"wd": "long-term"}, {"wd": "marathon"}]], "rel_list": [[{"wd": "aeonian", "wvrs": [{"wvl": "or", "wva": "aeonic"}]}, {"wd": "endless"}, {"wd": "everlasting"}, {"wd": "interminable"}, {"wd": "persistent"}], [{"wd": "longish"}, {"wd": "overlong"}, {"wd": "prolonged"}, {"wd": "protracted"}], [{"wd": "permanent"}], [{"wd": "all-day"}, {"wd": "all-night"}], [{"wd": "multiday"}, {"wd": "multiyear"}]], "near_list": [[{"wd": "abrupt"}, {"wd": "sudden"}], [{"wd": "abbreviated"}, {"wd": "condensed"}, {"wd": "curtailed"}, {"wd": "shortened"}], [{"wd": "ephemeral"}, {"wd": "fleeting"}, {"wd": "momentary"}, {"wd": "transient"}, {"wd": "transitory"}], [{"wd": "impermanent"}], [{"wd": "short-range"}]], "ant_list": [[{"wd": "brief"}, {"wd": "little"}, {"wd": "mini"}, {"wd": "short"}, {"wd": "shortish"}, {"wd": "short-lived"}, {"wd": "short-term"}]]}]]]}], "shortdef": ["lasting for a considerable time"]}, {"meta": {"id": "long green", "uuid": "e92ff419-2b60-4848-b0ec-068af6e88e07", "src": "coll_thes", "section": "alpha", "target": {"tuuid": "874f1683-df0a-49fc-84f8-0fc71387977c", "tsrc": "collegiate"}, "stems": ["long green", "long greens"], "syns": [["bread", "bucks", "cabbage", "cash", "change", "chips", "coin", "currency", "dough", "gold", "green", "jack", "kale", "legal tender", "lolly", "loot", "lucre", "money", "moola", "needful", "pelf", "scratch", "shekels", "tender", "wampum"]], "ants": [], "offensive": false}, "hwi": {"hw": "long green"}, "fl": "noun", "sls": ["slang"], "def": [{"sseq": [[["sense", {"dt": [["text", "something (as pieces of stamped metal or printed paper) customarily and legally used as a medium of exchange, a measure of value, or a means of payment "], ["vis", [{"t": "where did he get the {it}long green{/it} to afford wheels like that?"}]]], "syn_list": [[{"wd": "bread", "wsls": ["slang"]}, {"wd": "bucks"}, {"wd": "cabbage", "wsls": ["slang"]}, {"wd": "cash"}, {"wd": "change"}, {"wd": "chips"}, {"wd": "coin"}, {"wd": "currency"}, {"wd": "dough"}, {"wd": "gold"}, {"wd": "green"}, {"wd": "jack", "wsls": ["slang"]}, {"wd": "kale", "wsls": ["slang"]}, {"wd": "legal tender"}, {"wd": "lolly", "wsls": ["British"]}, {"wd": "loot"}, {"wd": "lucre"}, {"wd": "money"}, {"wd": "moola", "wvrs": [{"wvl": "or", "wva": "moolah"}], "wsls": ["slang"]}, {"wd": "needful"}, {"wd": "pelf"}, {"wd": "scratch", "wsls": ["slang"]}, {"wd": "shekels", "wvrs": [{"wvl": "also", "wva": "sheqels"}, {"wvl": "or", "wva": "shekelim"}, {"wvl": "or", "wva": "shekalim"}, {"wvl": "or", "wva": "sheqalim"}]}, {"wd": "tender"}, {"wd": "wampum"}]], "rel_list": [[{"wd": "coinage"}, {"wd": "specie"}], [{"wd": "dead presidents", "wsls": ["slang"]}, {"wd": "folding money"}, {"wd": "paper money"}, {"wd": "scrip"}], [{"wd": "banknote"}, {"wd": "cashier's check"}, {"wd": "check"}, {"wd": "draft"}, {"wd": "money order"}, {"wd": "note"}, {"wd": "promissory note"}], [{"wd": "bill"}, {"wd": "dollar"}, {"wd": "greenback"}], [{"wd": "bankroll"}, {"wd": "capital"}, {"wd": "finances"}, {"wd": "funds"}, {"wd": "roll", "wsls": ["slang"]}, {"wd": "wad"}, {"wd": "wallet"}], [{"wd": "chump change"}, {"wd": "dibs", "wsls": ["slang"]}, {"wd": "dime"}, {"wd": "mite"}, {"wd": "peanuts"}, {"wd": "pittance"}, {"wd": "shoestring"}], [{"wd": "big bucks"}, {"wd": "bomb", "wsls": ["British"]}, {"wd": "boodle"}, {"wd": "bundle"}, {"wd": "earth"}, {"wd": "fortune"}, {"wd": "king's ransom"}, {"wd": "megabucks"}, {"wd": "mint"}, {"wd": "packet", "wsls": ["chiefly British"]}, {"wd": "pile"}, {"wd": "pot"}], [{"wd": "abundance"}, {"wd": "means"}, {"wd": "opulence"}, {"wd": "riches"}, {"wd": "treasure"}, {"wd": "wealth"}], [{"wd": "resources"}, {"wd": "wherewithal"}], [{"wd": "mad money"}, {"wd": "petty cash"}, {"wd": "pin money"}, {"wd": "pocket money"}, {"wd": "spending money"}]]}]]]}], "shortdef": ["something (as pieces of stamped metal or printed paper) customarily and legally used as a medium of exchange, a measure of value, or a means of payment"]}, {"meta": {"id": "long-haired", "uuid": "13749df8-f8d2-4fcd-9402-0479fbf2c44b", "src": "coll_thes", "section": "alpha", "stems": ["long-haired", "longhair"], "syns": [["blue", "cerebral", "eggheaded", "geeky", "highbrow", "highbrowed", "intellectual", "intellectualist", "intellectualistic", "nerdish", "nerdy"]], "ants": [["anti-intellectual", "lowbrow", "nonintellectual", "philistine"]], "offensive": false}, "hwi": {"hw": "long-haired"}, "vrs": [{"vl": "or", "va": "longhair"}], "fl": "adjective", "def": [{"sseq": [[["sense", {"dt": [["text", "much given to learning and thinking "], ["vis", [{"t": "one of those {it}long-haired{/it} idealists who founded short-lived utopias in rural America"}]]], "syn_list": [[{"wd": "blue"}, {"wd": "cerebral"}, {"wd": "eggheaded"}, {"wd": "geeky"}, {"wd": "highbrow"}, {"wd": "highbrowed"}, {"wd": "intellectual"}, {"wd": "intellectualist"}, {"wd": "intellectualistic"}, {"wd": "nerdish"}, {"wd": "nerdy"}]], "rel_list": [[{"wd": "cultivated"}, {"wd": "cultured"}], [{"wd": "middlebrow"}], [{"wd": "erudite"}, {"wd": "learned"}, {"wd": "literate"}, {"wd": "polyhistoric"}, {"wd": "polymath", "wvrs": [{"wvl": "or", "wva": "polymathic"}]}, {"wd": "scholarly"}, {"wd": "well-read"}], [{"wd": "academic", "wvrs": [{"wvl": "also", "wva": "academical"}]}, {"wd": "bookish"}, {"wd": "professorial"}], [{"wd": "didactic"}, {"wd": "high-toned"}, {"wd": "hyperintellectual"}, {"wd": "pedantic"}], [{"wd": "high-hat"}, {"wd": "snobbish"}, {"wd": "snobby"}, {"wd": "snooty"}], [{"wd": "educated"}, {"wd": "schooled"}], [{"wd": "brainy"}, {"wd": "bright"}, {"wd": "brilliant"}, {"wd": "clever"}, {"wd": "intelligent"}, {"wd": "quick-witted"}, {"wd": "smart"}]], "near_list": [[{"wd": "uncultivated"}, {"wd": "uncultured"}], [{"wd": "ignorant"}, {"wd": "illiterate"}, {"wd": "uneducated"}, {"wd": "unlettered"}, {"wd": "unread"}], [{"wd": "dumb"}, {"wd": "foolish"}, {"wd": "idiotic", "wvrs": [{"wvl": "also", "wva": "idiotical"}]}, {"wd": "moronic"}, {"wd": "slow"}, {"wd": "stupid"}, {"wd": "unintelligent"}], [{"wd": "benighted"}, {"wd": "unenlightened"}]], "ant_list": [[{"wd": "anti-intellectual"}, {"wd": "lowbrow"}, {"wd": "nonintellectual"}, {"wd": "philistine"}]]}]]]}], "shortdef": ["much given to learning and thinking"]}, {"meta": {"id": "long haul", "uuid": "5048f082-f5a2-47e3-8a45-e2631ce84077", "src": "coll_thes", "section": "alpha", "target": {"tuuid": "f5963e78-a7bc-47db-a5cb-4fcd38cfe49d", "tsrc": "collegiate"}, "stems": ["long haul", "long hauls", "long-haul"], "syns": [["afar", "country mile", "far cry", "mile"]], "ants": [["hair", "inch", "step", "stone's throw"]], "offensive": false}, "hwi": {"hw": "long haul"}, "fl": "noun", "def": [{"sseq": [[["sense", {"dt": [["text", "a long distance "], ["vis", [{"t": "growing up in suburban New England, I used to think the 10 miles between our house and the mall was a {it}long haul{/it}"}]]], "syn_list": [[{"wd": "afar"}, {"wd": "country mile"}, {"wd": "far cry"}, {"wd": "mile"}]], "rel_list": [[{"wd": "infinity"}, {"wd": "light-year"}]], "ant_list": [[{"wd": "hair"}, {"wd": "inch"}, {"wd": "step"}, {"wd": "stone's throw"}]]}]]]}], "shortdef": ["a long distance"]}, {"meta": {"id": "long-lived", "uuid": "7d4f549a-2ccc-4c1f-9a86-4d4256d35330", "src": "coll_thes", "section": "alpha", "target": {"tuuid": "4e32c560-ddd3-40bd-a15b-431c5b5605ae", "tsrc": "collegiate"}, "stems": ["long-lived"], "syns": [["aged", "aging", "ancient", "elderly", "geriatric", "old", "older", "over-the-hill", "senescent", "senior", "unyoung"], ["extended", "far", "great", "lengthy", "long", "long-drawn-out", "long-term", "marathon"]], "ants": [["young", "youthful"], ["brief", "little", "mini", "short", "shortish", "short-lived", "short-term"]], "offensive": false}, "hwi": {"hw": "long-lived"}, "fl": "adjective", "def": [{"sseq": [[["sense", {"sn": "1", "dt": [["text", "being of advanced years and especially past middle age "], ["vis", [{"t": "that sequoia tree is especially {it}long-lived{/it}, having reached an age generally estimated to be at least 3,000 years"}]]], "syn_list": [[{"wd": "aged"}, {"wd": "aging", "wvrs": [{"wvl": "or", "wva": "ageing"}]}, {"wd": "ancient"}, {"wd": "elderly"}, {"wd": "geriatric"}, {"wd": "old"}, {"wd": "older"}, {"wd": "over-the-hill"}, {"wd": "senescent"}, {"wd": "senior"}, {"wd": "unyoung"}]], "rel_list": [[{"wd": "centenarian"}, {"wd": "nonagenarian"}, {"wd": "octogenarian"}, {"wd": "septuagenarian"}, {"wd": "sexagenarian"}], [{"wd": "oldish"}], [{"wd": "adult"}, {"wd": "grown-up"}, {"wd": "mature"}, {"wd": "middle-aged"}], [{"wd": "pensioned"}, {"wd": "retired"}, {"wd": "superannuated"}], [{"wd": "matriarchal"}, {"wd": "patriarchal"}, {"wd": "venerable"}], [{"wd": "anile"}, {"wd": "decrepit"}, {"wd": "doddering"}, {"wd": "senile"}, {"wd": "spavined"}, {"wd": "tottery"}], [{"wd": "overage", "wvrs": [{"wvl": "also", "wva": "overaged"}]}]], "phrase_list": [[{"wd": "long in the tooth"}, {"wd": "of a certain age"}]], "near_list": [[{"wd": "ageless"}], [{"wd": "youngish"}], [{"wd": "adolescent"}, {"wd": "immature"}, {"wd": "juvenile"}, {"wd": "preteen"}, {"wd": "puerile"}], [{"wd": "minor"}, {"wd": "underage"}], [{"wd": "callow"}, {"wd": "green"}, {"wd": "inexperienced"}, {"wd": "raw"}], [{"wd": "babyish"}, {"wd": "childish"}, {"wd": "childlike"}, {"wd": "infantile"}, {"wd": "infantine"}, {"wd": "kiddish"}]], "ant_list": [[{"wd": "young"}, {"wd": "youthful"}]]}]], [["sense", {"sn": "2", "dt": [["text", "lasting for a considerable time "], ["vis", [{"t": "much to the relief of his parents, the youth's interest in the piano proved to be {it}long-lived{/it}"}]]], "syn_list": [[{"wd": "extended"}, {"wd": "far"}, {"wd": "great"}, {"wd": "lengthy"}, {"wd": "long"}, {"wd": "long-drawn-out", "wvrs": [{"wvl": "or", "wva": "long-drawn"}]}, {"wd": "long-term"}, {"wd": "marathon"}]], "rel_list": [[{"wd": "aeonian", "wvrs": [{"wvl": "or", "wva": "aeonic"}]}, {"wd": "endless"}, {"wd": "everlasting"}, {"wd": "interminable"}, {"wd": "persistent"}], [{"wd": "longish"}, {"wd": "overlong"}, {"wd": "prolonged"}, {"wd": "protracted"}], [{"wd": "permanent"}], [{"wd": "all-day"}, {"wd": "all-night"}], [{"wd": "multiday"}, {"wd": "multiyear"}]], "near_list": [[{"wd": "abrupt"}, {"wd": "sudden"}], [{"wd": "abbreviated"}, {"wd": "condensed"}, {"wd": "curtailed"}, {"wd": "shortened"}], [{"wd": "ephemeral"}, {"wd": "fleeting"}, {"wd": "momentary"}, {"wd": "transient"}, {"wd": "transitory"}], [{"wd": "impermanent"}], [{"wd": "short-range"}]], "ant_list": [[{"wd": "brief"}, {"wd": "little"}, {"wd": "mini"}, {"wd": "short"}, {"wd": "shortish"}, {"wd": "short-lived"}, {"wd": "short-term"}]]}]]]}], "shortdef": ["being of advanced years and especially past middle age", "lasting for a considerable time"]}]