[{"meta": {"id": "lord:1", "uuid": "afcd90de-6be6-406e-84ff-5f2ea31236f3", "sort": "120252400", "src": "collegiate", "section": "alpha", "stems": ["Lords", "lord", "lords"], "offensive": false}, "hom": 1, "hwi": {"hw": "lord", "prs": [{"mw": "\u02c8l\u022frd", "sound": {"audio": "lord0001", "ref": "c", "stat": "1"}}]}, "fl": "noun", "def": [{"sseq": [[["bs", {"sense": {"sn": "1", "dt": [["text", "{bc}one having power and authority over others:"]]}}], ["sense", {"sn": "a", "dt": [["text", "{bc}a ruler by hereditary right or {d_link|preeminence|preeminence} to whom service and obedience are due"]]}], ["sense", {"sn": "b", "dt": [["text", "{bc}one of whom a fee or estate is held in feudal {d_link|tenure|tenure}"]]}], ["sense", {"sn": "c", "dt": [["text", "{bc}an owner of land or other real {dx_def}see {dxt|real:1||2}{/dx_def} property"]]}], ["sense", {"sn": "d", "sls": ["obsolete"], "dt": [["text", "{bc}the male head of a household"]]}], ["sense", {"sn": "e", "dt": [["text", "{bc}{sx|husband||}"]]}], ["sense", {"sn": "f", "dt": [["text", "{bc}one that has achieved mastery or that exercises leadership or great power in some area "], ["vis", [{"t": "a drug {wi}lord{/wi}"}]]]}]], [["sen", {"sn": "2", "lbs": ["capitalized"]}], ["sense", {"sn": "a", "dt": [["text", "{bc}{sx|god||1}"]]}], ["sense", {"sn": "b", "dt": [["text", "{bc}{sx|jesus||}"]]}]], [["bs", {"sense": {"sn": "3", "dt": [["text", "{bc}a man of rank or high position: such as"]]}}], ["sense", {"sn": "a", "dt": [["text", "{bc}a feudal tenant whose right or title comes directly from the king"]]}], ["pseq", [["bs", {"sense": {"sn": "b", "dt": [["text", "{bc}a British nobleman: such as"]]}}], ["sense", {"sn": "(1)", "dt": [["text", "{bc}{sx|baron||2a}"]]}], ["sense", {"sn": "(2)", "dt": [["text", "{bc}a hereditary peer of the rank of {d_link|marquess|marquess}, earl, or {d_link|viscount|viscount}"]]}], ["sense", {"sn": "(3)", "dt": [["text", "{bc}the son of a duke or a marquess or the eldest son of an earl"]]}], ["sense", {"sn": "(4)", "dt": [["text", "{bc}a bishop of the Church of England"]]}]]], ["sense", {"sn": "c", "ins": [{"if": "Lords", "spl": "plural"}], "dt": [["text", "{bc}{sx|house of lords||}"]]}]], [["bs", {"sense": {"sn": "4", "dt": [["uns", [[["text", "used as a British title: such as"]]]]]}}], ["sense", {"sn": "a", "dt": [["uns", [[["text", "used as part of an official title "], ["vis", [{"t": "{it}Lord{/it} Advocate"}, {"t": "{it}Lord{/it} Mayor"}]]]]]]}], ["sense", {"sn": "b", "dt": [["uns", [[["text", "used informally in place of the full title for a marquess, earl, or viscount"]]]]]}], ["sense", {"sn": "c", "dt": [["uns", [[["text", "used for a baron"]]]]]}], ["sense", {"sn": "d", "dt": [["uns", [[["text", "used by courtesy before the name and surname of a younger son of a duke or a marquess"]]]]]}]], [["sense", {"sn": "5", "dt": [["text", "{bc}a person chosen to preside over a festival"]]}]]]}], "et": [["text", "Middle English {it}loverd, lord{/it}, from Old English {it}hl\u0101ford{/it}, from {it}hl\u0101f{/it} loaf + {it}weard{/it} keeper {ma}{mat|loaf|}, {mat|ward|}{/ma}"]], "date": "before 12th century{ds||1||}", "shortdef": ["one having power and authority over others:", "a ruler by hereditary right or preeminence to whom service and obedience are due", "one of whom a fee or estate is held in feudal tenure"]}, {"meta": {"id": "lord:2", "uuid": "8301d6b0-997b-4e17-be68-9ef0acafcbae", "sort": "120252500", "src": "collegiate", "section": "alpha", "stems": ["lord", "lorded", "lording", "lords"], "offensive": false}, "hom": 2, "hwi": {"hw": "lord"}, "fl": "verb", "ins": [{"if": "lord*ed"}, {"if": "lord*ing"}, {"if": "lords"}], "def": [{"vd": "intransitive verb", "sseq": [[["sense", {"dt": [["text", "{bc}to act like a lord"]], "sdsense": {"sd": "especially", "dt": [["text", "{bc}to put on airs "], ["uns", [[["text", "usually used with {it}it{/it} "], ["vis", [{"t": "{wi}lords{/wi} it over his friends"}]]]]]]}}]]]}], "et": [["text", "{dx_ety}see {dxt|lord:1||}{/dx_ety}"]], "date": "14th century", "shortdef": ["to act like a lord; especially : to put on airs \u2014usually used with it"]}, {"meta": {"id": "lord chancellor", "uuid": "15e74811-ed01-4060-a134-8ba04df552d0", "sort": "120252600", "src": "collegiate", "section": "alpha", "stems": ["lord chancellor", "lords chancellor"], "offensive": false}, "hwi": {"hw": "lord chancellor"}, "fl": "noun", "ins": [{"il": "plural", "if": "lords chancellor"}], "def": [{"sseq": [[["sense", {"dt": [["text", "{bc}a British officer of state who presides over the House of Lords in both its legislative and judicial capacities, serves as the head of the British judiciary, and is usually a leading member of the cabinet"]]}]]]}], "date": "15th century", "shortdef": ["a British officer of state who presides over the House of Lords in both its legislative and judicial capacities, serves as the head of the British judiciary, and is usually a leading member of the cabinet"]}, {"meta": {"id": "lord of misrule", "uuid": "bb3e6254-c429-4b29-bb63-41cfde36826a", "sort": "120253000", "src": "collegiate", "section": "alpha", "stems": ["lord of misrule"], "offensive": false}, "hwi": {"hw": "lord of misrule"}, "fl": "noun phrase", "def": [{"sseq": [[["sense", {"dt": [["text", "{bc}a master of Christmas revels in England especially in the 15th and 16th centuries"]]}]]]}], "date": "15th century", "shortdef": ["a master of Christmas revels in England especially in the 15th and 16th centuries"]}, {"meta": {"id": "Lord Protector of the Commonwealth", "uuid": "014d67d5-ea4d-48ee-aa80-460d508b1f03", "sort": "120253200", "src": "collegiate", "section": "alpha", "stems": ["Lord Protector of the Commonwealth", "Lord Protectors of the Commonwealth"], "offensive": false}, "hwi": {"hw": "Lord Protector of the Commonwealth"}, "fl": "noun phrase", "def": [{"sseq": [[["sense", {"dt": [["text", "{bc}{sx|protector||2b}"]]}]]]}], "date": "1653", "shortdef": ["protector"]}, {"meta": {"id": "Lord's day", "uuid": "016e0c96-12e6-4b50-9a5c-044c92a0628e", "sort": "120253300", "src": "collegiate", "section": "alpha", "stems": ["Lord's day", "Lord's days"], "offensive": false}, "hwi": {"hw": "Lord's day"}, "fl": "noun", "lbs": ["often capitalized D"], "def": [{"sseq": [[["sense", {"dt": [["text", "{bc}{sx|sunday||}"]]}]]]}], "date": "12th century", "shortdef": ["sunday"]}, {"meta": {"id": "Lord's Prayer", "uuid": "2c4ecd4a-4ac8-4f49-9f27-e9069f07c996", "sort": "120253500", "src": "collegiate", "section": "alpha", "stems": ["Lord's Prayer", "Lord's Prayers"], "offensive": false}, "hwi": {"hw": "Lord's Prayer"}, "fl": "noun", "def": [{"sseq": [[["sense", {"dt": [["text", "{bc}the prayer with variant versions in Matthew and Luke that according to the Lucan account Christ taught his disciples"]]}]]]}], "date": "circa 1549", "shortdef": ["the prayer with variant versions in Matthew and Luke that according to the Lucan account Christ taught his disciples"]}, {"meta": {"id": "Lord's Supper", "uuid": "0c12e4cc-4ef4-4a4a-86a4-eff7afa5f996", "sort": "120253600", "src": "collegiate", "section": "alpha", "stems": ["Lord's Supper", "Lord's Suppers"], "offensive": false}, "hwi": {"hw": "Lord's Supper"}, "fl": "noun", "def": [{"sseq": [[["sense", {"dt": [["text", "{bc}{sx|communion||2a}"]]}]]]}], "date": "14th century", "shortdef": ["communion"]}, {"meta": {"id": "Lord's table", "uuid": "5196bdab-6997-426a-978f-a53445e0e060", "sort": "120253700", "src": "collegiate", "section": "alpha", "stems": ["Lord's table", "Lord's tables"], "offensive": false}, "hwi": {"hw": "Lord's table"}, "fl": "noun", "lbs": ["often capitalized T"], "def": [{"sseq": [[["sense", {"dt": [["text", "{bc}{sx|altar||2a}"]]}]]]}], "date": "1526", "shortdef": ["altar"]}, {"meta": {"id": "Lord Howe Island:g", "uuid": "9c2ce77e-5fb9-44c8-ab7a-2de0e91a5aed", "sort": "280137000", "src": "collegiate", "section": "geog", "stems": ["Lord Howe Island"], "offensive": false}, "hwi": {"hw": "Lord Howe Island", "prs": [{"mw": "l\u022frd-\u02c8hau\u0307", "sound": {"audio": "gglord01", "ref": "c", "stat": "1"}}]}, "fl": "geographical name", "def": [{"sseq": [[["sense", {"dt": [["text", "island of Australia in the Tasman Sea east-northeast of Sydney belonging to New South Wales {it}area{/it} 5 square miles (13 square kilometers)"]]}]]]}], "shortdef": ["island of Australia in the Tasman Sea east-northeast of Sydney belonging to New South Wales area 5 square miles (13 square kilometers)"]}]