[{"meta": {"id": "mad", "uuid": "cf638e5a-2c53-4830-a994-2f3a9faa6ba0", "src": "coll_thes", "section": "alpha", "target": {"tuuid": "2da61026-8a7f-4c38-bd84-5f64f62e204e", "tsrc": "collegiate"}, "stems": ["mad", "like mad", "madder", "maddest", "maddish"], "syns": [["angered", "angry", "apoplectic", "ballistic", "cheesed off", "choleric", "enraged", "foaming", "fuming", "furious", "hopping", "horn-mad", "hot", "incensed", "indignant", "inflamed", "infuriate", "infuriated", "irate", "ireful", "livid", "outraged", "rabid", "rankled", "riled", "riley", "roiled", "shirty", "sore", "steamed up", "steaming", "teed off", "ticked", "wrathful", "wroth"], ["balmy", "barmy", "bats", "batty", "bedlam", "bonkers", "brainsick", "bughouse", "certifiable", "crackbrained", "cracked", "crackers", "crackpot", "cranky", "crazed", "crazy", "cuckoo", "daffy", "daft", "demented", "deranged", "fruity", "gaga", "haywire", "insane", "kooky", "loco", "loony", "loony tunes", "lunatic", "maniacal", "mental", "meshuga", "moonstruck", "non compos mentis", "nuts", "nutty", "psycho", "psychotic", "scatty", "screwy", "unbalanced", "unhinged", "unsound", "wacko", "wacky", "wud"], ["delirious", "ferocious", "feverish", "fierce", "frantic", "frenetic", "frenzied", "furious", "rabid", "violent", "wild"], ["absurd", "asinine", "balmy", "brainless", "bubbleheaded", "cockeyed", "crackpot", "crazy", "cuckoo", "daffy", "daft", "dippy", "dotty", "fatuous", "featherheaded", "fool", "foolish", "half-baked", "half-witted", "harebrained", "inept", "insane", "jerky", "kooky", "loony", "lunatic", "lunkheaded", "nonsensical", "nutty", "preposterous", "sappy", "screwball", "senseless", "silly", "simpleminded", "stupid", "tomfool", "unwise", "wacky", "weak-minded", "witless", "zany"]], "ants": [["angerless", "delighted", "pleased"], ["balanced", "compos mentis", "sane", "sound", "uncrazy"], ["relaxed"], ["judicious", "prudent", "sagacious", "sage", "sane", "sapient", "sensible", "sound", "wise"]], "offensive": false}, "hwi": {"hw": "mad"}, "fl": "adjective", "def": [{"sseq": [[["sense", {"sn": "1", "dt": [["text", "feeling or showing anger "], ["vis", [{"t": "the constant harassment from telemarketers finally made her good and {it}mad{/it}"}]]], "syn_list": [[{"wd": "angered"}, {"wd": "angry"}, {"wd": "apoplectic"}, {"wd": "ballistic"}, {"wd": "cheesed off", "wsls": ["chiefly British"]}, {"wd": "choleric"}, {"wd": "enraged"}, {"wd": "foaming"}, {"wd": "fuming"}, {"wd": "furious"}, {"wd": "hopping"}, {"wd": "horn-mad"}, {"wd": "hot"}, {"wd": "incensed"}, {"wd": "indignant"}, {"wd": "inflamed", "wvrs": [{"wvl": "also", "wva": "enflamed"}]}, {"wd": "infuriate"}, {"wd": "infuriated"}, {"wd": "irate"}, {"wd": "ireful"}, {"wd": "livid"}, {"wd": "outraged"}, {"wd": "rabid"}, {"wd": "rankled"}, {"wd": "riled"}, {"wd": "riley"}, {"wd": "roiled"}, {"wd": "shirty", "wsls": ["chiefly British"]}, {"wd": "sore"}, {"wd": "steamed up"}, {"wd": "steaming"}, {"wd": "teed off"}, {"wd": "ticked"}, {"wd": "wrathful"}, {"wd": "wroth"}]], "rel_list": [[{"wd": "ranting"}, {"wd": "raving"}, {"wd": "stormy"}], [{"wd": "boiling"}, {"wd": "bristling"}, {"wd": "bristly"}, {"wd": "burning"}, {"wd": "cross"}, {"wd": "huffy"}, {"wd": "passionate"}, {"wd": "seething"}, {"wd": "sizzling"}, {"wd": "smoldering", "wvrs": [{"wvl": "or", "wva": "smouldering"}]}, {"wd": "worked up"}, {"wd": "wrought (up)"}], [{"wd": "acrid"}, {"wd": "acrimonious"}, {"wd": "antagonistic"}, {"wd": "antipathetic"}, {"wd": "bitter"}, {"wd": "embittered"}, {"wd": "inimical"}, {"wd": "malevolent"}, {"wd": "piqued"}, {"wd": "rancorous"}, {"wd": "resentful"}, {"wd": "spiteful"}, {"wd": "vengeful"}, {"wd": "vindictive"}, {"wd": "virulent"}, {"wd": "vitriolic"}], [{"wd": "antisocial"}, {"wd": "cold"}, {"wd": "cool"}, {"wd": "disagreeable"}, {"wd": "disapproving"}, {"wd": "distant"}, {"wd": "frigid"}, {"wd": "icy"}, {"wd": "ill-tempered"}, {"wd": "sorehead", "wvrs": [{"wvl": "or", "wva": "soreheaded"}]}, {"wd": "sulky"}, {"wd": "unfriendly"}, {"wd": "unpleasant"}], [{"wd": "aggravated"}, {"wd": "annoyed"}, {"wd": "bearish"}, {"wd": "bilious"}, {"wd": "cantankerous"}, {"wd": "churlish"}, {"wd": "crabby"}, {"wd": "cranky"}, {"wd": "dyspeptic"}, {"wd": "exasperated"}, {"wd": "fretful"}, {"wd": "fussy"}, {"wd": "grouchy"}, {"wd": "grumpy"}, {"wd": "ill-humored"}, {"wd": "inflammable"}, {"wd": "irascible"}, {"wd": "irritable"}, {"wd": "peevish"}, {"wd": "perturbed"}, {"wd": "petulant"}, {"wd": "put out"}, {"wd": "quick-tempered"}, {"wd": "snappish"}, {"wd": "testy"}, {"wd": "touchy"}], [{"wd": "argumentative"}, {"wd": "belligerent"}, {"wd": "contentious"}, {"wd": "contrary"}, {"wd": "disputatious"}, {"wd": "ornery"}, {"wd": "pugnacious"}, {"wd": "quarrelsome"}, {"wd": "querulous"}]], "phrase_list": [[{"wd": "bent out of shape"}, {"wd": "blue in the face"}, {"wd": "fit to be tied"}, {"wd": "going crook", "wsls": ["Australian & New Zealand"]}, {"wd": "hopping mad"}, {"wd": "hot under the collar"}, {"wd": "in a fume"}, {"wd": "in a huff"}, {"wd": "in a pet"}]], "near_list": [[{"wd": "accepting"}, {"wd": "accommodating"}, {"wd": "obliging"}], [{"wd": "agreeable"}, {"wd": "amenable"}, {"wd": "complaisant"}], [{"wd": "amicable"}, {"wd": "cordial"}, {"wd": "friendly"}], [{"wd": "content"}, {"wd": "happy"}, {"wd": "satisfied"}], [{"wd": "empathetic"}, {"wd": "sympathetic"}, {"wd": "tolerant"}, {"wd": "understanding"}], [{"wd": "calm"}, {"wd": "pacific"}, {"wd": "peaceable"}, {"wd": "placid"}, {"wd": "serene"}, {"wd": "tranquil"}, {"wd": "unembittered"}], [{"wd": "affable"}, {"wd": "amiable"}, {"wd": "easygoing"}, {"wd": "genial"}, {"wd": "good-natured"}, {"wd": "good-tempered"}, {"wd": "kind"}, {"wd": "pleasant"}, {"wd": "sweet"}]], "ant_list": [[{"wd": "angerless"}, {"wd": "delighted"}, {"wd": "pleased"}]]}]], [["sense", {"sn": "2", "dt": [["text", "having or showing a very abnormal or sick state of mind "], ["vis", [{"t": "the man who thinks he's been turned into a bug is clearly {it}mad{/it}"}]]], "syn_list": [[{"wd": "balmy"}, {"wd": "barmy", "wsls": ["chiefly British"]}, {"wd": "bats"}, {"wd": "batty"}, {"wd": "bedlam"}, {"wd": "bonkers"}, {"wd": "brainsick"}, {"wd": "bughouse", "wsls": ["slang"]}, {"wd": "certifiable"}, {"wd": "crackbrained"}, {"wd": "cracked"}, {"wd": "crackers"}, {"wd": "crackpot"}, {"wd": "cranky", "wsls": ["dialect"]}, {"wd": "crazed"}, {"wd": "crazy"}, {"wd": "cuckoo"}, {"wd": "daffy"}, {"wd": "daft"}, {"wd": "demented"}, {"wd": "deranged"}, {"wd": "fruity", "wsls": ["slang"]}, {"wd": "gaga"}, {"wd": "haywire"}, {"wd": "insane"}, {"wd": "kooky", "wvrs": [{"wvl": "also", "wva": "kookie"}]}, {"wd": "loco", "wsls": ["slang"]}, {"wd": "loony", "wvrs": [{"wvl": "also", "wva": "looney"}]}, {"wd": "loony tunes", "wvrs": [{"wvl": "or", "wva": "looney tunes"}]}, {"wd": "lunatic"}, {"wd": "maniacal", "wvrs": [{"wvl": "also", "wva": "maniac"}]}, {"wd": "mental"}, {"wd": "meshuga", "wvrs": [{"wvl": "or", "wva": "meshugge"}, {"wvl": "also", "wva": "meshugah"}, {"wvl": "or", "wva": "meshuggah"}]}, {"wd": "moonstruck"}, {"wd": "non compos mentis"}, {"wd": "nuts"}, {"wd": "nutty"}, {"wd": "psycho"}, {"wd": "psychotic"}, {"wd": "scatty", "wsls": ["chiefly British"]}, {"wd": "screwy"}, {"wd": "unbalanced"}, {"wd": "unhinged"}, {"wd": "unsound"}, {"wd": "wacko", "wvrs": [{"wvl": "also", "wva": "whacko"}]}, {"wd": "wacky", "wvrs": [{"wvl": "also", "wva": "whacky"}]}, {"wd": "wud", "wsls": ["chiefly Scottish"]}]], "rel_list": [[{"wd": "dotty"}, {"wd": "fey"}, {"wd": "loopy"}, {"wd": "off"}, {"wd": "potty", "wsls": ["chiefly British"]}, {"wd": "teched", "wvrs": [{"wvl": "or", "wva": "tetched"}]}, {"wd": "touched"}], [{"wd": "aberrant"}, {"wd": "delirious"}, {"wd": "delusional"}, {"wd": "delusionary"}, {"wd": "disordered"}, {"wd": "disturbed"}, {"wd": "neurotic"}, {"wd": "obsessive-compulsive"}, {"wd": "paranoiac", "wvrs": [{"wvl": "also", "wva": "paranoic"}]}, {"wd": "paranoid", "wvrs": [{"wvl": "also", "wva": "paranoidal"}]}, {"wd": "schizoid"}, {"wd": "schizophrenic"}, {"wd": "sociopathic"}], [{"wd": "eccentric"}, {"wd": "odd"}, {"wd": "oddball"}, {"wd": "pixilated", "wvrs": [{"wvl": "also", "wva": "pixillated"}]}, {"wd": "queer"}, {"wd": "strange"}], [{"wd": "foolish"}, {"wd": "senseless"}, {"wd": "witless"}], [{"wd": "irrational"}, {"wd": "unreasonable"}], [{"wd": "amok", "wvrs": [{"wvl": "or", "wva": "amuck"}]}, {"wd": "ape"}, {"wd": "ballistic"}, {"wd": "bananas"}, {"wd": "berserk"}, {"wd": "nuclear"}], [{"wd": "depressed"}], [{"wd": "distracted"}, {"wd": "distraught"}, {"wd": "frantic"}, {"wd": "frenzied"}, {"wd": "hysterical", "wvrs": [{"wvl": "also", "wva": "hysteric"}]}, {"wd": "raving"}, {"wd": "wigged-out"}], [{"wd": "fixated"}, {"wd": "monomaniac"}, {"wd": "monomaniacal"}, {"wd": "obsessed"}]], "phrase_list": [[{"wd": "around the bend"}, {"wd": "off one's gourd"}, {"wd": "off one's head"}, {"wd": "off one's rocker"}, {"wd": "out of one's head", "wvrs": [{"wvl": "or", "wva": "out of one's mind"}]}, {"wd": "out to lunch", "wsls": ["slang"]}]], "near_list": [[{"wd": "clear"}, {"wd": "lucid"}, {"wd": "rational"}, {"wd": "reasonable"}], [{"wd": "judicious"}, {"wd": "sensible"}, {"wd": "wise"}], [{"wd": "healthy"}, {"wd": "normal"}, {"wd": "well-adjusted"}], [{"wd": "unneurotic"}]], "ant_list": [[{"wd": "balanced"}, {"wd": "compos mentis"}, {"wd": "sane"}, {"wd": "sound"}, {"wd": "uncrazy"}]]}]], [["sense", {"sn": "3", "dt": [["text", "marked by great and often stressful excitement or activity "], ["vis", [{"t": "a {it}mad{/it} rush to finish the shopping before Christmas"}]]], "syn_list": [[{"wd": "delirious"}, {"wd": "ferocious"}, {"wd": "feverish"}, {"wd": "fierce"}, {"wd": "frantic"}, {"wd": "frenetic"}, {"wd": "frenzied"}, {"wd": "furious"}, {"wd": "rabid"}, {"wd": "violent"}, {"wd": "wild"}]], "rel_list": [[{"wd": "concentrated"}, {"wd": "high-pressured"}, {"wd": "intense"}, {"wd": "intensive"}, {"wd": "vehement"}], [{"wd": "excessive"}, {"wd": "exorbitant"}, {"wd": "extravagant"}, {"wd": "extreme"}, {"wd": "immoderate"}, {"wd": "inordinate"}, {"wd": "lavish"}, {"wd": "overmuch"}, {"wd": "overweening"}, {"wd": "unconscionable"}, {"wd": "undue"}], [{"wd": "crazed"}, {"wd": "crazy"}, {"wd": "demented"}, {"wd": "deranged"}, {"wd": "insane"}, {"wd": "irrational"}, {"wd": "lunatic"}, {"wd": "maniacal", "wvrs": [{"wvl": "also", "wva": "maniac"}]}]], "near_list": [[{"wd": "calm"}, {"wd": "peaceful"}, {"wd": "placid"}, {"wd": "quiet"}, {"wd": "serene"}, {"wd": "subdued"}, {"wd": "tranquil"}, {"wd": "undisturbed"}, {"wd": "unperturbed"}, {"wd": "untroubled"}], [{"wd": "moderate"}, {"wd": "reasonable"}, {"wd": "temperate"}], [{"wd": "casual"}, {"wd": "easygoing"}, {"wd": "low-pressure"}], [{"wd": "balanced"}, {"wd": "sane"}, {"wd": "sound"}]], "ant_list": [[{"wd": "relaxed"}]]}]], [["sense", {"sn": "4", "dt": [["text", "showing or marked by a lack of good sense or judgment "], ["vis", [{"t": "her {it}mad{/it} decision to quit a good job and run off to the big city with a man she barely knew"}]]], "syn_list": [[{"wd": "absurd"}, {"wd": "asinine"}, {"wd": "balmy"}, {"wd": "brainless"}, {"wd": "bubbleheaded"}, {"wd": "cockeyed"}, {"wd": "crackpot"}, {"wd": "crazy"}, {"wd": "cuckoo"}, {"wd": "daffy"}, {"wd": "daft"}, {"wd": "dippy"}, {"wd": "dotty"}, {"wd": "fatuous"}, {"wd": "featherheaded"}, {"wd": "fool"}, {"wd": "foolish"}, {"wd": "half-baked"}, {"wd": "half-witted"}, {"wd": "harebrained"}, {"wd": "inept"}, {"wd": "insane"}, {"wd": "jerky"}, {"wd": "kooky", "wvrs": [{"wvl": "also", "wva": "kookie"}]}, {"wd": "loony", "wvrs": [{"wvl": "also", "wva": "looney"}]}, {"wd": "lunatic"}, {"wd": "lunkheaded"}, {"wd": "nonsensical"}, {"wd": "nutty"}, {"wd": "preposterous"}, {"wd": "sappy"}, {"wd": "screwball"}, {"wd": "senseless"}, {"wd": "silly"}, {"wd": "simpleminded"}, {"wd": "stupid"}, {"wd": "tomfool"}, {"wd": "unwise"}, {"wd": "wacky", "wvrs": [{"wvl": "also", "wva": "whacky"}]}, {"wd": "weak-minded"}, {"wd": "witless"}, {"wd": "zany"}]], "rel_list": [[{"wd": "airheaded"}, {"wd": "birdbrained"}, {"wd": "boobish"}, {"wd": "brain-dead"}, {"wd": "chowderheaded"}, {"wd": "chuckleheaded"}, {"wd": "clueless"}, {"wd": "dense"}, {"wd": "dim"}, {"wd": "dim-witted"}, {"wd": "doltish"}, {"wd": "dopey", "wvrs": [{"wvl": "also", "wva": "dopy"}]}, {"wd": "dorky", "wsls": ["slang"]}, {"wd": "dull"}, {"wd": "dumb"}, {"wd": "dunderheaded"}, {"wd": "empty-headed"}, {"wd": "feebleminded"}, {"wd": "gormless", "wsls": ["chiefly British"]}, {"wd": "idiotic", "wvrs": [{"wvl": "also", "wva": "idiotical"}]}, {"wd": "imbecile", "wvrs": [{"wvl": "or", "wva": "imbecilic"}]}, {"wd": "knuckleheaded"}, {"wd": "lamebrain", "wvrs": [{"wvl": "or", "wva": "lamebrained"}]}, {"wd": "mindless"}, {"wd": "moronic"}, {"wd": "oafish"}, {"wd": "obtuse"}, {"wd": "opaque"}, {"wd": "pinheaded"}, {"wd": "simple"}, {"wd": "slow"}, {"wd": "slow-witted"}, {"wd": "soft"}, {"wd": "softheaded"}, {"wd": "thoughtless"}, {"wd": "thick"}, {"wd": "thickheaded"}, {"wd": "unintelligent"}, {"wd": "vacuous"}], [{"wd": "fallacious"}, {"wd": "illogical"}, {"wd": "invalid"}, {"wd": "irrational"}, {"wd": "nonrational"}, {"wd": "surd"}, {"wd": "unreasonable"}, {"wd": "unreasoning"}, {"wd": "unsound"}, {"wd": "weak"}], [{"wd": "farcical"}, {"wd": "laughable"}, {"wd": "ludicrous"}, {"wd": "ridiculous"}], [{"wd": "notional"}], [{"wd": "buffoonish"}, {"wd": "clownish"}], [{"wd": "ill-advised"}, {"wd": "unconsidered"}, {"wd": "unreasoned"}]], "phrase_list": [[{"wd": "out to lunch"}]], "near_list": [[{"wd": "brainy"}, {"wd": "bright"}, {"wd": "clever"}, {"wd": "intelligent"}, {"wd": "smart"}], [{"wd": "logical"}, {"wd": "rational"}, {"wd": "reasonable"}, {"wd": "valid"}], [{"wd": "well-advised"}]], "ant_list": [[{"wd": "judicious"}, {"wd": "prudent"}, {"wd": "sagacious"}, {"wd": "sage"}, {"wd": "sane"}, {"wd": "sapient"}, {"wd": "sensible"}, {"wd": "sound"}, {"wd": "wise"}]]}]]]}], "shortdef": ["feeling or showing anger", "having or showing a very abnormal or sick state of mind", "marked by great and often stressful excitement or activity"]}, {"meta": {"id": "mad", "uuid": "fc7fa45f-fb8a-4e4f-9c1b-7fef1fa6c6b8", "src": "coll_thes", "section": "alpha", "target": {"tuuid": "67379388-72f9-4fe9-87d0-f4045bbe36e0", "tsrc": "collegiate"}, "stems": ["mad", "mads"], "syns": [["anger", "angriness", "birse", "choler", "furor", "fury", "indignation", "irateness", "ire", "lividity", "lividness", "madness", "mood", "outrage", "rage", "spleen", "wrath", "wrathfulness"]], "ants": [["delight", "pleasure"]], "offensive": false}, "hwi": {"hw": "mad"}, "fl": "noun", "def": [{"sseq": [[["sense", {"dt": [["text", "an intense emotional state of displeasure with someone or something "], ["vis", [{"t": "watch out, the boss has got a bit of a {it}mad{/it} on just now"}]]], "syn_list": [[{"wd": "anger"}, {"wd": "angriness"}, {"wd": "birse", "wsls": ["chiefly Scottish"]}, {"wd": "choler"}, {"wd": "furor"}, {"wd": "fury"}, {"wd": "indignation"}, {"wd": "irateness"}, {"wd": "ire"}, {"wd": "lividity"}, {"wd": "lividness"}, {"wd": "madness"}, {"wd": "mood", "wsls": ["archaic"]}, {"wd": "outrage"}, {"wd": "rage"}, {"wd": "spleen"}, {"wd": "wrath"}, {"wd": "wrathfulness"}]], "rel_list": [[{"wd": "aggravation"}, {"wd": "annoyance"}, {"wd": "exasperation"}, {"wd": "irritation"}, {"wd": "vexation"}], [{"wd": "acrimoniousness"}, {"wd": "acrimony"}, {"wd": "animosity"}, {"wd": "antagonism"}, {"wd": "antipathy"}, {"wd": "bile"}, {"wd": "biliousness"}, {"wd": "bitterness"}, {"wd": "contempt"}, {"wd": "embitterment"}, {"wd": "empoisonment"}, {"wd": "enmity"}, {"wd": "grudge"}, {"wd": "hostility"}, {"wd": "rancor"}], [{"wd": "envy"}, {"wd": "jaundice"}, {"wd": "jealousy"}, {"wd": "pique"}, {"wd": "resentment"}], [{"wd": "malevolence"}, {"wd": "malice"}, {"wd": "spite"}, {"wd": "vengefulness"}, {"wd": "venom"}, {"wd": "vindictiveness"}, {"wd": "virulence"}, {"wd": "vitriol"}], [{"wd": "belligerence"}, {"wd": "contentiousness"}, {"wd": "contrariness"}, {"wd": "crankiness"}, {"wd": "disputatiousness"}, {"wd": "hot-headedness"}, {"wd": "irascibility"}, {"wd": "irascibleness"}, {"wd": "irritability"}, {"wd": "orneriness"}, {"wd": "pugnaciousness"}, {"wd": "pugnacity"}, {"wd": "quarrelsomeness"}, {"wd": "querulousness"}], [{"wd": "blowup"}, {"wd": "flare"}, {"wd": "flare-up"}, {"wd": "outburst"}], [{"wd": "chafe"}, {"wd": "dander"}, {"wd": "dudgeon"}, {"wd": "huff"}, {"wd": "pet"}, {"wd": "rise"}, {"wd": "ruffle"}, {"wd": "temper"}], [{"wd": "air rage"}, {"wd": "road rage"}], [{"wd": "delirium"}, {"wd": "heat"}, {"wd": "passion"}, {"wd": "warmth"}]], "phrase_list": [[{"wd": "slow burn"}]], "near_list": [[{"wd": "calmness"}, {"wd": "forbearance"}, {"wd": "patience"}]], "ant_list": [[{"wd": "delight"}, {"wd": "pleasure"}]]}]]]}], "shortdef": ["an intense emotional state of displeasure with someone or something"]}, {"meta": {"id": "mad", "uuid": "cf452467-b5df-4498-a88a-58babce7e049", "src": "coll_thes", "section": "alpha", "target": {"tuuid": "5dcc6060-eea6-488c-a170-99e9e908ff5c", "tsrc": "collegiate"}, "stems": ["mad", "madded", "madding", "mads"], "syns": [["anger", "enrage", "incense", "inflame", "infuriate", "ire", "madden", "outrage", "rankle", "rile", "roil", "steam up", "tick off"]], "ants": [["delight", "gratify", "please"]], "offensive": false}, "hwi": {"hw": "mad"}, "fl": "verb", "def": [{"sseq": [[["sense", {"dt": [["text", "to make angry "], ["vis", [{"t": "her endless excuses for not doing the work {it}madded{/it} her overburdened coworkers"}]]], "syn_list": [[{"wd": "anger"}, {"wd": "enrage"}, {"wd": "incense"}, {"wd": "inflame", "wvrs": [{"wvl": "also", "wva": "enflame"}]}, {"wd": "infuriate"}, {"wd": "ire"}, {"wd": "madden"}, {"wd": "outrage"}, {"wd": "rankle"}, {"wd": "rile"}, {"wd": "roil"}, {"wd": "steam up"}, {"wd": "tick off"}]], "rel_list": [[{"wd": "affront"}, {"wd": "aggravate"}, {"wd": "annoy"}, {"wd": "burn (up)"}, {"wd": "cross"}, {"wd": "exasperate"}, {"wd": "get"}, {"wd": "huff"}, {"wd": "irritate"}, {"wd": "miff"}, {"wd": "nettle"}, {"wd": "offend"}, {"wd": "peeve"}, {"wd": "pique"}, {"wd": "provoke"}, {"wd": "put out"}, {"wd": "ruffle"}, {"wd": "vex"}], [{"wd": "antagonize"}, {"wd": "embitter"}, {"wd": "envenom"}]], "phrase_list": [[{"wd": "get one's goat"}, {"wd": "rub the wrong way"}]], "near_list": [[{"wd": "allay"}, {"wd": "assuage"}, {"wd": "relieve"}], [{"wd": "comfort"}, {"wd": "console"}, {"wd": "soothe"}], [{"wd": "appease"}, {"wd": "conciliate"}, {"wd": "mollify"}, {"wd": "pacify"}, {"wd": "placate"}], [{"wd": "calm"}, {"wd": "lull"}, {"wd": "quiet"}, {"wd": "settle"}], [{"wd": "beguile"}, {"wd": "bewitch"}, {"wd": "captivate"}, {"wd": "charm"}, {"wd": "disarm"}, {"wd": "enchant"}]], "ant_list": [[{"wd": "delight"}, {"wd": "gratify"}, {"wd": "please"}]]}]]]}], "shortdef": ["to make angry"]}, {"meta": {"id": "mad (about)", "uuid": "603f7aa5-4d77-42ed-9b7a-fba308f258a9", "src": "coll_thes", "section": "alpha", "stems": ["mad (about)", "mad", "mad about", "like mad", "madder", "maddest", "maddish"], "syns": [["besotted (by)", "crazy (about or over)", "dotty (over)", "enamored (of)", "enraptured (by)", "gaga (over)", "gone (on)", "infatuated (with)", "nuts (about)"]], "ants": [], "offensive": false}, "hwi": {"hw": "mad (about)"}, "fl": "adjective", "def": [{"sseq": [[["sense", {"dt": [["text", "filled with an intense or excessive love for "], ["vis", [{"t": "he's virtually inseparable from his new girlfriend and seems to be just {it}mad about{/it} her"}]]], "syn_list": [[{"wd": "besotted (by)"}, {"wd": "crazy (about or over)"}, {"wd": "dotty (over)"}, {"wd": "enamored (of)"}, {"wd": "enraptured (by)"}, {"wd": "gaga (over)"}, {"wd": "gone (on)"}, {"wd": "infatuated (with)"}, {"wd": "nuts (about)"}]], "rel_list": [[{"wd": "hung up (on)"}, {"wd": "obsessed"}], [{"wd": "foolish"}, {"wd": "silly"}, {"wd": "wild"}], [{"wd": "bewitched"}, {"wd": "captivated"}, {"wd": "charmed"}, {"wd": "enchanted"}, {"wd": "entranced"}, {"wd": "fascinated"}]], "phrase_list": [[{"wd": "stuck on"}, {"wd": "sweet on"}]], "near_list": [[{"wd": "cool"}, {"wd": "detached"}, {"wd": "unenchanted"}, {"wd": "unimpressed"}], [{"wd": "disenchanted"}, {"wd": "disillusioned"}], [{"wd": "heart-free"}]]}]]]}], "shortdef": ["filled with an intense or excessive love for"]}, {"meta": {"id": "mad money", "uuid": "111d207d-e2d4-409b-8937-0b497bf39ac8", "src": "CTcompile", "section": "alpha", "stems": ["mad money"], "syns": [["petty cash", "pin money", "pocket money", "spending money", "resources", "wherewithal", "abundance", "means", "opulence", "riches", "treasure", "wealth", "big bucks", "bomb", "boodle", "bundle", "earth", "fortune", "king's ransom", "megabucks", "mint", "packet", "pile", "pot", "chump change", "dibs", "dime", "mite", "peanuts", "pittance", "shoestring", "bankroll", "capital", "finances", "funds", "roll", "wad", "wallet", "bill", "dollar", "greenback", "banknote", "cashier's check", "check", "draft", "money order", "note", "promissory note", "dead presidents", "folding money", "paper money", "scrip"]], "ants": [], "offensive": false}, "hwi": {"hw": "mad money"}, "fl": "noun", "def": [{"sseq": [[["sense", {"dt": [["text", "as in {it}pocket money{/it}, {it}spending money{/it}"]], "sim_list": [[{"wd": "petty cash"}, {"wd": "pin money"}, {"wd": "pocket money"}, {"wd": "spending money"}], [{"wd": "resources"}, {"wd": "wherewithal"}], [{"wd": "abundance"}, {"wd": "means"}, {"wd": "opulence"}, {"wd": "riches"}, {"wd": "treasure"}, {"wd": "wealth"}], [{"wd": "big bucks"}, {"wd": "bomb", "wsls": ["British"]}, {"wd": "boodle"}, {"wd": "bundle"}, {"wd": "earth"}, {"wd": "fortune"}, {"wd": "king's ransom"}, {"wd": "megabucks"}, {"wd": "mint"}, {"wd": "packet", "wsls": ["chiefly British"]}, {"wd": "pile"}, {"wd": "pot"}], [{"wd": "chump change"}, {"wd": "dibs", "wsls": ["slang"]}, {"wd": "dime"}, {"wd": "mite"}, {"wd": "peanuts"}, {"wd": "pittance"}, {"wd": "shoestring"}], [{"wd": "bankroll"}, {"wd": "capital"}, {"wd": "finances"}, {"wd": "funds"}, {"wd": "roll", "wsls": ["slang"]}, {"wd": "wad"}, {"wd": "wallet"}], [{"wd": "bill"}, {"wd": "dollar"}, {"wd": "greenback"}], [{"wd": "banknote"}, {"wd": "cashier's check"}, {"wd": "check"}, {"wd": "draft"}, {"wd": "money order"}, {"wd": "note"}, {"wd": "promissory note"}], [{"wd": "dead presidents", "wsls": ["slang"]}, {"wd": "folding money"}, {"wd": "paper money"}, {"wd": "scrip"}]]}]]]}], "shortdef": ["as in pocket money, spending money"]}, {"meta": {"id": "horn-mad", "uuid": "184150cc-6847-459b-a30c-7666df0be70c", "src": "coll_thes", "section": "alpha", "target": {"tuuid": "cd65117b-4db8-45dd-b092-a4bb6e27899d", "tsrc": "collegiate"}, "stems": ["horn-mad"], "syns": [["angered", "angry", "apoplectic", "ballistic", "cheesed off", "choleric", "enraged", "foaming", "fuming", "furious", "hopping", "hot", "incensed", "indignant", "inflamed", "infuriate", "infuriated", "irate", "ireful", "livid", "mad", "outraged", "rabid", "rankled", "riled", "riley", "roiled", "shirty", "sore", "steamed up", "steaming", "teed off", "ticked", "wrathful", "wroth"]], "ants": [["angerless", "delighted", "pleased"]], "offensive": false}, "hwi": {"hw": "horn-mad"}, "fl": "adjective", "def": [{"sseq": [[["sense", {"dt": [["text", "feeling or showing anger "], ["vis", [{"t": "the residents were {it}horn-mad{/it} when they found out their housing community had been built on a waste dump site"}]]], "syn_list": [[{"wd": "angered"}, {"wd": "angry"}, {"wd": "apoplectic"}, {"wd": "ballistic"}, {"wd": "cheesed off", "wsls": ["chiefly British"]}, {"wd": "choleric"}, {"wd": "enraged"}, {"wd": "foaming"}, {"wd": "fuming"}, {"wd": "furious"}, {"wd": "hopping"}, {"wd": "hot"}, {"wd": "incensed"}, {"wd": "indignant"}, {"wd": "inflamed", "wvrs": [{"wvl": "also", "wva": "enflamed"}]}, {"wd": "infuriate"}, {"wd": "infuriated"}, {"wd": "irate"}, {"wd": "ireful"}, {"wd": "livid"}, {"wd": "mad"}, {"wd": "outraged"}, {"wd": "rabid"}, {"wd": "rankled"}, {"wd": "riled"}, {"wd": "riley"}, {"wd": "roiled"}, {"wd": "shirty", "wsls": ["chiefly British"]}, {"wd": "sore"}, {"wd": "steamed up"}, {"wd": "steaming"}, {"wd": "teed off"}, {"wd": "ticked"}, {"wd": "wrathful"}, {"wd": "wroth"}]], "rel_list": [[{"wd": "ranting"}, {"wd": "raving"}, {"wd": "stormy"}], [{"wd": "boiling"}, {"wd": "bristling"}, {"wd": "bristly"}, {"wd": "burning"}, {"wd": "cross"}, {"wd": "huffy"}, {"wd": "passionate"}, {"wd": "seething"}, {"wd": "sizzling"}, {"wd": "smoldering", "wvrs": [{"wvl": "or", "wva": "smouldering"}]}, {"wd": "worked up"}, {"wd": "wrought (up)"}], [{"wd": "acrid"}, {"wd": "acrimonious"}, {"wd": "antagonistic"}, {"wd": "antipathetic"}, {"wd": "bitter"}, {"wd": "embittered"}, {"wd": "inimical"}, {"wd": "malevolent"}, {"wd": "piqued"}, {"wd": "rancorous"}, {"wd": "resentful"}, {"wd": "spiteful"}, {"wd": "vengeful"}, {"wd": "vindictive"}, {"wd": "virulent"}, {"wd": "vitriolic"}], [{"wd": "antisocial"}, {"wd": "cold"}, {"wd": "cool"}, {"wd": "disagreeable"}, {"wd": "disapproving"}, {"wd": "distant"}, {"wd": "frigid"}, {"wd": "icy"}, {"wd": "ill-tempered"}, {"wd": "sorehead", "wvrs": [{"wvl": "or", "wva": "soreheaded"}]}, {"wd": "sulky"}, {"wd": "unfriendly"}, {"wd": "unpleasant"}], [{"wd": "aggravated"}, {"wd": "annoyed"}, {"wd": "bearish"}, {"wd": "bilious"}, {"wd": "cantankerous"}, {"wd": "churlish"}, {"wd": "crabby"}, {"wd": "cranky"}, {"wd": "dyspeptic"}, {"wd": "exasperated"}, {"wd": "fretful"}, {"wd": "fussy"}, {"wd": "grouchy"}, {"wd": "grumpy"}, {"wd": "ill-humored"}, {"wd": "inflammable"}, {"wd": "irascible"}, {"wd": "irritable"}, {"wd": "peevish"}, {"wd": "perturbed"}, {"wd": "petulant"}, {"wd": "put out"}, {"wd": "quick-tempered"}, {"wd": "snappish"}, {"wd": "testy"}, {"wd": "touchy"}], [{"wd": "argumentative"}, {"wd": "belligerent"}, {"wd": "contentious"}, {"wd": "contrary"}, {"wd": "disputatious"}, {"wd": "ornery"}, {"wd": "pugnacious"}, {"wd": "quarrelsome"}, {"wd": "querulous"}]], "phrase_list": [[{"wd": "bent out of shape"}, {"wd": "blue in the face"}, {"wd": "fit to be tied"}, {"wd": "going crook", "wsls": ["Australian & New Zealand"]}, {"wd": "hopping mad"}, {"wd": "hot under the collar"}, {"wd": "in a fume"}, {"wd": "in a huff"}, {"wd": "in a pet"}]], "near_list": [[{"wd": "accepting"}, {"wd": "accommodating"}, {"wd": "obliging"}], [{"wd": "agreeable"}, {"wd": "amenable"}, {"wd": "complaisant"}], [{"wd": "amicable"}, {"wd": "cordial"}, {"wd": "friendly"}], [{"wd": "content"}, {"wd": "happy"}, {"wd": "satisfied"}], [{"wd": "empathetic"}, {"wd": "sympathetic"}, {"wd": "tolerant"}, {"wd": "understanding"}], [{"wd": "calm"}, {"wd": "pacific"}, {"wd": "peaceable"}, {"wd": "placid"}, {"wd": "serene"}, {"wd": "tranquil"}, {"wd": "unembittered"}], [{"wd": "affable"}, {"wd": "amiable"}, {"wd": "easygoing"}, {"wd": "genial"}, {"wd": "good-natured"}, {"wd": "good-tempered"}, {"wd": "kind"}, {"wd": "pleasant"}, {"wd": "sweet"}]], "ant_list": [[{"wd": "angerless"}, {"wd": "delighted"}, {"wd": "pleased"}]]}]]]}], "shortdef": ["feeling or showing anger"]}, {"meta": {"id": "hopping mad", "uuid": "a6cf56e1-5221-4a37-aec6-59e2839c3336", "src": "CTenhance", "section": "phrases", "stems": ["hopping mad"], "syns": [["angered", "angry", "apoplectic", "ballistic", "cheesed off", "choleric", "enraged", "foaming", "fuming", "furious", "hopping", "horn-mad", "hot", "incensed", "indignant", "inflamed", "infuriate", "infuriated", "irate", "ireful", "livid", "mad", "outraged", "rabid", "rankled", "riled", "riley", "roiled", "shirty", "sore", "steamed up", "steaming", "teed off", "ticked", "wrathful", "wroth"]], "ants": [["angerless", "delighted", "pleased"]], "offensive": false}, "hwi": {"hw": "hopping mad"}, "fl": "phrase", "def": [{"sseq": [[["sense", {"dt": [["text", "feeling or showing anger "], ["vis", [{"t": "Abbie was {it}hopping mad{/it} to hear that classmates had been spreading rumors about her."}]]], "syn_list": [[{"wd": "angered"}, {"wd": "angry"}, {"wd": "apoplectic"}, {"wd": "ballistic"}, {"wd": "cheesed off", "wsls": ["chiefly British"]}, {"wd": "choleric"}, {"wd": "enraged"}, {"wd": "foaming"}, {"wd": "fuming"}, {"wd": "furious"}, {"wd": "hopping"}, {"wd": "horn-mad"}, {"wd": "hot"}, {"wd": "incensed"}, {"wd": "indignant"}, {"wd": "inflamed", "wvrs": [{"wvl": "also", "wva": "enflamed"}]}, {"wd": "infuriate"}, {"wd": "infuriated"}, {"wd": "irate"}, {"wd": "ireful"}, {"wd": "livid"}, {"wd": "mad"}, {"wd": "outraged"}, {"wd": "rabid"}, {"wd": "rankled"}, {"wd": "riled"}, {"wd": "riley"}, {"wd": "roiled"}, {"wd": "shirty", "wsls": ["chiefly British"]}, {"wd": "sore"}, {"wd": "steamed up"}, {"wd": "steaming"}, {"wd": "teed off"}, {"wd": "ticked"}, {"wd": "wrathful"}, {"wd": "wroth"}]], "rel_list": [[{"wd": "ranting"}, {"wd": "raving"}, {"wd": "stormy"}], [{"wd": "boiling"}, {"wd": "bristling"}, {"wd": "bristly"}, {"wd": "burning"}, {"wd": "cross"}, {"wd": "huffy"}, {"wd": "passionate"}, {"wd": "seething"}, {"wd": "sizzling"}, {"wd": "smoldering", "wvrs": [{"wvl": "or", "wva": "smouldering"}]}, {"wd": "worked up"}, {"wd": "wrought (up)"}], [{"wd": "acrid"}, {"wd": "acrimonious"}, {"wd": "antagonistic"}, {"wd": "antipathetic"}, {"wd": "bitter"}, {"wd": "embittered"}, {"wd": "inimical"}, {"wd": "malevolent"}, {"wd": "piqued"}, {"wd": "rancorous"}, {"wd": "resentful"}, {"wd": "spiteful"}, {"wd": "vengeful"}, {"wd": "vindictive"}, {"wd": "virulent"}, {"wd": "vitriolic"}], [{"wd": "antisocial"}, {"wd": "cold"}, {"wd": "cool"}, {"wd": "disagreeable"}, {"wd": "disapproving"}, {"wd": "distant"}, {"wd": "frigid"}, {"wd": "icy"}, {"wd": "ill-tempered"}, {"wd": "sorehead", "wvrs": [{"wvl": "or", "wva": "soreheaded"}]}, {"wd": "sulky"}, {"wd": "unfriendly"}, {"wd": "unpleasant"}], [{"wd": "aggravated"}, {"wd": "annoyed"}, {"wd": "bearish"}, {"wd": "bilious"}, {"wd": "cantankerous"}, {"wd": "churlish"}, {"wd": "crabby"}, {"wd": "cranky"}, {"wd": "dyspeptic"}, {"wd": "exasperated"}, {"wd": "fretful"}, {"wd": "fussy"}, {"wd": "grouchy"}, {"wd": "grumpy"}, {"wd": "ill-humored"}, {"wd": "inflammable"}, {"wd": "irascible"}, {"wd": "irritable"}, {"wd": "peevish"}, {"wd": "perturbed"}, {"wd": "petulant"}, {"wd": "put out"}, {"wd": "quick-tempered"}, {"wd": "snappish"}, {"wd": "testy"}, {"wd": "touchy"}], [{"wd": "argumentative"}, {"wd": "belligerent"}, {"wd": "contentious"}, {"wd": "contrary"}, {"wd": "disputatious"}, {"wd": "ornery"}, {"wd": "pugnacious"}, {"wd": "quarrelsome"}, {"wd": "querulous"}]], "phrase_list": [[{"wd": "bent out of shape"}, {"wd": "blue in the face"}, {"wd": "fit to be tied"}, {"wd": "going crook", "wsls": ["Australia & New Zealand"]}, {"wd": "hot under the collar"}, {"wd": "in a fume"}, {"wd": "in a huff"}, {"wd": "in a pet"}]], "near_list": [[{"wd": "accepting"}, {"wd": "accommodating"}, {"wd": "obliging"}], [{"wd": "agreeable"}, {"wd": "amenable"}, {"wd": "complaisant"}], [{"wd": "amicable"}, {"wd": "cordial"}, {"wd": "friendly"}], [{"wd": "content"}, {"wd": "happy"}, {"wd": "satisfied"}], [{"wd": "empathetic"}, {"wd": "sympathetic"}, {"wd": "tolerant"}, {"wd": "understanding"}], [{"wd": "calm"}, {"wd": "pacific"}, {"wd": "peaceable"}, {"wd": "placid"}, {"wd": "serene"}, {"wd": "tranquil"}, {"wd": "unembittered"}], [{"wd": "affable"}, {"wd": "amiable"}, {"wd": "easygoing"}, {"wd": "genial"}, {"wd": "good-natured"}, {"wd": "good-tempered"}, {"wd": "kind"}, {"wd": "pleasant"}, {"wd": "sweet"}]], "ant_list": [[{"wd": "angerless"}, {"wd": "delighted"}, {"wd": "pleased"}]]}]]]}], "shortdef": ["feeling or showing anger"]}]