[{"meta": {"id": "me-too", "uuid": "2a7cc456-f281-44d3-874d-a9e1d5c178d9", "src": "CTcompile", "section": "alpha", "stems": ["me-too"], "syns": [["approaching", "approximating", "close", "coextensive", "coincident", "conformable", "conforming", "consistent", "consonant", "duplicate", "equal", "fungible", "interchangeable", "redundant", "selfsame", "substitutable", "twin", "cognate", "connate", "ditto", "resemblant", "resembling", "coequal", "duplicate", "equal", "even", "identical", "indistinguishable", "same", "akin", "alike", "analogous", "comparable", "coordinate", "correspondent", "corresponding", "equivalent", "like", "look-alike", "matching", "parallel", "similar", "such", "suchlike", "synonymous", "tantamount"]], "ants": [["antonymic", "antonymous", "different", "disparate", "dissimilar", "distant", "distinct", "distinctive", "distinguishable", "diverse", "nonidentical", "other", "unalike", "unlike", "antipodal", "antipodean", "antithetical", "contradictory", "contrary", "diametric", "opposite", "polar", "differentiable", "discriminable"]], "offensive": false}, "hwi": {"hw": "me-too"}, "fl": "adjective", "def": [{"sseq": [[["sense", {"dt": [["text", "as in {it}substitutable{/it}, {it}selfsame{/it}"]], "sim_list": [[{"wd": "approaching"}, {"wd": "approximating"}, {"wd": "close"}, {"wd": "coextensive"}, {"wd": "coincident"}, {"wd": "conformable"}, {"wd": "conforming"}, {"wd": "consistent"}, {"wd": "consonant"}, {"wd": "duplicate"}, {"wd": "equal"}, {"wd": "fungible"}, {"wd": "interchangeable"}, {"wd": "redundant"}, {"wd": "selfsame"}, {"wd": "substitutable"}, {"wd": "twin"}], [{"wd": "cognate"}, {"wd": "connate"}, {"wd": "ditto"}, {"wd": "resemblant"}, {"wd": "resembling"}], [{"wd": "coequal"}, {"wd": "duplicate"}, {"wd": "equal"}, {"wd": "even"}, {"wd": "identical"}, {"wd": "indistinguishable"}, {"wd": "same"}], [{"wd": "akin"}, {"wd": "alike"}, {"wd": "analogous"}, {"wd": "comparable"}, {"wd": "coordinate"}, {"wd": "correspondent"}, {"wd": "corresponding"}, {"wd": "equivalent"}, {"wd": "like"}, {"wd": "look-alike"}, {"wd": "matching"}, {"wd": "parallel"}, {"wd": "similar"}, {"wd": "such"}, {"wd": "suchlike"}, {"wd": "synonymous"}, {"wd": "tantamount"}]], "opp_list": [[{"wd": "antonymic"}, {"wd": "antonymous"}], [{"wd": "different"}, {"wd": "disparate"}, {"wd": "dissimilar"}, {"wd": "distant"}, {"wd": "distinct"}, {"wd": "distinctive"}, {"wd": "distinguishable"}, {"wd": "diverse"}, {"wd": "nonidentical"}, {"wd": "other"}, {"wd": "unalike"}, {"wd": "unlike"}], [{"wd": "antipodal"}, {"wd": "antipodean"}, {"wd": "antithetical"}, {"wd": "contradictory"}, {"wd": "contrary"}, {"wd": "diametric", "wvrs": [{"wvl": "or", "wva": "diametrical"}]}, {"wd": "opposite"}, {"wd": "polar"}], [{"wd": "differentiable"}, {"wd": "discriminable"}]]}]]]}], "shortdef": ["as in substitutable, selfsame"]}, {"meta": {"id": "me-tooer", "uuid": "866b7985-78cc-4663-bb7b-56770cb30487", "src": "CTcompile", "section": "alpha", "stems": ["me-tooer"], "syns": [["adherent", "camp follower", "convert", "disciple", "follower", "partisan", "pupil", "votary", "admirer", "cultist", "devotee", "enthusiast", "fan", "groveler", "idolater", "worshipper", "zealot", "henchman", "lackey", "lapdog", "minion", "running dog", "satellite", "slave", "stooge", "hanger-on", "leech", "parasite", "sponge", "sponger", "apparatchik", "company man", "yes-man", "apple-polisher", "bootlicker", "brownnoser", "fawner", "flunky", "lickspittle", "suck-up", "sycophant", "toady"]], "ants": [], "offensive": false}, "hwi": {"hw": "me-tooer"}, "fl": "noun", "def": [{"sseq": [[["sense", {"dt": [["text", "as in {it}follower{/it}, {it}camp follower{/it}"]], "sim_list": [[{"wd": "adherent"}, {"wd": "camp follower"}, {"wd": "convert"}, {"wd": "disciple"}, {"wd": "follower"}, {"wd": "partisan", "wvrs": [{"wvl": "also", "wva": "partizan"}]}, {"wd": "pupil"}, {"wd": "votary"}], [{"wd": "admirer"}, {"wd": "cultist"}, {"wd": "devotee"}, {"wd": "enthusiast"}, {"wd": "fan"}, {"wd": "groveler"}, {"wd": "idolater", "wvrs": [{"wvl": "or", "wva": "idolator"}]}, {"wd": "worshipper", "wvrs": [{"wvl": "or", "wva": "worshiper"}]}, {"wd": "zealot"}], [{"wd": "henchman"}, {"wd": "lackey"}, {"wd": "lapdog"}, {"wd": "minion"}, {"wd": "running dog"}, {"wd": "satellite"}, {"wd": "slave"}, {"wd": "stooge"}], [{"wd": "hanger-on"}, {"wd": "leech"}, {"wd": "parasite"}, {"wd": "sponge"}, {"wd": "sponger"}], [{"wd": "apparatchik"}, {"wd": "company man"}], [{"wd": "yes-man"}], [{"wd": "apple-polisher"}, {"wd": "bootlicker"}, {"wd": "brownnoser"}, {"wd": "fawner"}, {"wd": "flunky", "wvrs": [{"wvl": "also", "wva": "flunkey"}, {"wvl": "or", "wva": "flunkie"}]}, {"wd": "lickspittle"}, {"wd": "suck-up"}, {"wd": "sycophant"}, {"wd": "toady"}]]}]]]}], "shortdef": ["as in follower, camp follower"]}, {"meta": {"id": "me-tooers", "uuid": "a9483b19-3488-4a8f-ad13-a769afc0e423", "src": "CTcompile", "section": "alpha", "stems": ["me-tooers"], "syns": [["adherents", "camp followers", "converts", "disciples", "followers", "partisans", "pupils", "votaries", "admirers", "cultists", "devotees", "enthusiasts", "fans", "grovelers", "idolaters", "worshippers", "zealots", "henchmen", "lackeys", "lapdogs", "minions", "running dogs", "satellites", "slaves", "stooges", "hangers-on", "leeches", "parasites", "spongers", "sponges", "apparatchiks", "company men", "yes-men", "apple-polishers", "bootlickers", "brownnosers", "fawners", "flunkies", "lickspittles", "suck-ups", "sycophants", "toadies"]], "ants": [], "offensive": false}, "hwi": {"hw": "me-tooers"}, "fl": "noun", "sls": ["plural of {d_link|me-tooer|me-tooer}"], "def": [{"sseq": [[["sense", {"dt": [["text", "as in {it}followers{/it}, {it}camp followers{/it}"]], "sim_list": [[{"wd": "adherents"}, {"wd": "camp followers"}, {"wd": "converts"}, {"wd": "disciples"}, {"wd": "followers"}, {"wd": "partisans", "wvrs": [{"wvl": "also", "wva": "partizans"}]}, {"wd": "pupils"}, {"wd": "votaries"}], [{"wd": "admirers"}, {"wd": "cultists"}, {"wd": "devotees"}, {"wd": "enthusiasts"}, {"wd": "fans"}, {"wd": "grovelers"}, {"wd": "idolaters", "wvrs": [{"wvl": "or", "wva": "idolators"}]}, {"wd": "worshippers", "wvrs": [{"wvl": "or", "wva": "worshipers"}]}, {"wd": "zealots"}], [{"wd": "henchmen"}, {"wd": "lackeys"}, {"wd": "lapdogs"}, {"wd": "minions"}, {"wd": "running dogs"}, {"wd": "satellites"}, {"wd": "slaves"}, {"wd": "stooges"}], [{"wd": "hangers-on"}, {"wd": "leeches"}, {"wd": "parasites"}, {"wd": "spongers"}, {"wd": "sponges"}], [{"wd": "apparatchiks", "wvrs": [{"wvl": "also", "wva": "apparatchiki"}]}, {"wd": "company men"}], [{"wd": "yes-men"}], [{"wd": "apple-polishers"}, {"wd": "bootlickers"}, {"wd": "brownnosers"}, {"wd": "fawners"}, {"wd": "flunkies", "wvrs": [{"wvl": "also", "wva": "flunkeys"}]}, {"wd": "lickspittles"}, {"wd": "suck-ups"}, {"wd": "sycophants"}, {"wd": "toadies"}]]}]]]}], "shortdef": ["as in followers, camp followers"]}, {"meta": {"id": "show-me", "uuid": "2f630f6b-06d3-4e44-9392-4c60613fde57", "src": "coll_thes", "section": "alpha", "target": {"tuuid": "a541ed26-5d1a-41cc-8819-aef24d2db402", "tsrc": "collegiate"}, "stems": ["show-me"], "syns": [["disbelieving", "distrustful", "doubting", "incredulous", "mistrustful", "negativistic", "questioning", "skeptical", "suspecting", "suspicious", "unbelieving"]], "ants": [["credulous", "gullible", "trustful", "trusting", "uncritical", "unquestioning"]], "offensive": false}, "hwi": {"hw": "show-me"}, "fl": "adjective", "def": [{"sseq": [[["sense", {"dt": [["text", "inclined to doubt or question claims "], ["vis", [{"t": "the financial scandals may lead investors to take a more {it}show-me{/it} attitude toward reported corporate earnings"}]]], "syn_list": [[{"wd": "disbelieving"}, {"wd": "distrustful"}, {"wd": "doubting"}, {"wd": "incredulous"}, {"wd": "mistrustful"}, {"wd": "negativistic"}, {"wd": "questioning"}, {"wd": "skeptical"}, {"wd": "suspecting"}, {"wd": "suspicious"}, {"wd": "unbelieving"}]], "rel_list": [[{"wd": "paranoid", "wvrs": [{"wvl": "also", "wva": "paranoidal"}]}], [{"wd": "critical"}, {"wd": "puzzled"}, {"wd": "quizzical"}], [{"wd": "careful"}, {"wd": "cautious"}, {"wd": "guarded"}, {"wd": "gun-shy"}, {"wd": "leery", "wvrs": [{"wvl": "also", "wva": "leary"}]}, {"wd": "wary"}, {"wd": "watchful"}], [{"wd": "cynical"}, {"wd": "experienced"}, {"wd": "knowing"}, {"wd": "sophisticated"}, {"wd": "worldly"}, {"wd": "worldly-wise"}], [{"wd": "curious"}, {"wd": "inquiring"}, {"wd": "inquisitive"}, {"wd": "nosy", "wvrs": [{"wvl": "or", "wva": "nosey"}]}, {"wd": "snoopy"}], [{"wd": "uncertain"}, {"wd": "unconvinced"}, {"wd": "undecided"}, {"wd": "undetermined"}, {"wd": "unsettled"}, {"wd": "unsure"}], [{"wd": "hesitant"}]], "near_list": [[{"wd": "green"}, {"wd": "ingenuous"}, {"wd": "innocent"}, {"wd": "naive", "wvrs": [{"wvl": "or", "wva": "na\u00efve"}]}, {"wd": "simple"}, {"wd": "simpleminded"}, {"wd": "unknowing"}, {"wd": "unsophisticated"}, {"wd": "unworldly"}, {"wd": "wide-eyed"}], [{"wd": "certain"}, {"wd": "confident"}, {"wd": "positive"}, {"wd": "sure"}], [{"wd": "callow"}, {"wd": "inexperienced"}, {"wd": "raw"}], [{"wd": "childlike"}, {"wd": "idealistic"}, {"wd": "impractical"}], [{"wd": "beguiled"}, {"wd": "deceived"}, {"wd": "duped"}, {"wd": "gulled"}, {"wd": "tricked"}], [{"wd": "careless"}, {"wd": "heedless"}, {"wd": "unsuspecting"}, {"wd": "unsuspicious"}, {"wd": "unwary"}]], "ant_list": [[{"wd": "credulous"}, {"wd": "gullible", "wvrs": [{"wvl": "also", "wva": "gullable"}]}, {"wd": "trustful"}, {"wd": "trusting"}, {"wd": "uncritical"}, {"wd": "unquestioning"}]]}]]]}], "shortdef": ["inclined to doubt or question claims"]}, {"meta": {"id": "hand-me-down", "uuid": "37f19b17-b986-4450-808b-e2cb766a82bf", "src": "CTenhance", "section": "alpha", "stems": ["hand-me-down", "hand-me-downs"], "syns": [["pre-owned", "reach-me-down", "secondhand", "old", "worn", "assumed", "borrowed"]], "ants": [["brand-new", "new", "unused", "bespoke", "custom", "customized", "custom-made", "tailored", "tailor-made"]], "offensive": false}, "hwi": {"hw": "hand-me-down"}, "fl": "adjective", "def": [{"sseq": [[["sense", {"dt": [["text", "owned or used by someone after it had been owned or used by someone else"], ["uns", [[["text", "used especially of clothing "]]]], ["vis", [{"t": "He was wearing an old, {it}hand-me-down{/it} jacket."}]]], "sim_list": [[{"wd": "pre-owned"}, {"wd": "reach-me-down", "wsls": ["chiefly British"]}, {"wd": "secondhand"}], [{"wd": "old"}, {"wd": "worn"}], [{"wd": "assumed"}, {"wd": "borrowed"}]], "opp_list": [[{"wd": "brand-new"}, {"wd": "new"}, {"wd": "unused"}, {"wd": "bespoke", "wvrs": [{"wvl": "also", "wva": "bespoken"}]}, {"wd": "custom"}, {"wd": "customized"}, {"wd": "custom-made"}, {"wd": "tailored"}, {"wd": "tailor-made"}]]}]]]}], "shortdef": ["owned or used by someone after it had been owned or used by someone else\u2014used especially of clothing"]}, {"meta": {"id": "pick-me-up", "uuid": "2c751ece-ecde-408e-9bfa-dba37ce414bc", "src": "CTenhance", "section": "alpha", "stems": ["pick-me-up", "pick-me-ups"], "syns": [["hand", "lift", "advantage", "aid", "asset", "benefit", "boon", "help", "plus", "boost", "encouragement", "goad", "impetus", "incentive", "incitation", "incitement", "instigation", "momentum", "motivation", "provocation", "spur", "stimulant", "stimulus", "yeast", "inducement", "catalyst", "catalyzer", "energizer", "fuel", "refresher", "spark", "support", "sustenance"]], "ants": [["constraint", "inhibitor", "liability", "obstacle", "obstruction", "restraint", "stranglehold", "counterincentive", "disincentive", "disadvantage", "drawback", "encumbrance", "hindrance", "impediment", "minus"]], "offensive": false}, "hwi": {"hw": "pick-me-up"}, "fl": "noun", "def": [{"sseq": [[["sense", {"dt": [["text", "something (such as a drink) that makes you feel better and more lively "], ["vis", [{"t": "Coffee is my usual morning {it}pick-me-up{/it}."}, {"t": "I could really use a {it}pick-me-up{/it} after the day I just had."}]]], "sim_list": [[{"wd": "hand"}, {"wd": "lift"}], [{"wd": "advantage"}, {"wd": "aid"}, {"wd": "asset"}, {"wd": "benefit"}, {"wd": "boon"}, {"wd": "help"}, {"wd": "plus"}], [{"wd": "boost"}, {"wd": "encouragement"}, {"wd": "goad"}, {"wd": "impetus"}, {"wd": "incentive"}, {"wd": "incitation"}, {"wd": "incitement"}, {"wd": "instigation"}, {"wd": "momentum"}, {"wd": "motivation"}, {"wd": "provocation"}, {"wd": "spur"}, {"wd": "stimulant"}, {"wd": "stimulus"}, {"wd": "yeast"}], [{"wd": "inducement"}], [{"wd": "catalyst"}, {"wd": "catalyzer"}, {"wd": "energizer"}, {"wd": "fuel"}, {"wd": "refresher"}, {"wd": "spark"}], [{"wd": "support"}, {"wd": "sustenance"}]], "opp_list": [[{"wd": "constraint"}, {"wd": "inhibitor"}, {"wd": "liability"}, {"wd": "obstacle"}, {"wd": "obstruction"}, {"wd": "restraint"}, {"wd": "stranglehold"}], [{"wd": "counterincentive"}, {"wd": "disincentive"}], [{"wd": "disadvantage"}, {"wd": "drawback"}, {"wd": "encumbrance"}, {"wd": "hindrance"}, {"wd": "impediment"}, {"wd": "minus"}]]}]]]}], "shortdef": ["something (such as a drink) that makes you feel better and more lively"]}, {"meta": {"id": "hand-me-down", "uuid": "fb17e314-2794-44c5-9c72-573f6ae3f86f", "src": "CTcompile", "section": "alpha", "stems": ["hand-me-down"], "syns": [["white elephant", "castaway", "throwaway", "rubbish", "scrap", "trash", "waste", "cull", "discard", "reject", "rejection", "second"]], "ants": [], "offensive": false}, "hwi": {"hw": "hand-me-down"}, "fl": "noun", "def": [{"sseq": [[["sense", {"dt": [["text", "as in {it}white elephant{/it}"]], "sim_list": [[{"wd": "white elephant"}], [{"wd": "castaway"}, {"wd": "throwaway"}], [{"wd": "rubbish"}, {"wd": "scrap"}, {"wd": "trash"}, {"wd": "waste"}], [{"wd": "cull"}, {"wd": "discard"}, {"wd": "reject"}, {"wd": "rejection"}, {"wd": "second"}]]}]]]}], "shortdef": ["as in white elephant"]}, {"meta": {"id": "hand-me-downs", "uuid": "4a3105a0-46c5-4449-9743-140f14f22c4e", "src": "CTcompile", "section": "alpha", "stems": ["hand-me-downs"], "syns": [["white elephants", "castaways", "throwaways", "rubbish", "scraps", "trash", "wastes", "culls", "discards", "rejections", "rejects", "seconds"]], "ants": [], "offensive": false}, "hwi": {"hw": "hand-me-downs"}, "fl": "noun", "sls": ["plural of {d_link|hand-me-down|hand-me-down}"], "def": [{"sseq": [[["sense", {"dt": [["text", "as in {it}white elephants{/it}"]], "sim_list": [[{"wd": "white elephants"}], [{"wd": "castaways"}, {"wd": "throwaways"}], [{"wd": "rubbish"}, {"wd": "scraps"}, {"wd": "trash"}, {"wd": "wastes"}], [{"wd": "culls"}, {"wd": "discards"}, {"wd": "rejections"}, {"wd": "rejects"}, {"wd": "seconds"}]]}]]]}], "shortdef": ["as in white elephants"]}, {"meta": {"id": "reach-me-down", "uuid": "f5b88dbc-dca9-465a-a3a0-6efef70ee19d", "src": "CTcompile", "section": "alpha", "stems": ["reach-me-down"], "syns": [["hand-me-down", "pre-owned", "secondhand", "old", "worn", "assumed", "borrowed"]], "ants": [["bespoke", "brand-new", "custom", "customized", "custom-made", "new", "tailored", "tailor-made", "unused"]], "offensive": false}, "hwi": {"hw": "reach-me-down"}, "fl": "adjective", "def": [{"sseq": [[["sense", {"dt": [["text", "as in {it}pre-owned{/it}, {it}secondhand{/it}"]], "sim_list": [[{"wd": "hand-me-down"}, {"wd": "pre-owned"}, {"wd": "secondhand"}], [{"wd": "old"}, {"wd": "worn"}], [{"wd": "assumed"}, {"wd": "borrowed"}]], "opp_list": [[{"wd": "bespoke", "wvrs": [{"wvl": "also", "wva": "bespoken"}]}, {"wd": "brand-new"}, {"wd": "custom"}, {"wd": "customized"}, {"wd": "custom-made"}, {"wd": "new"}, {"wd": "tailored"}, {"wd": "tailor-made"}, {"wd": "unused"}]]}]]]}], "shortdef": ["as in pre-owned, secondhand"]}, {"meta": {"id": "pick-me-ups", "uuid": "74b213e5-fb07-44e0-ab21-0384d8da0b46", "src": "CTenhance", "section": "alpha", "stems": ["pick-me-ups"], "syns": [["hands", "lifts", "advantages", "aids", "assets", "benefits", "boons", "help", "pluses", "boosts", "encouragements", "goads", "impetuses", "incentives", "incitations", "incitements", "instigations", "momenta", "motivations", "provocations", "spurs", "stimulants", "stimuli", "yeasts", "inducements", "catalysts", "catalyzers", "energizers", "fuels", "refreshers", "sparks", "supports", "sustenances"]], "ants": [["constraints", "inhibitors", "liabilities", "obstacles", "obstructions", "restraints", "strangleholds", "counterincentives", "disincentives", "disadvantages", "drawbacks", "encumbrances", "hindrances", "impediments", "minuses"]], "offensive": false}, "hwi": {"hw": "pick-me-ups"}, "fl": "noun", "sls": ["plural of {d_link|pick-me-up|pick-me-up}"], "def": [{"sseq": [[["sense", {"dt": [["text", "something (such as a drink) that makes you feel better and more lively "], ["vis", [{"t": "Coffee is my usual morning {it}pick-me-up{/it}."}, {"t": "I could really use a {it}pick-me-up{/it} after the day I just had."}]]], "sim_list": [[{"wd": "hands"}, {"wd": "lifts"}], [{"wd": "advantages"}, {"wd": "aids"}, {"wd": "assets"}, {"wd": "benefits"}, {"wd": "boons"}, {"wd": "help"}, {"wd": "pluses", "wvrs": [{"wvl": "also", "wva": "plusses"}]}], [{"wd": "boosts"}, {"wd": "encouragements"}, {"wd": "goads"}, {"wd": "impetuses"}, {"wd": "incentives"}, {"wd": "incitations"}, {"wd": "incitements"}, {"wd": "instigations"}, {"wd": "momenta", "wvrs": [{"wvl": "or", "wva": "momentums"}]}, {"wd": "motivations"}, {"wd": "provocations"}, {"wd": "spurs"}, {"wd": "stimulants"}, {"wd": "stimuli"}, {"wd": "yeasts"}], [{"wd": "inducements"}], [{"wd": "catalysts"}, {"wd": "catalyzers"}, {"wd": "energizers"}, {"wd": "fuels"}, {"wd": "refreshers"}, {"wd": "sparks"}], [{"wd": "supports"}, {"wd": "sustenances"}]], "opp_list": [[{"wd": "constraints"}, {"wd": "inhibitors"}, {"wd": "liabilities"}, {"wd": "obstacles"}, {"wd": "obstructions"}, {"wd": "restraints"}, {"wd": "strangleholds"}], [{"wd": "counterincentives", "wvrs": [{"wvl": "or", "wva": "counter-incentives"}]}, {"wd": "disincentives"}], [{"wd": "disadvantages"}, {"wd": "drawbacks"}, {"wd": "encumbrances"}, {"wd": "hindrances"}, {"wd": "impediments"}, {"wd": "minuses"}]]}]]]}], "shortdef": ["something (such as a drink) that makes you feel better and more lively"]}]