[{"meta": {"id": "me", "uuid": "bb50bd4d-1da9-49c7-ae3d-905de81fcf28", "sort": "131427000", "src": "collegiate", "section": "alpha", "stems": ["i", "me"], "offensive": false}, "hwi": {"hw": "me", "prs": [{"mw": "\u02c8m\u0113", "sound": {"audio": "me000001", "ref": "c", "stat": "1"}}]}, "fl": "pronoun", "cxs": [{"cxl": "objective case of", "cxtis": [{"cxt": "i"}]}], "usages": [{"pl": "{parahw}me{/parahw} or {parahw}I{/parahw}?", "pt": [["text", "{it}Me{/it} is used in many constructions where strict grammarians prescribe {it}I.{/it} This usage is not so much ungrammatical as indicative of the shrinking range of the nominative form: {it}me{/it} began to replace {it}I{/it} sometime around the 16th century largely because of the pressure of word order. {it}I{/it} is now chiefly used as the subject of an immediately following verb. {it}Me{/it} occurs in every other position: absolutely "], ["vis", [{"t": "who, {it}me{/it}?"}]], ["text", ", emphatically "], ["vis", [{"t": "{it}me{/it} too"}]], ["text", ", and after prepositions, conjunctions, and verbs, including {it}be{/it}. "], ["vis", [{"t": "come with {it}me{/it}"}, {"t": "you're as big as {it}me{/it}"}, {"t": "it's {it}me{/it}"}]], ["text", " Almost all usage books recognize the legitimacy of {it}me{/it} in these positions, especially in speech; some recommend {it}I{/it} in formal and especially written contexts after {it}be{/it} and after {it}as{/it} and {it}than{/it} when the first term of the comparison is the subject of a verb."]]}], "et": [["text", "Middle English, from Old English {it}m\u0113{/it}; akin to Old High German {it}m\u012bh{/it} me, Latin {it}me{/it}, Greek {it}me{/it}, Sanskrit {it}m\u0101{/it}"]], "shortdef": []}, {"meta": {"id": "Me", "uuid": "bde156ab-1bc9-40cf-9ae2-a964e8be3292", "sort": "131428000", "src": "collegiate", "section": "alpha", "stems": ["Me"], "offensive": false}, "hwi": {"hw": "Me"}, "fl": "abbreviation", "def": [{"sseq": [[["sense", {"dt": [["text", "methyl"]]}]]]}], "shortdef": ["methyl"]}, {"meta": {"id": "ME", "uuid": "afc2dcd1-737b-47d0-9f8b-c3e95efeba4f", "sort": "131429000", "src": "collegiate", "section": "alpha", "stems": ["ME", "MEs", "Me"], "offensive": false}, "hwi": {"hw": "ME"}, "fl": "abbreviation", "def": [{"sseq": [[["sense", {"sn": "1", "vrs": [{"vl": "or", "va": "Me"}], "dt": [["text", "Maine"]]}]], [["sense", {"sn": "2", "dt": [["text", "managing editor"]]}]], [["sense", {"sn": "3", "dt": [["text", "mechanical engineer"]]}]], [["sense", {"sn": "4", "dt": [["text", "medical examiner"]]}]]]}], "shortdef": ["Maine", "managing editor", "mechanical engineer", "medical examiner"]}, {"meta": {"id": "me-too", "uuid": "657038e7-7a9e-4c75-bc59-6a2b498428d5", "sort": "132255000", "src": "collegiate", "section": "alpha", "stems": ["me-too", "me-tooer", "me-tooers", "me-tooism", "me-tooisms"], "offensive": false}, "hwi": {"hw": "me-too", "prs": [{"mw": "\u02c8m\u0113-\u02c8t\u00fc", "sound": {"audio": "metoo001", "ref": "c", "stat": "1"}}]}, "fl": "adjective", "def": [{"sseq": [[["sense", {"sn": "1", "dt": [["text", "{bc}marked by similarity to or by adoption of successful or persuasive policies or practices used or promoted by someone else"]]}]], [["sense", {"sn": "2", "dt": [["text", "{bc}similar or identical to an established product (such as a drug) with no significant advantage over it"]]}]]]}], "uros": [{"ure": "me-too*er", "prs": [{"mw": "\u02c8m\u0113-\u02c8t\u00fc-\u0259r", "sound": {"audio": "metoo002", "ref": "c", "stat": "1"}}], "fl": "noun"}, {"ure": "me-too*ism", "prs": [{"mw": "\u02c8m\u0113-\u02c8t\u00fc-\u02cci-z\u0259m", "sound": {"audio": "metoo003", "ref": "c", "stat": "1"}}], "fl": "noun"}], "date": "1886{ds||1||}", "shortdef": ["marked by similarity to or by adoption of successful or persuasive policies or practices used or promoted by someone else", "similar or identical to an established product (such as a drug) with no significant advantage over it"]}, {"meta": {"id": "Me Too", "uuid": "35088520-2a7b-4f0a-8be2-0ccffc0f793f", "sort": "132255500", "src": "collegiate", "section": "alpha", "stems": ["Me Too", "MeToo", "#MeToo"], "offensive": false}, "hwi": {"hw": "Me Too"}, "vrs": [{"vl": "or less commonly", "va": "Me*Too", "prs": [{"mw": "\u02c8m\u0113-\u02c8t\u00fc", "sound": {"audio": "metoo001", "ref": "c", "stat": "1"}}]}, {"vl": "or", "va": "#Me*Too"}], "fl": "noun", "def": [{"sseq": [[["sense", {"dt": [["text", "{bc}a movement calling attention to the frequency with which primarily women and girls experience sexual assault and harassment "], ["vis", [{"t": "In many ways, the original purpose of {wi}Me Too{/wi} was achieved. It sent a message to survivors of sexual assault and harassment: you're not alone, these experiences are not anomalies, cases of individual bad luck, or the result of some misbehaviour or mistake on your part.", "aq": {"auth": "Caitlin Logan"}}, {"t": "Because of {wi}#MeToo{/wi}, more people are talking about sexual assault and wondering how they can address it in their workplace beyond just a policy on the books, [Gina] Scaramella said.", "aq": {"auth": "Kristin Toussaint"}}, {"t": "The {wi}#MeToo{/wi} movement put a powerful spotlight on the sexual abuse and harassment women have been suffering under for ages \u2026", "aq": {"auth": "Shay Maunz"}}]], ["snote", [["t", "The Me Too movement was founded by activist Tarana Burke in 2006 to provide resources to especially black women and girls and other women and girls of color who have experienced sexual violence. It gained widespread attention in 2017."]]], ["snote", [["t", "The styling {it}#MeToo{/it} is used in text to refer to the movement and in social media as a {d_link|hashtag|hashtag}."]]]]}]]]}], "date": "2013", "shortdef": ["a movement calling attention to the frequency with which primarily women and girls experience sexual assault and harassment"]}, {"meta": {"id": "me judice:f", "uuid": "e833a28a-2c4a-4952-8b88-ca3a619f3022", "sort": "290517000", "src": "collegiate", "section": "fwp", "stems": ["me judice"], "offensive": false}, "hwi": {"hw": "me ju*di*ce", "prs": [{"mw": "m\u0101-\u02c8y\u00fc-di-ke", "sound": {"audio": "fwmeju01", "ref": "c", "stat": "1"}}]}, "fl": "Latin phrase", "def": [{"sseq": [[["sense", {"dt": [["text", "{bc}with me as judge {bc}in my opinion"]]}]]]}], "shortdef": ["with me as judge : in my opinion"]}, {"meta": {"id": "forget-me-not", "uuid": "3500c81d-14b2-4ca4-98df-12194af5b95a", "sort": "062693000", "src": "collegiate", "section": "alpha", "stems": ["forget-me-not", "forget-me-nots"], "offensive": false}, "hwi": {"hw": "for*get-me-not", "prs": [{"mw": "f\u0259r-\u02c8get-m\u0113-\u02ccn\u00e4t", "sound": {"audio": "forget07", "ref": "c", "stat": "1"}}, {"mw": "f\u022fr-"}]}, "fl": "noun", "def": [{"sseq": [[["sense", {"dt": [["text", "{bc}any of a genus ({it}Myosotis{/it}) of small herbs of the borage family having usually bright blue or white flowers usually arranged in a curving spike"]]}]]]}], "art": {"artid": "for_me_n", "capt": "forget-me-not"}, "date": "1532", "shortdef": ["any of a genus (Myosotis) of small herbs of the borage family having usually bright blue or white flowers usually arranged in a curving spike"]}, {"meta": {"id": "hand-me-down", "uuid": "78bbca7b-391c-4e6a-9d49-e3ab620736af", "sort": "080042600", "src": "collegiate", "section": "alpha", "stems": ["hand-me-down", "hand-me-downs"], "offensive": false}, "hwi": {"hw": "hand-me-down", "prs": [{"mw": "\u02c8han(d)-m\u0113-\u02ccdau\u0307n", "sound": {"audio": "handme01", "ref": "c", "stat": "1"}}]}, "fl": "adjective", "def": [{"sseq": [[["sense", {"sn": "1", "dt": [["text", "{bc}put in use by one person or group after being used, discarded, or handed down by another "], ["vis", [{"t": "{wi}hand-me-down{/wi} clothes"}, {"t": "{wi}hand-me-down{/wi} anecdotes"}]]]}]], [["sense", {"sn": "2", "dt": [["text", "{bc}ready-made and usually cheap and shoddy"]]}]]]}], "uros": [{"ure": "hand-me-down", "fl": "noun"}], "date": "1826{ds||1||}", "shortdef": ["put in use by one person or group after being used, discarded, or handed down by another", "ready-made and usually cheap and shoddy"]}, {"meta": {"id": "hug-me-tight", "uuid": "6b6b5918-3533-49c9-abbb-85e23b8806fa", "sort": "080297700", "src": "collegiate", "section": "alpha", "stems": ["hug-me-tight", "hug-me-tights"], "offensive": false}, "hwi": {"hw": "hug-me-tight", "prs": [{"mw": "\u02c8h\u0259g-m\u0113-\u02cct\u012bt", "sound": {"audio": "hugmet01", "ref": "c", "stat": "1"}}]}, "fl": "noun", "def": [{"sseq": [[["sense", {"dt": [["text", "{bc}a woman's short usually knitted sleeveless close-fitting jacket"]]}]]]}], "date": "1860", "shortdef": ["a woman's short usually knitted sleeveless close-fitting jacket"]}, {"meta": {"id": "noli me tangere", "uuid": "7e884fbc-c0c0-4fba-bcca-260ae3ce0b0d", "sort": "141194000", "src": "collegiate", "section": "alpha", "stems": ["noli me tangere", "noli me tangeres"], "offensive": false}, "hwi": {"hw": "no*li me tan*ge*re", "prs": [{"mw": "\u02ccn\u014d-l\u0113-(\u02cc)m\u0113-\u02c8tan-j\u0259-r\u0113", "sound": {"audio": "nolime01", "ref": "c", "stat": "1"}}, {"mw": "-\u02ccl\u012b-"}, {"mw": "-(\u02cc)m\u0101-"}, {"mw": "-\u02c8t\u00e4\u014b-g\u0259-\u02ccr\u0101"}]}, "fl": "noun", "def": [{"sseq": [[["sense", {"dt": [["text", "{bc}a warning against touching or interference"]]}]]]}], "et": [["text", "Latin, do not touch me; from Jesus' words to Mary Magdalene (John 20:17)"]], "date": "1591", "shortdef": ["a warning against touching or interference"]}]