[{"meta": {"id": "meet", "uuid": "09044d9d-52f9-4d42-b1ae-e6a749538f35", "src": "coll_thes", "section": "alpha", "target": {"tuuid": "e11365c1-38b7-4eb1-8201-34945f7ef43d", "tsrc": "collegiate"}, "stems": ["meet", "meet halfway", "meet with", "meeter", "meeters", "meeting", "meets", "met"], "syns": [["catch", "chance (upon)", "encounter", "happen (upon)", "stumble (upon)"], ["assemble", "cluster", "collect", "concenter", "concentrate", "conglomerate", "congregate", "convene", "converge", "forgather", "gather", "rendezvous"], ["chance (upon)", "encounter", "find", "happen (on or upon)", "hit (upon)", "light (on or upon)", "pitch (upon)", "stumble (on or onto)", "tumble (upon)"], ["answer", "complete", "comply (with)", "fill", "fulfill", "keep", "redeem", "satisfy"], ["battle", "encounter", "engage", "face", "take on"], ["equal", "match", "tie"], ["abide", "absorb", "accept", "bear", "bide", "brook", "countenance", "endure", "go", "hack", "handle", "pocket", "stand", "stick out", "stomach", "support", "sustain", "sweat out", "take", "tolerate", "wear"], ["ante (up)", "balance", "clear", "discharge", "foot", "liquidate", "pay", "pay off", "pay up", "pony up", "quit", "recompense", "settle", "spring (for)", "stand"]], "ants": [["break up", "disband", "disperse", "split (up)"], ["breach", "break", "transgress", "violate"], ["repudiate"]], "offensive": false}, "hwi": {"hw": "meet"}, "fl": "verb", "def": [{"sseq": [[["sense", {"sn": "1", "dt": [["text", "to come upon face-to-face or as if face-to-face "], ["vis", [{"t": "we never once {it}met{/it} another car on that lonely country road"}]]], "syn_list": [[{"wd": "catch"}, {"wd": "chance (upon)"}, {"wd": "encounter"}, {"wd": "happen (upon)"}, {"wd": "stumble (upon)"}]], "rel_list": [[{"wd": "accost"}, {"wd": "confront"}], [{"wd": "face"}, {"wd": "greet"}, {"wd": "salute"}], [{"wd": "collide (with)"}, {"wd": "crash (into)"}], [{"wd": "crisscross"}, {"wd": "cross"}, {"wd": "pass"}], [{"wd": "hit (upon)"}, {"wd": "light (upon)"}, {"wd": "tumble (to)"}], [{"wd": "reencounter"}, {"wd": "remeet"}]], "phrase_list": [[{"wd": "bump into"}, {"wd": "cross paths (with)"}, {"wd": "run across"}, {"wd": "run into"}, {"wd": "run upon"}]], "near_list": [[{"wd": "avoid"}, {"wd": "dodge"}, {"wd": "duck"}, {"wd": "elude"}, {"wd": "escape"}, {"wd": "evade"}, {"wd": "shake"}, {"wd": "shun"}]]}]], [["sense", {"sn": "2", "dt": [["text", "to come together into one body or place "], ["vis", [{"t": "we'll {it}meet{/it} for dinner, with a discussion to follow, next week"}]]], "syn_list": [[{"wd": "assemble"}, {"wd": "cluster"}, {"wd": "collect"}, {"wd": "concenter"}, {"wd": "concentrate"}, {"wd": "conglomerate"}, {"wd": "congregate"}, {"wd": "convene"}, {"wd": "converge"}, {"wd": "forgather", "wvrs": [{"wvl": "or", "wva": "foregather"}]}, {"wd": "gather"}, {"wd": "rendezvous"}]], "rel_list": [[{"wd": "affiliate"}, {"wd": "ally"}, {"wd": "associate"}, {"wd": "band (together)"}, {"wd": "caucus"}, {"wd": "club"}, {"wd": "collaborate"}, {"wd": "confederate"}, {"wd": "conjoin"}, {"wd": "consolidate"}, {"wd": "consort"}, {"wd": "cooperate"}, {"wd": "couple"}, {"wd": "federate"}, {"wd": "gang up"}, {"wd": "join"}, {"wd": "merge"}, {"wd": "unite"}], [{"wd": "reassemble"}, {"wd": "reconvene"}, {"wd": "regather"}, {"wd": "remeet"}]], "phrase_list": [[{"wd": "get together"}]], "near_list": [[{"wd": "depart"}, {"wd": "leave"}, {"wd": "take off"}], [{"wd": "disjoin"}, {"wd": "dissociate"}, {"wd": "disunite"}]], "ant_list": [[{"wd": "break up"}, {"wd": "disband"}, {"wd": "disperse"}, {"wd": "split (up)"}]]}]], [["sense", {"sn": "3", "dt": [["text", "to come upon unexpectedly or by chance "], ["vis", [{"t": "{it}met{/it} her future husband at a party"}]]], "syn_list": [[{"wd": "chance (upon)"}, {"wd": "encounter"}, {"wd": "find"}, {"wd": "happen (on or upon)"}, {"wd": "hit (upon)"}, {"wd": "light (on or upon)"}, {"wd": "pitch (upon)"}, {"wd": "stumble (on or onto)"}, {"wd": "tumble (upon)"}]], "rel_list": [[{"wd": "luck (out, on, onto, or into)"}], [{"wd": "confront"}, {"wd": "face"}], [{"wd": "discover"}, {"wd": "strike"}, {"wd": "turn up"}]], "phrase_list": [[{"wd": "bump into"}, {"wd": "come across"}, {"wd": "run across"}, {"wd": "run against"}, {"wd": "run into"}, {"wd": "run upon"}]]}]], [["sense", {"sn": "4", "dt": [["text", "to do what is required by the terms of "], ["vis", [{"t": "a financially struggling city trying to {it}meet{/it} its loans"}]]], "syn_list": [[{"wd": "answer"}, {"wd": "complete"}, {"wd": "comply (with)"}, {"wd": "fill"}, {"wd": "fulfill", "wvrs": [{"wvl": "or", "wva": "fulfil"}]}, {"wd": "keep"}, {"wd": "redeem"}, {"wd": "satisfy"}]], "rel_list": [[{"wd": "conclude"}, {"wd": "consummate"}, {"wd": "finalize"}, {"wd": "finish"}, {"wd": "perfect"}], [{"wd": "accomplish"}, {"wd": "achieve"}, {"wd": "bring about"}, {"wd": "bring off"}, {"wd": "carry out"}, {"wd": "effect"}], [{"wd": "commit"}, {"wd": "compass"}, {"wd": "discharge"}, {"wd": "execute"}, {"wd": "follow through (with)"}, {"wd": "make"}, {"wd": "perform"}]], "phrase_list": [[{"wd": "abide by"}, {"wd": "make good", "wvrs": [{"wvl": "or", "wva": "make good on"}]}]], "near_list": [[{"wd": "default (on)"}], [{"wd": "disregard"}, {"wd": "forget"}, {"wd": "ignore"}, {"wd": "neglect"}, {"wd": "overlook"}, {"wd": "overpass"}, {"wd": "pass over"}, {"wd": "slight"}]], "ant_list": [[{"wd": "breach"}, {"wd": "break"}, {"wd": "transgress"}, {"wd": "violate"}]]}]], [["sense", {"sn": "5", "dt": [["text", "to enter into contest or conflict with "], ["vis", [{"t": "the up-and-coming boxer will {it}meet{/it} the reigning champ for the first time tomorrow"}]]], "syn_list": [[{"wd": "battle"}, {"wd": "encounter"}, {"wd": "engage"}, {"wd": "face"}, {"wd": "take on"}]], "rel_list": [[{"wd": "emulate"}, {"wd": "rival"}], [{"wd": "contend"}, {"wd": "fight"}, {"wd": "oppose"}]], "near_list": [[{"wd": "elude"}, {"wd": "escape"}, {"wd": "evade"}], [{"wd": "retreat"}]]}]], [["sense", {"sn": "6", "dt": [["text", "to produce something equal to (as in quality or value) "], ["vis", [{"t": "I'll {it}meet{/it} your bet, nay, I'll even raise it"}]]], "syn_list": [[{"wd": "equal"}, {"wd": "match"}, {"wd": "tie"}]], "rel_list": [[{"wd": "beat"}, {"wd": "better"}, {"wd": "eclipse"}, {"wd": "excel"}, {"wd": "outdistance"}, {"wd": "outdo"}, {"wd": "outshine"}, {"wd": "outstrip"}, {"wd": "overtop"}, {"wd": "surpass"}, {"wd": "top"}, {"wd": "transcend"}], [{"wd": "amount (to)"}, {"wd": "approach"}, {"wd": "touch"}], [{"wd": "approximate"}, {"wd": "keep up"}, {"wd": "measure up (to)"}, {"wd": "parallel"}, {"wd": "rival"}, {"wd": "stack up (against or with)"}]]}]], [["sense", {"sn": "7", "dt": [["text", "to put up with (something painful or difficult) "], ["vis", [{"t": "trying to {it}meet{/it} the challenge of going to college while working at a full-time job"}]]], "syn_list": [[{"wd": "abide"}, {"wd": "absorb"}, {"wd": "accept"}, {"wd": "bear"}, {"wd": "bide", "wsls": ["chiefly dialect"]}, {"wd": "brook"}, {"wd": "countenance"}, {"wd": "endure"}, {"wd": "go"}, {"wd": "hack"}, {"wd": "handle"}, {"wd": "pocket"}, {"wd": "stand"}, {"wd": "stick out"}, {"wd": "stomach"}, {"wd": "support"}, {"wd": "sustain"}, {"wd": "sweat out"}, {"wd": "take"}, {"wd": "tolerate"}, {"wd": "wear", "wsls": ["British"]}]], "rel_list": [[{"wd": "allow"}, {"wd": "permit"}, {"wd": "suffer"}, {"wd": "swallow"}], [{"wd": "reconcile (to)"}], [{"wd": "acquiesce"}, {"wd": "agree (with or to)"}, {"wd": "assent (to)"}, {"wd": "capitulate"}, {"wd": "consent (to)"}, {"wd": "respect"}, {"wd": "submit (to)"}, {"wd": "yield (to)"}]], "phrase_list": [[{"wd": "live with"}, {"wd": "lump (it)"}, {"wd": "stand for"}, {"wd": "tough it out"}]], "near_list": [[{"wd": "decline"}, {"wd": "dismiss"}, {"wd": "refuse"}, {"wd": "reject"}, {"wd": "repudiate"}, {"wd": "spurn"}, {"wd": "turn down"}], [{"wd": "combat"}, {"wd": "contest"}, {"wd": "fight"}, {"wd": "oppose"}, {"wd": "resist"}], [{"wd": "avoid"}, {"wd": "bypass"}, {"wd": "circumvent"}, {"wd": "dodge"}, {"wd": "elude"}, {"wd": "escape"}, {"wd": "evade"}, {"wd": "miss"}], [{"wd": "abstain (from)"}, {"wd": "forbear"}, {"wd": "refrain (from)"}]]}]], [["sense", {"sn": "8", "dt": [["text", "to give what is owed for "], ["vis", [{"t": "I paid a portion of the long-distance bill to keep my carrier from cutting off service until I can {it}meet{/it} the remainder of the charges"}]]], "syn_list": [[{"wd": "ante (up)"}, {"wd": "balance"}, {"wd": "clear"}, {"wd": "discharge"}, {"wd": "foot"}, {"wd": "liquidate"}, {"wd": "pay"}, {"wd": "pay off"}, {"wd": "pay up"}, {"wd": "pony up"}, {"wd": "quit"}, {"wd": "recompense"}, {"wd": "settle"}, {"wd": "spring (for)"}, {"wd": "stand"}]], "ant_list": [[{"wd": "repudiate"}]]}]]]}], "shortdef": ["to come upon face-to-face or as if face-to-face", "to come together into one body or place", "to come upon unexpectedly or by chance"]}, {"meta": {"id": "meet", "uuid": "234a5524-b8d8-477c-891c-2deb5a09e110", "src": "coll_thes", "section": "alpha", "target": {"tuuid": "669c806e-2280-4b84-943d-823c8cefafbd", "tsrc": "collegiate"}, "stems": ["meet", "meets"], "syns": [["bout", "competition", "contest", "event", "game", "match", "matchup", "sweepstakes", "tournament", "tourney"]], "ants": [], "offensive": false}, "hwi": {"hw": "meet"}, "fl": "noun", "def": [{"sseq": [[["sense", {"dt": [["text", "a competitive encounter between individuals or groups carried on for amusement, exercise, or in pursuit of a prize "], ["vis", [{"t": "a swim {it}meet{/it}"}]]], "syn_list": [[{"wd": "bout"}, {"wd": "competition"}, {"wd": "contest"}, {"wd": "event"}, {"wd": "game"}, {"wd": "match"}, {"wd": "matchup"}, {"wd": "sweepstakes", "wvrs": [{"wvl": "also", "wva": "sweep-stake"}]}, {"wd": "tournament"}, {"wd": "tourney"}]], "rel_list": [[{"wd": "athletics"}, {"wd": "sport"}], [{"wd": "battle"}, {"wd": "conflict"}, {"wd": "scrimmage"}, {"wd": "skirmish"}, {"wd": "struggle"}, {"wd": "tug-of-war"}, {"wd": "tussle"}], [{"wd": "championship"}, {"wd": "national(s)"}], [{"wd": "final"}, {"wd": "nightcap"}, {"wd": "play-off"}, {"wd": "semifinal"}], [{"wd": "derby"}, {"wd": "field day"}, {"wd": "gymkhana"}, {"wd": "open"}, {"wd": "outing"}], [{"wd": "biathlon"}, {"wd": "decathlon"}, {"wd": "heptathlon"}, {"wd": "pentathlon"}, {"wd": "triathlon"}], [{"wd": "marathon"}, {"wd": "race"}, {"wd": "ultramarathon"}], [{"wd": "heat"}, {"wd": "round"}, {"wd": "run"}, {"wd": "set"}], [{"wd": "rally"}, {"wd": "volley"}], [{"wd": "round-robin"}, {"wd": "rubber"}, {"wd": "runoff"}, {"wd": "sudden death"}], [{"wd": "dead heat"}, {"wd": "photo finish"}, {"wd": "seesaw"}], [{"wd": "classic"}]]}]]]}], "shortdef": ["a competitive encounter between individuals or groups carried on for amusement, exercise, or in pursuit of a prize"]}, {"meta": {"id": "meet", "uuid": "3c0732dc-82d1-43b5-b844-fdd0c5ac390a", "src": "coll_thes", "section": "alpha", "target": {"tuuid": "97bb9db9-7b67-47f1-8251-195b7e1d46e6", "tsrc": "collegiate"}, "stems": ["meet", "meetly"], "syns": [["applicable", "appropriate", "apt", "becoming", "befitting", "felicitous", "fit", "fitted", "fitting", "good", "happy", "pretty", "proper", "right", "suitable"]], "ants": [["improper", "inapplicable", "inapposite", "inappropriate", "inapt", "incongruous", "indecent", "infelicitous", "malapropos", "misbecoming", "unapt", "unbecoming", "unbeseeming", "unfit", "unfitting", "unhappy", "unmeet", "unseemly", "unsuitable", "wrong"]], "offensive": false}, "hwi": {"hw": "meet"}, "fl": "adjective", "def": [{"sseq": [[["sense", {"dt": [["text", "meeting the requirements of a purpose or situation "], ["vis", [{"t": "in this case, splitting the winnings of the contested lottery ticket seems like a {it}meet{/it} solution"}]]], "syn_list": [[{"wd": "applicable"}, {"wd": "appropriate"}, {"wd": "apt"}, {"wd": "becoming"}, {"wd": "befitting"}, {"wd": "felicitous"}, {"wd": "fit"}, {"wd": "fitted"}, {"wd": "fitting"}, {"wd": "good"}, {"wd": "happy"}, {"wd": "pretty"}, {"wd": "proper"}, {"wd": "right"}, {"wd": "suitable"}]], "rel_list": [[{"wd": "condign"}, {"wd": "deserved"}, {"wd": "just"}, {"wd": "justified"}], [{"wd": "needed"}, {"wd": "required"}, {"wd": "requisite"}], [{"wd": "able"}, {"wd": "capable"}, {"wd": "competent"}, {"wd": "cut out"}, {"wd": "qualified"}, {"wd": "trained"}], [{"wd": "pitch-perfect"}], [{"wd": "acceptable"}, {"wd": "adequate"}, {"wd": "decent"}, {"wd": "kosher"}, {"wd": "satisfactory"}, {"wd": "serviceable"}, {"wd": "tolerable"}], [{"wd": "correct"}, {"wd": "decorous"}, {"wd": "respectable"}, {"wd": "seemly"}], [{"wd": "balanced"}, {"wd": "companionate"}, {"wd": "congruous"}, {"wd": "consonant"}, {"wd": "harmonious"}], [{"wd": "rightful"}]], "phrase_list": [[{"wd": "in order"}]], "near_list": [[{"wd": "incapable"}, {"wd": "incompetent"}, {"wd": "inept"}, {"wd": "inexpert"}, {"wd": "unqualified"}, {"wd": "unskilled"}, {"wd": "unskillful"}, {"wd": "untrained"}], [{"wd": "inadequate"}, {"wd": "intolerable"}, {"wd": "unacceptable"}, {"wd": "unsatisfactory"}], [{"wd": "graceless"}, {"wd": "incorrect"}, {"wd": "indecorous"}], [{"wd": "incompatible"}, {"wd": "uncongenial"}]], "ant_list": [[{"wd": "improper"}, {"wd": "inapplicable"}, {"wd": "inapposite"}, {"wd": "inappropriate"}, {"wd": "inapt"}, {"wd": "incongruous"}, {"wd": "indecent"}, {"wd": "infelicitous"}, {"wd": "malapropos"}, {"wd": "misbecoming"}, {"wd": "unapt"}, {"wd": "unbecoming"}, {"wd": "unbeseeming"}, {"wd": "unfit"}, {"wd": "unfitting"}, {"wd": "unhappy"}, {"wd": "unmeet"}, {"wd": "unseemly"}, {"wd": "unsuitable"}, {"wd": "wrong"}]]}]]]}], "shortdef": ["meeting the requirements of a purpose or situation"]}, {"meta": {"id": "meet and greet", "uuid": "93e85d27-5b77-4861-874e-6ebf7813fb22", "src": "CTcompile", "section": "alpha", "stems": ["meet and greet"], "syns": [["bake", "clambake", "cocktail party", "hen party", "house party", "housewarming", "icebreaker", "kaffeeklatsch", "kegger", "klatch", "masquerade", "mixer", "salon", "shower", "social", "soiree", "stag", "supper", "symposium", "tea", "tea party", "affair", "bash", "binge", "blast", "blowout", "do", "event", "fete", "function", "get-together", "party", "reception", "shindig", "benefit", "fund-raiser", "ball", "dance", "formal", "prom", "celebration", "gala", "occasion", "bacchanal", "bacchanalia", "orgy", "saturnalia"]], "ants": [], "offensive": false}, "hwi": {"hw": "meet and greet"}, "fl": "noun", "def": [{"sseq": [[["sense", {"dt": [["text", "as in {it}house party{/it}, {it}cocktail party{/it}"]], "sim_list": [[{"wd": "bake"}, {"wd": "clambake"}, {"wd": "cocktail party"}, {"wd": "hen party"}, {"wd": "house party"}, {"wd": "housewarming"}, {"wd": "icebreaker"}, {"wd": "kaffeeklatsch"}, {"wd": "kegger", "wvrs": [{"wvl": "also", "wva": "keg party"}]}, {"wd": "klatch", "wvrs": [{"wvl": "also", "wva": "klatsch"}]}, {"wd": "masquerade"}, {"wd": "mixer"}, {"wd": "salon"}, {"wd": "shower"}, {"wd": "social"}, {"wd": "soiree", "wvrs": [{"wvl": "or", "wva": "soir\u00e9e"}]}, {"wd": "stag"}, {"wd": "supper"}, {"wd": "symposium"}, {"wd": "tea"}, {"wd": "tea party"}], [{"wd": "affair"}, {"wd": "bash"}, {"wd": "binge"}, {"wd": "blast"}, {"wd": "blowout"}, {"wd": "do"}, {"wd": "event"}, {"wd": "fete", "wvrs": [{"wvl": "or", "wva": "f\u00eate"}]}, {"wd": "function"}, {"wd": "get-together"}, {"wd": "party"}, {"wd": "reception"}, {"wd": "shindig"}], [{"wd": "benefit"}, {"wd": "fund-raiser"}], [{"wd": "ball"}, {"wd": "dance"}, {"wd": "formal"}, {"wd": "prom"}], [{"wd": "celebration"}, {"wd": "gala"}, {"wd": "occasion"}], [{"wd": "bacchanal"}, {"wd": "bacchanalia"}, {"wd": "orgy"}, {"wd": "saturnalia"}]]}]]]}], "shortdef": ["as in house party, cocktail party"]}, {"meta": {"id": "meet and greets", "uuid": "8868fe90-54f8-44ec-b36d-6b2ef28cdc73", "src": "CTcompile", "section": "alpha", "stems": ["meet and greets"], "syns": [["bakes", "clambakes", "cocktail parties", "hen parties", "house parties", "housewarmings", "icebreakers", "kaffeeklatsches", "keggers", "klatches", "masquerades", "mixers", "salons", "showers", "socials", "soirees", "stags", "suppers", "symposia", "tea parties", "teas", "affairs", "bashes", "binges", "blasts", "blowouts", "dos", "events", "fetes", "functions", "get-togethers", "parties", "receptions", "shindigs", "benefits", "fund-raisers", "balls", "dances", "formals", "proms", "celebrations", "galas", "occasions", "bacchanalia", "bacchanals", "orgies", "saturnalias"]], "ants": [], "offensive": false}, "hwi": {"hw": "meet and greets"}, "fl": "noun", "sls": ["plural of {d_link|meet and greet|meet and greet}"], "def": [{"sseq": [[["sense", {"dt": [["text", "as in {it}house parties{/it}, {it}cocktail parties{/it}"]], "sim_list": [[{"wd": "bakes"}, {"wd": "clambakes"}, {"wd": "cocktail parties"}, {"wd": "hen parties"}, {"wd": "house parties"}, {"wd": "housewarmings"}, {"wd": "icebreakers"}, {"wd": "kaffeeklatsches"}, {"wd": "keggers", "wvrs": [{"wvl": "also", "wva": "keg parties"}]}, {"wd": "klatches", "wvrs": [{"wvl": "also", "wva": "klatsches"}]}, {"wd": "masquerades"}, {"wd": "mixers"}, {"wd": "salons"}, {"wd": "showers"}, {"wd": "socials"}, {"wd": "soirees", "wvrs": [{"wvl": "or", "wva": "soir\u00e9es"}]}, {"wd": "stags"}, {"wd": "suppers"}, {"wd": "symposia", "wvrs": [{"wvl": "or", "wva": "symposiums"}]}, {"wd": "tea parties"}, {"wd": "teas"}], [{"wd": "affairs"}, {"wd": "bashes"}, {"wd": "binges"}, {"wd": "blasts"}, {"wd": "blowouts"}, {"wd": "dos", "wvrs": [{"wvl": "or", "wva": "do's"}]}, {"wd": "events"}, {"wd": "fetes", "wvrs": [{"wvl": "or", "wva": "f\u00eates"}]}, {"wd": "functions"}, {"wd": "get-togethers"}, {"wd": "parties"}, {"wd": "receptions"}, {"wd": "shindigs"}], [{"wd": "benefits"}, {"wd": "fund-raisers"}], [{"wd": "balls"}, {"wd": "dances"}, {"wd": "formals"}, {"wd": "proms"}], [{"wd": "celebrations"}, {"wd": "galas"}, {"wd": "occasions"}], [{"wd": "bacchanalia"}, {"wd": "bacchanals"}, {"wd": "orgies"}, {"wd": "saturnalias"}]]}]]]}], "shortdef": ["as in house parties, cocktail parties"]}, {"meta": {"id": "make ends meet", "uuid": "6e5e9128-2306-4e33-a156-3e495956af97", "src": "CTenhance", "section": "phrases", "stems": ["make ends meet", "making ends meet", "made ends meet", "makes ends meet"], "syns": [["cope", "do", "fare", "get along", "get by", "get on", "make out", "manage", "shift"]], "ants": [], "offensive": false}, "hwi": {"hw": "make ends meet"}, "fl": "phrase", "def": [{"sseq": [[["sense", {"dt": [["text", "to meet one's day-to-day needs "], ["vis", [{"t": "The couple's income was just enough to {it}make ends meet{/it} each month."}]]], "syn_list": [[{"wd": "cope"}, {"wd": "do"}, {"wd": "fare"}, {"wd": "get along"}, {"wd": "get by"}, {"wd": "get on"}, {"wd": "make out"}, {"wd": "manage"}, {"wd": "shift"}]], "rel_list": [[{"wd": "carry on"}, {"wd": "contrive"}, {"wd": "scrape (by or through)"}, {"wd": "scrounge"}], [{"wd": "last"}, {"wd": "survive"}], [{"wd": "eke out"}, {"wd": "scrape (out)"}, {"wd": "squeeze"}, {"wd": "wrest"}, {"wd": "wring"}], [{"wd": "afford"}, {"wd": "swing"}]], "phrase_list": [[{"wd": "fend for oneself"}, {"wd": "make do"}, {"wd": "make shift"}]], "near_list": [[{"wd": "collapse"}, {"wd": "fail"}, {"wd": "fall short"}, {"wd": "fizzle"}, {"wd": "flounder"}], [{"wd": "decline"}, {"wd": "peter (out)"}, {"wd": "slump"}, {"wd": "wane"}], [{"wd": "give up"}]]}]]]}], "shortdef": ["to meet one's day-to-day needs"]}, {"meta": {"id": "made ends meet", "uuid": "054d3494-0c23-47f4-9ec8-9b5895b13d42", "src": "CTenhance", "section": "phrases", "stems": ["made ends meet"], "syns": [["coped", "did", "fared", "got along", "got by", "got on", "made out", "managed", "shifted"]], "ants": [], "offensive": false}, "hwi": {"hw": "made ends meet"}, "fl": "phrase", "sls": ["past tense of {d_link|make ends meet|make ends meet}"], "def": [{"sseq": [[["sense", {"dt": [["text", "to meet one's day-to-day needs "], ["vis", [{"t": "The couple's income was just enough to {it}make ends meet{/it} each month."}]]], "syn_list": [[{"wd": "coped"}, {"wd": "did"}, {"wd": "fared"}, {"wd": "got along"}, {"wd": "got by"}, {"wd": "got on"}, {"wd": "made out"}, {"wd": "managed"}, {"wd": "shifted"}]], "rel_list": [[{"wd": "carried on"}, {"wd": "contrived"}, {"wd": "scraped (by or through)"}, {"wd": "scrounged"}], [{"wd": "lasted"}, {"wd": "survived"}], [{"wd": "eked out"}, {"wd": "scraped (out)"}, {"wd": "squeezed"}, {"wd": "wrested"}, {"wd": "wrung"}], [{"wd": "afforded"}, {"wd": "swung"}]], "phrase_list": [[{"wd": "fended for oneself"}, {"wd": "made do"}, {"wd": "made shift"}]], "near_list": [[{"wd": "collapsed"}, {"wd": "failed"}, {"wd": "fell short"}, {"wd": "fizzled"}, {"wd": "floundered"}], [{"wd": "declined"}, {"wd": "petered (out)"}, {"wd": "slumped"}, {"wd": "waned"}], [{"wd": "gave up"}]]}]]]}], "shortdef": ["to meet one's day-to-day needs"]}, {"meta": {"id": "makes ends meet", "uuid": "719be900-ec5d-40f6-8eae-18417ac30f2c", "src": "CTenhance", "section": "phrases", "stems": ["makes ends meet"], "syns": [["copes", "does", "fares", "gets along", "gets by", "gets on", "makes out", "manages", "shifts"]], "ants": [], "offensive": false}, "hwi": {"hw": "makes ends meet"}, "fl": "phrase", "sls": ["present tense third-person singular of {d_link|make ends meet|make ends meet}"], "def": [{"sseq": [[["sense", {"dt": [["text", "to meet one's day-to-day needs "], ["vis", [{"t": "The couple's income was just enough to {it}make ends meet{/it} each month."}]]], "syn_list": [[{"wd": "copes"}, {"wd": "does"}, {"wd": "fares"}, {"wd": "gets along"}, {"wd": "gets by"}, {"wd": "gets on"}, {"wd": "makes out"}, {"wd": "manages"}, {"wd": "shifts"}]], "rel_list": [[{"wd": "carries on"}, {"wd": "contrives"}, {"wd": "scrapes (by or through)"}, {"wd": "scrounges"}], [{"wd": "lasts"}, {"wd": "survives"}], [{"wd": "ekes out"}, {"wd": "scrapes (out)"}, {"wd": "squeezes"}, {"wd": "wrests"}, {"wd": "wrings"}], [{"wd": "affords"}, {"wd": "swings"}]], "phrase_list": [[{"wd": "fends for oneself"}, {"wd": "makes do"}, {"wd": "makes shift"}]], "near_list": [[{"wd": "collapses"}, {"wd": "fails"}, {"wd": "falls short"}, {"wd": "fizzles"}, {"wd": "flounders"}], [{"wd": "declines"}, {"wd": "peters (out)"}, {"wd": "slumps"}, {"wd": "wanes"}], [{"wd": "gives up"}]]}]]]}], "shortdef": ["to meet one's day-to-day needs"]}, {"meta": {"id": "making ends meet", "uuid": "8084df4e-45f9-479d-aadf-bd41c6e8e3ea", "src": "CTenhance", "section": "phrases", "stems": ["making ends meet"], "syns": [["coping", "doing", "faring", "getting along", "getting by", "getting on", "making out", "managing", "shifting"]], "ants": [], "offensive": false}, "hwi": {"hw": "making ends meet"}, "fl": "phrase", "sls": ["present participle of {d_link|make ends meet|make ends meet}"], "def": [{"sseq": [[["sense", {"dt": [["text", "to meet one's day-to-day needs "], ["vis", [{"t": "The couple's income was just enough to {it}make ends meet{/it} each month."}]]], "syn_list": [[{"wd": "coping"}, {"wd": "doing"}, {"wd": "faring"}, {"wd": "getting along"}, {"wd": "getting by"}, {"wd": "getting on"}, {"wd": "making out"}, {"wd": "managing"}, {"wd": "shifting"}]], "rel_list": [[{"wd": "carrying on"}, {"wd": "contriving"}, {"wd": "scraping (by or through)"}, {"wd": "scrounging"}], [{"wd": "lasting"}, {"wd": "surviving"}], [{"wd": "eking out"}, {"wd": "scraping (out)"}, {"wd": "squeezing"}, {"wd": "wresting"}, {"wd": "wringing"}], [{"wd": "affording"}, {"wd": "swinging"}]], "phrase_list": [[{"wd": "fending for oneself"}, {"wd": "making do"}, {"wd": "making shift"}]], "near_list": [[{"wd": "collapsing"}, {"wd": "failing"}, {"wd": "falling short"}, {"wd": "fizzling"}, {"wd": "floundering"}], [{"wd": "declining"}, {"wd": "petering (out)"}, {"wd": "slumping"}, {"wd": "waning"}], [{"wd": "giving up"}]]}]]]}], "shortdef": ["to meet one's day-to-day needs"]}]