[{"meta": {"id": "meet:1", "uuid": "e11365c1-38b7-4eb1-8201-34945f7ef43d", "sort": "131638000", "src": "collegiate", "section": "alpha", "stems": ["meet", "meet halfway", "meet with", "meeter", "meeters", "meeting", "meeting halfway", "meeting with", "meets", "meets halfway", "meets with", "met", "met halfway", "met with"], "offensive": false}, "hom": 1, "hwi": {"hw": "meet", "prs": [{"mw": "\u02c8m\u0113t", "sound": {"audio": "meet0001", "ref": "c", "stat": "1"}}]}, "fl": "verb", "ins": [{"if": "met", "prs": [{"mw": "\u02c8met", "sound": {"audio": "meet0002", "ref": "c", "stat": "1"}}]}, {"if": "meet*ing"}], "def": [{"vd": "transitive verb", "sseq": [[["sense", {"sn": "1 a", "dt": [["text", "{bc}to come into the presence of {bc}{sx|find||} "], ["vis", [{"t": "{it}met{/it} him as a stranger on a plane"}]]]}], ["sense", {"sn": "b", "dt": [["text", "{bc}to come together with especially at a particular time or place "], ["vis", [{"t": "I'll {wi}meet{/wi} you at the station"}]]]}], ["sense", {"sn": "c", "dt": [["text", "{bc}to come into contact or conjunction with {bc}{sx|join||} "], ["vis", [{"t": "There is where the brook {wi}meets{/wi} the river."}]]]}], ["sense", {"sn": "d", "dt": [["text", "{bc}to appear to the perception of "], ["vis", [{"t": "a pungent odor \u2026 {it}met{/it} his nostrils", "aq": {"auth": "S. E. White"}}]]]}]], [["sense", {"sn": "2", "dt": [["text", "{bc}to encounter as antagonist {dx_def}see {dxt|antagonist||1}{/dx_def} or foe {bc}{sx|oppose||} "], ["vis", [{"t": "{it}met{/it} the heavyweight in a successful bout"}]]]}]], [["sense", {"sn": "3", "dt": [["text", "{bc}to enter into conference, argument, or personal dealings with"]]}]], [["sense", {"sn": "4", "dt": [["text", "{bc}to conform to especially with exactitude and precision "], ["vis", [{"t": "a concept to {wi}meet{/wi} all requirements"}]]]}]], [["sense", {"sn": "5", "dt": [["text", "{bc}to pay fully {bc}{sx|settle||} "], ["vis", [{"t": "could not {wi}meet{/wi} his loans", "aq": {"auth": "Waldo Frank"}}]]]}]], [["sense", {"sn": "6", "dt": [["text", "{bc}to cope with "], ["vis", [{"t": "was able to {wi}meet{/wi} every social situation"}]]]}]], [["sense", {"sn": "7", "dt": [["text", "{bc}to provide for "], ["vis", [{"t": "enough money to {wi}meet{/wi} our needs"}]]]}]], [["sense", {"sn": "8", "dt": [["text", "{bc}to become acquainted with "], ["vis", [{"t": "I want you to {wi}meet{/wi} my sister."}]]]}]], [["sense", {"sn": "9", "dt": [["text", "{bc}{sx|encounter||}, {sx|experience||}"]]}]], [["sense", {"sn": "10", "dt": [["text", "{bc}to receive or greet in an official capacity "], ["vis", [{"t": "The president {it}met{/it} the prime minister at the White House."}]]]}]]]}, {"vd": "intransitive verb", "sseq": [[["sense", {"sn": "1 a", "dt": [["text", "{bc}to come face-to-face "], ["vis", [{"t": "That's the restaurant where they {it}met{/it}."}]]]}], ["sense", {"sn": "b", "dt": [["text", "{bc}to come together for a common purpose {bc}{sx|assemble||} "], ["vis", [{"t": "The delegates {it}met{/it} at the convention."}]]]}], ["sense", {"sn": "c", "dt": [["text", "{bc}to come together as contestants, opponents, or enemies "], ["vis", [{"t": "The candidates {it}met{/it} for their debate."}]]]}]], [["sense", {"sn": "2", "dt": [["text", "{bc}to form a junction or confluence "], ["vis", [{"t": "the lines {wi}meet{/wi} in a point"}]]]}]], [["sense", {"sn": "3", "dt": [["text", "{bc}to occur together "], ["vis", [{"t": "many graces and many virtues {wi}meet{/wi} in her"}]]]}]]]}], "uros": [{"ure": "meet*er", "fl": "noun"}], "dros": [{"drp": "meet halfway", "def": [{"sseq": [[["sense", {"dt": [["text", "{bc}to compromise with"]]}]]]}]}, {"drp": "meet with", "def": [{"sseq": [[["sense", {"dt": [["text", "{bc}to be subjected to {bc}{sx|encounter||} "], ["vis", [{"t": "the proposal {it}met with{/it} opposition"}]]]}]]]}]}], "et": [["text", "Middle English {it}meten{/it}, from Old English {it}m\u0113tan{/it}; akin to Old English ge{it}m\u014dt{/it} assembly {ma}{mat|moot:3|}{/ma}"]], "date": "before 12th century{ds|t|1|a|}", "shortdef": ["to come into the presence of : find", "to come together with especially at a particular time or place", "to come into contact or conjunction with : join"]}, {"meta": {"id": "meet:2", "uuid": "669c806e-2280-4b84-943d-823c8cefafbd", "sort": "131639000", "src": "collegiate", "section": "alpha", "stems": ["meet", "meets"], "offensive": false}, "hom": 2, "hwi": {"hw": "meet"}, "fl": "noun", "def": [{"sseq": [[["sense", {"sn": "1", "dt": [["text", "{bc}the act of assembling for a hunt or for competitive sports"]]}]], [["sense", {"sn": "2", "dt": [["text", "{bc}a competition in which individuals match skills"]]}]]]}], "et": [["text", "{dx_ety}see {dxt|meet:1||}{/dx_ety}"]], "date": "1804{ds||1||}", "shortdef": ["the act of assembling for a hunt or for competitive sports", "a competition in which individuals match skills"]}, {"meta": {"id": "meet:3", "uuid": "97bb9db9-7b67-47f1-8251-195b7e1d46e6", "sort": "131640000", "src": "collegiate", "section": "alpha", "stems": ["meet", "meetly"], "offensive": false}, "hom": 3, "hwi": {"hw": "meet"}, "fl": "adjective", "def": [{"sseq": [[["sense", {"dt": [["text", "{bc}precisely adapted to a particular situation, need, or circumstance {bc}very proper"]]}]]]}], "uros": [{"ure": "meet*ly", "fl": "adverb"}], "syns": [{"pl": "synonyms", "pt": [["text", "{sc}fit{/sc} {sc}suitable{/sc} {sc}meet{/sc} {sc}proper{/sc} {sc}appropriate{/sc} {sc}fitting{/sc} {sc}apt{/sc} {sc}happy{/sc}{sc}felicitous{/sc} mean right with respect to some end, need, use, or circumstance. {sc}fit{/sc} stresses adaptability and sometimes special readiness for use or action. "], ["vis", [{"t": "{it}fit{/it} for battle"}]], ["text", " {sc}suitable{/sc} implies an answering to requirements or demands. "], ["vis", [{"t": "clothes {it}suitable{/it} for camping"}]], ["text", " {sc}meet{/sc} suggests a just proportioning. "], ["vis", [{"t": "{it}meet{/it} payment"}]], ["text", " {sc}proper{/sc} suggests a suitability through essential nature or accordance with custom. "], ["vis", [{"t": "{it}proper{/it} acknowledgement"}]], ["text", " {sc}appropriate{/sc} implies eminent or distinctive fitness. "], ["vis", [{"t": "an {it}appropriate{/it} gift"}]], ["text", " {sc}fitting{/sc} implies harmony of mood or tone. "], ["vis", [{"t": "a {it}fitting{/it} end"}]], ["text", " {sc}apt{/sc} connotes a fitness marked by nicety and discrimination. "], ["vis", [{"t": "{it}apt{/it} quotations"}]], ["text", " {sc}happy{/sc} suggests what is effectively or successfully appropriate. "], ["vis", [{"t": "a {it}happy{/it} choice of words"}]], ["text", " {sc}felicitous{/sc} suggests an aptness that is opportune, telling, or graceful. "], ["vis", [{"t": "a {it}felicitous{/it} phrase"}]]]}], "et": [["text", "Middle English {it}mete{/it}, from Old English {it}gem\u01e3te{/it}; akin to Old English {it}metan{/it} to mete"]], "date": "14th century", "shortdef": ["precisely adapted to a particular situation, need, or circumstance : very proper"]}, {"meta": {"id": "met:1", "uuid": "95bf5df0-2e7d-43b4-bf20-dd5f2c3a8606", "sort": "132089000", "src": "collegiate", "section": "alpha", "stems": ["meet", "met"], "offensive": false}, "hom": 1, "hwi": {"hw": "met"}, "cxs": [{"cxl": "past tense and past participle of", "cxtis": [{"cxt": "meet"}]}], "shortdef": []}, {"meta": {"id": "meet and greet", "uuid": "3df1fa6b-fcc4-4b57-9bed-18afce4ab7fc", "sort": "131641000", "src": "collegiate", "section": "alpha", "stems": ["meet and greet", "meet and greets"], "offensive": false}, "hwi": {"hw": "meet and greet"}, "fl": "noun", "def": [{"sseq": [[["sense", {"dt": [["text", "{bc}a reception at which a public figure (such as a politician or rock star) socializes with press members and other guests "], ["vis", [{"t": "The candidate held a {it}meet and greet{/it} with voters."}, {"t": "The pop singer took time for a {it}meet and greet{/it} with fans."}]]]}]]]}], "date": "1960", "shortdef": ["a reception at which a public figure (such as a politician or rock star) socializes with press members and other guests"]}, {"meta": {"id": "meet one's maker", "uuid": "3a832116-1493-43ac-b04f-be65ecc32cdb", "sort": "131644250", "src": "collegiate", "section": "alpha", "stems": ["meet one's maker", "meet his maker", "meet her maker", "meet their maker", "meet my maker", "meet your maker", "meet its maker", "meet one's Maker", "meet his Maker", "meet her Maker", "meet their Maker", "meet my Maker", "meet your Maker", "meet its Maker"], "offensive": false}, "hwi": {"hw": "meet one's maker"}, "vrs": [{"vl": "or", "va": "meet one's Maker"}], "fl": "idiomatic phrase", "def": [{"sseq": [[["sense", {"dt": [["text", "{bc}to die "], ["vis", [{"t": "{ldquo}\u2026 I was so convinced at one point that I was about ready to be a goner, I mean to {wi}meet my maker{/wi}. \u2026 {rdquo}", "aq": {"auth": "Bill Johnson"}}]], ["uns", [[["text", " often used figuratively "], ["vis", [{"t": "My old car has finally gone to {wi}meet its maker{/wi}."}]]]]]]}]]]}], "shortdef": ["to die \u2014 often used figuratively"]}, {"meta": {"id": "meet one's doom", "uuid": "60c45a28-aa18-4fea-9172-3f4486b495c5", "sort": "3012091000", "src": "ld", "section": "idioms", "stems": ["meet her doom", "meet his doom", "meet one's doom", "meet their doom"], "offensive": false}, "hwi": {"hw": "meet one's doom"}, "fl": "idiom", "def": [{"sseq": [[["sense", {"dt": [["text", "{bc}to die "], ["vis", [{"t": "Prepare to {it}meet your doom{/it}."}]]]}]]]}], "shortdef": ["to die"]}, {"meta": {"id": "meet one's fate", "uuid": "3ab6ed0c-3143-4fb7-a4ff-70d6c44a0857", "sort": "3012092000", "src": "ld", "section": "idioms", "stems": ["meet her fate", "meet his fate", "meet one's fate", "meet their fate"], "offensive": false}, "hwi": {"hw": "meet one's fate"}, "fl": "idiom", "def": [{"sseq": [[["sense", {"dt": [["text", "{bc}to die "], ["vis", [{"t": "Like his father, he {it}met his fate{/it} on the battlefield."}]]]}]]]}], "shortdef": ["to die"]}, {"meta": {"id": "meet one's match", "uuid": "caaa0858-70cd-4364-a74b-792c52202a70", "sort": "3012094000", "src": "ld", "section": "idioms", "stems": ["meet her match", "meet his match", "meet one's match", "meet their match"], "offensive": false}, "hwi": {"hw": "meet one's match"}, "fl": "idiom", "def": [{"sseq": [[["sense", {"dt": [["text", "{bc}to be opposed by someone as good as one is and who could defeat one "], ["vis", [{"t": "She knew after the first game that she had {it}met her match{/it}."}]]]}]]]}], "shortdef": ["to be opposed by someone as good as one is and who could defeat one"]}, {"meta": {"id": "meet one's Waterloo", "uuid": "644e8a5d-38c9-434a-9939-ffd2d84be370", "sort": "3012095000", "src": "ld", "section": "idioms", "stems": ["meet her waterloo", "meet his waterloo", "meet one's waterloo", "meet their waterloo"], "offensive": false}, "hwi": {"hw": "meet one's Waterloo"}, "fl": "idiom", "def": [{"sseq": [[["sense", {"dt": [["text", "{bc}to be defeated "], ["vis", [{"t": "The governor finally {it}met his Waterloo{/it} in the last election."}]]]}]]]}], "shortdef": ["to be defeated"]}]