[{"meta": {"id": "melt:1", "uuid": "65793421-18f2-4e8a-9c2c-0bc58dac8683", "sort": "131771000", "src": "collegiate", "section": "alpha", "stems": ["melt", "meltabilities", "meltability", "meltable", "melted", "melter", "melters", "melting", "melts"], "offensive": false}, "hom": 1, "hwi": {"hw": "melt", "prs": [{"mw": "\u02c8melt", "sound": {"audio": "melt0001", "ref": "c", "stat": "1"}}]}, "fl": "verb", "ins": [{"if": "melt*ed"}, {"if": "melt*ing"}, {"if": "melts"}], "def": [{"vd": "intransitive verb", "sseq": [[["sense", {"sn": "1", "dt": [["text", "{bc}to become altered from a solid to a liquid state usually by heat"]]}]], [["sense", {"sn": "2 a", "dt": [["text", "{bc}{sx|dissolve||}, {sx|disintegrate||} "], ["vis", [{"t": "the sugar {wi}melted{/wi} in the coffee"}]]]}], ["sense", {"sn": "b", "dt": [["text", "{bc}to disappear as if by dissolving "], ["vis", [{"t": "her anger {wi}melted{/wi} at his kind words"}]]]}]], [["sense", {"sn": "3", "sls": ["obsolete"], "dt": [["text", "{bc}to become subdued or crushed (as by sorrow)"]]}]], [["sense", {"sn": "4", "dt": [["text", "{bc}to become mild, tender, or gentle"]]}]], [["sense", {"sn": "5", "dt": [["text", "{bc}to lose outline or distinctness {bc}{sx|blend||}"]]}]]]}, {"vd": "transitive verb", "sseq": [[["sense", {"sn": "1", "dt": [["text", "{bc}to reduce from a solid to a liquid state usually by heat"]]}]], [["sense", {"sn": "2", "dt": [["text", "{bc}to cause to disappear or disperse"]]}]], [["sense", {"sn": "3", "dt": [["text", "{bc}to make tender or gentle {bc}{sx|soften||}"]]}]]]}], "uros": [{"ure": "melt*abil*i*ty", "prs": [{"mw": "\u02ccmel-t\u0259-\u02c8bi-l\u0259-t\u0113", "sound": {"audio": "melt0002", "ref": "c", "stat": "1"}}], "fl": "noun"}, {"ure": "melt*able", "prs": [{"mw": "\u02c8mel-t\u0259-b\u0259l", "sound": {"audio": "melt0003", "ref": "c", "stat": "1"}}], "fl": "adjective"}, {"ure": "melt*er", "fl": "noun"}], "et": [["text", "Middle English, from Old English {it}meltan{/it}; akin to Old Norse {it}melta{/it} to digest, Greek {it}meldein{/it} to melt {ma}{mat|mollify|}{/ma}"]], "date": "before 12th century{ds|i|1||}", "shortdef": ["to become altered from a solid to a liquid state usually by heat", "dissolve, disintegrate", "to disappear as if by dissolving"]}, {"meta": {"id": "melt:2", "uuid": "4c0eb385-6d83-43a5-8fae-49e3e24b9499", "sort": "131772000", "src": "collegiate", "section": "alpha", "stems": ["melt", "melts", "milt"], "offensive": false}, "hom": 2, "hwi": {"hw": "melt"}, "fl": "noun", "def": [{"sseq": [[["sense", {"sn": "1 a", "dt": [["text", "{bc}material in the molten state"]]}], ["sense", {"sn": "b", "dt": [["text", "{bc}the mass {a_link|melted} at a single operation or the quantity melted during a specified period"]]}]], [["sense", {"sn": "2 a", "dt": [["text", "{bc}the action or process of {a_link|melting} or the period during which it occurs "], ["vis", [{"t": "the spring {wi}melt{/wi}"}]]]}], ["sense", {"sn": "b", "dt": [["text", "{bc}the condition of being melted"]]}]], [["sense", {"sn": "3", "dt": [["text", "{bc}a sandwich with melted cheese "], ["vis", [{"t": "a tuna {wi}melt{/wi}"}]]]}]]]}], "date": "1847{ds||1|a|}", "shortdef": ["material in the molten state", "the mass melted at a single operation or the quantity melted during a specified period", "the action or process of melting or the period during which it occurs"]}, {"meta": {"id": "melt:3", "uuid": "5140b0dc-4eb3-48ba-bf6e-4a75dbb5a573", "sort": "131773000", "src": "collegiate", "section": "alpha", "stems": ["melt", "melts", "milt"], "offensive": false}, "hom": 3, "hwi": {"hw": "melt"}, "fl": "noun", "def": [{"sseq": [[["sense", {"dt": [["text", "{bc}{sx|spleen||}"]], "sdsense": {"sd": "especially", "dt": [["text", "{bc}spleen of slaughtered animals for use as feed or food"]]}}]]]}], "et": [["text", "Middle English {it}milte{/it}, from Old English; akin to Old High German {it}miltzi{/it} spleen"]], "date": "before 12th century", "shortdef": ["spleen; especially : spleen of slaughtered animals for use as feed or food"]}, {"meta": {"id": "milt", "uuid": "64f94780-2526-42e1-92b5-c7a56bb3ddec", "sort": "132797000", "src": "collegiate", "section": "alpha", "stems": ["melt", "milt", "milts"], "offensive": false}, "hwi": {"hw": "milt", "prs": [{"mw": "\u02c8milt", "sound": {"audio": "milt0001", "ref": "c", "stat": "1"}}]}, "fl": "noun", "def": [{"sseq": [[["sense", {"dt": [["text", "{bc}the sperm-containing fluid of a male fish"]]}]]]}], "et": [["text", "probably from Middle Dutch {it}milte{/it} milt of fish, spleen; akin to Old English {it}milte{/it} spleen {ma}{mat|melt|}{/ma}"]], "date": "15th century", "shortdef": ["the sperm-containing fluid of a male fish"]}, {"meta": {"id": "melt down", "uuid": "04c3b8b2-3ecc-4080-8234-95f1bdad3694", "sort": "131775000", "src": "collegiate", "section": "alpha", "stems": ["melt down", "melted down", "melting down", "melts down"], "offensive": false}, "hwi": {"hw": "melt down"}, "fl": "verb", "ins": [{"if": "melt*ed down"}, {"if": "melt*ing down"}, {"if": "melts down"}], "def": [{"vd": "intransitive verb", "sseq": [[["sense", {"dt": [["text", "{bc}to suffer a meltdown {bc}{sx|collapse||}"]]}]]]}], "date": "1956", "shortdef": ["to suffer a meltdown : collapse"]}, {"meta": {"id": "melt in one's mouth", "uuid": "ede05e01-8ce2-49c0-a771-b652fd7b155b", "sort": "3012106000", "src": "ld", "section": "idioms", "stems": ["melt in her mouth", "melt in his mouth", "melt in one's mouth", "melt in their mouth"], "offensive": false}, "hwi": {"hw": "melt in one's mouth"}, "fl": "idiom", "def": [{"sls": ["of food"], "sseq": [[["sense", {"dt": [["text", "{bc}to taste delicious and feel soft or become soft when put in one's mouth "], ["vis", [{"t": "chocolate candies that {it}melt in your mouth{/it}"}, {"t": "The fish practically {it}melts in your mouth{/it}."}]]]}]]]}], "shortdef": ["to taste delicious and feel soft or become soft when put in one's mouth"]}, {"meta": {"id": "melt into", "uuid": "9f21c3cd-d185-4b83-9162-0441f72030ca", "sort": "3012107000", "src": "ld", "section": "idioms", "stems": ["melt into", "melted into", "melting into", "melts into"], "offensive": false}, "hwi": {"hw": "melt into"}, "fl": "phrasal verb", "ins": [{"if": "melt*ed into"}, {"if": "melt*ing into"}, {"if": "melts into"}], "def": [{"sseq": [[["sense", {"dt": [["text", "{bc}to become difficult or impossible to see by changing into or becoming combined with (something else) "], ["vis", [{"t": "The colors in the painting {it}melt into{/it} one another."}, {"t": "Her frown {it}melted into{/it} a smile."}, {"t": "She {it}melted into{/it} the crowd."}]]]}]]]}], "shortdef": ["to become difficult or impossible to see by changing into or becoming combined with (something else)"]}, {"meta": {"id": "melt one's heart", "uuid": "ea5c5bb4-970b-4330-b976-f34531bb0e61", "sort": "3012108000", "src": "ld", "section": "idioms", "stems": ["melt her heart", "melt his heart", "melt my heart", "melt one's heart", "melt our hearts", "melt the heart", "melt their hearts", "melt your heart", "melt your hearts", "melted her heart", "melted his heart", "melted my heart", "melted one's heart", "melted our hearts", "melted their hearts", "melted your heart", "melted your hearts", "melting her heart", "melting his heart", "melting my heart", "melting one's heart", "melting our hearts", "melting their hearts", "melting your heart", "melting your hearts", "melts her heart", "melts his heart", "melts my heart", "melts one's heart", "melts the heart", "melts their hearts", "melts your heart", "melts your hearts"], "offensive": false}, "hwi": {"hw": "melt one's heart"}, "fl": "idiom", "def": [{"sseq": [[["sense", {"dt": [["text", "{bc}to fill someone with compassion, sympathy, etc. "], ["vis", [{"t": "It would have {it}melted your heart{/it} to see her lying in that hospital bed."}, {"t": "A warm smile {phrase}melts the heart{/phrase} {gloss}=causes someone to feel affection{/gloss}."}]]]}]]]}], "shortdef": ["to fill someone with compassion, sympathy, etc."]}, {"meta": {"id": "hot-melt", "uuid": "8d8b1cce-c370-4665-8971-bde321a3cb0b", "sort": "080277100", "src": "collegiate", "section": "alpha", "stems": ["hot-melt", "hot-melts"], "offensive": false}, "hwi": {"hw": "hot-melt", "prs": [{"mw": "\u02c8h\u00e4t-\u02ccmelt", "sound": {"audio": "hotmel01", "ref": "c", "stat": "1"}}]}, "fl": "noun", "def": [{"sseq": [[["sense", {"dt": [["text", "{bc}a fast-drying nonvolatile adhesive applied hot in the molten state"]]}]]]}], "date": "1935", "shortdef": ["a fast-drying nonvolatile adhesive applied hot in the molten state"]}, {"meta": {"id": "butter wouldn't melt in someone's mouth", "uuid": "43db66b1-34c7-4beb-8862-8340db49ca10", "sort": "3002581000", "src": "ld", "section": "idioms", "stems": ["butter wouldn't melt in someone's mouth"], "offensive": false}, "hwi": {"hw": "butter wouldn't melt in someone's mouth"}, "fl": "idiom", "def": [{"sls": ["chiefly British"], "sseq": [[["sense", {"dt": [["uns", [[["text", "used to say that a person who appears to be innocent, sincere, or kind is really not"]]]]]}]]]}], "shortdef": ["\u2014used to say that a person who appears to be innocent, sincere, or kind is really not"]}]