[{"meta": {"id": "more", "uuid": "83d6849a-63f6-4cfc-9aca-ca83d0747683", "src": "coll_thes", "section": "alpha", "target": {"tuuid": "a0af4c91-8129-4e7d-9ad1-ae1c0586a579", "tsrc": "collegiate"}, "stems": ["more"], "syns": [["additionally", "again", "also", "besides", "either", "further", "furthermore", "likewise", "moreover", "then", "too", "withal", "yet"], ["better"]], "ants": [], "offensive": false}, "hwi": {"hw": "more"}, "fl": "adverb", "def": [{"sseq": [[["sense", {"sn": "1", "dt": [["text", "in addition to what has been said "], ["vis", [{"t": "the sci-fi movie was totally unbelievable and, what's {it}more{/it}, it was boring"}]]], "syn_list": [[{"wd": "additionally"}, {"wd": "again"}, {"wd": "also"}, {"wd": "besides"}, {"wd": "either"}, {"wd": "further"}, {"wd": "furthermore"}, {"wd": "likewise"}, {"wd": "moreover"}, {"wd": "then"}, {"wd": "too"}, {"wd": "withal"}, {"wd": "yet"}]], "phrase_list": [[{"wd": "as well"}, {"wd": "for good measure"}, {"wd": "in addition to"}, {"wd": "into the bargain", "wvrs": [{"wvl": "also", "wva": "in the bargain"}]}, {"wd": "on top of"}, {"wd": "to boot"}, {"wd": "what's more"}]]}]], [["sense", {"sn": "2", "dt": [["text", "to a greater or higher extent "], ["vis", [{"t": "the boxers for this bout are {it}more{/it} evenly matched than the last two were"}]]], "syn_list": [[{"wd": "better"}]]}]]]}], "shortdef": ["in addition to what has been said", "to a greater or higher extent"]}, {"meta": {"id": "more", "uuid": "e61f0109-5957-4005-960e-b043e58fd743", "src": "coll_thes", "section": "alpha", "target": {"tuuid": "cdf9ee84-3ee9-4b53-bce0-b171060a2eb7", "tsrc": "collegiate"}, "stems": ["more"], "syns": [["added", "additional", "another", "else", "farther", "fresh", "further", "other"]], "ants": [], "offensive": false}, "hwi": {"hw": "more"}, "fl": "adjective", "def": [{"sseq": [[["sense", {"dt": [["text", "resulting in an increase in amount or number "], ["vis", [{"t": "bought {it}more{/it} apples in order to make a bigger pie"}]]], "syn_list": [[{"wd": "added"}, {"wd": "additional"}, {"wd": "another"}, {"wd": "else"}, {"wd": "farther"}, {"wd": "fresh"}, {"wd": "further"}, {"wd": "other"}]], "rel_list": [[{"wd": "accessory"}, {"wd": "adjunct"}, {"wd": "collateral"}, {"wd": "extraneous"}, {"wd": "peripheral"}, {"wd": "side"}, {"wd": "supplemental"}, {"wd": "supplementary"}], [{"wd": "new"}], [{"wd": "excess"}, {"wd": "extra"}, {"wd": "plus"}, {"wd": "spare"}, {"wd": "supernumerary"}, {"wd": "supervenient"}, {"wd": "surplus"}], [{"wd": "complementary"}, {"wd": "contributory"}]], "near_list": [[{"wd": "fewer"}, {"wd": "less"}]]}]]]}], "shortdef": ["resulting in an increase in amount or number"]}, {"meta": {"id": "more", "uuid": "c3ae38eb-e7ac-402f-976e-17511b72e476", "src": "coll_thes", "section": "alpha", "target": {"tuuid": "7095374d-2129-4647-b730-9bca0356064c", "tsrc": "collegiate"}, "stems": ["more", "mores"], "syns": [["accretion", "accrual", "addendum", "addition", "augmentation", "boost", "expansion", "gain", "increase", "increment", "plus", "proliferation", "raise", "rise", "step-up", "supplement", "uptick"]], "ants": [["abatement", "decline", "decrease", "decrement", "depletion", "diminishment", "diminution", "drop-off", "fall", "falloff", "lessening", "loss", "lowering", "reduction", "shrinkage", "step-down"]], "offensive": false}, "hwi": {"hw": "more"}, "fl": "noun", "def": [{"sseq": [[["sense", {"dt": [["text", "something added (as by growth) "], ["vis", [{"t": "add a little {it}more{/it} to the mixture"}]]], "syn_list": [[{"wd": "accretion"}, {"wd": "accrual"}, {"wd": "addendum"}, {"wd": "addition"}, {"wd": "augmentation"}, {"wd": "boost"}, {"wd": "expansion"}, {"wd": "gain"}, {"wd": "increase"}, {"wd": "increment"}, {"wd": "plus"}, {"wd": "proliferation"}, {"wd": "raise"}, {"wd": "rise"}, {"wd": "step-up"}, {"wd": "supplement"}, {"wd": "uptick"}]], "rel_list": [[{"wd": "accumulation"}, {"wd": "assemblage"}, {"wd": "collection"}, {"wd": "gathering"}], [{"wd": "complement"}], [{"wd": "accession"}, {"wd": "appendix"}, {"wd": "continuation"}, {"wd": "extension"}, {"wd": "uptrend"}, {"wd": "upturn"}], [{"wd": "jump"}, {"wd": "run-up"}, {"wd": "spike"}]], "near_list": [[{"wd": "deduction"}, {"wd": "subtraction"}]], "ant_list": [[{"wd": "abatement"}, {"wd": "decline"}, {"wd": "decrease"}, {"wd": "decrement"}, {"wd": "depletion"}, {"wd": "diminishment"}, {"wd": "diminution"}, {"wd": "drop-off"}, {"wd": "fall"}, {"wd": "falloff"}, {"wd": "lessening"}, {"wd": "loss"}, {"wd": "lowering"}, {"wd": "reduction"}, {"wd": "shrinkage"}, {"wd": "step-down"}]]}]]]}], "shortdef": ["something added (as by growth)"]}, {"meta": {"id": "many", "uuid": "74450f91-8af4-482b-9c8b-07673b6faa39", "src": "coll_thes", "section": "alpha", "target": {"tuuid": "609f3895-79af-4cc4-982a-2e9ce5d5feed", "tsrc": "collegiate"}, "stems": ["many", "as many", "more", "most"], "syns": [["beaucoup", "legion", "multifold", "multiple", "multiplex", "multitudinous", "numerous"]], "ants": [["few"]], "offensive": false}, "hwi": {"hw": "many"}, "fl": "adjective", "def": [{"sseq": [[["sense", {"dt": [["text", "being of a large but indefinite number "], ["vis", [{"t": "a journey of {it}many{/it} miles begins with a single step"}]]], "syn_list": [[{"wd": "beaucoup", "wsls": ["slang"]}, {"wd": "legion"}, {"wd": "multifold"}, {"wd": "multiple"}, {"wd": "multiplex"}, {"wd": "multitudinous"}, {"wd": "numerous"}]], "rel_list": [[{"wd": "countless"}, {"wd": "innumerable"}, {"wd": "numberless"}, {"wd": "uncountable"}, {"wd": "unnumbered"}, {"wd": "untold"}], [{"wd": "several"}, {"wd": "some"}], [{"wd": "miscellaneous"}, {"wd": "mixed"}, {"wd": "sundry"}, {"wd": "various"}], [{"wd": "divers"}, {"wd": "manifold"}, {"wd": "multifarious"}, {"wd": "myriad"}]], "phrase_list": [[{"wd": "all kinds of"}, {"wd": "quite a few"}]], "near_list": [[{"wd": "countable"}, {"wd": "limited"}]], "ant_list": [[{"wd": "few"}]]}]]]}], "shortdef": ["being of a large but indefinite number"]}, {"meta": {"id": "much", "uuid": "cf2c9ad7-8962-424b-a087-d1294998a310", "src": "coll_thes", "section": "alpha", "target": {"tuuid": "97096e4e-7e4e-482e-9e2c-4606d225705d", "tsrc": "collegiate"}, "stems": ["much", "more", "most"], "syns": [["big", "consequential", "earth-shattering", "earthshaking", "eventful", "historic", "important", "major", "material", "meaningful", "momentous", "monumental", "significant", "substantial", "tectonic", "weighty"]], "ants": [["inconsequential", "inconsiderable", "insignificant", "little", "minor", "negligible", "slight", "small", "trifling", "trivial", "unimportant"]], "offensive": false}, "hwi": {"hw": "much"}, "fl": "adjective", "def": [{"sseq": [[["sense", {"dt": [["text", "having great meaning or lasting effect "], ["vis", [{"t": "actually, nothing {it}much{/it} changed"}]]], "syn_list": [[{"wd": "big"}, {"wd": "consequential"}, {"wd": "earth-shattering"}, {"wd": "earthshaking"}, {"wd": "eventful"}, {"wd": "historic"}, {"wd": "important"}, {"wd": "major"}, {"wd": "material"}, {"wd": "meaningful"}, {"wd": "momentous"}, {"wd": "monumental"}, {"wd": "significant"}, {"wd": "substantial"}, {"wd": "tectonic"}, {"wd": "weighty"}]], "rel_list": [[{"wd": "decisive"}, {"wd": "fatal"}, {"wd": "fateful"}, {"wd": "strategic"}], [{"wd": "earnest"}, {"wd": "grave"}, {"wd": "heavy"}, {"wd": "serious"}, {"wd": "sincere"}], [{"wd": "distinctive"}, {"wd": "exceptional"}, {"wd": "impressive"}, {"wd": "outstanding"}, {"wd": "prominent"}, {"wd": "remarkable"}], [{"wd": "valuable"}, {"wd": "worthwhile"}, {"wd": "worthy"}], [{"wd": "distinguished"}, {"wd": "eminent"}, {"wd": "great"}, {"wd": "illustrious"}, {"wd": "noble"}, {"wd": "notable"}, {"wd": "noteworthy"}, {"wd": "outstanding"}, {"wd": "preeminent"}, {"wd": "prestigious"}], [{"wd": "famous"}, {"wd": "notorious"}, {"wd": "renowned"}], [{"wd": "all-important"}, {"wd": "central"}, {"wd": "critical"}, {"wd": "crucial"}, {"wd": "essential"}, {"wd": "key"}, {"wd": "pivotal"}, {"wd": "seminal"}, {"wd": "vital"}]], "near_list": [[{"wd": "paltry"}, {"wd": "petty"}, {"wd": "worthless"}], [{"wd": "anonymous"}, {"wd": "nameless"}, {"wd": "obscure"}, {"wd": "uncelebrated"}, {"wd": "unknown"}]], "ant_list": [[{"wd": "inconsequential"}, {"wd": "inconsiderable"}, {"wd": "insignificant"}, {"wd": "little"}, {"wd": "minor"}, {"wd": "negligible"}, {"wd": "slight"}, {"wd": "small"}, {"wd": "trifling"}, {"wd": "trivial"}, {"wd": "unimportant"}]]}]]]}], "shortdef": ["having great meaning or lasting effect"]}, {"meta": {"id": "much", "uuid": "09b855ab-d57c-4fba-8abe-5ac3e5deff86", "src": "coll_thes", "section": "alpha", "target": {"tuuid": "bd0ef737-006c-46b5-9e27-0eb1449a6347", "tsrc": "collegiate"}, "stems": ["much", "as much", "more", "most"], "syns": [["achingly", "almighty", "archly", "awful", "awfully", "badly", "beastly", "blisteringly", "bone", "colossally", "corking", "cracking", "damn", "damned", "dang", "deadly", "desperately", "eminently", "enormously", "especially", "ever", "exceedingly", "extra", "extremely", "fabulously", "fantastically", "far", "fiercely", "filthy", "frightfully", "full", "greatly", "heavily", "highly", "hugely", "immensely", "incredibly", "intensely", "jolly", "majorly", "mightily", "mighty", "monstrous", "mortally", "most", "particularly", "passing", "rattling", "real", "really", "right", "roaring", "roaringly", "seriously", "severely", "so", "sore", "sorely", "spanking", "specially", "stinking", "such", "super", "supremely", "surpassingly", "terribly", "that", "thumping", "too", "unco", "uncommonly", "vastly", "very", "vitally", "way", "whacking", "wicked", "wildly"], ["astronomically", "big-time", "broadly", "colossally", "considerably", "enormously", "extensively", "greatly", "highly", "hugely", "largely", "massively", "monstrously", "monumentally", "sizably", "staggeringly", "stupendously", "tremendously", "utterly", "vastly"], ["about", "all but", "almost", "borderline", "fair", "fairly", "feckly", "more or less", "most", "near", "nearly", "next to", "nigh", "practically", "somewhere", "virtually", "well-nigh"], ["again and again", "constantly", "continually", "frequently", "hourly", "oft", "often", "oftentimes", "over and over", "repeatedly"], ["about", "approximately", "around", "like", "more or less", "near", "plus or minus", "roughly", "say", "some"]], "ants": [["little", "negligibly", "nominally", "slightly", "somewhat"], ["little", "negligibly", "nominally", "slightly"], ["infrequently", "little", "rarely", "seldom"], ["exactly", "precisely"]], "offensive": false}, "hwi": {"hw": "much"}, "fl": "adverb", "def": [{"sseq": [[["sense", {"sn": "1", "dt": [["text", "to a great degree "], ["vis", [{"t": "{it}much{/it} gratified by the favorable response to her novel"}]]], "syn_list": [[{"wd": "achingly"}, {"wd": "almighty"}, {"wd": "archly"}, {"wd": "awful"}, {"wd": "awfully"}, {"wd": "badly"}, {"wd": "beastly"}, {"wd": "blisteringly"}, {"wd": "bone"}, {"wd": "colossally"}, {"wd": "corking"}, {"wd": "cracking"}, {"wd": "damn"}, {"wd": "damned"}, {"wd": "dang"}, {"wd": "deadly"}, {"wd": "desperately"}, {"wd": "eminently"}, {"wd": "enormously"}, {"wd": "especially"}, {"wd": "ever"}, {"wd": "exceedingly", "wvrs": [{"wvl": "also", "wva": "exceeding"}]}, {"wd": "extra"}, {"wd": "extremely"}, {"wd": "fabulously"}, {"wd": "fantastically"}, {"wd": "far"}, {"wd": "fiercely"}, {"wd": "filthy"}, {"wd": "frightfully"}, {"wd": "full"}, {"wd": "greatly"}, {"wd": "heavily"}, {"wd": "highly"}, {"wd": "hugely"}, {"wd": "immensely"}, {"wd": "incredibly"}, {"wd": "intensely"}, {"wd": "jolly"}, {"wd": "majorly"}, {"wd": "mightily"}, {"wd": "mighty"}, {"wd": "monstrous", "wsls": ["chiefly dialect"]}, {"wd": "mortally"}, {"wd": "most"}, {"wd": "particularly"}, {"wd": "passing"}, {"wd": "rattling"}, {"wd": "real"}, {"wd": "really"}, {"wd": "right"}, {"wd": "roaring"}, {"wd": "roaringly"}, {"wd": "seriously"}, {"wd": "severely"}, {"wd": "so"}, {"wd": "sore"}, {"wd": "sorely"}, {"wd": "spanking"}, {"wd": "specially"}, {"wd": "stinking"}, {"wd": "such"}, {"wd": "super"}, {"wd": "supremely"}, {"wd": "surpassingly"}, {"wd": "terribly"}, {"wd": "that"}, {"wd": "thumping"}, {"wd": "too"}, {"wd": "unco"}, {"wd": "uncommonly"}, {"wd": "vastly"}, {"wd": "very"}, {"wd": "vitally"}, {"wd": "way"}, {"wd": "whacking"}, {"wd": "wicked"}, {"wd": "wildly"}]], "rel_list": [[{"wd": "absolutely"}, {"wd": "altogether"}, {"wd": "completely"}, {"wd": "downright"}, {"wd": "entirely"}, {"wd": "flat-out"}, {"wd": "fully"}, {"wd": "positively"}, {"wd": "purely"}, {"wd": "radically"}, {"wd": "thoroughly"}, {"wd": "totally"}, {"wd": "utterly"}, {"wd": "wholly"}], [{"wd": "deeply"}, {"wd": "profoundly"}], [{"wd": "exceptionally"}, {"wd": "notably"}, {"wd": "remarkably"}], [{"wd": "considerably"}, {"wd": "extensively"}, {"wd": "significantly"}, {"wd": "substantially"}], [{"wd": "appreciably"}, {"wd": "discernibly"}, {"wd": "markedly"}, {"wd": "noticeably"}, {"wd": "obviously"}, {"wd": "palpably"}, {"wd": "plainly"}, {"wd": "visibly"}], [{"wd": "abundantly"}, {"wd": "plentifully"}], [{"wd": "astronomically"}, {"wd": "grandly"}, {"wd": "monstrously"}, {"wd": "monumentally"}], [{"wd": "excessively"}, {"wd": "obscenely"}, {"wd": "overmuch"}], [{"wd": "amazingly"}, {"wd": "astonishingly"}, {"wd": "staggeringly"}]], "phrase_list": [[{"wd": "a lot"}, {"wd": "as all get-out"}, {"wd": "good and"}]], "near_list": [[{"wd": "meagerly"}, {"wd": "scantily"}], [{"wd": "barely"}, {"wd": "hardly"}, {"wd": "just"}, {"wd": "marginally"}, {"wd": "minimally"}, {"wd": "scarcely"}]], "ant_list": [[{"wd": "little"}, {"wd": "negligibly"}, {"wd": "nominally"}, {"wd": "slightly"}, {"wd": "somewhat"}]]}]], [["sense", {"sn": "2", "dt": [["text", "to a large extent or degree "], ["vis", [{"t": "the new decorations made me {it}much{/it} happier"}]]], "syn_list": [[{"wd": "astronomically"}, {"wd": "big-time"}, {"wd": "broadly"}, {"wd": "colossally"}, {"wd": "considerably"}, {"wd": "enormously"}, {"wd": "extensively"}, {"wd": "greatly"}, {"wd": "highly"}, {"wd": "hugely"}, {"wd": "largely"}, {"wd": "massively"}, {"wd": "monstrously"}, {"wd": "monumentally"}, {"wd": "sizably"}, {"wd": "staggeringly"}, {"wd": "stupendously"}, {"wd": "tremendously"}, {"wd": "utterly"}, {"wd": "vastly"}]], "rel_list": [[{"wd": "appreciably"}, {"wd": "noticeably"}, {"wd": "significantly"}], [{"wd": "abundantly"}, {"wd": "amply"}, {"wd": "copiously"}, {"wd": "healthily"}, {"wd": "plentifully"}]], "phrase_list": [[{"wd": "a lot"}, {"wd": "by half"}, {"wd": "no end"}]], "near_list": [[{"wd": "modestly"}], [{"wd": "fractionally"}], [{"wd": "imperceptibly"}, {"wd": "infinitesimally"}, {"wd": "insignificantly"}, {"wd": "invisibly"}, {"wd": "microscopically"}, {"wd": "minutely"}], [{"wd": "barely"}, {"wd": "hardly"}, {"wd": "just"}, {"wd": "minimally"}, {"wd": "scarcely"}]], "ant_list": [[{"wd": "little"}, {"wd": "negligibly"}, {"wd": "nominally"}, {"wd": "slightly"}]]}]], [["sense", {"sn": "3", "dt": [["text", "very close to but not completely "], ["vis", [{"t": "today the old neighborhood looks {it}much{/it} as it did years ago"}]]], "syn_list": [[{"wd": "about"}, {"wd": "all but"}, {"wd": "almost"}, {"wd": "borderline"}, {"wd": "fair", "wsls": ["chiefly British"]}, {"wd": "fairly"}, {"wd": "feckly", "wsls": ["chiefly Scottish"]}, {"wd": "more or less"}, {"wd": "most"}, {"wd": "near"}, {"wd": "nearly"}, {"wd": "next to"}, {"wd": "nigh"}, {"wd": "practically"}, {"wd": "somewhere"}, {"wd": "virtually"}, {"wd": "well-nigh"}]], "rel_list": [[{"wd": "appreciably"}, {"wd": "by and large"}, {"wd": "chiefly"}, {"wd": "largely"}, {"wd": "mainly"}, {"wd": "mostly"}], [{"wd": "kind of"}, {"wd": "partially"}, {"wd": "partly"}, {"wd": "somewhat"}]], "phrase_list": [[{"wd": "as good as"}, {"wd": "just about"}, {"wd": "pretty much"}, {"wd": "within an inch of"}]], "near_list": [[{"wd": "absolutely"}, {"wd": "altogether"}, {"wd": "completely"}, {"wd": "entirely"}, {"wd": "fully"}, {"wd": "plain"}, {"wd": "plumb", "wsls": ["chiefly dialect"]}, {"wd": "quite"}, {"wd": "thoroughly"}], [{"wd": "totally"}, {"wd": "utterly"}, {"wd": "well"}, {"wd": "wholly"}], [{"wd": "barely"}, {"wd": "hardly"}, {"wd": "scarcely"}]]}]], [["sense", {"sn": "4", "dt": [["text", "many times "], ["vis", [{"t": "I don't do that {it}much{/it} anymore"}]]], "syn_list": [[{"wd": "again and again"}, {"wd": "constantly"}, {"wd": "continually"}, {"wd": "frequently"}, {"wd": "hourly"}, {"wd": "oft"}, {"wd": "often"}, {"wd": "oftentimes", "wvrs": [{"wvl": "or", "wva": "ofttimes"}]}, {"wd": "over and over"}, {"wd": "repeatedly"}]], "rel_list": [[{"wd": "always"}, {"wd": "consistently"}, {"wd": "continuingly"}, {"wd": "continuously"}, {"wd": "night and day"}, {"wd": "perpetually"}, {"wd": "unceasingly"}, {"wd": "uninterruptedly"}], [{"wd": "afresh"}, {"wd": "again"}, {"wd": "anew"}], [{"wd": "commonly"}, {"wd": "habitually"}, {"wd": "ordinarily"}, {"wd": "regularly"}, {"wd": "routinely"}], [{"wd": "intermittently"}, {"wd": "periodically"}, {"wd": "recurrently"}], [{"wd": "generally"}, {"wd": "usually"}]], "phrase_list": [[{"wd": "a lot"}, {"wd": "time after time"}, {"wd": "time and again"}]], "near_list": [[{"wd": "now"}, {"wd": "now and then"}, {"wd": "occasionally"}, {"wd": "sometimes"}, {"wd": "sporadically"}], [{"wd": "ne'er"}, {"wd": "never"}], [{"wd": "once"}]], "ant_list": [[{"wd": "infrequently"}, {"wd": "little"}, {"wd": "rarely"}, {"wd": "seldom"}]]}]], [["sense", {"sn": "5", "dt": [["text", "close to but not exactly "], ["vis", [{"t": "he behaves {it}much{/it} the same as I did at that age"}]]], "syn_list": [[{"wd": "about"}, {"wd": "approximately"}, {"wd": "around"}, {"wd": "like"}, {"wd": "more or less"}, {"wd": "near"}, {"wd": "plus or minus"}, {"wd": "roughly"}, {"wd": "say"}, {"wd": "some"}]], "rel_list": [[{"wd": "generally"}, {"wd": "kind of"}, {"wd": "loosely"}], [{"wd": "nearly"}, {"wd": "nominally"}, {"wd": "practically"}, {"wd": "virtually"}, {"wd": "well-nigh"}]], "phrase_list": [[{"wd": "after a fashion"}, {"wd": "somewhere about"}, {"wd": "somewhere around"}]], "near_list": [[{"wd": "due"}, {"wd": "even"}, {"wd": "just"}, {"wd": "sharp"}, {"wd": "smack-dab"}, {"wd": "squarely"}]], "ant_list": [[{"wd": "exactly"}, {"wd": "precisely"}]]}]]]}], "shortdef": ["to a great degree", "to a large extent or degree", "very close to but not completely"]}, {"meta": {"id": "more or less", "uuid": "0c11bec9-d905-40cf-b538-b981c61c830e", "src": "coll_thes", "section": "alpha", "target": {"tuuid": "037a1497-8caa-4f03-a85d-c38fae5c2f4c", "tsrc": "collegiate"}, "stems": ["more or less"], "syns": [["about", "all but", "almost", "borderline", "fair", "fairly", "feckly", "most", "much", "near", "nearly", "next to", "nigh", "practically", "somewhere", "virtually", "well-nigh"], ["enough", "fairly", "kind of", "kindly", "like", "moderately", "pretty", "quite", "rather", "relatively", "something", "somewhat", "sort of"], ["about", "approximately", "around", "like", "much", "near", "plus or minus", "roughly", "say", "some"]], "ants": [["exactly", "precisely"]], "offensive": false}, "hwi": {"hw": "more or less"}, "fl": "adverb", "def": [{"sseq": [[["sense", {"sn": "1", "dt": [["text", "very close to but not completely "], ["vis", [{"t": "the lot is 16 acres {it}more or less{/it}"}]]], "syn_list": [[{"wd": "about"}, {"wd": "all but"}, {"wd": "almost"}, {"wd": "borderline"}, {"wd": "fair", "wsls": ["chiefly British"]}, {"wd": "fairly"}, {"wd": "feckly", "wsls": ["chiefly Scottish"]}, {"wd": "most"}, {"wd": "much"}, {"wd": "near"}, {"wd": "nearly"}, {"wd": "next to"}, {"wd": "nigh"}, {"wd": "practically"}, {"wd": "somewhere"}, {"wd": "virtually"}, {"wd": "well-nigh"}]], "rel_list": [[{"wd": "appreciably"}, {"wd": "by and large"}, {"wd": "chiefly"}, {"wd": "largely"}, {"wd": "mainly"}, {"wd": "mostly"}], [{"wd": "kind of"}, {"wd": "partially"}, {"wd": "partly"}, {"wd": "somewhat"}]], "phrase_list": [[{"wd": "as good as"}, {"wd": "just about"}, {"wd": "pretty much"}, {"wd": "within an inch of"}]], "near_list": [[{"wd": "absolutely"}, {"wd": "altogether"}, {"wd": "completely"}, {"wd": "entirely"}, {"wd": "fully"}, {"wd": "plain"}, {"wd": "plumb", "wsls": ["chiefly dialect"]}, {"wd": "quite"}, {"wd": "thoroughly"}], [{"wd": "totally"}, {"wd": "utterly"}, {"wd": "well"}, {"wd": "wholly"}], [{"wd": "barely"}, {"wd": "hardly"}, {"wd": "scarcely"}]]}]], [["sense", {"sn": "2", "dt": [["text", "to some degree or extent "], ["vis", [{"t": "most couples in the survey said that they were {it}more or less{/it} happy in their marriage"}]]], "syn_list": [[{"wd": "enough"}, {"wd": "fairly"}, {"wd": "kind of"}, {"wd": "kindly", "wsls": ["chiefly Southern"]}, {"wd": "like"}, {"wd": "moderately"}, {"wd": "pretty"}, {"wd": "quite"}, {"wd": "rather"}, {"wd": "relatively"}, {"wd": "something"}, {"wd": "somewhat"}, {"wd": "sort of"}]], "rel_list": [[{"wd": "acceptably"}, {"wd": "decently"}, {"wd": "passably"}, {"wd": "tolerably"}], [{"wd": "little"}, {"wd": "negligibly"}, {"wd": "nominally"}, {"wd": "slightly"}, {"wd": "vaguely"}], [{"wd": "half"}, {"wd": "halfway"}, {"wd": "incompletely"}, {"wd": "part"}, {"wd": "partially"}, {"wd": "partly"}, {"wd": "partway"}]], "phrase_list": [[{"wd": "a bit"}, {"wd": "after a sort"}, {"wd": "a little"}, {"wd": "a mite"}, {"wd": "a tad"}, {"wd": "a touch"}, {"wd": "of sorts", "wvrs": [{"wvl": "or", "wva": "of a sort"}]}, {"wd": "to a degree"}]], "near_list": [[{"wd": "awfully"}, {"wd": "beastly"}, {"wd": "deadly"}, {"wd": "especially"}, {"wd": "exceedingly", "wvrs": [{"wvl": "also", "wva": "exceeding"}]}, {"wd": "exceptionally"}, {"wd": "extremely"}, {"wd": "frightfully"}, {"wd": "greatly"}, {"wd": "heavily"}, {"wd": "highly"}, {"wd": "hugely"}, {"wd": "mightily"}, {"wd": "mortally"}, {"wd": "particularly"}, {"wd": "surpassingly"}, {"wd": "terribly"}, {"wd": "very"}], [{"wd": "considerably"}, {"wd": "extensively"}, {"wd": "significantly"}, {"wd": "substantially"}]]}]], [["sense", {"sn": "3", "dt": [["text", "close to but not exactly "], ["vis", [{"t": "the box weighs 60 pounds {it}more or less{/it}"}]]], "syn_list": [[{"wd": "about"}, {"wd": "approximately"}, {"wd": "around"}, {"wd": "like"}, {"wd": "much"}, {"wd": "near"}, {"wd": "plus or minus"}, {"wd": "roughly"}, {"wd": "say"}, {"wd": "some"}]], "rel_list": [[{"wd": "generally"}, {"wd": "kind of"}, {"wd": "loosely"}], [{"wd": "nearly"}, {"wd": "nominally"}, {"wd": "practically"}, {"wd": "virtually"}, {"wd": "well-nigh"}]], "phrase_list": [[{"wd": "after a fashion"}, {"wd": "somewhere about"}, {"wd": "somewhere around"}]], "near_list": [[{"wd": "due"}, {"wd": "even"}, {"wd": "just"}, {"wd": "sharp"}, {"wd": "smack-dab"}, {"wd": "squarely"}]], "ant_list": [[{"wd": "exactly"}, {"wd": "precisely"}]]}]]]}], "shortdef": ["very close to but not completely", "to some degree or extent", "close to but not exactly"]}, {"meta": {"id": "what's more", "uuid": "efbf4c1a-ede1-4fdc-b315-c695c364d9ee", "src": "CTenhance", "section": "phrases", "stems": ["what's more"], "syns": [["additionally", "again", "also", "besides", "either", "further", "furthermore", "likewise", "more", "moreover", "then", "too", "withal", "yet"]], "ants": [], "offensive": false}, "hwi": {"hw": "what's more"}, "fl": "phrase", "def": [{"sseq": [[["sense", {"dt": [["text", "in addition to what has been said "], ["vis", [{"t": "You have a bad attitude, and {it}what's more{/it}, you're late all the time."}]]], "syn_list": [[{"wd": "additionally"}, {"wd": "again"}, {"wd": "also"}, {"wd": "besides"}, {"wd": "either"}, {"wd": "further"}, {"wd": "furthermore"}, {"wd": "likewise"}, {"wd": "more"}, {"wd": "moreover"}, {"wd": "then"}, {"wd": "too"}, {"wd": "withal"}, {"wd": "yet"}]], "phrase_list": [[{"wd": "as well"}, {"wd": "for good measure"}, {"wd": "in addition to"}, {"wd": "into the bargain", "wvrs": [{"wvl": "also", "wva": "in the bargain"}]}, {"wd": "on top of"}, {"wd": "to boot"}]]}]]]}], "shortdef": ["in addition to what has been said"]}, {"meta": {"id": "bite", "uuid": "66b2366d-fc01-4a35-afd3-cf2079ee7a1e", "src": "coll_thes", "section": "alpha", "target": {"tuuid": "091cb6ed-9719-4586-9edd-37c0231200c0", "tsrc": "collegiate"}, "stems": ["bite", "bit", "bite off more than one can chew", "bite one's tongue", "bite the bullet", "bite the hand that feeds one", "biter", "biters", "bites", "biting", "bitten"], "syns": [["smell", "stink", "suck"]], "ants": [["rock", "rule"]], "offensive": false}, "hwi": {"hw": "bite"}, "fl": "verb", "sls": ["informal + sometimes impolite"], "def": [{"sseq": [[["sense", {"dt": [["text", "to be objectionable or unsatisfactory "], ["vis", [{"t": "man, that really {it}bites{/it} that you have to work on the weekend"}]]], "syn_list": [[{"wd": "smell"}, {"wd": "stink"}, {"wd": "suck", "wsls": ["informal + sometimes impolite"]}]], "ant_list": [[{"wd": "rock", "wsls": ["slang"]}, {"wd": "rule", "wsls": ["slang"]}]]}]]]}], "shortdef": ["to be objectionable or unsatisfactory"]}, {"meta": {"id": "bite (at)", "uuid": "bf485f8b-7fa9-471c-8754-5c61a361a6ff", "src": "coll_thes", "section": "alpha", "stems": ["bite (at)", "bite", "bite at", "bit", "bite off more than one can chew", "bite one's tongue", "bite the bullet", "bite the hand that feeds one", "biter", "biters", "bites", "biting", "bitten"], "syns": [["corrode", "eat", "erode", "fret", "gnaw", "nibble"]], "ants": [], "offensive": false}, "hwi": {"hw": "bite (at)"}, "fl": "verb", "def": [{"sseq": [[["sense", {"dt": [["text", "to consume or wear away gradually "], ["vis", [{"t": "the waves were {it}biting at{/it} the sand castle I had worked so hard on"}]]], "syn_list": [[{"wd": "corrode"}, {"wd": "eat"}, {"wd": "erode"}, {"wd": "fret"}, {"wd": "gnaw"}, {"wd": "nibble"}]], "rel_list": [[{"wd": "break down"}, {"wd": "break up"}, {"wd": "decompose"}, {"wd": "disintegrate"}, {"wd": "dissolve"}], [{"wd": "decimate"}, {"wd": "destroy"}, {"wd": "devastate"}, {"wd": "ruin"}, {"wd": "waste"}, {"wd": "wreck"}]], "near_list": [[{"wd": "freshen"}, {"wd": "recreate"}, {"wd": "refresh"}, {"wd": "refreshen"}, {"wd": "regenerate"}, {"wd": "rejuvenate"}, {"wd": "renew"}, {"wd": "restore"}, {"wd": "revitalize"}, {"wd": "revive"}]]}]]]}], "shortdef": ["to consume or wear away gradually"]}]