[{"meta": {"id": "my word", "uuid": "35d23e4b-f27f-440b-894e-9ab9f23c3852", "src": "coll_thes", "section": "alpha", "target": {"tuuid": "a660210a-8da5-4480-b5cb-f1078b8d2b16", "tsrc": "collegiate"}, "stems": ["my word"], "syns": [["ah", "aha", "come on", "fie", "indeed", "no", "pshaw", "well", "what", "why"]], "ants": [], "offensive": false}, "hwi": {"hw": "my word"}, "fl": "interjection", "def": [{"sseq": [[["sense", {"dt": [["text", "how surprising, doubtful, or unbelievable "], ["vis", [{"t": "{it}my word{/it}, how that child has grown!"}]]], "syn_list": [[{"wd": "ah"}, {"wd": "aha"}, {"wd": "come on"}, {"wd": "fie"}, {"wd": "indeed"}, {"wd": "no"}, {"wd": "pshaw"}, {"wd": "well"}, {"wd": "what"}, {"wd": "why"}]], "rel_list": [[{"wd": "gee"}, {"wd": "gee whiz"}, {"wd": "ha"}, {"wd": "hello"}, {"wd": "hey"}, {"wd": "lo"}, {"wd": "oh"}], [{"wd": "fiddlesticks"}, {"wd": "phooey"}, {"wd": "pooh"}], [{"wd": "there"}], [{"wd": "oops", "wvrs": [{"wvl": "or", "wva": "whoops"}, {"wvl": "also", "wva": "woops"}]}, {"wd": "ugh"}], [{"wd": "egad"}, {"wd": "gad"}, {"wd": "gadzooks", "wsls": ["archaic"]}, {"wd": "(the) deuce"}, {"wd": "the devil"}, {"wd": "the dickens"}, {"wd": "zounds"}]]}]]]}], "shortdef": ["how surprising, doubtful, or unbelievable"]}, {"meta": {"id": "hop-o'-my-thumb", "uuid": "bdcbe91c-9eda-4391-b9e0-db967d01fbff", "src": "CTcompile", "section": "alpha", "stems": ["hop-o'-my-thumb"], "syns": [["homunculus", "manikin", "bantam", "half-pint", "mini", "miniature", "nubbin", "diminutive", "dwarf", "midget", "mite", "peewee", "pygmy", "runt", "scrub", "shrimp", "Tom Thumb"]], "ants": [["behemoth", "colossus", "giant", "jumbo", "leviathan", "mammoth", "monster", "titan", "whale", "whopper"]], "offensive": false}, "hwi": {"hw": "hop-o'-my-thumb"}, "fl": "noun", "def": [{"sseq": [[["sense", {"dt": [["text", "as in {it}manikin{/it}, {it}homunculus{/it}"]], "sim_list": [[{"wd": "homunculus"}, {"wd": "manikin", "wvrs": [{"wvl": "also", "wva": "mannikin"}]}], [{"wd": "bantam"}], [{"wd": "half-pint"}], [{"wd": "mini"}, {"wd": "miniature"}], [{"wd": "nubbin"}], [{"wd": "diminutive"}, {"wd": "dwarf"}, {"wd": "midget"}, {"wd": "mite"}, {"wd": "peewee"}, {"wd": "pygmy", "wvrs": [{"wvl": "also", "wva": "pigmy"}]}, {"wd": "runt"}, {"wd": "scrub"}, {"wd": "shrimp"}, {"wd": "Tom Thumb"}]], "opp_list": [[{"wd": "behemoth"}, {"wd": "colossus"}, {"wd": "giant"}, {"wd": "jumbo"}, {"wd": "leviathan"}, {"wd": "mammoth"}, {"wd": "monster"}, {"wd": "titan"}], [{"wd": "whale"}, {"wd": "whopper"}]]}]]]}], "shortdef": ["as in manikin, homunculus"]}, {"meta": {"id": "hop-o'-my-thumbs", "uuid": "fecbff4a-33cb-4a3a-a005-80fb4133433d", "src": "CTcompile", "section": "alpha", "stems": ["hop-o'-my-thumbs"], "syns": [["homunculi", "manikins", "bantams", "half-pints", "miniatures", "minis", "nubbins", "diminutives", "dwarfs", "midgets", "mites", "peewees", "pygmies", "runts", "scrubs", "shrimp", "Tom Thumbs"]], "ants": [["behemoths", "colossi", "giants", "jumbos", "leviathans", "mammoths", "monsters", "titans", "whales", "whoppers"]], "offensive": false}, "hwi": {"hw": "hop-o'-my-thumbs"}, "fl": "noun", "sls": ["plural of {d_link|hop-o'-my-thumb|hop-o'-my-thumb}"], "def": [{"sseq": [[["sense", {"dt": [["text", "as in {it}manikins{/it}, {it}homunculi{/it}"]], "sim_list": [[{"wd": "homunculi"}, {"wd": "manikins", "wvrs": [{"wvl": "also", "wva": "mannikins"}]}], [{"wd": "bantams"}], [{"wd": "half-pints"}], [{"wd": "miniatures"}, {"wd": "minis"}], [{"wd": "nubbins"}], [{"wd": "diminutives"}, {"wd": "dwarfs", "wvrs": [{"wvl": "also", "wva": "dwarves"}]}, {"wd": "midgets"}, {"wd": "mites"}, {"wd": "peewees"}, {"wd": "pygmies", "wvrs": [{"wvl": "also", "wva": "pigmies"}]}, {"wd": "runts"}, {"wd": "scrubs"}, {"wd": "shrimp", "wvrs": [{"wvl": "or", "wva": "shrimps"}]}, {"wd": "Tom Thumbs"}]], "opp_list": [[{"wd": "behemoths"}, {"wd": "colossi"}, {"wd": "giants"}, {"wd": "jumbos"}, {"wd": "leviathans"}, {"wd": "mammoths"}, {"wd": "monsters"}, {"wd": "titans"}], [{"wd": "whales"}, {"wd": "whoppers"}]]}]]]}], "shortdef": ["as in manikins, homunculi"]}, {"meta": {"id": "eye", "uuid": "0d879904-044b-4d9e-bdaa-de7b79f9d3cc", "src": "coll_thes", "section": "alpha", "target": {"tuuid": "a5a63cf5-9cf7-4b45-aa1e-330dd7e7cf65", "tsrc": "collegiate"}, "stems": ["eye", "an eye for an eye", "eyeless", "eyelike", "eyes", "my eye", "with an eye to", "with an eye toward"], "syns": [["band", "circle", "hoop", "loop", "ring", "round"], ["advertence", "advertency", "attention", "awareness", "cognizance", "consciousness", "ear", "heed", "knowledge", "mindfulness", "note", "notice", "observance", "observation"], ["axis", "base", "capital", "center", "central", "core", "cynosure", "epicenter", "focus", "ground zero", "heart", "hub", "locus", "mecca", "navel", "nerve center", "nexus", "nucleus", "omphalos", "seat"], ["belief", "conviction", "feeling", "judgment", "mind", "notion", "opinion", "persuasion", "sentiment", "verdict", "view"], ["cast", "gander", "glance", "glimpse", "look", "peek", "peep", "regard", "sight", "view"], ["eyesight", "sight", "vision"], ["aspect", "gape", "gaze", "regard", "scrutiny", "stare"]], "ants": [], "offensive": false}, "hwi": {"hw": "eye"}, "fl": "noun", "def": [{"sseq": [[["sense", {"sn": "1", "dt": [["text", "a circular strip "], ["vis", [{"t": "push the drawstring through the metal {it}eye{/it} and knot it on one end"}]]], "syn_list": [[{"wd": "band"}, {"wd": "circle"}, {"wd": "hoop"}, {"wd": "loop"}, {"wd": "ring"}, {"wd": "round"}]], "rel_list": [[{"wd": "belt"}, {"wd": "cincture"}, {"wd": "collar"}, {"wd": "girdle"}], [{"wd": "wreath"}], [{"wd": "annulet"}, {"wd": "becket"}, {"wd": "coil"}, {"wd": "curl"}, {"wd": "furl"}, {"wd": "hank"}, {"wd": "spiral"}, {"wd": "spire"}, {"wd": "twirl"}, {"wd": "whorl"}]]}]], [["sense", {"sn": "2", "dt": [["text", "a state of being aware "], ["vis", [{"t": "this young actor has the {it}eye{/it} of every director in Hollywood"}]]], "syn_list": [[{"wd": "advertence"}, {"wd": "advertency"}, {"wd": "attention"}, {"wd": "awareness"}, {"wd": "cognizance"}, {"wd": "consciousness"}, {"wd": "ear"}, {"wd": "heed"}, {"wd": "knowledge"}, {"wd": "mindfulness"}, {"wd": "note"}, {"wd": "notice"}, {"wd": "observance"}, {"wd": "observation"}]], "rel_list": [[{"wd": "hyperawareness"}, {"wd": "hyperconsciousness"}], [{"wd": "advisement"}, {"wd": "care"}, {"wd": "concern"}, {"wd": "consideration"}, {"wd": "regard"}, {"wd": "watch"}], [{"wd": "apprehension"}, {"wd": "discernment"}, {"wd": "grasp"}, {"wd": "mind"}, {"wd": "perception"}, {"wd": "recognition"}, {"wd": "thought"}, {"wd": "understanding"}]], "near_list": [[{"wd": "disregard"}, {"wd": "neglect"}, {"wd": "obliviousness"}, {"wd": "unawareness"}]]}]], [["sense", {"sn": "3", "dt": [["text", "a thing or place that is of greatest importance to an activity or interest "], ["vis", [{"t": "this wilderness area is at the {it}eye{/it} of the controversy between conservation and development"}]]], "syn_list": [[{"wd": "axis"}, {"wd": "base"}, {"wd": "capital"}, {"wd": "center"}, {"wd": "central"}, {"wd": "core"}, {"wd": "cynosure"}, {"wd": "epicenter"}, {"wd": "focus"}, {"wd": "ground zero"}, {"wd": "heart"}, {"wd": "hub"}, {"wd": "locus"}, {"wd": "mecca"}, {"wd": "navel"}, {"wd": "nerve center"}, {"wd": "nexus"}, {"wd": "nucleus"}, {"wd": "omphalos"}, {"wd": "seat"}]], "rel_list": [[{"wd": "headquarters"}], [{"wd": "happy hunting ground"}, {"wd": "hive"}, {"wd": "hotbed"}, {"wd": "hot spot"}, {"wd": "playground"}, {"wd": "playland"}], [{"wd": "kernel"}, {"wd": "nub"}, {"wd": "pith"}], [{"wd": "deep"}, {"wd": "thick"}], [{"wd": "essence"}, {"wd": "quintessence"}, {"wd": "soul"}], [{"wd": "attraction"}, {"wd": "lodestone", "wvrs": [{"wvl": "also", "wva": "loadstone"}]}, {"wd": "magnet"}, {"wd": "polestar"}]], "phrase_list": [[{"wd": "where it's at"}]]}]], [["sense", {"sn": "4", "dt": [["text", "an idea that is believed to be true or valid without positive knowledge "], ["vis", [{"t": "in my {it}eye{/it}, cats make better pets than dogs"}]]], "syn_list": [[{"wd": "belief"}, {"wd": "conviction"}, {"wd": "feeling"}, {"wd": "judgment", "wvrs": [{"wvl": "or", "wva": "judgement"}]}, {"wd": "mind"}, {"wd": "notion"}, {"wd": "opinion"}, {"wd": "persuasion"}, {"wd": "sentiment"}, {"wd": "verdict"}, {"wd": "view"}]], "rel_list": [[{"wd": "say"}], [{"wd": "impression"}, {"wd": "perception"}, {"wd": "take"}], [{"wd": "attitude"}], [{"wd": "assumption"}, {"wd": "presumption"}, {"wd": "presupposition"}], [{"wd": "conclusion"}, {"wd": "decision"}, {"wd": "determination"}], [{"wd": "deliverance"}, {"wd": "esteem"}, {"wd": "estimate"}, {"wd": "estimation"}], [{"wd": "credence"}, {"wd": "credit"}, {"wd": "faith"}], [{"wd": "concept"}, {"wd": "conception"}, {"wd": "idea"}, {"wd": "thought"}], [{"wd": "position"}, {"wd": "stance"}, {"wd": "stand"}], [{"wd": "comment"}, {"wd": "obiter dictum"}, {"wd": "observation"}, {"wd": "reflection"}, {"wd": "remark"}], [{"wd": "conjecture"}, {"wd": "guess"}, {"wd": "hunch"}, {"wd": "hypothesis"}, {"wd": "surmise"}, {"wd": "theory"}], [{"wd": "advice"}, {"wd": "input"}, {"wd": "recommendation"}, {"wd": "suggestion"}], [{"wd": "angle"}, {"wd": "outlook"}, {"wd": "perspective"}, {"wd": "shoes"}, {"wd": "slant"}, {"wd": "standpoint"}, {"wd": "viewpoint"}], [{"wd": "counterview"}]], "near_list": [[{"wd": "fact"}, {"wd": "truth"}]]}]], [["sense", {"sn": "5", "dt": [["text", "an instance of looking especially briefly "], ["vis", [{"t": "all of the hungry luncheon guests cast an eager {it}eye{/it} on the buffet table as they took their seats"}]]], "syn_list": [[{"wd": "cast"}, {"wd": "gander"}, {"wd": "glance"}, {"wd": "glimpse"}, {"wd": "look"}, {"wd": "peek"}, {"wd": "peep"}, {"wd": "regard"}, {"wd": "sight"}, {"wd": "view"}]], "rel_list": [[{"wd": "gape"}, {"wd": "gaze"}, {"wd": "glare"}, {"wd": "leer"}, {"wd": "ogle"}, {"wd": "stare"}], [{"wd": "side-glance"}], [{"wd": "squinny"}, {"wd": "squint"}], [{"wd": "coup d'oeil"}]]}]], [["sense", {"sn": "6", "dt": [["text", "the ability to see "], ["vis", [{"t": "her {it}eyes{/it} are diminishing with age"}]]], "syn_list": [[{"wd": "eyesight"}, {"wd": "sight"}, {"wd": "vision"}]], "rel_list": [[{"wd": "myopia"}, {"wd": "nearsightedness"}], [{"wd": "farsightedness"}, {"wd": "hypermetropia"}, {"wd": "hyperopia"}, {"wd": "presbyopia"}], [{"wd": "aniseikonia"}, {"wd": "astigmatism"}, {"wd": "diplopia"}, {"wd": "squint"}, {"wd": "strabismus"}], [{"wd": "double vision"}]]}]], [["sense", {"sn": "7", "dt": [["text", "a fixed intent look "], ["vis", [{"t": "peering through the binoculars with a sharp {it}eye{/it}"}]]], "syn_list": [[{"wd": "aspect", "wsls": ["archaic"]}, {"wd": "gape"}, {"wd": "gaze"}, {"wd": "regard"}, {"wd": "scrutiny"}, {"wd": "stare"}]], "rel_list": [[{"wd": "glare"}, {"wd": "glower"}], [{"wd": "contemplation"}, {"wd": "fixation"}], [{"wd": "attention"}, {"wd": "observance"}, {"wd": "observation"}, {"wd": "surveillance"}, {"wd": "watch"}], [{"wd": "examination"}, {"wd": "inspection"}, {"wd": "perusal"}, {"wd": "study"}, {"wd": "survey"}]], "near_list": [[{"wd": "blink", "wsls": ["chiefly Scottish"]}, {"wd": "flash"}, {"wd": "glance"}, {"wd": "glimpse"}, {"wd": "peek"}, {"wd": "peep"}, {"wd": "sight"}, {"wd": "stime", "wsls": ["chiefly Scottish & Irish"]}], [{"wd": "oeillade"}, {"wd": "ogle"}], [{"wd": "browse"}, {"wd": "scan"}]]}]]]}], "shortdef": ["a circular strip", "a state of being aware", "a thing or place that is of greatest importance to an activity or interest"]}, {"meta": {"id": "word", "uuid": "4fc09b7b-0577-4d4c-ae27-1037d899b253", "src": "coll_thes", "section": "alpha", "target": {"tuuid": "5797b71b-4c8a-4d3d-8232-30986bc15da9", "tsrc": "collegiate"}, "stems": ["word", "good word", "in so many words", "of few words", "of one's word", "upon my word", "words"], "syns": [["expression", "term"], ["statement", "utterance"], ["411", "advice(s)", "gen", "info", "information", "intelligence", "item", "news", "story", "tidings", "uncos"], ["oath", "pledge", "promise", "troth", "vow"], ["behest", "charge", "command", "commandment", "decree", "dictate", "direction", "directive", "do", "edict", "imperative", "injunction", "instruction", "order"], ["buzz", "dish", "gossip", "hearsay", "noise", "report", "rumor", "scuttlebutt", "talk", "tattle"], ["countersign", "password", "watchword"], ["adage", "aphorism", "apothegm", "byword", "epigram", "maxim", "proverb", "saw", "saying", "sententia"]], "ants": [], "offensive": false}, "hwi": {"hw": "word"}, "fl": "noun", "def": [{"sseq": [[["sense", {"sn": "1", "dt": [["text", "a pronounceable series of letters having a distinct meaning especially in a particular field "], ["vis", [{"t": "my doctor used all of these medical {it}words{/it} that I didn't understand"}]]], "syn_list": [[{"wd": "expression"}, {"wd": "term"}]], "rel_list": [[{"wd": "linguistic form"}, {"wd": "monosyllable"}, {"wd": "morpheme"}, {"wd": "speech form"}], [{"wd": "polysyllable"}], [{"wd": "collocation"}, {"wd": "idiom"}, {"wd": "locution"}, {"wd": "phrase"}], [{"wd": "archaism"}, {"wd": "coinage"}, {"wd": "colloquialism"}, {"wd": "euphemism"}, {"wd": "loanword"}, {"wd": "modernism"}, {"wd": "neologism"}, {"wd": "vernacularism"}]]}]], [["sense", {"sn": "2", "dt": [["text", "something that is said "], ["vis", [{"t": "people who believe that the Bible is the literal {it}word{/it} of God"}]]], "syn_list": [[{"wd": "statement"}, {"wd": "utterance"}]], "rel_list": [[{"wd": "communication"}, {"wd": "message"}], [{"wd": "announcement"}, {"wd": "declamation"}, {"wd": "declaration"}, {"wd": "manifesto"}, {"wd": "proclamation"}, {"wd": "pronouncement"}], [{"wd": "verbalization"}, {"wd": "vocalization"}]]}]], [["sense", {"sn": "3", "dt": [["text", "a report of recent events or facts not previously known "], ["vis", [{"t": "what's the latest {it}word{/it} on the airplane crash?"}]]], "syn_list": [[{"wd": "411", "wsls": ["slang"]}, {"wd": "advice(s)"}, {"wd": "gen", "wsls": ["chiefly British"]}, {"wd": "info"}, {"wd": "information"}, {"wd": "intelligence"}, {"wd": "item"}, {"wd": "news"}, {"wd": "story"}, {"wd": "tidings"}, {"wd": "uncos", "wsls": ["chiefly Scottish"]}]], "rel_list": [[{"wd": "announcement"}, {"wd": "bulletin"}, {"wd": "communication"}, {"wd": "correspondence"}, {"wd": "dispatch"}, {"wd": "message"}, {"wd": "reportage"}], [{"wd": "dope"}, {"wd": "lowdown"}, {"wd": "scoop"}, {"wd": "tidbit", "wvrs": [{"wvl": "also", "wva": "titbit"}]}, {"wd": "tip"}], [{"wd": "gossip"}, {"wd": "rumor"}, {"wd": "tale"}, {"wd": "tattle"}], [{"wd": "feedback"}], [{"wd": "disinformation"}, {"wd": "propaganda"}]]}]], [["sense", {"sn": "4", "dt": [["text", "a person's solemn declaration that he or she will do or not do something "], ["vis", [{"t": "I give you my {it}word{/it} that I won't try to escape"}]]], "syn_list": [[{"wd": "oath"}, {"wd": "pledge"}, {"wd": "promise"}, {"wd": "troth"}, {"wd": "vow"}]], "rel_list": [[{"wd": "appointment"}, {"wd": "arrangement"}, {"wd": "commitment"}, {"wd": "engagement"}, {"wd": "obligation"}], [{"wd": "agreement"}, {"wd": "compact"}, {"wd": "contract"}, {"wd": "covenant"}], [{"wd": "assurance"}, {"wd": "guarantee"}, {"wd": "guaranty"}, {"wd": "undertaking"}], [{"wd": "bail"}, {"wd": "bond"}, {"wd": "deposit"}, {"wd": "gage"}, {"wd": "pawn"}, {"wd": "security"}, {"wd": "token"}, {"wd": "warranty"}]]}]], [["sense", {"sn": "5", "dt": [["text", "a statement of what to do that must be obeyed by those concerned "], ["vis", [{"t": "the troops waited for their commanding officer to give the {it}word{/it}"}]]], "syn_list": [[{"wd": "behest"}, {"wd": "charge"}, {"wd": "command"}, {"wd": "commandment"}, {"wd": "decree"}, {"wd": "dictate"}, {"wd": "direction"}, {"wd": "directive"}, {"wd": "do"}, {"wd": "edict"}, {"wd": "imperative"}, {"wd": "injunction"}, {"wd": "instruction"}, {"wd": "order"}]], "rel_list": [[{"wd": "demand"}, {"wd": "requirement"}], [{"wd": "mandate"}], [{"wd": "countermand"}, {"wd": "counterorder"}], [{"wd": "law"}, {"wd": "precept"}, {"wd": "prescript"}, {"wd": "prescription"}, {"wd": "rule"}], [{"wd": "ordinance"}, {"wd": "regulation"}, {"wd": "statute"}]], "near_list": [[{"wd": "appeal"}, {"wd": "entreaty"}, {"wd": "petition"}, {"wd": "plea"}, {"wd": "urging"}], [{"wd": "proposal"}, {"wd": "recommendation"}, {"wd": "suggestion"}]]}]], [["sense", {"sn": "6", "dt": [["text", "information or opinion that is widely disseminated without any authority or confirmation of accuracy "], ["vis", [{"t": "don't tell anyone I told you about the shake-up, but that's the {it}word{/it} right now"}]]], "syn_list": [[{"wd": "buzz"}, {"wd": "dish"}, {"wd": "gossip"}, {"wd": "hearsay"}, {"wd": "noise"}, {"wd": "report"}, {"wd": "rumor"}, {"wd": "scuttlebutt"}, {"wd": "talk"}, {"wd": "tattle"}]], "rel_list": [[{"wd": "tale"}, {"wd": "whisper"}, {"wd": "whispering"}], [{"wd": "hint"}, {"wd": "intimation"}, {"wd": "rumbling"}], [{"wd": "disinformation"}, {"wd": "propaganda"}], [{"wd": "urban legend", "wvrs": [{"wvl": "also", "wva": "urban myth"}]}], [{"wd": "dirt"}, {"wd": "scandal"}]]}]], [["sense", {"sn": "7", "dt": [["text", "a word or phrase that must be spoken by a person in order to pass a guard "], ["vis", [{"t": "{ldquo}What's the {it}word{/it}?{rdquo} demanded the sentry"}]]], "syn_list": [[{"wd": "countersign"}, {"wd": "password"}, {"wd": "watchword"}]], "rel_list": [[{"wd": "shibboleth"}, {"wd": "sign"}], [{"wd": "signal"}], [{"wd": "hint"}, {"wd": "indication"}], [{"wd": "parole"}]]}]], [["sense", {"sn": "8", "dt": [["text", "an often stated observation regarding something from common experience "], ["vis", [{"t": "are there truer {it}words{/it} than {ldquo}never look a gift horse in the mouth{rdquo}?"}]]], "syn_list": [[{"wd": "adage"}, {"wd": "aphorism"}, {"wd": "apothegm"}, {"wd": "byword"}, {"wd": "epigram"}, {"wd": "maxim"}, {"wd": "proverb"}, {"wd": "saw"}, {"wd": "saying"}, {"wd": "sententia"}]], "rel_list": [[{"wd": "bromide"}, {"wd": "clich\u00e9", "wvrs": [{"wvl": "also", "wva": "cliche"}]}, {"wd": "commonplace"}, {"wd": "platitude"}, {"wd": "wheeze"}], [{"wd": "expression"}, {"wd": "felicity"}], [{"wd": "axiom"}, {"wd": "motto"}, {"wd": "precept"}, {"wd": "truism"}, {"wd": "truth"}], [{"wd": "formula"}], [{"wd": "comment"}, {"wd": "note"}, {"wd": "reflection"}, {"wd": "remark"}]]}]]]}], "shortdef": ["a pronounceable series of letters having a distinct meaning especially in a particular field", "something that is said", "a report of recent events or facts not previously known"]}, {"meta": {"id": "a feather in one's cap", "uuid": "1a159029-bb54-4587-9252-934114a71854", "src": "CTenhance", "section": "phrases", "stems": ["a feather in one's cap", "a feather in my cap", "a feather in your cap", "a feather in his cap", "a feather in her cap", "a feather in its cap", "a feather in their cap", "a feather in our cap", "a feather in our caps", "a feather in your caps", "a feather in their caps", "feathers in our caps", "feathers in your caps", "feathers in their caps"], "syns": [["boast", "credit", "crown jewel", "glory", "honor", "jewel", "pride", "treasure", "trophy"], ["accomplishment", "achievement", "acquirement", "attainment", "baby", "coup", "success", "triumph"]], "ants": [["nonachievement"]], "offensive": false}, "hwi": {"hw": "a feather in one's cap"}, "fl": "phrase", "def": [{"sseq": [[["sense", {"sn": "1", "dt": [["text", "an asset that brings praise or renown "], ["vis", [{"t": "Breaking the story for her newspaper was a {it}a feather in her cap{/it}."}]]], "syn_list": [[{"wd": "boast"}, {"wd": "credit"}, {"wd": "crown jewel"}, {"wd": "glory"}, {"wd": "honor"}, {"wd": "jewel"}, {"wd": "pride"}, {"wd": "treasure"}, {"wd": "trophy"}]], "rel_list": [[{"wd": "pi\u00e8ce de r\u00e9sistance"}, {"wd": "showpiece"}], [{"wd": "attraction"}, {"wd": "feature"}, {"wd": "highlight"}], [{"wd": "distinction"}, {"wd": "excellence"}, {"wd": "merit"}, {"wd": "value"}, {"wd": "virtue"}]], "near_list": [[{"wd": "disgrace"}, {"wd": "dishonor"}], [{"wd": "blemish"}, {"wd": "blot"}, {"wd": "defect"}, {"wd": "shame"}, {"wd": "slur"}, {"wd": "smirch"}, {"wd": "smudge"}, {"wd": "stain"}, {"wd": "stigma"}], [{"wd": "eyesore"}, {"wd": "fright"}, {"wd": "horror"}, {"wd": "mess"}]]}]], [["sense", {"sn": "2", "dt": [["text", "a successful result brought about by hard work "], ["vis", [{"t": "Winning the lawsuit for her client would be a significant {it}feather in her cap{/it}."}]]], "syn_list": [[{"wd": "accomplishment"}, {"wd": "achievement"}, {"wd": "acquirement"}, {"wd": "attainment"}, {"wd": "baby"}, {"wd": "coup"}, {"wd": "success"}, {"wd": "triumph"}]], "rel_list": [[{"wd": "blockbuster"}, {"wd": "hit"}, {"wd": "jackpot"}, {"wd": "megahit"}, {"wd": "miracle"}, {"wd": "smash"}, {"wd": "winner"}], [{"wd": "conquest"}, {"wd": "gain"}, {"wd": "victory"}, {"wd": "win"}], [{"wd": "skill"}], [{"wd": "deed"}, {"wd": "feat"}, {"wd": "performance"}], [{"wd": "arrival"}, {"wd": "completion"}, {"wd": "consummation"}, {"wd": "culmination"}, {"wd": "execution"}, {"wd": "fruition"}, {"wd": "fulfillment", "wvrs": [{"wvl": "or", "wva": "fulfilment"}]}, {"wd": "implementation"}, {"wd": "realization"}]], "near_list": [[{"wd": "botch"}, {"wd": "cock-up", "wsls": ["British"]}, {"wd": "mess"}, {"wd": "muddle"}, {"wd": "shambles"}], [{"wd": "bummer"}, {"wd": "bust"}, {"wd": "catastrophe"}, {"wd": "debacle", "wvrs": [{"wvl": "also", "wva": "d\u00e9b\u00e2cle"}]}, {"wd": "disaster"}, {"wd": "dud"}, {"wd": "failure"}, {"wd": "fiasco"}, {"wd": "fizzle"}, {"wd": "flop"}, {"wd": "washout"}], [{"wd": "disappointment"}, {"wd": "letdown"}, {"wd": "loss"}, {"wd": "setback"}]], "ant_list": [[{"wd": "nonachievement"}]]}]]]}], "shortdef": ["an asset that brings praise or renown", "a successful result brought about by hard work"]}, {"meta": {"id": "bee in one's bonnet", "uuid": "744d5354-8bea-46f2-ac31-bd499c522cd3", "src": "CTenhance", "section": "phrases", "stems": ["bee in one's bonnet", "bee in my bonnet", "bee in your bonnet", "bee in his bonnet", "bee in her bonnet", "bee in its bonnet", "bee in our bonnet", "bee in our bonnets", "bee in your bonnets", "bee in their bonnet", "bee in their bonnets"], "syns": [["bee", "caprice", "crank", "fancy", "freak", "humor", "kink", "maggot", "megrim", "notion", "vagary", "vagrancy", "whim", "whimsy"]], "ants": [], "offensive": false}, "hwi": {"hw": "bee in one's bonnet"}, "fl": "phrase", "def": [{"sseq": [[["sense", {"dt": [["text", "a sudden impulsive and apparently unmotivated idea or action "], ["vis", [{"t": "She suddenly got a {it}bee in her bonnet{/it} to quit her job and become a painter."}]]], "syn_list": [[{"wd": "bee"}, {"wd": "caprice"}, {"wd": "crank"}, {"wd": "fancy"}, {"wd": "freak"}, {"wd": "humor"}, {"wd": "kink"}, {"wd": "maggot"}, {"wd": "megrim"}, {"wd": "notion"}, {"wd": "vagary"}, {"wd": "vagrancy"}, {"wd": "whim"}, {"wd": "whimsy", "wvrs": [{"wvl": "also", "wva": "whimsey"}]}]], "rel_list": [[{"wd": "capriciousness"}, {"wd": "fancifulness"}, {"wd": "fantasy", "wvrs": [{"wvl": "also", "wva": "phantasy"}]}, {"wd": "freakishness"}, {"wd": "impetuosity"}, {"wd": "whimsicality"}], [{"wd": "conceit"}], [{"wd": "concept"}, {"wd": "conception"}, {"wd": "image"}, {"wd": "impression"}, {"wd": "mind's eye"}, {"wd": "picture"}, {"wd": "thought"}], [{"wd": "brainstorm"}, {"wd": "inspiration"}]]}]]]}], "shortdef": ["a sudden impulsive and apparently unmotivated idea or action"]}, {"meta": {"id": "blow one's cool", "uuid": "9f177c89-c0cc-4ba5-851a-6dbe9f895f94", "src": "CTenhance", "section": "phrases", "stems": ["blow one's cool", "blow my cool", "blow your cool", "blow his cool", "blow her cool", "blow its cool", "blow our cool", "blow our cools", "blow your cools", "blow their cool", "blow their cools", "blows his cool", "blows her cool", "blows its cool", "blew my cool", "blew your cool", "blew his cool", "blew her cool", "blew its cool", "blew our cool", "blew our cools", "blow your cools", "blew their cool", "blew their cools", "blowing my cool", "blowing your cool", "blowing his cool", "blowing her cool", "blowing its cool", "blowing our cool", "blowing our cools", "blowing your cools", "blowing their cool", "blowing their cools", "blown my cool", "blown your cool", "blown his cool", "blown her cool", "blown its cool", "blown our cool", "blown our cools", "blown your cools", "blown their cool"], "syns": [["blow up", "flare (up)", "flip (out)"], ["break down", "break up", "crack", "flip (out)", "freak (out)", "melt down", "wig (out)"]], "ants": [["calm (down)", "simmer down"]], "offensive": false}, "hwi": {"hw": "blow one's cool"}, "fl": "phrase", "def": [{"sseq": [[["sense", {"sn": "1", "dt": [["text", "to become very angry "], ["vis", [{"t": "He {it}blew his cool{/it} when the tailgater rear-ended him."}]]], "syn_list": [[{"wd": "blow up"}, {"wd": "flare (up)"}, {"wd": "flip (out)", "wsls": ["slang"]}]], "rel_list": [[{"wd": "anger"}, {"wd": "fulminate"}, {"wd": "rage"}, {"wd": "rant"}, {"wd": "rave"}, {"wd": "snap"}, {"wd": "snarl"}, {"wd": "sputter"}, {"wd": "storm"}, {"wd": "tee off"}, {"wd": "vent"}, {"wd": "vituperate"}], [{"wd": "bristle"}, {"wd": "burn"}, {"wd": "foam"}, {"wd": "fume"}, {"wd": "glare"}, {"wd": "glower"}, {"wd": "seethe"}, {"wd": "sizzle"}, {"wd": "smolder", "wvrs": [{"wvl": "or", "wva": "smoulder"}]}, {"wd": "steam"}, {"wd": "warm"}], [{"wd": "burst"}, {"wd": "explode"}, {"wd": "flare (out)"}, {"wd": "flash"}, {"wd": "inflame", "wvrs": [{"wvl": "also", "wva": "enflame"}]}, {"wd": "madden"}]], "phrase_list": [[{"wd": "blow a gasket"}, {"wd": "blow one's stack"}, {"wd": "blow one's top"}, {"wd": "fly into a rage"}, {"wd": "fly off the handle"}, {"wd": "forget oneself"}, {"wd": "go ballistic"}, {"wd": "have a fit"}, {"wd": "hit the ceiling"}, {"wd": "hit the roof"}, {"wd": "lose one's cool"}, {"wd": "lose one's temper"}]], "near_list": [[{"wd": "chill out", "wsls": ["slang"]}, {"wd": "cool (off or down)"}, {"wd": "relax"}], [{"wd": "hush"}, {"wd": "quiet (down)"}]], "ant_list": [[{"wd": "calm (down)"}, {"wd": "simmer down"}]]}]], [["sense", {"sn": "2", "dt": [["text", "to yield to mental or emotional stress "], ["vis", [{"t": "The movie star tolerated the constant attention of the paparazzi, but finally {it}blew her cool{/it} when one asked about her recent divorce."}]]], "syn_list": [[{"wd": "break down"}, {"wd": "break up"}, {"wd": "crack"}, {"wd": "flip (out)", "wsls": ["slang"]}, {"wd": "freak (out)"}, {"wd": "melt down"}, {"wd": "wig (out)", "wsls": ["slang"]}]], "rel_list": [[{"wd": "choke"}]], "phrase_list": [[{"wd": "fall apart"}, {"wd": "go off the deep end"}, {"wd": "go to pieces"}, {"wd": "lose it"}]]}]]]}], "shortdef": ["to become very angry", "to yield to mental or emotional stress"]}, {"meta": {"id": "burn one's ears", "uuid": "d809d557-2481-4557-8ac2-9cae95c733ff", "src": "CTenhance", "section": "phrases", "stems": ["burn one's boats", "burn one's bridges", "burn one's ears", "burn my ears", "burn your ears", "burn his ears", "burn her ears", "burn its ears", "burn our ears", "burn their ears", "burning my ears", "burning your ears", "burning his ears", "burning her ears", "burning its ears", "burning our ears", "burning their ears", "burnt my ears", "burnt your ears", "burnt his ears", "burnt her ears", "burnt its ears", "burnt our ears", "burnt their ears", "burns my ears", "burns your ears", "burns his ears", "burns her ears", "burns its ears", "burns our ears", "burns their ears"], "syns": [["admonish", "chide", "rebuke", "reprimand", "reproach", "reprove", "tick off"]], "ants": [], "offensive": false}, "hwi": {"hw": "burn one's ears"}, "fl": "phrase", "def": [{"sseq": [[["sense", {"dt": [["text", "to criticize (someone) so as to correct a fault "], ["vis", [{"t": "She {it}burned his ears{/it} for not wearing a seatbelt."}]]], "syn_list": [[{"wd": "admonish"}, {"wd": "chide"}, {"wd": "rebuke"}, {"wd": "reprimand"}, {"wd": "reproach"}, {"wd": "reprove"}, {"wd": "tick off"}]], "rel_list": [[{"wd": "berate"}, {"wd": "castigate"}, {"wd": "chew out"}, {"wd": "dress down"}, {"wd": "flay"}, {"wd": "harangue"}, {"wd": "jaw"}, {"wd": "keelhaul"}, {"wd": "lambaste", "wvrs": [{"wvl": "or", "wva": "lambast"}]}, {"wd": "lecture"}, {"wd": "rail (at or against)"}, {"wd": "rate"}, {"wd": "scold"}, {"wd": "score"}, {"wd": "upbraid"}], [{"wd": "abuse"}, {"wd": "assail"}, {"wd": "attack"}, {"wd": "bad-mouth"}, {"wd": "blame"}, {"wd": "blast"}, {"wd": "censure"}, {"wd": "condemn"}, {"wd": "criticize"}, {"wd": "crucify"}, {"wd": "denounce"}, {"wd": "dis", "wvrs": [{"wvl": "also", "wva": "diss"}], "wsls": ["slang"]}, {"wd": "excoriate"}, {"wd": "fault"}, {"wd": "knock"}, {"wd": "lash"}, {"wd": "pan"}, {"wd": "reprehend"}, {"wd": "slam"}], [{"wd": "belittle"}, {"wd": "deprecate"}, {"wd": "disparage"}, {"wd": "minimize"}, {"wd": "mock"}, {"wd": "put down"}], [{"wd": "deride"}, {"wd": "ridicule"}, {"wd": "scoff"}, {"wd": "scorn"}]], "phrase_list": [[{"wd": "get after"}, {"wd": "get on"}]], "near_list": [[{"wd": "approve"}, {"wd": "endorse", "wvrs": [{"wvl": "also", "wva": "indorse"}]}, {"wd": "OK", "wvrs": [{"wvl": "or", "wva": "okay"}]}, {"wd": "sanction"}], [{"wd": "applaud"}, {"wd": "extol", "wvrs": [{"wvl": "also", "wva": "extoll"}]}, {"wd": "hail"}, {"wd": "laud"}, {"wd": "praise"}, {"wd": "salute"}, {"wd": "tout"}]]}]]]}], "shortdef": ["to criticize (someone) so as to correct a fault"]}, {"meta": {"id": "chip on one's shoulder", "uuid": "9b08e2e3-8643-46fb-a8bf-3b74f74f6d11", "src": "CTenhance", "section": "phrases", "stems": ["chip on one's shoulder", "a chip on one's shoulder", "chip on my shoulder", "chip on your shoulder", "chip on his shoulder", "chip on her shoulder", "chip on its shoulder", "chip on our shoulder", "chip on our shoulders", "chip on your shoulders", "chip on their shoulder", "chip on their shoulders"], "syns": [["aggression", "aggressiveness", "assaultiveness", "bellicosity", "belligerence", "belligerency", "combativeness", "contentiousness", "defiance", "disputatiousness", "feistiness", "fight", "militance", "militancy", "militantness", "pugnacity", "quarrelsomeness", "scrappiness", "truculence"]], "ants": [["nonaggression", "pacifism"]], "offensive": false}, "hwi": {"hw": "chip on one's shoulder"}, "fl": "phrase", "def": [{"sseq": [[["sense", {"dt": [["text", "an inclination to fight or quarrel "], ["vis", [{"t": "It was clear from the tone of his writing that the man had a {it}chip on his shoulder{/it}."}]]], "syn_list": [[{"wd": "aggression"}, {"wd": "aggressiveness"}, {"wd": "assaultiveness"}, {"wd": "bellicosity"}, {"wd": "belligerence"}, {"wd": "belligerency"}, {"wd": "combativeness"}, {"wd": "contentiousness"}, {"wd": "defiance"}, {"wd": "disputatiousness"}, {"wd": "feistiness"}, {"wd": "fight"}, {"wd": "militance"}, {"wd": "militancy"}, {"wd": "militantness"}, {"wd": "pugnacity"}, {"wd": "quarrelsomeness"}, {"wd": "scrappiness"}, {"wd": "truculence"}]], "rel_list": [[{"wd": "antagonism"}, {"wd": "fierceness"}, {"wd": "hostility"}, {"wd": "hyperaggressiveness"}, {"wd": "unfriendliness"}], [{"wd": "imperialism"}, {"wd": "jingoism"}, {"wd": "militarism"}], [{"wd": "acidity"}, {"wd": "biliousness"}, {"wd": "captiousness"}, {"wd": "crankiness"}, {"wd": "crossness"}, {"wd": "disagreeableness"}, {"wd": "fractiousness"}, {"wd": "fretfulness"}, {"wd": "grouchiness"}, {"wd": "grumpiness"}, {"wd": "huffiness"}, {"wd": "irascibility"}, {"wd": "irascibleness"}, {"wd": "irritability"}, {"wd": "irritableness"}, {"wd": "orneriness"}, {"wd": "peevishness"}, {"wd": "pettishness"}, {"wd": "petulance"}, {"wd": "querulousness"}, {"wd": "rudeness"}, {"wd": "surliness"}, {"wd": "testiness"}, {"wd": "waspishness"}]], "near_list": [[{"wd": "antiaggression"}, {"wd": "anti-imperialism"}, {"wd": "antimilitarism"}], [{"wd": "affability"}, {"wd": "amiability"}, {"wd": "amicability"}, {"wd": "benevolence"}, {"wd": "cordiality"}, {"wd": "friendliness"}, {"wd": "geniality"}, {"wd": "graciousness"}, {"wd": "pleasantness"}, {"wd": "sociability"}], [{"wd": "gentleness"}, {"wd": "kindliness"}, {"wd": "mildness"}], [{"wd": "amenability"}, {"wd": "complaisance"}, {"wd": "placability"}]], "ant_list": [[{"wd": "nonaggression"}, {"wd": "pacifism"}]]}]]]}], "shortdef": ["an inclination to fight or quarrel"]}]