[{"meta": {"id": "night:1", "uuid": "c293a7b0-7bc0-451f-9888-9da31a52700c", "sort": "140919000", "src": "collegiate", "section": "alpha", "stems": ["night", "nightless", "nights"], "offensive": false}, "hom": 1, "hwi": {"hw": "night", "prs": [{"mw": "\u02c8n\u012bt", "sound": {"audio": "night001", "ref": "c", "stat": "1"}}]}, "fl": "noun", "def": [{"sseq": [[["sense", {"sn": "1", "dt": [["text", "{bc}the time from dusk to dawn when no sunlight is visible "], ["vis", [{"t": "The store is open all {wi}night{/wi}."}]]]}]], [["sense", {"sn": "2 a", "dt": [["text", "{bc}an evening or night taken as an occasion or point of time "], ["vis", [{"t": "the opening {wi}night{/wi}"}]]]}], ["sense", {"sn": "b", "dt": [["text", "{bc}an evening set aside for a particular purpose "], ["vis", [{"t": "Thursdays is game {wi}night{/wi} in our house."}]]]}]], [["sense", {"sn": "3 a", "dt": [["text", "{bc}the quality or state of being dark "], ["vis", [{"t": "approached the enemy's camp under cover of {wi}night{/wi}"}]]]}], ["pseq", [["bs", {"sense": {"sn": "b", "dt": [["text", "{bc}a condition or period felt to resemble the darkness of night: such as"]]}}], ["sense", {"sn": "(1)", "dt": [["text", "{bc}a period of dreary inactivity or affliction "], ["vis", [{"t": "the glories of Roman civilization were lost in a gloomy {wi}night{/wi} of ignorance, superstition, and barbarism", "aq": {"auth": "R. A. Hall"}}]]]}], ["sense", {"sn": "(2)", "dt": [["text", "{bc}absence of moral values "], ["vis", [{"t": "\u2026 that {wi}night{/wi} which has for many centuries obscured our holy religion \u2026", "aq": {"auth": "Joseph Priestley"}}]]]}]]], ["sense", {"sn": "c", "dt": [["text", "{bc}the beginning of darkness {bc}{sx|nightfall||} "], ["vis", [{"t": "worked in the fields until {wi}night{/wi}"}]]]}]]]}], "uros": [{"ure": "night*less", "prs": [{"mw": "\u02c8n\u012bt-l\u0259s", "sound": {"audio": "night002", "ref": "c", "stat": "1"}}], "fl": "adjective"}], "et": [["text", "Middle English {it}night, niht,{/it} going back to Old English {it}nieht, niht,{/it} umlauted form of {it}neaht, n\u00e6ht,{/it} going back to Germanic {it}*naht-{/it} (whence Old Saxon & Old High German {it}naht{/it} \"night,\" Old Norse {it}n\u00f3tt, n\u00e1tt,{/it} Gothic {it}nahts{/it}), going back to Indo-European {it}*nok{sup}w{/sup}-t-,{/it} whence Old Irish in{it}nocht{/it} \"tonight,\" Welsh peu{it}noeth{/it} \"every night\" (Welsh {it}nos{/it} \"night\" perhaps going back to {it}*nok{sup}w{/sup}t-stu-{/it}), Latin {it}noct-, nox{/it} \"night,\" Old Church Slavic {it}no\u0161t\u012d,{/it} Lithuanian {it}nakt\u00ecs,{/it} Greek {it}nykt-, n\u00fdx,{/it} Sanskrit {it}nakt-, nak,{/it} Hittite {it}nekuz{/it} \"in the evening\" (from an oblique case stem {it}*nek{sup}w{/sup}t-{/it})"]], "date": "before 12th century{ds||1||}", "shortdef": ["the time from dusk to dawn when no sunlight is visible", "an evening or night taken as an occasion or point of time", "an evening set aside for a particular purpose"]}, {"meta": {"id": "night:2", "uuid": "42b50c64-bf6b-4f14-94fc-154b06e83da0", "sort": "140920000", "src": "collegiate", "section": "alpha", "stems": ["night"], "offensive": false}, "hom": 2, "hwi": {"hw": "night"}, "fl": "adjective", "def": [{"sseq": [[["sense", {"sn": "1", "dt": [["text", "{bc}of, relating to, or associated with the night "], ["vis", [{"t": "{wi}night{/wi} air"}]]]}]], [["sense", {"sn": "2", "dt": [["text", "{bc}intended for use at night "], ["vis", [{"t": "a {wi}night{/wi} lamp"}]]]}]], [["sense", {"sn": "3 a", "dt": [["text", "{bc}existing, occurring, or functioning at night "], ["vis", [{"t": "{wi}night{/wi} baseball"}, {"t": "a {wi}night{/wi} nurse"}]]]}], ["sense", {"sn": "b", "dt": [["text", "{bc}active or functioning best at night "], ["vis", [{"t": "{wi}night{/wi} people"}]]]}]]]}], "et": [["text", "attributive use of {et_link|night:1|night:1}"]], "date": "before 12th century{ds||1||}", "shortdef": ["of, relating to, or associated with the night", "intended for use at night", "existing, occurring, or functioning at night"]}, {"meta": {"id": "night and day", "uuid": "a64b780a-180f-49bc-a511-f68aed6144ce", "sort": "140921000", "src": "collegiate", "section": "alpha", "stems": ["night and day"], "offensive": false}, "hwi": {"hw": "night and day"}, "fl": "adverb", "def": [{"sseq": [[["sense", {"dt": [["text", "{bc}all the time {bc}{sx|continually||}"]]}]]]}], "date": "before 12th century", "shortdef": ["all the time : continually"]}, {"meta": {"id": "night blindness", "uuid": "6a7d9c00-eb4a-41c3-afdb-170b7cd4e4fc", "sort": "140922000", "src": "collegiate", "section": "alpha", "stems": ["night blindness", "night blindnesses", "night-blind"], "offensive": false}, "hwi": {"hw": "night blindness"}, "fl": "noun", "def": [{"sseq": [[["sense", {"dt": [["text", "{bc}reduced visual capacity in faint light (as at night)"]]}]]]}], "uros": [{"ure": "night-blind", "prs": [{"mw": "\u02c8n\u012bt-\u02ccbl\u012bnd", "sound": {"audio": "nightb01", "ref": "c", "stat": "1"}}], "fl": "adjective"}], "date": "1625", "shortdef": ["reduced visual capacity in faint light (as at night)"]}, {"meta": {"id": "night-blooming cereus", "uuid": "eebcb83d-9670-43d2-a1d2-706330ef30be", "sort": "140923000", "src": "collegiate", "section": "alpha", "stems": ["night-blooming cereus", "night-blooming cereuses"], "offensive": false}, "hwi": {"hw": "night-blooming cereus"}, "fl": "noun", "ins": [{"il": "plural", "if": "night-blooming cereus"}, {"il": "or", "if": "night-blooming cereuses"}], "def": [{"sseq": [[["bs", {"sense": {"dt": [["text", "{bc}any of several cacti with usually large, white, fragrant, night-blooming flowers: such as"]]}}], ["sense", {"sn": "a", "dt": [["text", "{bc}a sprawling or climbing cactus ({it}Selenicereus grandiflorus{/it}) found from Mexico to South America that has spiny, ribbed stems and pink to whitish spiny fruits"]]}], ["sense", {"sn": "b", "dt": [["text", "{bc}an erect or sprawling slender-stemmed, thorny cactus ({it}Peniocereus greggii{/it} synonym {it}Cereus greggii{/it}) that is native to the southwestern U.S. and adjacent parts of northern Mexico and has spiny red fruits"]]}], ["sense", {"sn": "c", "dt": [["text", "{bc}any of several cacti (genus {it}Hylocereus{/it}) including one ({it}Hylocereus undatus{/it}) cultivated especially for its usually pink- or red-skinned fruit {dx}see {dxt|dragon fruit||}{/dx}"]]}], ["sense", {"sn": "d", "dt": [["text", "{bc}an epiphytic cactus ({it}Epiphyllum oxypetalum{/it}) of Mexico and Central America that has flattened, leaflike stems with wavy edges and is often grown as a houseplant or garden plant "], ["snote", [["t", "The cacti known as {ldquo}night-blooming cereus{rdquo} are also known as {d_link|Queens of the Night|Queen of the Night}."]]]]}]]]}], "date": "1799", "shortdef": ["any of several cacti with usually large, white, fragrant, night-blooming flowers: such as", "a sprawling or climbing cactus (Selenicereus grandiflorus) found from Mexico to South America that has spiny, ribbed stems and pink to whitish spiny fruits", "an erect or sprawling slender-stemmed, thorny cactus (Peniocereus greggii synonym Cereus greggii) that is native to the southwestern U.S. and adjacent parts of northern Mexico and has spiny red fruits"]}, {"meta": {"id": "night court", "uuid": "c0327426-30ca-4c38-bad6-d6f589143b19", "sort": "140928000", "src": "collegiate", "section": "alpha", "stems": ["night court", "night courts"], "offensive": false}, "hwi": {"hw": "night court"}, "fl": "noun", "def": [{"sseq": [[["sense", {"dt": [["text", "{bc}a criminal court in a large city that sits at night (as for rapid disposition of criminal charges and the granting of bail)"]]}]]]}], "date": "1934", "shortdef": ["a criminal court in a large city that sits at night (as for rapid disposition of criminal charges and the granting of bail)"]}, {"meta": {"id": "night crawler", "uuid": "0e5359ec-4180-448f-bf3a-e52ebc76022f", "sort": "140929000", "src": "collegiate", "section": "alpha", "stems": ["night crawler", "night crawlers"], "offensive": false}, "hwi": {"hw": "night crawler"}, "fl": "noun", "def": [{"sseq": [[["sense", {"dt": [["text", "{bc}{sx|earthworm||}"]], "sdsense": {"sd": "especially", "dt": [["text", "{bc}a large earthworm found on the soil surface at night and used for fish bait"]]}}]]]}], "date": "1896", "shortdef": ["earthworm; especially : a large earthworm found on the soil surface at night and used for fish bait"]}, {"meta": {"id": "night heron", "uuid": "cca561ee-375d-4144-8cfa-3a5711076f22", "sort": "140935000", "src": "collegiate", "section": "alpha", "stems": ["night heron", "night herons"], "offensive": false}, "hwi": {"hw": "night heron"}, "fl": "noun", "def": [{"sseq": [[["sense", {"dt": [["text", "{bc}any of various widely distributed nocturnal or crepuscular herons (especially genus {it}Nycticorax{/it})"]]}]]]}], "date": "1785", "shortdef": ["any of various widely distributed nocturnal or crepuscular herons (especially genus Nycticorax)"]}, {"meta": {"id": "night latch", "uuid": "71b6e145-f874-4457-8596-e6c7b57a1efc", "sort": "140939000", "src": "collegiate", "section": "alpha", "stems": ["night latch", "night latches"], "offensive": false}, "hwi": {"hw": "night latch"}, "fl": "noun", "def": [{"sseq": [[["sense", {"dt": [["text", "{bc}a door lock having a spring bolt operated from the outside by a key and from the inside by a knob"]]}]]]}], "date": "1838", "shortdef": ["a door lock having a spring bolt operated from the outside by a key and from the inside by a knob"]}, {"meta": {"id": "night letter", "uuid": "e0c2dc1c-d1ed-4037-8ffc-259202e9c528", "sort": "140940000", "src": "collegiate", "section": "alpha", "stems": ["night letter", "night letters"], "offensive": false}, "hwi": {"hw": "night letter"}, "fl": "noun", "def": [{"sseq": [[["sense", {"dt": [["text", "{bc}a telegram sent at night at a reduced rate for delivery the following morning"]]}]]]}], "date": "1910", "shortdef": ["a telegram sent at night at a reduced rate for delivery the following morning"]}]