[{"meta": {"id": "no", "uuid": "2a7a4150-bbfd-4075-a656-0dc17f0410de", "src": "coll_thes", "section": "alpha", "target": {"tuuid": "322af342-ff5c-45c5-8e78-7355b9da60fd", "tsrc": "collegiate"}, "stems": ["no"], "syns": [["never", "none", "nothing", "noway", "nowise"], ["hardly", "ill", "none", "noway", "scarcely"]], "ants": [["anyhow", "anyway", "anywise", "at all", "ever", "half", "however"], ["absolutely", "certainly", "completely", "definitely", "positively", "surely"]], "offensive": false}, "hwi": {"hw": "no"}, "fl": "adverb", "def": [{"sseq": [[["sense", {"sn": "1", "dt": [["text", "not in any degree, way, or under any condition "], ["vis", [{"t": "this cake is {it}no{/it} better than the last one we made"}]]], "syn_list": [[{"wd": "never"}, {"wd": "none"}, {"wd": "nothing"}, {"wd": "noway", "wvrs": [{"wvl": "or", "wva": "noways"}]}, {"wd": "nowise"}]], "rel_list": [[{"wd": "nowhere near"}]], "phrase_list": [[{"wd": "by no means"}, {"wd": "in no wise"}, {"wd": "nothing doing"}, {"wd": "on no account"}]], "near_list": [[{"wd": "completely"}, {"wd": "extremely"}, {"wd": "full"}, {"wd": "fully"}, {"wd": "par excellence"}, {"wd": "right"}, {"wd": "very"}], [{"wd": "altogether"}, {"wd": "exactly"}], [{"wd": "somehow"}, {"wd": "someway", "wvrs": [{"wvl": "also", "wva": "someways"}]}], [{"wd": "out"}]], "ant_list": [[{"wd": "anyhow"}, {"wd": "anyway"}, {"wd": "anywise"}, {"wd": "at all"}, {"wd": "ever"}, {"wd": "half"}, {"wd": "however"}]]}]], [["sense", {"sn": "2", "dt": [["text", "certainly not "], ["vis", [{"t": "in {it}no{/it} uncertain terms we were told to leave"}]]], "syn_list": [[{"wd": "hardly"}, {"wd": "ill"}, {"wd": "none"}, {"wd": "noway", "wvrs": [{"wvl": "usually", "wva": "no way"}]}, {"wd": "scarcely"}]], "rel_list": [[{"wd": "near"}, {"wd": "never"}, {"wd": "nothing"}, {"wd": "nowhere"}, {"wd": "nowise"}]], "phrase_list": [[{"wd": "by no means"}, {"wd": "nothing doing"}, {"wd": "on no account"}]], "near_list": [[{"wd": "awful"}, {"wd": "awfully"}, {"wd": "enormously"}, {"wd": "exceedingly", "wvrs": [{"wvl": "also", "wva": "exceeding"}]}, {"wd": "extremely"}, {"wd": "greatly"}, {"wd": "highly"}, {"wd": "hugely"}, {"wd": "immensely"}, {"wd": "mightily"}, {"wd": "mighty"}, {"wd": "most"}, {"wd": "quite"}, {"wd": "terribly"}, {"wd": "very"}], [{"wd": "assuredly"}, {"wd": "clearly"}, {"wd": "hands down"}, {"wd": "perfectly"}, {"wd": "plainly"}, {"wd": "really"}, {"wd": "truly"}, {"wd": "unequivocally"}, {"wd": "unquestionably"}, {"wd": "utterly"}], [{"wd": "doubtless"}, {"wd": "more or less"}, {"wd": "mostly"}, {"wd": "rather"}, {"wd": "slightly"}, {"wd": "somewhat"}]], "ant_list": [[{"wd": "absolutely"}, {"wd": "certainly"}, {"wd": "completely"}, {"wd": "definitely"}, {"wd": "positively"}, {"wd": "surely"}]]}]]]}], "shortdef": ["not in any degree, way, or under any condition", "certainly not"]}, {"meta": {"id": "no", "uuid": "ad93d734-1fed-441a-a174-7ab9a6fb1117", "src": "coll_thes", "section": "alpha", "target": {"tuuid": "fedc278e-98e8-4783-96c9-1cc429b4f73a", "tsrc": "collegiate"}, "stems": ["no", "noes", "nos"], "syns": [["nay", "negative", "non placet"], ["declination", "denial", "disallowance", "nay", "nonacceptance", "refusal", "rejection", "turndown"]], "ants": [["positive", "yea", "yes"], ["allowance", "approval", "grant", "OK"]], "offensive": false}, "hwi": {"hw": "no"}, "fl": "noun", "def": [{"sseq": [[["sense", {"sn": "1", "dt": [["text", "a vote or decision against something "], ["vis", [{"t": "though I wanted spaghetti for dinner, the consensus was a decisive {it}no{/it}"}]]], "syn_list": [[{"wd": "nay"}, {"wd": "negative"}, {"wd": "non placet"}]], "rel_list": [[{"wd": "con"}], [{"wd": "blackball"}, {"wd": "veto"}], [{"wd": "denial"}, {"wd": "negation"}, {"wd": "refusal"}]], "near_list": [[{"wd": "pro"}], [{"wd": "acceptance"}, {"wd": "approval"}, {"wd": "grace"}]], "ant_list": [[{"wd": "positive"}, {"wd": "yea"}, {"wd": "yes"}]]}]], [["sense", {"sn": "2", "dt": [["text", "an unwillingness to grant something asked for "], ["vis", [{"t": "gave him a polite {it}no{/it} when he asked her to dance"}]]], "syn_list": [[{"wd": "declination"}, {"wd": "denial"}, {"wd": "disallowance"}, {"wd": "nay"}, {"wd": "nonacceptance"}, {"wd": "refusal"}, {"wd": "rejection"}, {"wd": "turndown"}]], "rel_list": [[{"wd": "rebuff"}, {"wd": "repudiation"}, {"wd": "repulse"}, {"wd": "spurn"}], [{"wd": "negative"}], [{"wd": "ban"}, {"wd": "injunction"}, {"wd": "veto"}], [{"wd": "deterrence"}, {"wd": "discouragement"}, {"wd": "repression"}, {"wd": "suppression"}]], "near_list": [[{"wd": "acceptance"}, {"wd": "accession"}, {"wd": "acquiescence"}, {"wd": "agreement"}, {"wd": "assent"}, {"wd": "authorization"}, {"wd": "clearance"}, {"wd": "concurrence"}, {"wd": "consent"}, {"wd": "leave"}, {"wd": "license", "wvrs": [{"wvl": "or", "wva": "licence"}]}, {"wd": "permission"}, {"wd": "sanction"}, {"wd": "sufferance"}], [{"wd": "imprimatur"}, {"wd": "seal"}, {"wd": "signature"}, {"wd": "stamp"}]], "ant_list": [[{"wd": "allowance"}, {"wd": "approval"}, {"wd": "grant"}, {"wd": "OK", "wvrs": [{"wvl": "or", "wva": "okay"}]}]]}]]]}], "shortdef": ["a vote or decision against something", "an unwillingness to grant something asked for"]}, {"meta": {"id": "no", "uuid": "2fdf46f1-c34e-4d06-bed0-f5ed535978d3", "src": "coll_thes", "section": "alpha", "stems": ["no"], "syns": [["ah", "aha", "come on", "fie", "indeed", "my word", "pshaw", "well", "what", "why"]], "ants": [], "offensive": false}, "hwi": {"hw": "no"}, "fl": "interjection", "def": [{"sseq": [[["sense", {"dt": [["text", "how surprising, doubtful, or unbelievable "], ["vis", [{"t": "{it}no{/it}\u2014you can't possibly mean that I failed that test! I studied for days!"}]]], "syn_list": [[{"wd": "ah"}, {"wd": "aha"}, {"wd": "come on"}, {"wd": "fie"}, {"wd": "indeed"}, {"wd": "my word"}, {"wd": "pshaw"}, {"wd": "well"}, {"wd": "what"}, {"wd": "why"}]], "rel_list": [[{"wd": "gee"}, {"wd": "gee whiz"}, {"wd": "ha"}, {"wd": "hello"}, {"wd": "hey"}, {"wd": "lo"}, {"wd": "oh"}], [{"wd": "fiddlesticks"}, {"wd": "phooey"}, {"wd": "pooh"}], [{"wd": "there"}], [{"wd": "oops", "wvrs": [{"wvl": "or", "wva": "whoops"}, {"wvl": "also", "wva": "woops"}]}, {"wd": "ugh"}], [{"wd": "egad"}, {"wd": "gad"}, {"wd": "gadzooks", "wsls": ["archaic"]}, {"wd": "(the) deuce"}, {"wd": "the devil"}, {"wd": "the dickens"}, {"wd": "zounds"}]]}]]]}], "shortdef": ["how surprising, doubtful, or unbelievable"]}, {"meta": {"id": "no-account", "uuid": "343b2669-eed4-4bf3-ba78-e943637a9080", "src": "coll_thes", "section": "alpha", "target": {"tuuid": "1098e8b3-8358-4df6-98bc-b6149311252e", "tsrc": "collegiate"}, "stems": ["no-account", "no-accounts"], "syns": [["good-for-nothing", "ne'er-do-well", "no-good"], ["chicken", "de minimis", "footling", "inconsequential", "inconsiderable", "insignificant", "measly", "Mickey Mouse", "minute", "negligible", "niggling", "nominal", "paltry", "peanut", "petty", "picayune", "piddling", "piddly", "piffling", "pimping", "slight", "trifling", "trivial"]], "ants": [["big", "consequential", "considerable", "important", "material", "significant"]], "offensive": false}, "hwi": {"hw": "no-account"}, "fl": "adjective", "def": [{"sseq": [[["sense", {"sn": "1", "dt": [["text", "having no ambition, success, or value to society "], ["vis", [{"t": "only heard from his {it}no-account{/it} relatives when they wanted a handout"}]]], "syn_list": [[{"wd": "good-for-nothing"}, {"wd": "ne'er-do-well"}, {"wd": "no-good"}]], "rel_list": [[{"wd": "idle"}, {"wd": "indolent"}, {"wd": "lazy"}, {"wd": "shiftless"}, {"wd": "slothful"}, {"wd": "unambitious"}], [{"wd": "useless"}, {"wd": "worthless"}]], "near_list": [[{"wd": "ambitious"}, {"wd": "diligent"}, {"wd": "enterprising"}, {"wd": "industrious"}]]}]], [["sense", {"sn": "2", "dt": [["text", "so small or unimportant as to warrant little or no attention "], ["vis", [{"t": "some miscellaneous {it}no-account{/it} expenses that we simply paid for with our own pocket money"}]]], "syn_list": [[{"wd": "chicken"}, {"wd": "de minimis"}, {"wd": "footling"}, {"wd": "inconsequential"}, {"wd": "inconsiderable"}, {"wd": "insignificant"}, {"wd": "measly"}, {"wd": "Mickey Mouse"}, {"wd": "minute"}, {"wd": "negligible"}, {"wd": "niggling"}, {"wd": "nominal"}, {"wd": "paltry"}, {"wd": "peanut"}, {"wd": "petty"}, {"wd": "picayune"}, {"wd": "piddling"}, {"wd": "piddly"}, {"wd": "piffling"}, {"wd": "pimping"}, {"wd": "slight"}, {"wd": "trifling"}, {"wd": "trivial"}]], "rel_list": [[{"wd": "inferior"}, {"wd": "mean"}], [{"wd": "imperceptible"}, {"wd": "inappreciable"}], [{"wd": "little"}, {"wd": "puny"}, {"wd": "tiny"}], [{"wd": "hairsplitting"}, {"wd": "nitpicking"}, {"wd": "pettifogging"}, {"wd": "quibbling"}], [{"wd": "one-horse"}, {"wd": "small-fry"}, {"wd": "two-bit"}]], "near_list": [[{"wd": "serious"}, {"wd": "substantial"}, {"wd": "weighty"}], [{"wd": "eventful"}, {"wd": "momentous"}, {"wd": "pivotal"}], [{"wd": "conspicuous"}, {"wd": "noteworthy"}, {"wd": "outstanding"}, {"wd": "prominent"}, {"wd": "remarkable"}, {"wd": "striking"}], [{"wd": "appreciable"}, {"wd": "discernible", "wvrs": [{"wvl": "also", "wva": "discernable"}]}, {"wd": "measurable"}]], "ant_list": [[{"wd": "big"}, {"wd": "consequential"}, {"wd": "considerable"}, {"wd": "important"}, {"wd": "material"}, {"wd": "significant"}]]}]]]}], "shortdef": ["having no ambition, success, or value to society", "so small or unimportant as to warrant little or no attention"]}, {"meta": {"id": "no-account", "uuid": "4698f96c-5dbf-42dc-b42c-ad5fca0b69f9", "src": "coll_thes", "section": "alpha", "stems": ["no-account", "no-accounts"], "syns": [["bum", "derelict", "do-nothing", "good-for-nothing", "ne'er-do-well", "no-good", "no-goodnik", "slacker", "vagrant"]], "ants": [], "offensive": false}, "hwi": {"hw": "no-account"}, "fl": "noun", "def": [{"sseq": [[["sense", {"dt": [["text", "an idle worthless person "], ["vis", [{"t": "claims that every last one of his in-laws is a nerveless {it}no-account{/it}"}]]], "syn_list": [[{"wd": "bum"}, {"wd": "derelict"}, {"wd": "do-nothing"}, {"wd": "good-for-nothing"}, {"wd": "ne'er-do-well"}, {"wd": "no-good"}, {"wd": "no-goodnik"}, {"wd": "slacker"}, {"wd": "vagrant"}]], "rel_list": [[{"wd": "hobo"}, {"wd": "sundowner", "wsls": ["Australian"]}, {"wd": "tramp"}, {"wd": "vagabond"}], [{"wd": "drifter"}, {"wd": "roamer"}, {"wd": "transient"}], [{"wd": "beggar"}, {"wd": "panhandler"}], [{"wd": "dodger"}, {"wd": "goldbrick"}, {"wd": "shirker"}], [{"wd": "gamine"}, {"wd": "ragamuffin"}, {"wd": "urchin"}, {"wd": "waif"}], [{"wd": "drone"}, {"wd": "idler"}, {"wd": "lazybones"}, {"wd": "loafer"}, {"wd": "slouch"}, {"wd": "slug"}, {"wd": "sluggard"}], [{"wd": "down-and-out", "wvrs": [{"wvl": "or", "wva": "down-and-outer"}]}, {"wd": "indigent"}, {"wd": "pauper"}]], "near_list": [[{"wd": "success"}, {"wd": "winner"}]]}]]]}], "shortdef": ["an idle worthless person"]}, {"meta": {"id": "no-frills", "uuid": "d3089ec5-a311-4876-832f-249587e782f1", "src": "coll_thes", "section": "alpha", "target": {"tuuid": "366ede44-3577-4dec-b1f0-620ba279bf19", "tsrc": "collegiate"}, "stems": ["no-frills"], "syns": [["austere", "spartan", "stark"]], "ants": [["deluxe", "Lucullan", "luxe", "luxurious", "plush"]], "offensive": false}, "hwi": {"hw": "no-frills"}, "fl": "adjective", "def": [{"sseq": [[["sense", {"dt": [["text", "providing only the essentials and nothing fancy or luxurious "], ["vis", [{"t": "a low-cost, {it}no-frills{/it} vacation during which we camped out and cooked our own meals"}]]], "syn_list": [[{"wd": "austere"}, {"wd": "spartan"}, {"wd": "stark"}]], "rel_list": [[{"wd": "plain"}, {"wd": "simple"}, {"wd": "unadorned"}, {"wd": "undecorated"}, {"wd": "unelaborate"}, {"wd": "unfancy"}]], "near_list": [[{"wd": "adorned"}, {"wd": "decorated"}, {"wd": "elaborate"}, {"wd": "fancy"}]], "ant_list": [[{"wd": "deluxe"}, {"wd": "Lucullan", "wvrs": [{"wvl": "also", "wva": "Lucullian"}]}, {"wd": "luxe"}, {"wd": "luxurious"}, {"wd": "plush"}]]}]]]}], "shortdef": ["providing only the essentials and nothing fancy or luxurious"]}, {"meta": {"id": "no-good", "uuid": "4e8aefe7-ab98-4c3a-b395-c7968a391607", "src": "coll_thes", "section": "alpha", "target": {"tuuid": "7507c12a-3deb-4717-bf6d-67edc76fee41", "tsrc": "collegiate"}, "stems": ["no-good"], "syns": [["good-for-nothing", "ne'er-do-well", "no-account"], ["chaffy", "empty", "junky", "null", "vain", "valueless", "worthless"]], "ants": [["useful", "valuable", "worthy"]], "offensive": false}, "hwi": {"hw": "no-good"}, "fl": "adjective", "def": [{"sseq": [[["sense", {"sn": "1", "dt": [["text", "having no ambition, success, or value to society "], ["vis", [{"t": "tired of supporting their spendthrift, {it}no-good{/it} daughter, who has yet to find a job commensurate with her alleged abilities"}]]], "syn_list": [[{"wd": "good-for-nothing"}, {"wd": "ne'er-do-well"}, {"wd": "no-account"}]], "rel_list": [[{"wd": "idle"}, {"wd": "indolent"}, {"wd": "lazy"}, {"wd": "shiftless"}, {"wd": "slothful"}, {"wd": "unambitious"}], [{"wd": "useless"}, {"wd": "worthless"}]], "near_list": [[{"wd": "ambitious"}, {"wd": "diligent"}, {"wd": "enterprising"}, {"wd": "industrious"}]]}]], [["sense", {"sn": "2", "dt": [["text", "having no usefulness "], ["vis", [{"t": "that {it}no-good{/it} chair should be thrown away"}]]], "syn_list": [[{"wd": "chaffy"}, {"wd": "empty"}, {"wd": "junky"}, {"wd": "null"}, {"wd": "vain"}, {"wd": "valueless"}, {"wd": "worthless"}]], "rel_list": [[{"wd": "base"}, {"wd": "cheap"}, {"wd": "cheapjack"}, {"wd": "duff", "wsls": ["British"]}, {"wd": "inferior"}, {"wd": "lousy"}, {"wd": "low-grade"}, {"wd": "second-rate"}], [{"wd": "bad"}, {"wd": "defective"}, {"wd": "dud"}, {"wd": "flawed"}, {"wd": "imperfect"}, {"wd": "substandard"}, {"wd": "unsatisfactory"}], [{"wd": "deficient"}, {"wd": "inadequate"}, {"wd": "insufficient"}, {"wd": "unacceptable"}]], "near_list": [[{"wd": "invaluable"}, {"wd": "precious"}, {"wd": "priceless"}], [{"wd": "cherished"}, {"wd": "esteemed"}, {"wd": "prized"}, {"wd": "treasured"}], [{"wd": "choice"}, {"wd": "exceptional"}, {"wd": "fancy"}, {"wd": "high-grade"}, {"wd": "special"}]], "ant_list": [[{"wd": "useful"}, {"wd": "valuable"}, {"wd": "worthy"}]]}]]]}], "shortdef": ["having no ambition, success, or value to society", "having no usefulness"]}, {"meta": {"id": "no-good", "uuid": "1f6252c8-7e9f-490c-a79b-fce1f7d5b8ae", "src": "coll_thes", "section": "alpha", "target": {"tuuid": "b953ea16-1b53-4de6-bf46-51a9093b4b46", "tsrc": "collegiate"}, "stems": ["no-good", "no-goods"], "syns": [["baddie", "beast", "brute", "caitiff", "devil", "evildoer", "fiend", "heavy", "hound", "knave", "meanie", "miscreant", "monster", "nazi", "rapscallion", "rascal", "reprobate", "rogue", "savage", "scalawag", "scamp", "scapegrace", "scoundrel", "varlet", "villain", "wretch"], ["bum", "derelict", "do-nothing", "good-for-nothing", "ne'er-do-well", "no-account", "no-goodnik", "slacker", "vagrant"]], "ants": [], "offensive": false}, "hwi": {"hw": "no-good"}, "fl": "noun", "def": [{"sseq": [[["sense", {"sn": "1", "dt": [["text", "a mean, evil, or unprincipled person "], ["vis", [{"t": "neighbors remembered the killer as having been an utter {it}no-good{/it} since childhood"}]]], "syn_list": [[{"wd": "baddie", "wvrs": [{"wvl": "or", "wva": "baddy"}]}, {"wd": "beast"}, {"wd": "brute"}, {"wd": "caitiff"}, {"wd": "devil"}, {"wd": "evildoer"}, {"wd": "fiend"}, {"wd": "heavy"}, {"wd": "hound"}, {"wd": "knave"}, {"wd": "meanie", "wvrs": [{"wvl": "also", "wva": "meany"}]}, {"wd": "miscreant"}, {"wd": "monster"}, {"wd": "nazi"}, {"wd": "rapscallion"}, {"wd": "rascal"}, {"wd": "reprobate"}, {"wd": "rogue"}, {"wd": "savage"}, {"wd": "scalawag", "wvrs": [{"wvl": "or", "wva": "scallywag"}]}, {"wd": "scamp"}, {"wd": "scapegrace"}, {"wd": "scoundrel"}, {"wd": "varlet"}, {"wd": "villain"}, {"wd": "wretch"}]], "rel_list": [[{"wd": "villainess"}], [{"wd": "blackguard"}], [{"wd": "criminal"}, {"wd": "crook"}, {"wd": "culprit"}, {"wd": "felon"}, {"wd": "lawbreaker"}, {"wd": "malefactor"}, {"wd": "offender"}, {"wd": "perp"}, {"wd": "perpetrator"}, {"wd": "transgressor"}], [{"wd": "sinner"}, {"wd": "trespasser"}, {"wd": "wrongdoer"}], [{"wd": "cad"}, {"wd": "heel"}, {"wd": "serpent"}, {"wd": "snake"}, {"wd": "viper"}], [{"wd": "bandit"}, {"wd": "bravo"}, {"wd": "desperado"}, {"wd": "outlaw"}], [{"wd": "con"}, {"wd": "convict"}, {"wd": "jailbird"}], [{"wd": "assassin"}, {"wd": "cutthroat"}, {"wd": "gangster"}, {"wd": "goon"}, {"wd": "gunman"}, {"wd": "hoodlum"}, {"wd": "hooligan"}, {"wd": "racketeer"}, {"wd": "ruffian"}, {"wd": "thug"}], [{"wd": "rough"}, {"wd": "rowdy"}, {"wd": "tough"}], [{"wd": "loser"}, {"wd": "lowlife"}, {"wd": "ne'er-do-well"}, {"wd": "stinker"}, {"wd": "trash"}]], "near_list": [[{"wd": "angel"}, {"wd": "innocent"}, {"wd": "saint"}], [{"wd": "hero"}]]}]], [["sense", {"sn": "2", "dt": [["text", "an idle worthless person "], ["vis", [{"t": "we'll have to pay more than minimum wage for the job if we expect to get people other than {it}no-goods{/it}"}]]], "syn_list": [[{"wd": "bum"}, {"wd": "derelict"}, {"wd": "do-nothing"}, {"wd": "good-for-nothing"}, {"wd": "ne'er-do-well"}, {"wd": "no-account"}, {"wd": "no-goodnik"}, {"wd": "slacker"}, {"wd": "vagrant"}]], "rel_list": [[{"wd": "hobo"}, {"wd": "sundowner", "wsls": ["Australian"]}, {"wd": "tramp"}, {"wd": "vagabond"}], [{"wd": "drifter"}, {"wd": "roamer"}, {"wd": "transient"}], [{"wd": "beggar"}, {"wd": "panhandler"}], [{"wd": "dodger"}, {"wd": "goldbrick"}, {"wd": "shirker"}], [{"wd": "gamine"}, {"wd": "ragamuffin"}, {"wd": "urchin"}, {"wd": "waif"}], [{"wd": "drone"}, {"wd": "idler"}, {"wd": "lazybones"}, {"wd": "loafer"}, {"wd": "slouch"}, {"wd": "slug"}, {"wd": "sluggard"}], [{"wd": "down-and-out", "wvrs": [{"wvl": "or", "wva": "down-and-outer"}]}, {"wd": "indigent"}, {"wd": "pauper"}]], "near_list": [[{"wd": "success"}, {"wd": "winner"}]]}]]]}], "shortdef": ["a mean, evil, or unprincipled person", "an idle worthless person"]}, {"meta": {"id": "no-goodnik", "uuid": "bb92b7e5-0ce3-4fa4-9276-3e9d0dc9fee5", "src": "coll_thes", "section": "alpha", "target": {"tuuid": "fd105341-2603-4c0f-ba12-12fa100caf5c", "tsrc": "collegiate"}, "stems": ["no-goodnik", "no-goodniks"], "syns": [["bum", "derelict", "do-nothing", "good-for-nothing", "ne'er-do-well", "no-account", "no-good", "slacker", "vagrant"]], "ants": [], "offensive": false}, "hwi": {"hw": "no-goodnik"}, "fl": "noun", "def": [{"sseq": [[["sense", {"dt": [["text", "an idle worthless person "], ["vis", [{"t": "an otherwise intelligent woman who has a singular gift for picking boyfriends who invariably turn out to be {it}no-goodniks{/it}"}]]], "syn_list": [[{"wd": "bum"}, {"wd": "derelict"}, {"wd": "do-nothing"}, {"wd": "good-for-nothing"}, {"wd": "ne'er-do-well"}, {"wd": "no-account"}, {"wd": "no-good"}, {"wd": "slacker"}, {"wd": "vagrant"}]], "rel_list": [[{"wd": "hobo"}, {"wd": "sundowner", "wsls": ["Australian"]}, {"wd": "tramp"}, {"wd": "vagabond"}], [{"wd": "drifter"}, {"wd": "roamer"}, {"wd": "transient"}], [{"wd": "beggar"}, {"wd": "panhandler"}], [{"wd": "dodger"}, {"wd": "goldbrick"}, {"wd": "shirker"}], [{"wd": "gamine"}, {"wd": "ragamuffin"}, {"wd": "urchin"}, {"wd": "waif"}], [{"wd": "drone"}, {"wd": "idler"}, {"wd": "lazybones"}, {"wd": "loafer"}, {"wd": "slouch"}, {"wd": "slug"}, {"wd": "sluggard"}], [{"wd": "down-and-out", "wvrs": [{"wvl": "or", "wva": "down-and-outer"}]}, {"wd": "indigent"}, {"wd": "pauper"}]], "near_list": [[{"wd": "success"}, {"wd": "winner"}]]}]]]}], "shortdef": ["an idle worthless person"]}, {"meta": {"id": "no-man's-land", "uuid": "6789511b-d1c2-4750-bf02-341bab847396", "src": "coll_thes", "section": "alpha", "target": {"tuuid": "eced4452-7b17-47d4-b067-346f1e2a3431", "tsrc": "collegiate"}, "stems": ["no-man's-land", "no-mans-land", "no-man's-lands"], "syns": [["barren", "desert", "desolation", "heath", "waste", "wasteland"]], "ants": [], "offensive": false}, "hwi": {"hw": "no-man's-land"}, "fl": "noun", "def": [{"sseq": [[["sense", {"dt": [["text", "land that is uninhabited or not fit for crops "], ["vis", [{"t": "the city's decayed industrial quarter is a {it}no-man's-land{/it} of abandoned factories and weedy vacant lots"}]]], "syn_list": [[{"wd": "barren"}, {"wd": "desert"}, {"wd": "desolation"}, {"wd": "heath"}, {"wd": "waste"}, {"wd": "wasteland"}]], "rel_list": [[{"wd": "badland"}], [{"wd": "brush"}, {"wd": "bush"}], [{"wd": "dust bowl"}], [{"wd": "open"}, {"wd": "open air"}, {"wd": "outdoors"}, {"wd": "out-of-doors"}], [{"wd": "nature"}, {"wd": "wild"}, {"wd": "wilderness"}]]}]]]}], "shortdef": ["land that is uninhabited or not fit for crops"]}]