[{"meta": {"id": "no:1", "uuid": "322af342-ff5c-45c5-8e78-7355b9da60fd", "sort": "141105000", "src": "collegiate", "section": "alpha", "stems": ["no"], "offensive": false}, "hom": 1, "hwi": {"hw": "no", "prs": [{"mw": "\u02c8n\u014d", "sound": {"audio": "no1_0001", "ref": "c", "stat": "1"}}]}, "fl": "adverb", "def": [{"sseq": [[["sense", {"sn": "1 a", "sls": ["chiefly Scotland"], "dt": [["text", "{bc}{sx|not||}"]]}], ["sense", {"sn": "b", "dt": [["uns", [[["text", "used as a function word to express the negative of an alternative choice or possibility "], ["vis", [{"t": "shall we go out to dinner or {wi}no{/wi}"}]]]]]]}]], [["sense", {"sn": "2", "dt": [["text", "{bc}in no respect or degree "], ["uns", [[["text", "used in comparisons "], ["vis", [{"t": "you're {wi}no{/wi} better than the rest of us"}]]]]]]}]], [["sense", {"sn": "3", "dt": [["text", "{bc}not so "], ["uns", [[["text", "used to express negation, dissent, denial, or refusal "], ["vis", [{"t": "{wi}no{/wi}, I'm not going"}]]]]]]}]], [["sense", {"sn": "4", "dt": [["uns", [[["text", "used with a following adjective to imply a meaning expressed by the opposite positive statement "], ["vis", [{"t": "in {wi}no{/wi} uncertain terms"}]]]]]]}]], [["sense", {"sn": "5", "dt": [["uns", [[["text", "used as a function word to emphasize a following negative or to introduce a more emphatic, explicit, or comprehensive statement "], ["vis", [{"t": "it's big, {wi}no{/wi}, it's gigantic"}]]]]]]}]], [["sense", {"sn": "6", "dt": [["uns", [[["text", "used as an interjection to express surprise, doubt, or incredulity"]]]]]}]], [["sense", {"sn": "7", "dt": [["uns", [[["text", "used in combination with a verb to form a compound adjective "], ["vis", [{"t": "{it}no{/it}-bake pie"}]]]]]]}]], [["sense", {"sn": "8", "dt": [["text", "{bc}in negation "], ["vis", [{"t": "shook his head {wi}no{/wi}"}]]]}]]]}], "et": [["text", "Middle English, from Old English {it}n\u0101{/it}, from {it}ne{/it} not + {it}\u0101{/it} always; akin to Old Norse & Old High German {it}ne{/it} not, Latin {it}ne-{/it}, Greek {it}n\u0113-{/it} {ma}{mat|aye|}{/ma}"]], "date": "before 12th century{ds||1|a|}", "shortdef": ["not", "\u2014used as a function word to express the negative of an alternative choice or possibility", "in no respect or degree \u2014used in comparisons"]}, {"meta": {"id": "no:2", "uuid": "9028c77b-d58a-4168-9210-176407187db7", "sort": "141106000", "src": "collegiate", "section": "alpha", "stems": ["no"], "offensive": false}, "hom": 2, "hwi": {"hw": "no"}, "fl": "adjective", "def": [{"sseq": [[["sense", {"sn": "1 a", "dt": [["text", "{bc}not any "], ["vis", [{"t": "{wi}no{/wi} parking"}, {"t": "{wi}no{/wi} disputing the decision"}]]]}], ["sense", {"sn": "b", "dt": [["text", "{bc}hardly any {bc}very little "], ["vis", [{"t": "finished in {wi}no{/wi} time"}]]]}]], [["sense", {"sn": "2", "dt": [["text", "{bc}not a {bc}quite other than a "], ["vis", [{"t": "he's {wi}no{/wi} expert"}]]]}]], [["sense", {"sn": "3", "dt": [["uns", [[["text", "used in combination with a noun to form a compound adjective "], ["vis", [{"t": "a {it}no{/it}-nonsense realist"}]]]]]]}]]]}], "date": "12th century{ds||1|a|}", "shortdef": ["not any", "hardly any : very little", "not a : quite other than a"]}, {"meta": {"id": "no:3", "uuid": "fedc278e-98e8-4783-96c9-1cc429b4f73a", "sort": "141107000", "src": "collegiate", "section": "alpha", "stems": ["no", "noes", "nos"], "offensive": false}, "hom": 3, "hwi": {"hw": "no", "prs": [{"mw": "\u02c8n\u014d", "sound": {"audio": "no1_0001", "ref": "c", "stat": "1"}}]}, "fl": "noun", "ins": [{"il": "plural", "if": "noes"}, {"il": "or", "if": "nos", "prs": [{"mw": "\u02c8n\u014dz", "sound": {"audio": "no3_0002", "ref": "c", "stat": "1"}}]}], "def": [{"sseq": [[["sense", {"sn": "1", "dt": [["text", "{bc}an act or instance of refusing or denying by the use of the word {it}no{/it} {bc}{sx|denial||} "], ["vis", [{"t": "received a firm {wi}no{/wi} in reply"}]]]}]], [["sense", {"sn": "2 a", "dt": [["text", "{bc}a negative vote or decision"]]}], ["sense", {"sn": "b", "ins": [{"if": "noes"}, {"il": "or", "if": "nos", "spl": "plural"}], "dt": [["text", "{bc}persons voting in the negative"]]}]]]}], "date": "1598{ds||1||}", "shortdef": ["an act or instance of refusing or denying by the use of the word no : denial", "a negative vote or decision", "persons voting in the negative"]}, {"meta": {"id": "no:4", "uuid": "d50a67bd-2d83-4a06-b9ae-35c915e9c58a", "sort": "141108000", "src": "collegiate", "section": "alpha", "stems": ["no"], "offensive": false}, "hom": 4, "hwi": {"hw": "no"}, "fl": "abbreviation", "def": [{"sseq": [[["sense", {"sn": "1", "dt": [["text", "north; northern"]]}]], [["sense", {"sn": "2", "et": [["text", "Latin {it}numero{/it}, ablative of {it}numerus{/it}"]], "dt": [["text", "number"]]}]]]}], "shortdef": ["north; northern", "number"]}, {"meta": {"id": "No:1", "uuid": "1a594d03-e598-4321-81ae-e90f7d5b1f89", "sort": "141109000", "src": "collegiate", "section": "alpha", "stems": ["No"], "offensive": false}, "hom": 1, "hwi": {"hw": "No"}, "cxs": [{"cxl": "less common spelling of", "cxtis": [{"cxt": "noh"}]}], "shortdef": []}, {"meta": {"id": "No:2", "uuid": "d04c45ed-b54e-44ee-983d-468fca5ab992", "sort": "141110000", "src": "collegiate", "section": "alpha", "stems": ["No"], "offensive": false}, "hom": 2, "hwi": {"hw": "No"}, "fl": "symbol", "def": [{"sseq": [[["sense", {"dt": [["text", "nobelium"]]}]]]}], "shortdef": ["nobelium"]}, {"meta": {"id": "Noh", "uuid": "f15414e8-09c4-4b6a-b315-57abf1d3ac59", "sort": "141176000", "src": "collegiate", "section": "alpha", "stems": ["No", "Noh"], "offensive": false}, "hwi": {"hw": "Noh", "prs": [{"mw": "\u02c8n\u014d", "sound": {"audio": "no1_0001", "ref": "c", "stat": "1"}}]}, "vrs": [{"vl": "or less commonly", "va": "No"}], "fl": "noun", "ins": [{"il": "plural", "if": "Noh"}, {"il": "also", "if": "No"}], "def": [{"sseq": [[["sense", {"dt": [["text", "{bc}classic Japanese dance-drama having a heroic theme, a chorus, and highly stylized action, costuming, and scenery"]]}]]]}], "et": [["text", "Japanese {it}n\u014d{/it}, literally, talent"]], "date": "1871", "shortdef": ["classic Japanese dance-drama having a heroic theme, a chorus, and highly stylized action, costuming, and scenery"]}, {"meta": {"id": "noes", "uuid": "9b11db5c-c1f4-4560-8077-4fce6a48f8d8", "sort": "141165000", "src": "collegiate", "section": "alpha", "stems": ["no", "noes"], "offensive": false}, "hwi": {"hw": "noes"}, "cxs": [{"cxl": "plural of", "cxtis": [{"cxt": "no"}]}], "shortdef": []}, {"meta": {"id": "no-account", "uuid": "1098e8b3-8358-4df6-98bc-b6149311252e", "sort": "141112000", "src": "collegiate", "section": "alpha", "stems": ["no-account", "no-accounts"], "offensive": false}, "hwi": {"hw": "no-ac*count", "prs": [{"mw": "\u02c8n\u014d-\u0259-\u02c8kau\u0307nt", "sound": {"audio": "no-account_1", "ref": "owl", "stat": "1"}}]}, "fl": "adjective", "def": [{"sseq": [[["sense", {"sn": "1", "dt": [["text", "{bc}of no importance {bc}{sx|trifling||}"]]}]], [["sense", {"sn": "2", "dt": [["text", "{bc}not amounting to anything {bc}{sx|shiftless||} "], ["vis", [{"t": "her {wi}no-account{/wi} son"}]]]}]]]}], "uros": [{"ure": "no-account", "fl": "noun"}], "date": "1845{ds||1||}", "shortdef": ["of no importance : trifling", "not amounting to anything : shiftless"]}, {"meta": {"id": "no-brainer", "uuid": "5304d5ec-d6b0-4e00-991c-65d4fa7d57e5", "sort": "141134000", "src": "collegiate", "section": "alpha", "stems": ["no-brainer", "no-brainers"], "offensive": false}, "hwi": {"hw": "no-brain*er", "prs": [{"mw": "\u02c8n\u014d-\u02c8br\u0101-n\u0259r", "sound": {"audio": "nobrai01", "ref": "c", "stat": "1"}}]}, "fl": "noun", "def": [{"sseq": [[["sense", {"dt": [["text", "{bc}something that requires a minimum of thought"]]}]]]}], "date": "1959", "shortdef": ["something that requires a minimum of thought"]}]