[{"meta": {"id": "now", "uuid": "bf67c690-2ff4-4d20-9190-eb91abcc165e", "src": "coll_thes", "section": "alpha", "target": {"tuuid": "16a43e92-12f6-4e53-942d-198378316818", "tsrc": "collegiate"}, "stems": ["now"], "syns": [["anymore", "currently", "nowadays", "presently", "right now", "today"], ["freshly", "just", "late", "lately", "new", "newly", "only", "recently"], ["here and there", "now and then", "occasionally", "sometimes"], ["bang", "directly", "forthwith", "headlong", "immediately", "incontinently", "instantaneously", "instanter", "instantly", "PDQ", "plumb", "presently", "promptly", "pronto", "right", "right away", "right now", "right off", "straight off", "straightaway", "straightway"]], "ants": [["before", "formerly", "long", "once", "then"], ["anciently"]], "offensive": false}, "hwi": {"hw": "now"}, "fl": "adverb", "def": [{"sseq": [[["sense", {"sn": "1", "dt": [["text", "at the present time "], ["vis", [{"t": "that company doesn't make those toys {it}now{/it} because they are unsafe"}]]], "syn_list": [[{"wd": "anymore"}, {"wd": "currently"}, {"wd": "nowadays"}, {"wd": "presently"}, {"wd": "right now"}, {"wd": "today"}]], "rel_list": [[{"wd": "here"}]], "phrase_list": [[{"wd": "at present"}, {"wd": "for the time being"}]], "near_list": [[{"wd": "away"}, {"wd": "far"}, {"wd": "farthest"}, {"wd": "remotest"}], [{"wd": "heretofore"}, {"wd": "hitherto"}, {"wd": "since"}], [{"wd": "ago"}, {"wd": "previously"}]], "ant_list": [[{"wd": "before"}, {"wd": "formerly"}, {"wd": "long"}, {"wd": "once"}, {"wd": "then"}]]}]], [["sense", {"sn": "2", "dt": [["text", "not long ago "], ["vis", [{"t": "I was just {it}now{/it} wondering what to do about those old clothes"}]]], "syn_list": [[{"wd": "freshly"}, {"wd": "just"}, {"wd": "late"}, {"wd": "lately"}, {"wd": "new"}, {"wd": "newly"}, {"wd": "only"}, {"wd": "recently"}]], "rel_list": [[{"wd": "latterly"}]], "phrase_list": [[{"wd": "of late"}]], "near_list": [[{"wd": "ago"}, {"wd": "before"}, {"wd": "earlier"}, {"wd": "early"}, {"wd": "erstwhile"}, {"wd": "formerly"}, {"wd": "previously"}], [{"wd": "heretofore"}, {"wd": "hitherto"}]], "ant_list": [[{"wd": "anciently"}]]}]], [["sense", {"sn": "3", "dt": [["text", "on some occasions "], ["vis", [{"t": "goes {it}now{/it} here, {it}now{/it} there\u2014all seemingly without plan or purpose"}]]], "syn_list": [[{"wd": "here and there"}, {"wd": "now and then"}, {"wd": "occasionally"}, {"wd": "sometimes"}]], "rel_list": [[{"wd": "intermittently"}, {"wd": "off and on"}, {"wd": "periodically"}, {"wd": "recurrently"}], [{"wd": "infrequently"}, {"wd": "little"}, {"wd": "rarely"}, {"wd": "seldom"}], [{"wd": "irregularly"}, {"wd": "sporadically"}, {"wd": "variously"}]], "phrase_list": [[{"wd": "at times"}, {"wd": "ever and anon"}, {"wd": "every now and then", "wvrs": [{"wvl": "or", "wva": "every now and again"}, {"wvl": "or", "wva": "every so often"}]}, {"wd": "from time to time"}, {"wd": "once in a while"}, {"wd": "on occasion"}]], "near_list": [[{"wd": "frequently"}, {"wd": "hourly"}, {"wd": "much"}, {"wd": "oft"}, {"wd": "often"}, {"wd": "oftentimes", "wvrs": [{"wvl": "or", "wva": "ofttimes"}]}], [{"wd": "commonly"}, {"wd": "ordinarily"}, {"wd": "regularly"}, {"wd": "routinely"}, {"wd": "usually"}], [{"wd": "always"}, {"wd": "consistently"}, {"wd": "constantly"}, {"wd": "invariably"}], [{"wd": "continually"}, {"wd": "continuingly"}, {"wd": "continuously"}, {"wd": "incessantly"}, {"wd": "perpetually"}, {"wd": "unceasingly"}, {"wd": "uninterruptedly"}], [{"wd": "endlessly"}, {"wd": "ever"}, {"wd": "interminably"}]]}]], [["sense", {"sn": "4", "dt": [["text", "without delay "], ["vis", [{"t": "come here right {it}now{/it}"}]]], "syn_list": [[{"wd": "bang"}, {"wd": "directly"}, {"wd": "forthwith"}, {"wd": "headlong"}, {"wd": "immediately"}, {"wd": "incontinently"}, {"wd": "instantaneously"}, {"wd": "instanter"}, {"wd": "instantly"}, {"wd": "PDQ"}, {"wd": "plumb"}, {"wd": "presently"}, {"wd": "promptly"}, {"wd": "pronto"}, {"wd": "right"}, {"wd": "right away"}, {"wd": "right now"}, {"wd": "right off"}, {"wd": "straight off"}, {"wd": "straightaway"}, {"wd": "straightway"}]], "rel_list": [[{"wd": "away"}, {"wd": "freely"}], [{"wd": "anon"}, {"wd": "momentarily"}, {"wd": "shortly"}, {"wd": "soon"}], [{"wd": "apace"}, {"wd": "briskly"}, {"wd": "fast"}, {"wd": "fleetly"}, {"wd": "full tilt"}, {"wd": "posthaste"}, {"wd": "quick"}, {"wd": "quickly"}, {"wd": "rapidly"}, {"wd": "readily"}, {"wd": "snappily"}, {"wd": "speedily"}, {"wd": "swift"}, {"wd": "swiftly"}], [{"wd": "abruptly"}, {"wd": "presto"}, {"wd": "suddenly"}, {"wd": "unexpectedly"}], [{"wd": "hastily"}, {"wd": "impetuously"}, {"wd": "impulsively"}, {"wd": "rashly"}, {"wd": "recklessly"}], [{"wd": "exactly"}, {"wd": "opportunely"}, {"wd": "punctually"}, {"wd": "seasonably"}]], "phrase_list": [[{"wd": "at once"}, {"wd": "in no time"}, {"wd": "off the bat"}, {"wd": "on a dime"}, {"wd": "on the double"}, {"wd": "on the spot"}]], "near_list": [[{"wd": "slowly"}], [{"wd": "late"}, {"wd": "tardily"}]]}]]]}], "shortdef": ["at the present time", "not long ago", "on some occasions"]}, {"meta": {"id": "now", "uuid": "f96a96ba-21e3-47d0-85e3-3791e1e948b6", "src": "coll_thes", "section": "alpha", "target": {"tuuid": "d1fa0d89-ce36-423d-bc82-96e4945d9ec2", "tsrc": "collegiate"}, "stems": ["now"], "syns": [["au courant", "cool", "def", "downtown", "groovy", "hep", "hip", "in", "mod", "trendy", "turned-on", "with-it"]], "ants": [["out", "uncool", "unhip", "untrendy"]], "offensive": false}, "hwi": {"hw": "now"}, "fl": "adjective", "def": [{"sseq": [[["sense", {"dt": [["text", "keenly aware of and responsive to the latest developments especially in fashion and entertainment "], ["vis", [{"t": "questioned the moral values of the {it}now{/it} generation"}]]], "syn_list": [[{"wd": "au courant"}, {"wd": "cool", "wsls": ["slang"]}, {"wd": "def", "wsls": ["slang"]}, {"wd": "downtown"}, {"wd": "groovy"}, {"wd": "hep"}, {"wd": "hip"}, {"wd": "in"}, {"wd": "mod"}, {"wd": "trendy"}, {"wd": "turned-on"}, {"wd": "with-it"}]], "rel_list": [[{"wd": "\u00e0 la mode", "wvrs": [{"wvl": "also", "wva": "a la mode"}]}, {"wd": "chic"}, {"wd": "fashionable"}, {"wd": "modish"}, {"wd": "sharp"}, {"wd": "smart"}, {"wd": "snappy"}, {"wd": "stylish"}, {"wd": "voguish"}]], "near_list": [[{"wd": "geeky"}, {"wd": "nerdish"}, {"wd": "nerdy"}], [{"wd": "dowdy"}, {"wd": "styleless"}, {"wd": "unfashionable"}, {"wd": "unstylish"}]], "ant_list": [[{"wd": "out"}, {"wd": "uncool"}, {"wd": "unhip"}, {"wd": "untrendy"}]]}]]]}], "shortdef": ["keenly aware of and responsive to the latest developments especially in fashion and entertainment"]}, {"meta": {"id": "now", "uuid": "673a8c16-23eb-4a04-a418-e9c91e0cd9fc", "src": "coll_thes", "section": "alpha", "target": {"tuuid": "99df8f4f-0e3d-41ac-bde5-269b71bb7e38", "tsrc": "collegiate"}, "stems": ["now"], "syns": [["'cause", "as", "as long as", "because", "being (as or as how or that)", "considering", "for", "inasmuch as", "seeing", "since", "whereas"]], "ants": [], "offensive": false}, "hwi": {"hw": "now"}, "fl": "conjunction", "def": [{"sseq": [[["sense", {"dt": [["text", "for the reason that "], ["vis", [{"t": "I'll repeat my question {it}now{/it} that you are paying attention"}]]], "syn_list": [[{"wd": "'cause"}, {"wd": "as"}, {"wd": "as long as"}, {"wd": "because"}, {"wd": "being (as or as how or that)", "wsls": ["chiefly dialect"]}, {"wd": "considering"}, {"wd": "for"}, {"wd": "inasmuch as"}, {"wd": "seeing"}, {"wd": "since"}, {"wd": "whereas"}]]}]]]}], "shortdef": ["for the reason that"]}, {"meta": {"id": "now", "uuid": "bd01d726-c83e-42a8-8ad4-a53a98553797", "src": "coll_thes", "section": "alpha", "target": {"tuuid": "212ae0fc-0946-4efb-91a6-7d7089f31d6e", "tsrc": "collegiate"}, "stems": ["now", "nows"], "syns": [["here and now", "moment", "present", "today"]], "ants": [], "offensive": false}, "hwi": {"hw": "now"}, "fl": "noun", "def": [{"sseq": [[["sense", {"dt": [["text", "the time currently existing or in progress "], ["vis", [{"t": "I know I said you could go, but that was then and this is {it}now{/it}"}]]], "syn_list": [[{"wd": "here and now"}, {"wd": "moment"}, {"wd": "present"}, {"wd": "today"}]], "rel_list": [[{"wd": "phase"}, {"wd": "stage"}, {"wd": "state"}]], "near_list": [[{"wd": "history"}, {"wd": "past"}, {"wd": "yesterday"}, {"wd": "yesteryear"}, {"wd": "yore"}], [{"wd": "by-and-by"}, {"wd": "future"}, {"wd": "futurity"}, {"wd": "hereafter"}, {"wd": "offing"}, {"wd": "tomorrow"}]]}]]]}], "shortdef": ["the time currently existing or in progress"]}, {"meta": {"id": "now and then", "uuid": "7641021f-f1fd-44c4-a451-d4a6347d38cf", "src": "coll_thes", "section": "alpha", "target": {"tuuid": "8df35245-04cf-4c30-80ab-3139f2a1a5e7", "tsrc": "collegiate"}, "stems": ["now and then", "now and again"], "syns": [["here and there", "now", "occasionally", "sometimes"]], "ants": [], "offensive": false}, "hwi": {"hw": "now and then"}, "fl": "adverb", "def": [{"sseq": [[["sense", {"dt": [["text", "on some occasions "], ["vis", [{"t": "we do go to the library {it}now and then{/it}, but not as often as we should"}]]], "syn_list": [[{"wd": "here and there"}, {"wd": "now"}, {"wd": "occasionally"}, {"wd": "sometimes"}]], "rel_list": [[{"wd": "intermittently"}, {"wd": "off and on"}, {"wd": "periodically"}, {"wd": "recurrently"}], [{"wd": "infrequently"}, {"wd": "little"}, {"wd": "rarely"}, {"wd": "seldom"}], [{"wd": "irregularly"}, {"wd": "sporadically"}, {"wd": "variously"}]], "phrase_list": [[{"wd": "at times"}, {"wd": "ever and anon"}, {"wd": "every now and then", "wvrs": [{"wvl": "or", "wva": "every now and again"}, {"wvl": "or", "wva": "every so often"}]}, {"wd": "from time to time"}, {"wd": "once in a while"}, {"wd": "on occasion"}]], "near_list": [[{"wd": "frequently"}, {"wd": "hourly"}, {"wd": "much"}, {"wd": "oft"}, {"wd": "often"}, {"wd": "oftentimes", "wvrs": [{"wvl": "or", "wva": "ofttimes"}]}], [{"wd": "commonly"}, {"wd": "ordinarily"}, {"wd": "regularly"}, {"wd": "routinely"}, {"wd": "usually"}], [{"wd": "always"}, {"wd": "consistently"}, {"wd": "constantly"}, {"wd": "invariably"}], [{"wd": "continually"}, {"wd": "continuingly"}, {"wd": "continuously"}, {"wd": "incessantly"}, {"wd": "perpetually"}, {"wd": "unceasingly"}, {"wd": "uninterruptedly"}], [{"wd": "endlessly"}, {"wd": "ever"}, {"wd": "interminably"}]]}]]]}], "shortdef": ["on some occasions"]}, {"meta": {"id": "here and now", "uuid": "ab2ae4d0-eb05-418a-9342-d97708656fb4", "src": "coll_thes", "section": "alpha", "target": {"tuuid": "9e8bd034-70b0-422b-ab33-47aa9f2d8a1b", "tsrc": "collegiate"}, "stems": ["here and now", "here and nows"], "syns": [["moment", "now", "present", "today"]], "ants": [], "offensive": false}, "hwi": {"hw": "here and now"}, "fl": "noun", "def": [{"sseq": [[["sense", {"dt": [["text", "the time currently existing or in progress "], ["vis", [{"t": "while we can plan for the future, we must first deal with the {it}here and now{/it}"}]]], "syn_list": [[{"wd": "moment"}, {"wd": "now"}, {"wd": "present"}, {"wd": "today"}]], "rel_list": [[{"wd": "phase"}, {"wd": "stage"}, {"wd": "state"}]], "near_list": [[{"wd": "history"}, {"wd": "past"}, {"wd": "yesterday"}, {"wd": "yesteryear"}, {"wd": "yore"}], [{"wd": "by-and-by"}, {"wd": "future"}, {"wd": "futurity"}, {"wd": "hereafter"}, {"wd": "offing"}, {"wd": "tomorrow"}]]}]]]}], "shortdef": ["the time currently existing or in progress"]}, {"meta": {"id": "right now", "uuid": "1bb26963-47c4-4d0d-ad27-a7446e04c934", "src": "coll_thes", "section": "alpha", "target": {"tuuid": "b92d34e6-fea7-435d-a121-a43942e9634b", "tsrc": "collegiate"}, "stems": ["right now", "right"], "syns": [["anymore", "currently", "now", "nowadays", "presently", "today"], ["bang", "directly", "forthwith", "headlong", "immediately", "incontinently", "instantaneously", "instanter", "instantly", "now", "PDQ", "plumb", "presently", "promptly", "pronto", "right", "right away", "right off", "straight off", "straightaway", "straightway"]], "ants": [["before", "formerly", "long", "once", "then"]], "offensive": false}, "hwi": {"hw": "right now"}, "fl": "adverb", "def": [{"sseq": [[["sense", {"sn": "1", "dt": [["text", "at the present time "], ["vis", [{"t": "{it}right now{/it} we are in the middle of a major home renovation"}]]], "syn_list": [[{"wd": "anymore"}, {"wd": "currently"}, {"wd": "now"}, {"wd": "nowadays"}, {"wd": "presently"}, {"wd": "today"}]], "rel_list": [[{"wd": "here"}]], "phrase_list": [[{"wd": "at present"}, {"wd": "for the time being"}]], "near_list": [[{"wd": "away"}, {"wd": "far"}, {"wd": "farthest"}, {"wd": "remotest"}], [{"wd": "heretofore"}, {"wd": "hitherto"}, {"wd": "since"}], [{"wd": "ago"}, {"wd": "previously"}]], "ant_list": [[{"wd": "before"}, {"wd": "formerly"}, {"wd": "long"}, {"wd": "once"}, {"wd": "then"}]]}]], [["sense", {"sn": "2", "dt": [["text", "without delay "], ["vis", [{"t": "answer my question {it}right now{/it}"}]]], "syn_list": [[{"wd": "bang"}, {"wd": "directly"}, {"wd": "forthwith"}, {"wd": "headlong"}, {"wd": "immediately"}, {"wd": "incontinently"}, {"wd": "instantaneously"}, {"wd": "instanter"}, {"wd": "instantly"}, {"wd": "now"}, {"wd": "PDQ"}, {"wd": "plumb"}, {"wd": "presently"}, {"wd": "promptly"}, {"wd": "pronto"}, {"wd": "right"}, {"wd": "right away"}, {"wd": "right off"}, {"wd": "straight off"}, {"wd": "straightaway"}, {"wd": "straightway"}]], "rel_list": [[{"wd": "away"}, {"wd": "freely"}], [{"wd": "anon"}, {"wd": "momentarily"}, {"wd": "shortly"}, {"wd": "soon"}], [{"wd": "apace"}, {"wd": "briskly"}, {"wd": "fast"}, {"wd": "fleetly"}, {"wd": "full tilt"}, {"wd": "posthaste"}, {"wd": "quick"}, {"wd": "quickly"}, {"wd": "rapidly"}, {"wd": "readily"}, {"wd": "snappily"}, {"wd": "speedily"}, {"wd": "swift"}, {"wd": "swiftly"}], [{"wd": "abruptly"}, {"wd": "presto"}, {"wd": "suddenly"}, {"wd": "unexpectedly"}], [{"wd": "hastily"}, {"wd": "impetuously"}, {"wd": "impulsively"}, {"wd": "rashly"}, {"wd": "recklessly"}], [{"wd": "exactly"}, {"wd": "opportunely"}, {"wd": "punctually"}, {"wd": "seasonably"}]], "phrase_list": [[{"wd": "at once"}, {"wd": "in no time"}, {"wd": "off the bat"}, {"wd": "on a dime"}, {"wd": "on the double"}, {"wd": "on the spot"}]], "near_list": [[{"wd": "slowly"}], [{"wd": "late"}, {"wd": "tardily"}]]}]]]}], "shortdef": ["at the present time", "without delay"]}, {"meta": {"id": "every now and then", "uuid": "5368caeb-77c3-4f56-9802-65495f76d03e", "src": "CTenhance", "section": "phrases", "stems": ["every so often", "every now and then"], "syns": [["here and there", "now", "now and then", "occasionally", "sometimes"]], "ants": [], "offensive": false}, "hwi": {"hw": "every now and then"}, "vrs": [{"vl": "or", "va": "every now and again"}, {"vl": "or", "va": "every so often"}], "fl": "phrase", "def": [{"sseq": [[["sense", {"dt": [["text", "on some occasions "], ["vis", [{"t": "The family likes to take a vacation in France {it}every now and then{/it}."}, {"t": "{it}Every now and again{/it} the two friends quarrel but they never hold grudges."}]]], "syn_list": [[{"wd": "here and there"}, {"wd": "now"}, {"wd": "now and then"}, {"wd": "occasionally"}, {"wd": "sometimes"}]], "rel_list": [[{"wd": "intermittently"}, {"wd": "off and on"}, {"wd": "periodically"}, {"wd": "recurrently"}], [{"wd": "infrequently"}, {"wd": "little"}, {"wd": "rarely"}, {"wd": "seldom"}], [{"wd": "irregularly"}, {"wd": "sporadically"}, {"wd": "variously"}]], "phrase_list": [[{"wd": "at times"}, {"wd": "ever and anon"}, {"wd": "from time to time"}, {"wd": "once in a while"}, {"wd": "on occasion"}]], "near_list": [[{"wd": "frequently"}, {"wd": "hourly"}, {"wd": "much"}, {"wd": "oft"}, {"wd": "often"}, {"wd": "oftentimes", "wvrs": [{"wvl": "or", "wva": "ofttimes"}]}], [{"wd": "commonly"}, {"wd": "ordinarily"}, {"wd": "regularly"}, {"wd": "routinely"}, {"wd": "usually"}], [{"wd": "always"}, {"wd": "consistently"}, {"wd": "constantly"}, {"wd": "invariably"}], [{"wd": "continually"}, {"wd": "continuingly"}, {"wd": "continuously"}, {"wd": "incessantly"}, {"wd": "perpetually"}, {"wd": "unceasingly"}, {"wd": "uninterruptedly"}], [{"wd": "endlessly"}, {"wd": "ever"}, {"wd": "interminably"}]]}]]]}], "shortdef": ["on some occasions"]}, {"meta": {"id": "every", "uuid": "32641bf5-591f-43fd-a1ad-9c56d4b62cbe", "src": "coll_thes", "section": "alpha", "target": {"tuuid": "8d414424-5084-4b7e-889d-9d8d302122a9", "tsrc": "collegiate"}, "stems": ["every", "every now and again"], "syns": [["any", "each"]], "ants": [], "offensive": false}, "hwi": {"hw": "every"}, "fl": "adjective", "def": [{"sseq": [[["sense", {"dt": [["text", "being one of a group "], ["vis", [{"t": "{it}every{/it} man here must decide for himself whether to go or to stay and fight"}]]], "syn_list": [[{"wd": "any"}, {"wd": "each"}]], "rel_list": [[{"wd": "all"}], [{"wd": "several"}, {"wd": "various"}], [{"wd": "particular"}], [{"wd": "respective"}, {"wd": "specific"}], [{"wd": "either"}]], "phrase_list": [[{"wd": "each and every"}]], "near_list": [[{"wd": "neither"}]]}]]]}], "shortdef": ["being one of a group"]}]