[{"meta": {"id": "old", "uuid": "5cee3488-8517-40f3-8341-736c3a429662", "src": "coll_thes", "section": "alpha", "target": {"tuuid": "950bab45-01b7-43ad-89c3-5069e8df4535", "tsrc": "collegiate"}, "stems": ["old", "older", "oldest"], "syns": [["aged", "aging", "ancient", "elderly", "geriatric", "long-lived", "older", "over-the-hill", "senescent", "senior", "unyoung"], ["age-old", "aged", "ancient", "antediluvian", "antique", "dateless", "hoar", "hoary", "immemorial", "venerable"], ["erstwhile", "former", "late", "once", "onetime", "other", "past", "quondam", "sometime", "whilom"], ["arid", "boring", "colorless", "drab", "dreary", "drudging", "dry", "dull", "dusty", "flat", "heavy", "ho-hum", "humdrum", "jading", "jejune", "leaden", "mind-numbing", "monochromatic", "monotonous", "numbing", "pedestrian", "ponderous", "slow", "stale", "stodgy", "stuffy", "stupid", "tame", "tedious", "tiresome", "tiring", "uninteresting", "wearisome", "weary", "wearying"]], "ants": [["young", "youthful"], ["modern", "new", "recent"], ["absorbing", "engaging", "engrossing", "gripping", "interesting", "intriguing", "involving", "riveting"]], "offensive": false}, "hwi": {"hw": "old"}, "fl": "adjective", "def": [{"sseq": [[["sense", {"sn": "1", "dt": [["text", "being of advanced years and especially past middle age "], ["vis", [{"t": "every day the {it}old{/it} fisherman set out in his small boat to brave the dangers of the sea"}]]], "syn_list": [[{"wd": "aged"}, {"wd": "aging", "wvrs": [{"wvl": "or", "wva": "ageing"}]}, {"wd": "ancient"}, {"wd": "elderly"}, {"wd": "geriatric"}, {"wd": "long-lived"}, {"wd": "older"}, {"wd": "over-the-hill"}, {"wd": "senescent"}, {"wd": "senior"}, {"wd": "unyoung"}]], "rel_list": [[{"wd": "centenarian"}, {"wd": "nonagenarian"}, {"wd": "octogenarian"}, {"wd": "septuagenarian"}, {"wd": "sexagenarian"}], [{"wd": "oldish"}], [{"wd": "adult"}, {"wd": "grown-up"}, {"wd": "mature"}, {"wd": "middle-aged"}], [{"wd": "pensioned"}, {"wd": "retired"}, {"wd": "superannuated"}], [{"wd": "matriarchal"}, {"wd": "patriarchal"}, {"wd": "venerable"}], [{"wd": "anile"}, {"wd": "decrepit"}, {"wd": "doddering"}, {"wd": "senile"}, {"wd": "spavined"}, {"wd": "tottery"}], [{"wd": "overage", "wvrs": [{"wvl": "also", "wva": "overaged"}]}]], "phrase_list": [[{"wd": "long in the tooth"}, {"wd": "of a certain age"}]], "near_list": [[{"wd": "ageless"}], [{"wd": "youngish"}], [{"wd": "adolescent"}, {"wd": "immature"}, {"wd": "juvenile"}, {"wd": "preteen"}, {"wd": "puerile"}], [{"wd": "minor"}, {"wd": "underage"}], [{"wd": "callow"}, {"wd": "green"}, {"wd": "inexperienced"}, {"wd": "raw"}], [{"wd": "babyish"}, {"wd": "childish"}, {"wd": "childlike"}, {"wd": "infantile"}, {"wd": "infantine"}, {"wd": "kiddish"}]], "ant_list": [[{"wd": "young"}, {"wd": "youthful"}]]}]], [["sense", {"sn": "2", "dt": [["text", "dating or surviving from the distant past "], ["vis", [{"t": "an extremely {it}old{/it} piece of jewelry was discovered in the Egyptian ruins"}]]], "syn_list": [[{"wd": "age-old"}, {"wd": "aged"}, {"wd": "ancient"}, {"wd": "antediluvian"}, {"wd": "antique"}, {"wd": "dateless"}, {"wd": "hoar"}, {"wd": "hoary"}, {"wd": "immemorial"}, {"wd": "venerable"}]], "rel_list": [[{"wd": "aging", "wvrs": [{"wvl": "or", "wva": "ageing"}]}, {"wd": "mature"}], [{"wd": "antiquated"}, {"wd": "archaic"}, {"wd": "archaistic"}, {"wd": "dated"}, {"wd": "fusty"}, {"wd": "geriatric"}, {"wd": "medieval", "wvrs": [{"wvl": "also", "wva": "mediaeval"}]}, {"wd": "moldy"}, {"wd": "Noachian"}, {"wd": "obsolete"}, {"wd": "outmoded"}, {"wd": "out-of-date"}, {"wd": "pass\u00e9"}], [{"wd": "old-fashioned"}, {"wd": "old-time"}, {"wd": "old-world"}, {"wd": "retro"}, {"wd": "vintage"}], [{"wd": "durable"}, {"wd": "enduring"}, {"wd": "lasting"}, {"wd": "long-lived"}, {"wd": "permanent"}], [{"wd": "ageless"}, {"wd": "hallowed"}, {"wd": "time-honored"}, {"wd": "timeless"}, {"wd": "time-tested"}, {"wd": "timeworn"}, {"wd": "traditional"}, {"wd": "tried"}, {"wd": "tried-and-true"}], [{"wd": "classic"}, {"wd": "classical"}], [{"wd": "prehistoric", "wvrs": [{"wvl": "also", "wva": "prehistorical"}]}, {"wd": "primeval"}, {"wd": "primordial"}]], "near_list": [[{"wd": "fresh"}, {"wd": "vernal"}, {"wd": "young"}, {"wd": "youthful"}], [{"wd": "contemporary"}, {"wd": "current"}, {"wd": "latest"}, {"wd": "mod"}, {"wd": "novel"}, {"wd": "present-day"}, {"wd": "ultramodern"}], [{"wd": "untested"}, {"wd": "untried"}], [{"wd": "brand-new"}, {"wd": "unused"}, {"wd": "unworn"}]], "ant_list": [[{"wd": "modern"}, {"wd": "new"}, {"wd": "recent"}]]}]], [["sense", {"sn": "3", "dt": [["text", "having been such at some previous time "], ["vis", [{"t": "I ran into my {it}old{/it} fourth-grade teacher yesterday"}]]], "syn_list": [[{"wd": "erstwhile"}, {"wd": "former"}, {"wd": "late"}, {"wd": "once"}, {"wd": "onetime"}, {"wd": "other"}, {"wd": "past"}, {"wd": "quondam"}, {"wd": "sometime"}, {"wd": "whilom"}]], "rel_list": [[{"wd": "bygone"}, {"wd": "dead"}, {"wd": "defunct"}, {"wd": "departed"}, {"wd": "expired"}, {"wd": "extinct"}, {"wd": "gone"}, {"wd": "long-ago"}, {"wd": "vanished"}]], "near_list": [[{"wd": "contemporary"}, {"wd": "current"}, {"wd": "extant"}, {"wd": "ongoing"}, {"wd": "present"}, {"wd": "present-day"}], [{"wd": "coming"}, {"wd": "future"}, {"wd": "prospective"}, {"wd": "unborn"}]]}]], [["sense", {"sn": "4", "dt": [["text", "causing weariness, restlessness, or lack of interest "], ["vis", [{"t": "even the most stirring speeches start to get {it}old{/it} after you've heard them a few times"}]]], "syn_list": [[{"wd": "arid"}, {"wd": "boring"}, {"wd": "colorless"}, {"wd": "drab"}, {"wd": "dreary"}, {"wd": "drudging"}, {"wd": "dry"}, {"wd": "dull"}, {"wd": "dusty"}, {"wd": "flat"}, {"wd": "heavy"}, {"wd": "ho-hum"}, {"wd": "humdrum"}, {"wd": "jading"}, {"wd": "jejune"}, {"wd": "leaden"}, {"wd": "mind-numbing"}, {"wd": "monochromatic"}, {"wd": "monotonous"}, {"wd": "numbing"}, {"wd": "pedestrian"}, {"wd": "ponderous"}, {"wd": "slow"}, {"wd": "stale"}, {"wd": "stodgy"}, {"wd": "stuffy"}, {"wd": "stupid"}, {"wd": "tame"}, {"wd": "tedious"}, {"wd": "tiresome"}, {"wd": "tiring"}, {"wd": "uninteresting"}, {"wd": "wearisome"}, {"wd": "weary"}, {"wd": "wearying"}]], "rel_list": [[{"wd": "aseptic"}, {"wd": "barren"}, {"wd": "blah"}, {"wd": "dullish"}, {"wd": "pleasureless"}, {"wd": "prosaic"}, {"wd": "prosy"}, {"wd": "soggy"}, {"wd": "spiritless"}], [{"wd": "blank"}, {"wd": "earthbound"}, {"wd": "gray", "wvrs": [{"wvl": "also", "wva": "grey"}]}, {"wd": "inanimate"}, {"wd": "pallid"}, {"wd": "pedantic"}, {"wd": "sterile"}, {"wd": "suspenseless"}, {"wd": "undramatic"}, {"wd": "uneventful"}, {"wd": "unexciting"}, {"wd": "unimaginative"}, {"wd": "uninspiring"}, {"wd": "unnewsworthy"}, {"wd": "unrewarding"}, {"wd": "unsensational"}, {"wd": "unspectacular"}], [{"wd": "annoying"}, {"wd": "bothersome"}, {"wd": "irksome"}, {"wd": "irritating"}], [{"wd": "longsome"}], [{"wd": "palling"}], [{"wd": "draining"}, {"wd": "enervating"}, {"wd": "exhausting"}, {"wd": "fatiguing"}, {"wd": "wearing"}], [{"wd": "debilitating"}, {"wd": "enfeebling"}], [{"wd": "demoralizing"}, {"wd": "discouraging"}, {"wd": "disheartening"}, {"wd": "dispiriting"}], [{"wd": "common"}, {"wd": "commonplace"}, {"wd": "ordinary"}, {"wd": "tepid"}, {"wd": "unexceptional"}, {"wd": "unsurprising"}, {"wd": "vapid"}], [{"wd": "cumbersome"}, {"wd": "lumbering"}, {"wd": "plodding"}, {"wd": "poky", "wvrs": [{"wvl": "or", "wva": "pokey"}]}]], "near_list": [[{"wd": "amazing"}, {"wd": "astonishing"}, {"wd": "astounding"}, {"wd": "awesome"}, {"wd": "eye-opening"}, {"wd": "fabulous"}, {"wd": "marvelous", "wvrs": [{"wvl": "or", "wva": "marvellous"}]}, {"wd": "sensational"}, {"wd": "spectacular"}, {"wd": "surprising"}, {"wd": "wonderful"}, {"wd": "wondrous"}], [{"wd": "animating"}, {"wd": "breathtaking"}, {"wd": "electrifying"}, {"wd": "energizing"}, {"wd": "enlivening"}, {"wd": "exciting"}, {"wd": "exhilarating"}, {"wd": "galvanizing"}, {"wd": "hair-raising"}, {"wd": "inspiring"}, {"wd": "invigorating"}, {"wd": "rip-roaring"}, {"wd": "rousing"}, {"wd": "stimulating"}, {"wd": "stirring"}, {"wd": "thrilling"}], [{"wd": "amusing"}, {"wd": "diverting"}, {"wd": "entertaining"}], [{"wd": "moving"}, {"wd": "poignant"}, {"wd": "touching"}], [{"wd": "alluring"}, {"wd": "attracting"}, {"wd": "attractive"}, {"wd": "beguiling"}, {"wd": "bewitching"}, {"wd": "captivating"}, {"wd": "charming"}, {"wd": "enchanting"}, {"wd": "enthralling"}, {"wd": "entrancing"}, {"wd": "fascinating"}], [{"wd": "mesmerizing"}, {"wd": "spellbinding"}], [{"wd": "suspenseful"}], [{"wd": "arresting"}, {"wd": "provocative"}, {"wd": "tantalizing"}]], "ant_list": [[{"wd": "absorbing"}, {"wd": "engaging"}, {"wd": "engrossing"}, {"wd": "gripping"}, {"wd": "interesting"}, {"wd": "intriguing"}, {"wd": "involving"}, {"wd": "riveting"}]]}]]]}], "shortdef": ["being of advanced years and especially past middle age", "dating or surviving from the distant past", "having been such at some previous time"]}, {"meta": {"id": "old", "uuid": "f49406ee-7943-4766-bdd3-4919a57bc9f0", "src": "CTcompile", "section": "alpha", "stems": ["old"], "syns": [["antiquity", "yore", "yesterday", "yesteryear", "moment", "now", "present", "today", "past"]], "ants": [["by-and-by", "future", "futurity", "hereafter", "offing", "tomorrow", "eventuality", "finality", "posterity"]], "offensive": false}, "hwi": {"hw": "old"}, "fl": "noun", "def": [{"sseq": [[["sense", {"dt": [["text", "as in {it}antiquity{/it}, {it}yore{/it}"]], "sim_list": [[{"wd": "antiquity"}, {"wd": "yore"}], [{"wd": "yesterday"}, {"wd": "yesteryear"}], [{"wd": "moment"}, {"wd": "now"}, {"wd": "present"}, {"wd": "today"}], [{"wd": "past"}]], "opp_list": [[{"wd": "by-and-by"}, {"wd": "future"}, {"wd": "futurity"}, {"wd": "hereafter"}, {"wd": "offing"}, {"wd": "tomorrow"}], [{"wd": "eventuality"}, {"wd": "finality"}], [{"wd": "posterity"}]]}]]]}], "shortdef": ["as in antiquity, yore"]}, {"meta": {"id": "old-fashioned", "uuid": "70bd7f7b-e82a-40bc-b104-9964bcfceeb0", "src": "coll_thes", "section": "alpha", "target": {"tuuid": "13160ffe-a60f-4255-ab1f-a7cfe48b1526", "tsrc": "collegiate"}, "stems": ["old-fashioned", "old-fashionedly", "old-fashionedness", "old-fashionednesses"], "syns": [["antique", "oldfangled", "old-school", "old-time", "old-timey", "old-world", "quaint", "retro", "retrograde", "vintage"], ["archconservative", "brassbound", "button-down", "conservative", "die-hard", "hidebound", "mossbacked", "old-line", "old-school", "orthodox", "paleoconservative", "reactionary", "standpat", "traditional", "traditionalistic", "ultraconservative", "unprogressive"]], "ants": [["contemporary", "current", "hot", "mod", "modern", "modernist", "modernistic", "new age", "newfangled", "new-fashioned", "present-day", "red-hot", "space-age", "state-of-the-art", "ultramodern", "up-to-date"], ["broad-minded", "large-minded", "liberal", "nonconservative", "nonconventional", "nonorthodox", "nontraditional", "open-minded", "progressive", "unconventional", "unorthodox"]], "offensive": false}, "hwi": {"hw": "old-fashioned"}, "fl": "adjective", "def": [{"sseq": [[["sense", {"sn": "1", "dt": [["text", "pleasantly reminiscent of an earlier time "], ["vis", [{"t": "an elegant, {it}old-fashioned{/it} bun that was held in place with pearl hairpins"}]]], "syn_list": [[{"wd": "antique"}, {"wd": "oldfangled"}, {"wd": "old-school"}, {"wd": "old-time"}, {"wd": "old-timey"}, {"wd": "old-world"}, {"wd": "quaint"}, {"wd": "retro"}, {"wd": "retrograde"}, {"wd": "vintage"}]], "rel_list": [[{"wd": "antiquated"}, {"wd": "moldy"}, {"wd": "obsolete"}, {"wd": "rinky-dink"}], [{"wd": "historic"}, {"wd": "historical"}, {"wd": "olden"}, {"wd": "traditional"}], [{"wd": "old hat"}, {"wd": "outdated"}, {"wd": "outmoded"}, {"wd": "out-of-date"}, {"wd": "outworn"}, {"wd": "pass\u00e9"}, {"wd": "superannuated"}], [{"wd": "dated"}, {"wd": "fusty"}, {"wd": "moth-eaten"}, {"wd": "musty"}, {"wd": "stodgy"}], [{"wd": "aged"}, {"wd": "age-old"}, {"wd": "ancient"}, {"wd": "antediluvian"}, {"wd": "atavistic"}, {"wd": "fossilized"}, {"wd": "hoary"}, {"wd": "venerable"}], [{"wd": "bygone"}, {"wd": "erstwhile"}, {"wd": "former"}, {"wd": "late"}, {"wd": "past"}], [{"wd": "forgotten"}, {"wd": "remote"}], [{"wd": "ageless"}, {"wd": "dateless"}], [{"wd": "timeless"}], [{"wd": "anachronistic", "wvrs": [{"wvl": "also", "wva": "anachronic"}]}, {"wd": "anachronous"}]], "near_list": [[{"wd": "fresh"}, {"wd": "new"}], [{"wd": "chic"}, {"wd": "designer"}, {"wd": "fashionable"}, {"wd": "smart"}, {"wd": "stylish"}], [{"wd": "modernized"}, {"wd": "refurbished"}, {"wd": "remodeled"}, {"wd": "renewed"}, {"wd": "updated"}], [{"wd": "last"}, {"wd": "latest"}], [{"wd": "futuristic"}, {"wd": "high-tech", "wvrs": [{"wvl": "also", "wva": "hi-tech"}]}, {"wd": "latter-day"}, {"wd": "nontraditional"}], [{"wd": "recent"}]], "ant_list": [[{"wd": "contemporary"}, {"wd": "current"}, {"wd": "hot"}, {"wd": "mod"}, {"wd": "modern"}, {"wd": "modernist"}, {"wd": "modernistic"}, {"wd": "new age"}, {"wd": "newfangled"}, {"wd": "new-fashioned"}, {"wd": "present-day"}, {"wd": "red-hot"}, {"wd": "space-age"}, {"wd": "state-of-the-art"}, {"wd": "ultramodern"}, {"wd": "up-to-date"}]]}]], [["sense", {"sn": "2", "dt": [["text", "tending to favor established ideas, conditions, or institutions "], ["vis", [{"t": "I'm so {it}old-fashioned{/it} that I actually think people should use standard grammar and punctuation when composing e-mails"}]]], "syn_list": [[{"wd": "archconservative"}, {"wd": "brassbound"}, {"wd": "button-down", "wvrs": [{"wvl": "or", "wva": "buttoned-down"}]}, {"wd": "conservative"}, {"wd": "die-hard"}, {"wd": "hidebound"}, {"wd": "mossbacked"}, {"wd": "old-line"}, {"wd": "old-school"}, {"wd": "orthodox"}, {"wd": "paleoconservative"}, {"wd": "reactionary"}, {"wd": "standpat"}, {"wd": "traditional"}, {"wd": "traditionalistic"}, {"wd": "ultraconservative"}, {"wd": "unprogressive"}]], "rel_list": [[{"wd": "conventional"}, {"wd": "square"}], [{"wd": "devoted"}, {"wd": "faithful"}, {"wd": "loyal"}, {"wd": "staunch", "wvrs": [{"wvl": "also", "wva": "stanch"}]}, {"wd": "steadfast"}, {"wd": "steady"}, {"wd": "true"}, {"wd": "true-blue"}], [{"wd": "blimpish"}, {"wd": "neoconservative"}, {"wd": "Tory"}, {"wd": "ultraright"}, {"wd": "ultrarightist"}], [{"wd": "dowdy"}, {"wd": "fogyish", "wvrs": [{"wvl": "or", "wva": "fogeyish"}]}, {"wd": "fuddy-duddy"}, {"wd": "ossified"}, {"wd": "set"}, {"wd": "stodgy"}], [{"wd": "right"}, {"wd": "right-wing"}], [{"wd": "antiliberal"}, {"wd": "antimodern"}, {"wd": "antiprogressive"}, {"wd": "antireform"}, {"wd": "antirevolutionary"}]], "near_list": [[{"wd": "anticonventional"}, {"wd": "antiestablishment"}, {"wd": "antitraditional"}, {"wd": "extremist"}, {"wd": "radical"}, {"wd": "revolutionary"}], [{"wd": "nonconformist"}], [{"wd": "advanced"}, {"wd": "contemporary"}, {"wd": "modern"}], [{"wd": "lefty"}, {"wd": "radical"}, {"wd": "ultraleft"}, {"wd": "ultraleftist"}, {"wd": "ultraprogressive"}, {"wd": "ultraradical"}]], "ant_list": [[{"wd": "broad-minded"}, {"wd": "large-minded"}, {"wd": "liberal"}, {"wd": "nonconservative"}, {"wd": "nonconventional"}, {"wd": "nonorthodox"}, {"wd": "nontraditional"}, {"wd": "open-minded"}, {"wd": "progressive"}, {"wd": "unconventional"}, {"wd": "unorthodox"}]]}]]]}], "shortdef": ["pleasantly reminiscent of an earlier time", "tending to favor established ideas, conditions, or institutions"]}, {"meta": {"id": "old hand", "uuid": "08f93d67-8f2a-49ac-95e3-ef32da50b541", "src": "coll_thes", "section": "alpha", "target": {"tuuid": "86c27354-b377-4ec4-99a9-89d62c440c97", "tsrc": "collegiate"}, "stems": ["old hand", "old hands"], "syns": [["doyen", "old-timer", "stager", "vet", "veteran", "warhorse"]], "ants": [["beginner", "colt", "fledgling", "freshman", "greenhorn", "neophyte", "newbie", "newcomer", "novice", "recruit", "rookie", "tenderfoot", "tyro"]], "offensive": false}, "hwi": {"hw": "old hand"}, "fl": "noun", "def": [{"sseq": [[["sense", {"dt": [["text", "a person with long experience in a specified area "], ["vis", [{"t": "with 25 years on the job, Vinnie was the {it}old hand{/it} everyone went to with their problems"}]]], "syn_list": [[{"wd": "doyen"}, {"wd": "old-timer"}, {"wd": "stager"}, {"wd": "vet"}, {"wd": "veteran"}, {"wd": "warhorse"}]], "rel_list": [[{"wd": "doyenne"}], [{"wd": "adept"}, {"wd": "dab hand", "wsls": ["chiefly British"]}, {"wd": "expert"}, {"wd": "guru"}, {"wd": "hand"}, {"wd": "master"}, {"wd": "maven", "wvrs": [{"wvl": "also", "wva": "mavin"}]}, {"wd": "past master"}, {"wd": "pro"}, {"wd": "professional"}]], "near_list": [[{"wd": "apprentice"}, {"wd": "cub"}], [{"wd": "boot"}, {"wd": "novitiate"}], [{"wd": "amateur"}, {"wd": "dilettante"}], [{"wd": "learner"}, {"wd": "student"}, {"wd": "trainee"}], [{"wd": "candidate"}, {"wd": "entrant"}, {"wd": "probationer"}]], "ant_list": [[{"wd": "beginner"}, {"wd": "colt"}, {"wd": "fledgling"}, {"wd": "freshman"}, {"wd": "greenhorn"}, {"wd": "neophyte"}, {"wd": "newbie"}, {"wd": "newcomer"}, {"wd": "novice"}, {"wd": "recruit"}, {"wd": "rookie"}, {"wd": "tenderfoot"}, {"wd": "tyro"}]]}]]]}], "shortdef": ["a person with long experience in a specified area"]}, {"meta": {"id": "old lady", "uuid": "cc5dbd24-42b0-4d1f-aec6-1714c6b6355c", "src": "coll_thes", "section": "alpha", "target": {"tuuid": "f5299f88-75d9-4455-a5c1-30fc54b24639", "tsrc": "collegiate"}, "stems": ["old lady", "old ladies"], "syns": [["ma", "mama", "mammy", "mater", "mom", "mommy", "mother"], ["helpmate", "helpmeet", "lady", "madam", "missus", "Mrs.", "wife", "wifey", "woman"], ["gal", "gill", "girl", "girlfriend", "inamorata", "lady", "ladylove", "woman"]], "ants": [], "offensive": false}, "hwi": {"hw": "old lady"}, "fl": "noun", "def": [{"sseq": [[["sense", {"sn": "1", "dt": [["text", "a female human parent "], ["vis", [{"t": "the story is that my {it}old lady{/it} wanted to name me {ldquo}Cecil,{rdquo} but the old man prevailed"}]]], "syn_list": [[{"wd": "ma"}, {"wd": "mama", "wvrs": [{"wvl": "also", "wva": "mamma"}, {"wvl": "or", "wva": "momma"}]}, {"wd": "mammy"}, {"wd": "mater", "wsls": ["chiefly British"]}, {"wd": "mom"}, {"wd": "mommy"}, {"wd": "mother"}]], "rel_list": [[{"wd": "materfamilias"}, {"wd": "matriarch"}, {"wd": "matron"}], [{"wd": "stepmother"}], [{"wd": "supermom"}, {"wd": "superwoman"}]]}]], [["sense", {"sn": "2", "dt": [["text", "the female partner in a marriage "], ["vis", [{"t": "he jokingly commented that he'd love to buy a sports car, but his {it}old lady{/it} would throw a fit"}]]], "syn_list": [[{"wd": "helpmate"}, {"wd": "helpmeet"}, {"wd": "lady"}, {"wd": "madam"}, {"wd": "missus", "wvrs": [{"wvl": "or", "wva": "missis"}]}, {"wd": "Mrs."}, {"wd": "wife"}, {"wd": "wifey"}, {"wd": "woman", "wsls": ["chiefly dialect"]}]], "rel_list": [[{"wd": "bride"}], [{"wd": "better half"}, {"wd": "companion"}, {"wd": "consort"}, {"wd": "mate"}, {"wd": "partner"}, {"wd": "significant other"}, {"wd": "soul mate"}, {"wd": "spouse"}], [{"wd": "dowager"}, {"wd": "matron"}], [{"wd": "hausfrau"}, {"wd": "homemaker"}, {"wd": "housekeeper"}, {"wd": "housewife"}, {"wd": "stay-at-home"}], [{"wd": "widow"}]]}]], [["sense", {"sn": "3", "dt": [["text", "a female romantic companion "], ["vis", [{"t": "if he ever tried stepping out on her, his {it}old lady{/it} would fill him with buckshot"}]]], "syn_list": [[{"wd": "gal"}, {"wd": "gill"}, {"wd": "girl"}, {"wd": "girlfriend"}, {"wd": "inamorata"}, {"wd": "lady"}, {"wd": "ladylove"}, {"wd": "woman"}]], "rel_list": [[{"wd": "mistress"}, {"wd": "moll"}], [{"wd": "beloved"}, {"wd": "darling"}, {"wd": "dear"}, {"wd": "favorite"}, {"wd": "flame"}, {"wd": "honey"}, {"wd": "love"}, {"wd": "lover"}, {"wd": "significant other"}, {"wd": "sweet"}, {"wd": "sweetheart"}, {"wd": "valentine"}]]}]]]}], "shortdef": ["a female human parent", "the female partner in a marriage", "a female romantic companion"]}, {"meta": {"id": "old-line", "uuid": "3cb2be1b-ae62-4882-87cf-d1fa441b758c", "src": "coll_thes", "section": "alpha", "target": {"tuuid": "e135ec49-d5ac-4aba-9f8f-3d68fa5962bd", "tsrc": "collegiate"}, "stems": ["old-line"], "syns": [["archconservative", "brassbound", "button-down", "conservative", "die-hard", "hidebound", "mossbacked", "old-fashioned", "old-school", "orthodox", "paleoconservative", "reactionary", "standpat", "traditional", "traditionalistic", "ultraconservative", "unprogressive"]], "ants": [["broad-minded", "large-minded", "liberal", "nonconservative", "nonconventional", "nonorthodox", "nontraditional", "open-minded", "progressive", "unconventional", "unorthodox"]], "offensive": false}, "hwi": {"hw": "old-line"}, "fl": "adjective", "def": [{"sseq": [[["sense", {"dt": [["text", "tending to favor established ideas, conditions, or institutions "], ["vis", [{"t": "an {it}old-line{/it} professor who still taught as if it were 1930"}]]], "syn_list": [[{"wd": "archconservative"}, {"wd": "brassbound"}, {"wd": "button-down", "wvrs": [{"wvl": "or", "wva": "buttoned-down"}]}, {"wd": "conservative"}, {"wd": "die-hard"}, {"wd": "hidebound"}, {"wd": "mossbacked"}, {"wd": "old-fashioned"}, {"wd": "old-school"}, {"wd": "orthodox"}, {"wd": "paleoconservative"}, {"wd": "reactionary"}, {"wd": "standpat"}, {"wd": "traditional"}, {"wd": "traditionalistic"}, {"wd": "ultraconservative"}, {"wd": "unprogressive"}]], "rel_list": [[{"wd": "conventional"}, {"wd": "square"}], [{"wd": "devoted"}, {"wd": "faithful"}, {"wd": "loyal"}, {"wd": "staunch", "wvrs": [{"wvl": "also", "wva": "stanch"}]}, {"wd": "steadfast"}, {"wd": "steady"}, {"wd": "true"}, {"wd": "true-blue"}], [{"wd": "blimpish"}, {"wd": "neoconservative"}, {"wd": "Tory"}, {"wd": "ultraright"}, {"wd": "ultrarightist"}], [{"wd": "dowdy"}, {"wd": "fogyish", "wvrs": [{"wvl": "or", "wva": "fogeyish"}]}, {"wd": "fuddy-duddy"}, {"wd": "ossified"}, {"wd": "set"}, {"wd": "stodgy"}], [{"wd": "right"}, {"wd": "right-wing"}], [{"wd": "antiliberal"}, {"wd": "antimodern"}, {"wd": "antiprogressive"}, {"wd": "antireform"}, {"wd": "antirevolutionary"}]], "near_list": [[{"wd": "anticonventional"}, {"wd": "antiestablishment"}, {"wd": "antitraditional"}, {"wd": "extremist"}, {"wd": "radical"}, {"wd": "revolutionary"}], [{"wd": "nonconformist"}], [{"wd": "advanced"}, {"wd": "contemporary"}, {"wd": "modern"}], [{"wd": "lefty"}, {"wd": "radical"}, {"wd": "ultraleft"}, {"wd": "ultraleftist"}, {"wd": "ultraprogressive"}, {"wd": "ultraradical"}]], "ant_list": [[{"wd": "broad-minded"}, {"wd": "large-minded"}, {"wd": "liberal"}, {"wd": "nonconservative"}, {"wd": "nonconventional"}, {"wd": "nonorthodox"}, {"wd": "nontraditional"}, {"wd": "open-minded"}, {"wd": "progressive"}, {"wd": "unconventional"}, {"wd": "unorthodox"}]]}]]]}], "shortdef": ["tending to favor established ideas, conditions, or institutions"]}, {"meta": {"id": "old-maidish", "uuid": "efa7b721-a797-413d-873a-fa2179497f35", "src": "coll_thes", "section": "alpha", "stems": ["old-maidish"], "syns": [["choosy", "dainty", "delicate", "demanding", "exacting", "fastidious", "finical", "finicking", "finicky", "fussbudgety", "fussy", "nice", "particular", "pernickety", "persnickety", "picky"]], "ants": [["undemanding", "unfastidious", "unfussy"]], "offensive": false}, "hwi": {"hw": "old-maidish"}, "fl": "adjective", "def": [{"sseq": [[["sense", {"dt": [["text", "hard to please "], ["vis", [{"t": "an {it}old-maidish{/it} teacher who required that every essay be written in very formal English"}]]], "syn_list": [[{"wd": "choosy", "wvrs": [{"wvl": "or", "wva": "choosey"}]}, {"wd": "dainty"}, {"wd": "delicate"}, {"wd": "demanding"}, {"wd": "exacting"}, {"wd": "fastidious"}, {"wd": "finical"}, {"wd": "finicking"}, {"wd": "finicky"}, {"wd": "fussbudgety"}, {"wd": "fussy"}, {"wd": "nice"}, {"wd": "particular"}, {"wd": "pernickety", "wsls": ["chiefly British"]}, {"wd": "persnickety"}, {"wd": "picky"}]], "rel_list": [[{"wd": "hyperfastidious"}, {"wd": "overdemanding"}, {"wd": "ultrafastidious"}], [{"wd": "discerning"}, {"wd": "discriminating"}, {"wd": "selective"}], [{"wd": "insightful"}, {"wd": "knowledgeable"}], [{"wd": "captious"}, {"wd": "carping"}, {"wd": "caviling", "wvrs": [{"wvl": "or", "wva": "cavilling"}]}, {"wd": "critical"}, {"wd": "faultfinding"}, {"wd": "hypercritical"}, {"wd": "overcritical"}], [{"wd": "careful"}, {"wd": "meticulous"}, {"wd": "painstaking"}, {"wd": "punctilious"}, {"wd": "scrupulous"}], [{"wd": "queasy", "wvrs": [{"wvl": "also", "wva": "queazy"}]}, {"wd": "squeamish"}], [{"wd": "peevish"}, {"wd": "petulant"}, {"wd": "prickly"}, {"wd": "touchy"}], [{"wd": "niminy-piminy"}, {"wd": "prim"}, {"wd": "prissy"}]], "near_list": [[{"wd": "affable"}, {"wd": "breezy"}, {"wd": "carefree"}, {"wd": "devil-may-care"}, {"wd": "happy-go-lucky"}, {"wd": "lackadaisical"}, {"wd": "laid-back"}, {"wd": "low-pressure"}, {"wd": "relaxed"}], [{"wd": "flexible"}, {"wd": "lax"}, {"wd": "loose"}], [{"wd": "lenient"}, {"wd": "permissive"}], [{"wd": "uncritical"}], [{"wd": "indiscriminating"}, {"wd": "undiscriminating"}]], "ant_list": [[{"wd": "undemanding"}, {"wd": "unfastidious"}, {"wd": "unfussy"}]]}]]]}], "shortdef": ["hard to please"]}, {"meta": {"id": "old man", "uuid": "5f9aee10-d402-41f1-a3a6-49572a49c881", "src": "coll_thes", "section": "alpha", "target": {"tuuid": "aeb84a8c-7007-402b-adf1-546935938484", "tsrc": "collegiate"}, "stems": ["old man", "old men"], "syns": [["dad", "daddy", "father", "pa", "papa", "pater", "pop", "sire"], ["hubby", "husband", "man", "mister"], ["beau", "boy", "boyfriend", "fellow", "man", "swain"]], "ants": [], "offensive": false}, "hwi": {"hw": "old man"}, "fl": "noun", "def": [{"sseq": [[["sense", {"sn": "1", "dt": [["text", "a male human parent "], ["vis", [{"t": "I'll ask my {it}old man{/it} if he's up for a round of golf this weekend"}]]], "syn_list": [[{"wd": "dad"}, {"wd": "daddy"}, {"wd": "father"}, {"wd": "pa"}, {"wd": "papa", "wvrs": [{"wvl": "also", "wva": "poppa"}]}, {"wd": "pater", "wsls": ["chiefly British"]}, {"wd": "pop"}, {"wd": "sire"}]], "rel_list": [[{"wd": "paterfamilias"}, {"wd": "patriarch"}], [{"wd": "father figure"}, {"wd": "father image"}], [{"wd": "stepfather"}]]}]], [["sense", {"sn": "2", "dt": [["text", "the male partner in a marriage "], ["vis", [{"t": "my {it}old man{/it} and I have been together for 10 years now"}]]], "syn_list": [[{"wd": "hubby"}, {"wd": "husband"}, {"wd": "man"}, {"wd": "mister"}]], "rel_list": [[{"wd": "better half"}, {"wd": "companion"}, {"wd": "consort"}, {"wd": "mate"}, {"wd": "partner"}, {"wd": "significant other"}, {"wd": "spouse"}], [{"wd": "Mr. Right"}], [{"wd": "soul mate"}], [{"wd": "bridegroom"}, {"wd": "groom"}], [{"wd": "benedict"}], [{"wd": "widower"}], [{"wd": "househusband"}]]}]], [["sense", {"sn": "3", "dt": [["text", "a male romantic companion "], ["vis", [{"t": "my {it}old man{/it} and I have decided to move in together"}]]], "syn_list": [[{"wd": "beau"}, {"wd": "boy"}, {"wd": "boyfriend"}, {"wd": "fellow"}, {"wd": "man"}, {"wd": "swain"}]], "rel_list": [[{"wd": "admirer"}, {"wd": "crush"}, {"wd": "steady"}], [{"wd": "gallant"}, {"wd": "suitor"}, {"wd": "wooer"}], [{"wd": "beloved"}, {"wd": "darling"}, {"wd": "dear"}, {"wd": "favorite"}, {"wd": "flame"}, {"wd": "honey"}, {"wd": "love"}, {"wd": "lover"}, {"wd": "significant other"}, {"wd": "soul mate"}, {"wd": "spark"}, {"wd": "sparker"}, {"wd": "squeeze", "wsls": ["slang"]}, {"wd": "sweet"}, {"wd": "sweetheart"}, {"wd": "sweetie"}, {"wd": "sweetie pie"}, {"wd": "valentine"}], [{"wd": "fancy man"}, {"wd": "gigolo"}], [{"wd": "date"}, {"wd": "escort"}], [{"wd": "groom"}, {"wd": "husband"}], [{"wd": "fianc\u00e9"}, {"wd": "intended"}]]}]]]}], "shortdef": ["a male human parent", "the male partner in a marriage", "a male romantic companion"]}, {"meta": {"id": "Old Nick", "uuid": "19a93695-6e0e-44fe-b040-033bbadf3c99", "src": "coll_thes", "section": "alpha", "target": {"tuuid": "fd2c209a-91c4-4561-810d-91faa526f896", "tsrc": "collegiate"}, "stems": ["old nick", "old nicks"], "syns": [["archfiend", "Beelzebub", "devil", "fiend", "Lucifer", "Satan", "serpent"]], "ants": [], "offensive": false}, "hwi": {"hw": "Old Nick"}, "fl": "noun", "def": [{"sseq": [[["sense", {"dt": [["text", "the supreme personification of evil often represented as the ruler of hell "], ["vis", [{"t": "he gave me a look that would scare {it}Old Nick{/it}"}]]], "syn_list": [[{"wd": "archfiend"}, {"wd": "Beelzebub"}, {"wd": "devil"}, {"wd": "fiend"}, {"wd": "Lucifer"}, {"wd": "Satan"}, {"wd": "serpent"}]], "rel_list": [[{"wd": "deuce"}, {"wd": "dickens"}], [{"wd": "Mephistopheles"}]]}]]]}], "shortdef": ["the supreme personification of evil often represented as the ruler of hell"]}, {"meta": {"id": "old-school", "uuid": "022808ba-ddef-430c-b1ac-d334ded16cb3", "src": "coll_thes", "section": "alpha", "target": {"tuuid": "5d2fe97d-f2be-4365-81b2-c2cc0eef5ff2", "tsrc": "collegiate"}, "stems": ["old-school"], "syns": [["antique", "old-fashioned", "old-time", "old-timey", "old-world", "oldfangled", "quaint", "retro", "retrograde", "vintage"], ["archconservative", "brassbound", "button-down", "conservative", "die-hard", "hidebound", "mossbacked", "old-fashioned", "old-line", "orthodox", "paleoconservative", "reactionary", "standpat", "traditional", "traditionalistic", "ultraconservative", "unprogressive"]], "ants": [["contemporary", "current", "hot", "mod", "modern", "modernist", "modernistic", "new age", "newfangled", "new-fashioned", "present-day", "red-hot", "space-age", "state-of-the-art", "ultramodern", "up-to-date"], ["broad-minded", "large-minded", "liberal", "nonconservative", "nonconventional", "nonorthodox", "nontraditional", "open-minded", "progressive", "unconventional", "unorthodox"]], "offensive": false}, "hwi": {"hw": "old-school"}, "fl": "adjective", "def": [{"sseq": [[["sense", {"sn": "1", "dt": [["text", "pleasantly reminiscent of an earlier time "], ["vis", [{"t": "an {it}old-school{/it} romantic comedy in which the two leads don't jump into bed at the first opportunity"}]]], "syn_list": [[{"wd": "antique"}, {"wd": "old-fashioned"}, {"wd": "old-time"}, {"wd": "old-timey"}, {"wd": "old-world"}, {"wd": "oldfangled"}, {"wd": "quaint"}, {"wd": "retro"}, {"wd": "retrograde"}, {"wd": "vintage"}]], "rel_list": [[{"wd": "antiquated"}, {"wd": "moldy"}, {"wd": "obsolete"}, {"wd": "rinky-dink"}], [{"wd": "historic"}, {"wd": "historical"}, {"wd": "olden"}, {"wd": "traditional"}], [{"wd": "old hat"}, {"wd": "outdated"}, {"wd": "outmoded"}, {"wd": "out-of-date"}, {"wd": "outworn"}, {"wd": "pass\u00e9"}, {"wd": "superannuated"}], [{"wd": "dated"}, {"wd": "fusty"}, {"wd": "moth-eaten"}, {"wd": "musty"}, {"wd": "stodgy"}], [{"wd": "aged"}, {"wd": "age-old"}, {"wd": "ancient"}, {"wd": "antediluvian"}, {"wd": "atavistic"}, {"wd": "fossilized"}, {"wd": "hoary"}, {"wd": "venerable"}], [{"wd": "bygone"}, {"wd": "erstwhile"}, {"wd": "former"}, {"wd": "late"}, {"wd": "past"}], [{"wd": "forgotten"}, {"wd": "remote"}], [{"wd": "ageless"}, {"wd": "dateless"}], [{"wd": "timeless"}], [{"wd": "anachronistic", "wvrs": [{"wvl": "also", "wva": "anachronic"}]}, {"wd": "anachronous"}]], "near_list": [[{"wd": "fresh"}, {"wd": "new"}], [{"wd": "chic"}, {"wd": "designer"}, {"wd": "fashionable"}, {"wd": "smart"}, {"wd": "stylish"}], [{"wd": "modernized"}, {"wd": "refurbished"}, {"wd": "remodeled"}, {"wd": "renewed"}, {"wd": "updated"}], [{"wd": "last"}, {"wd": "latest"}], [{"wd": "futuristic"}, {"wd": "high-tech", "wvrs": [{"wvl": "also", "wva": "hi-tech"}]}, {"wd": "latter-day"}, {"wd": "nontraditional"}], [{"wd": "recent"}]], "ant_list": [[{"wd": "contemporary"}, {"wd": "current"}, {"wd": "hot"}, {"wd": "mod"}, {"wd": "modern"}, {"wd": "modernist"}, {"wd": "modernistic"}, {"wd": "new age"}, {"wd": "newfangled"}, {"wd": "new-fashioned"}, {"wd": "present-day"}, {"wd": "red-hot"}, {"wd": "space-age"}, {"wd": "state-of-the-art"}, {"wd": "ultramodern"}, {"wd": "up-to-date"}]]}]], [["sense", {"sn": "2", "dt": [["text", "tending to favor established ideas, conditions, or institutions "], ["vis", [{"t": "an {it}old-school{/it} gentleman who opened doors and pulled out chairs for women"}]]], "syn_list": [[{"wd": "archconservative"}, {"wd": "brassbound"}, {"wd": "button-down", "wvrs": [{"wvl": "or", "wva": "buttoned-down"}]}, {"wd": "conservative"}, {"wd": "die-hard"}, {"wd": "hidebound"}, {"wd": "mossbacked"}, {"wd": "old-fashioned"}, {"wd": "old-line"}, {"wd": "orthodox"}, {"wd": "paleoconservative"}, {"wd": "reactionary"}, {"wd": "standpat"}, {"wd": "traditional"}, {"wd": "traditionalistic"}, {"wd": "ultraconservative"}, {"wd": "unprogressive"}]], "rel_list": [[{"wd": "conventional"}, {"wd": "square"}], [{"wd": "devoted"}, {"wd": "faithful"}, {"wd": "loyal"}, {"wd": "staunch", "wvrs": [{"wvl": "also", "wva": "stanch"}]}, {"wd": "steadfast"}, {"wd": "steady"}, {"wd": "true"}, {"wd": "true-blue"}], [{"wd": "blimpish"}, {"wd": "neoconservative"}, {"wd": "Tory"}, {"wd": "ultraright"}, {"wd": "ultrarightist"}], [{"wd": "dowdy"}, {"wd": "fogyish", "wvrs": [{"wvl": "or", "wva": "fogeyish"}]}, {"wd": "fuddy-duddy"}, {"wd": "ossified"}, {"wd": "set"}, {"wd": "stodgy"}], [{"wd": "right"}, {"wd": "right-wing"}], [{"wd": "antiliberal"}, {"wd": "antimodern"}, {"wd": "antiprogressive"}, {"wd": "antireform"}, {"wd": "antirevolutionary"}]], "near_list": [[{"wd": "anticonventional"}, {"wd": "antiestablishment"}, {"wd": "antitraditional"}, {"wd": "extremist"}, {"wd": "radical"}, {"wd": "revolutionary"}], [{"wd": "nonconformist"}], [{"wd": "advanced"}, {"wd": "contemporary"}, {"wd": "modern"}], [{"wd": "lefty"}, {"wd": "radical"}, {"wd": "ultraleft"}, {"wd": "ultraleftist"}, {"wd": "ultraprogressive"}, {"wd": "ultraradical"}]], "ant_list": [[{"wd": "broad-minded"}, {"wd": "large-minded"}, {"wd": "liberal"}, {"wd": "nonconservative"}, {"wd": "nonconventional"}, {"wd": "nonorthodox"}, {"wd": "nontraditional"}, {"wd": "open-minded"}, {"wd": "progressive"}, {"wd": "unconventional"}, {"wd": "unorthodox"}]]}]]]}], "shortdef": ["pleasantly reminiscent of an earlier time", "tending to favor established ideas, conditions, or institutions"]}]