[{"meta": {"id": "on", "uuid": "4813aa31-8e14-458d-a9b0-9a2c5c0fd136", "src": "coll_thes", "section": "alpha", "target": {"tuuid": "32a42c5d-46e8-43b7-b5ad-85efa4cee6b9", "tsrc": "collegiate"}, "stems": ["on"], "syns": [["about", "apropos", "apropos of", "as far as", "as for", "as regards", "as to", "concerning", "of", "regarding", "respecting", "touching", "toward"], ["against", "upon"]], "ants": [], "offensive": false}, "hwi": {"hw": "on"}, "fl": "preposition", "def": [{"sseq": [[["sense", {"sn": "1", "dt": [["text", "having to do with "], ["vis", [{"t": "books {it}on{/it} sports heroes are my favorite reading matter"}]]], "syn_list": [[{"wd": "about"}, {"wd": "apropos"}, {"wd": "apropos of"}, {"wd": "as far as"}, {"wd": "as for"}, {"wd": "as regards", "wvrs": [{"wvl": "also", "wva": "as respects"}]}, {"wd": "as to"}, {"wd": "concerning"}, {"wd": "of"}, {"wd": "regarding"}, {"wd": "respecting"}, {"wd": "touching"}, {"wd": "toward", "wvrs": [{"wvl": "or", "wva": "towards"}]}]], "rel_list": [[{"wd": "over"}]], "phrase_list": [[{"wd": "in regard to"}, {"wd": "in respect to"}, {"wd": "in view of"}, {"wd": "with regard to"}, {"wd": "with respect to"}]]}]], [["sense", {"sn": "2", "dt": [["text", "in or into contact with "], ["vis", [{"t": "don't lean {it}on{/it} that ladder\u2014you'll knock it over"}]]], "syn_list": [[{"wd": "against"}, {"wd": "upon"}]], "rel_list": [[{"wd": "alongside"}, {"wd": "next"}, {"wd": "next to"}], [{"wd": "upside"}]]}]]]}], "shortdef": ["having to do with", "in or into contact with"]}, {"meta": {"id": "on", "uuid": "aba66f02-6ff3-4e5e-a3de-78e94d80d1e7", "src": "coll_thes", "section": "alpha", "target": {"tuuid": "ff7b7ff1-9a18-4f65-8423-6337138de1fb", "tsrc": "collegiate"}, "stems": ["on"], "syns": [["ahead", "forth", "forward", "onward"], ["ahead", "along", "forth", "forward", "forwards", "onward"]], "ants": [], "offensive": false}, "hwi": {"hw": "on"}, "fl": "adverb", "def": [{"sseq": [[["sense", {"sn": "1", "dt": [["text", "toward a point ahead in space or time "], ["vis", [{"t": "we really must move {it}on{/it} now if we're going to end this meeting before midnight"}]]], "syn_list": [[{"wd": "ahead"}, {"wd": "forth"}, {"wd": "forward"}, {"wd": "onward", "wvrs": [{"wvl": "also", "wva": "onwards"}]}]], "near_list": [[{"wd": "backward", "wvrs": [{"wvl": "or", "wva": "backwards"}]}]]}]], [["sense", {"sn": "2", "dt": [["text", "toward or at a point lying in advance in space or time "], ["vis", [{"t": "he's getting {it}on{/it} in years and doesn't see or hear as well as he used to"}]]], "syn_list": [[{"wd": "ahead"}, {"wd": "along"}, {"wd": "forth"}, {"wd": "forward"}, {"wd": "forwards"}, {"wd": "onward", "wvrs": [{"wvl": "also", "wva": "onwards"}]}]], "rel_list": [[{"wd": "before"}, {"wd": "fore"}, {"wd": "frontward", "wvrs": [{"wvl": "or", "wva": "frontwards"}]}]], "near_list": [[{"wd": "back"}, {"wd": "backward", "wvrs": [{"wvl": "or", "wva": "backwards"}]}, {"wd": "behind"}, {"wd": "rearward", "wvrs": [{"wvl": "also", "wva": "rearwards"}]}]]}]]]}], "shortdef": ["toward a point ahead in space or time", "toward or at a point lying in advance in space or time"]}, {"meta": {"id": "on", "uuid": "617144b9-2bee-4cb0-bd57-dfcd763c525a", "src": "coll_thes", "section": "alpha", "target": {"tuuid": "a70aa49a-49b6-4e71-b330-26b3decaab1a", "tsrc": "collegiate"}, "stems": ["on"], "syns": [["active", "alive", "functional", "functioning", "going", "live", "living", "operating", "operational", "operative", "running", "working"]], "ants": [["broken", "dead", "inactive", "inoperative", "kaput", "nonactivated", "nonfunctional", "nonfunctioning", "nonoperating", "nonoperational", "nonoperative"]], "offensive": false}, "hwi": {"hw": "on"}, "fl": "adjective", "def": [{"sseq": [[["sense", {"dt": [["text", "being in effective operation "], ["vis", [{"t": "please don't leave the sanding machine {it}on{/it} if you're not going to be near it"}]]], "syn_list": [[{"wd": "active"}, {"wd": "alive"}, {"wd": "functional"}, {"wd": "functioning"}, {"wd": "going"}, {"wd": "live"}, {"wd": "living"}, {"wd": "operating"}, {"wd": "operational"}, {"wd": "operative"}, {"wd": "running"}, {"wd": "working"}]], "rel_list": [[{"wd": "effective"}, {"wd": "effectual"}], [{"wd": "employable"}, {"wd": "operable"}, {"wd": "usable", "wvrs": [{"wvl": "also", "wva": "useable"}]}, {"wd": "viable"}, {"wd": "workable"}], [{"wd": "performing"}, {"wd": "producing"}, {"wd": "productive"}, {"wd": "serving"}, {"wd": "useful"}, {"wd": "yielding"}], [{"wd": "astir"}, {"wd": "bustling"}, {"wd": "busy"}, {"wd": "dynamic"}, {"wd": "flourishing"}, {"wd": "humming"}, {"wd": "roaring"}, {"wd": "thriving"}]], "phrase_list": [[{"wd": "in commission", "wvrs": [{"wvl": "or", "wva": "into commission"}]}, {"wd": "in force"}, {"wd": "in gear"}, {"wd": "on line"}]], "near_list": [[{"wd": "deactivated"}, {"wd": "decommissioned"}], [{"wd": "ineffective"}, {"wd": "ineffectual"}, {"wd": "useless"}], [{"wd": "inoperable"}, {"wd": "unusable"}, {"wd": "unworkable"}], [{"wd": "arrested"}, {"wd": "asleep"}, {"wd": "dormant"}, {"wd": "fallow"}, {"wd": "idle"}, {"wd": "inert"}, {"wd": "latent"}, {"wd": "lifeless"}, {"wd": "nonproductive"}, {"wd": "quiescent"}, {"wd": "sleepy"}, {"wd": "stagnating"}, {"wd": "unproductive"}, {"wd": "vegetating"}]], "ant_list": [[{"wd": "broken"}, {"wd": "dead"}, {"wd": "inactive"}, {"wd": "inoperative"}, {"wd": "kaput", "wvrs": [{"wvl": "also", "wva": "kaputt"}]}, {"wd": "nonactivated"}, {"wd": "nonfunctional"}, {"wd": "nonfunctioning"}, {"wd": "nonoperating"}, {"wd": "nonoperational"}, {"wd": "nonoperative"}]]}]]]}], "shortdef": ["being in effective operation"]}, {"meta": {"id": "on-and-off", "uuid": "28875d23-8757-4707-9dfd-edc47fc8a042", "src": "coll_thes", "section": "alpha", "stems": ["on-and-off"], "syns": [["continual", "intermittent", "periodic", "periodical", "recurrent", "recurring"]], "ants": [["constant", "continuous", "incessant", "unceasing"]], "offensive": false}, "hwi": {"hw": "on-and-off"}, "fl": "adjective", "def": [{"sseq": [[["sense", {"dt": [["text", "occurring or appearing at intervals "], ["vis", [{"t": "an {it}on-and-off{/it} friendship over the years"}]]], "syn_list": [[{"wd": "continual"}, {"wd": "intermittent"}, {"wd": "periodic"}, {"wd": "periodical"}, {"wd": "recurrent"}, {"wd": "recurring"}]], "rel_list": [[{"wd": "alternate"}, {"wd": "alternating"}, {"wd": "cyclic", "wvrs": [{"wvl": "or", "wva": "cyclical"}]}, {"wd": "rhythmic", "wvrs": [{"wvl": "or", "wva": "rhythmical"}]}, {"wd": "seasonal"}, {"wd": "serial"}], [{"wd": "aperiodic"}, {"wd": "erratic"}, {"wd": "fitful"}, {"wd": "irregular"}, {"wd": "occasional"}, {"wd": "spasmodic"}, {"wd": "sporadic"}, {"wd": "spotty"}, {"wd": "unsteady"}]], "near_list": [[{"wd": "eternal"}, {"wd": "everlasting"}, {"wd": "interminable"}, {"wd": "perpetual"}]], "ant_list": [[{"wd": "constant"}, {"wd": "continuous"}, {"wd": "incessant"}, {"wd": "unceasing"}]]}]]]}], "shortdef": ["occurring or appearing at intervals"]}, {"meta": {"id": "on-target", "uuid": "39cd6163-ddf1-48f2-8c13-ce8cdf63be6c", "src": "coll_thes", "section": "alpha", "target": {"tuuid": "363f782e-9505-4d9b-90e9-922f17f229ea", "tsrc": "collegiate"}, "stems": ["on-target"], "syns": [["accurate", "bang on", "correct", "dead-on", "exact", "good", "precise", "proper", "right", "so", "spot-on", "true", "veracious"]], "ants": [["false", "improper", "inaccurate", "incorrect", "inexact", "off", "untrue", "wrong"]], "offensive": false}, "hwi": {"hw": "on-target"}, "fl": "adjective", "def": [{"sseq": [[["sense", {"dt": [["text", "being in agreement with the truth or a fact or a standard "], ["vis", [{"t": "an economic forecast for three percent growth that turned out to be entirely {it}on-target{/it}"}]]], "syn_list": [[{"wd": "accurate"}, {"wd": "bang on", "wsls": ["chiefly British"]}, {"wd": "correct"}, {"wd": "dead-on"}, {"wd": "exact"}, {"wd": "good"}, {"wd": "precise"}, {"wd": "proper"}, {"wd": "right"}, {"wd": "so"}, {"wd": "spot-on"}, {"wd": "true"}, {"wd": "veracious"}]], "rel_list": [[{"wd": "legitimate"}, {"wd": "logical"}, {"wd": "sound"}, {"wd": "valid"}], [{"wd": "errorless"}, {"wd": "faultless"}, {"wd": "flawless"}, {"wd": "impeccable"}, {"wd": "inerrant"}, {"wd": "infallible"}, {"wd": "letter-perfect"}, {"wd": "perfect"}], [{"wd": "rigorous"}, {"wd": "strict"}, {"wd": "stringent"}]], "phrase_list": [[{"wd": "on target"}, {"wd": "on the money"}]], "near_list": [[{"wd": "defective"}, {"wd": "faulty"}, {"wd": "flawed"}, {"wd": "imperfect"}]], "ant_list": [[{"wd": "false"}, {"wd": "improper"}, {"wd": "inaccurate"}, {"wd": "incorrect"}, {"wd": "inexact"}, {"wd": "off"}, {"wd": "untrue"}, {"wd": "wrong"}]]}]]]}], "shortdef": ["being in agreement with the truth or a fact or a standard"]}, {"meta": {"id": "on and off", "uuid": "5ff8712a-67e9-4464-a978-abb580e07bef", "src": "CTenhance", "section": "alpha", "stems": ["on and off"], "syns": [["intermittently", "off and on", "periodically", "recurrently", "infrequently", "little", "rarely", "seldom", "irregularly", "sporadically", "variously", "here and there", "now", "now and then", "occasionally", "sometimes"]], "ants": [["commonly", "ordinarily", "regularly", "routinely", "usually", "always", "consistently", "constantly", "invariably", "continually", "continuingly", "continuously", "incessantly", "perpetually", "unceasingly", "uninterruptedly", "endlessly", "ever", "interminably", "frequently", "hourly", "much", "oft", "often", "oftentimes"]], "offensive": false}, "hwi": {"hw": "on and off"}, "fl": "adverb", "def": [{"sseq": [[["sense", {"dt": [["text", "not constantly or steadily over a period of time "], ["vis", [{"t": "It's been raining {it}on and off{/it} all afternoon."}]]], "sim_list": [[{"wd": "intermittently"}, {"wd": "off and on"}, {"wd": "periodically"}, {"wd": "recurrently"}], [{"wd": "infrequently"}, {"wd": "little"}, {"wd": "rarely"}, {"wd": "seldom"}], [{"wd": "irregularly"}, {"wd": "sporadically"}, {"wd": "variously"}], [{"wd": "here and there"}, {"wd": "now"}, {"wd": "now and then"}, {"wd": "occasionally"}, {"wd": "sometimes"}]], "opp_list": [[{"wd": "commonly"}, {"wd": "ordinarily"}, {"wd": "regularly"}, {"wd": "routinely"}, {"wd": "usually"}], [{"wd": "always"}, {"wd": "consistently"}, {"wd": "constantly"}, {"wd": "invariably"}], [{"wd": "continually"}, {"wd": "continuingly"}, {"wd": "continuously"}, {"wd": "incessantly"}, {"wd": "perpetually"}, {"wd": "unceasingly"}, {"wd": "uninterruptedly"}], [{"wd": "endlessly"}, {"wd": "ever"}, {"wd": "interminably"}], [{"wd": "frequently"}, {"wd": "hourly"}, {"wd": "much"}, {"wd": "oft"}, {"wd": "often"}, {"wd": "oftentimes"}]]}]]]}], "shortdef": ["not constantly or steadily over a period of time"]}, {"meta": {"id": "on a dime", "uuid": "e25c8203-4eb9-4774-a6df-147d611da725", "src": "CTenhance", "section": "phrases", "stems": ["on a dime"], "syns": [["bang", "directly", "forthwith", "headlong", "immediately", "incontinently", "instantaneously", "instanter", "instantly", "now", "PDQ", "plumb", "presently", "promptly", "pronto", "right", "right away", "right now", "right off", "straightaway", "straight off", "straightway"]], "ants": [], "offensive": false}, "hwi": {"hw": "on a dime"}, "fl": "phrase", "def": [{"sseq": [[["sense", {"dt": [["text", "without delay "], ["vis", [{"t": "Now that I got my brakes fixed my car stops {it}on a dime{/it}."}]]], "syn_list": [[{"wd": "bang"}, {"wd": "directly"}, {"wd": "forthwith"}, {"wd": "headlong"}, {"wd": "immediately"}, {"wd": "incontinently"}, {"wd": "instantaneously"}, {"wd": "instanter"}, {"wd": "instantly"}, {"wd": "now"}, {"wd": "PDQ"}, {"wd": "plumb"}, {"wd": "presently"}, {"wd": "promptly"}, {"wd": "pronto"}, {"wd": "right"}, {"wd": "right away"}, {"wd": "right now"}, {"wd": "right off"}, {"wd": "straightaway"}, {"wd": "straight off"}, {"wd": "straightway"}]], "rel_list": [[{"wd": "away"}, {"wd": "freely"}], [{"wd": "anon"}, {"wd": "momentarily"}, {"wd": "shortly"}, {"wd": "soon"}], [{"wd": "apace"}, {"wd": "briskly"}, {"wd": "fast"}, {"wd": "fleetly"}, {"wd": "full-tilt"}, {"wd": "posthaste"}, {"wd": "quick"}, {"wd": "quickly"}, {"wd": "rapidly"}, {"wd": "readily"}, {"wd": "snappily"}, {"wd": "speedily"}, {"wd": "swift"}, {"wd": "swiftly"}], [{"wd": "abruptly"}, {"wd": "presto"}, {"wd": "suddenly"}, {"wd": "unexpectedly"}], [{"wd": "hastily"}, {"wd": "impetuously"}, {"wd": "impulsively"}, {"wd": "rashly"}, {"wd": "recklessly"}], [{"wd": "exactly"}, {"wd": "opportunely"}, {"wd": "punctually"}, {"wd": "seasonably"}]], "phrase_list": [[{"wd": "at once"}, {"wd": "in no time"}, {"wd": "off the bat"}, {"wd": "on the double"}, {"wd": "on the spot"}]], "near_list": [[{"wd": "slowly"}], [{"wd": "late"}, {"wd": "tardily"}]]}]]]}], "shortdef": ["without delay"]}, {"meta": {"id": "on account of", "uuid": "9e2228f3-4f69-4609-864d-4ce4c607467d", "src": "CTenhance", "section": "phrases", "stems": ["on account of"], "syns": [["because of", "due to", "owing to", "through", "with"]], "ants": [], "offensive": false}, "hwi": {"hw": "on account of"}, "fl": "phrase", "def": [{"sseq": [[["sense", {"dt": [["text", "as the result of "], ["vis", [{"t": "She was barred from the establishment {it}on account of{/it} her misconduct."}]]], "syn_list": [[{"wd": "because of"}, {"wd": "due to"}, {"wd": "owing to"}, {"wd": "through"}, {"wd": "with"}]]}]]]}], "shortdef": ["as the result of"]}, {"meta": {"id": "on all hands", "uuid": "098009ab-dd00-4903-ba62-6a1ae6620685", "src": "CTenhance", "section": "phrases", "stems": ["on all hands", "on every hand"], "syns": [["all over", "everyplace", "everywhere", "far and wide", "high and low", "throughout"]], "ants": [["nowhere"]], "offensive": false}, "hwi": {"hw": "on all hands"}, "vrs": [{"vl": "or", "va": "on every hand"}], "fl": "phrase", "def": [{"sseq": [[["sense", {"dt": [["text", "in every place or in all places "], ["vis", [{"t": "They agreed {it}on all hands{/it} that a fresh start would be best for the company."}]]], "syn_list": [[{"wd": "all over"}, {"wd": "everyplace"}, {"wd": "everywhere"}, {"wd": "far and wide"}, {"wd": "high and low"}, {"wd": "throughout"}]], "rel_list": [[{"wd": "every which way"}], [{"wd": "right and left"}]], "phrase_list": [[{"wd": "all over the place", "wvrs": [{"wvl": "or", "wva": "all over the map"}]}, {"wd": "far and near"}, {"wd": "in every corner", "wvrs": [{"wvl": "or", "wva": "in every quarter"}]}]], "ant_list": [[{"wd": "nowhere"}]]}]]]}], "shortdef": ["in every place or in all places"]}, {"meta": {"id": "on an even keel", "uuid": "14968489-b9e5-49e3-a182-5773533b53fc", "src": "CTenhance", "section": "phrases", "stems": ["on an even keel", "on even keel"], "syns": [["changeless", "constant", "stable", "stationary", "steady", "unchanging", "unvarying"]], "ants": [["capricious", "changeful", "changing", "fickle", "fluctuating", "fluid", "inconstant", "mercurial", "skittish", "uncertain", "unpredictable", "unsettled", "unstable", "unsteady", "varying", "volatile"]], "offensive": false}, "hwi": {"hw": "on an even keel"}, "vrs": [{"vl": "also", "va": "on even keel"}], "fl": "phrase", "def": [{"sseq": [[["sense", {"dt": [["text", "not undergoing a change in condition "], ["vis", [{"t": "She's kept her credit score {it}on an even keel{/it} so she hopes to be able to buy a car soon."}]]], "syn_list": [[{"wd": "changeless"}, {"wd": "constant"}, {"wd": "stable"}, {"wd": "stationary"}, {"wd": "steady"}, {"wd": "unchanging"}, {"wd": "unvarying"}]], "rel_list": [[{"wd": "fast"}, {"wd": "fixed"}, {"wd": "hard-and-fast"}, {"wd": "immutable"}, {"wd": "inflexible"}, {"wd": "invariable"}, {"wd": "unalterable"}, {"wd": "unchangeable"}], [{"wd": "established"}, {"wd": "set"}, {"wd": "settled"}], [{"wd": "ceaseless"}, {"wd": "continuing"}, {"wd": "durable"}, {"wd": "enduring"}, {"wd": "lasting"}, {"wd": "permanent"}]], "near_list": [[{"wd": "adaptable"}, {"wd": "alterable"}, {"wd": "changeable"}, {"wd": "flexible"}, {"wd": "mutable"}, {"wd": "variable"}], [{"wd": "ephemeral"}, {"wd": "evanescent"}, {"wd": "fleeting"}, {"wd": "momentary"}, {"wd": "transient"}, {"wd": "transitory"}], [{"wd": "kaleidoscopic"}, {"wd": "phantasmagoric", "wvrs": [{"wvl": "or", "wva": "phantasmagorical"}]}]], "ant_list": [[{"wd": "capricious"}, {"wd": "changeful"}, {"wd": "changing"}, {"wd": "fickle"}, {"wd": "fluctuating"}, {"wd": "fluid"}, {"wd": "inconstant"}, {"wd": "mercurial"}, {"wd": "skittish"}, {"wd": "uncertain"}, {"wd": "unpredictable"}, {"wd": "unsettled"}, {"wd": "unstable"}, {"wd": "unsteady"}, {"wd": "varying"}, {"wd": "volatile"}]]}]]]}], "shortdef": ["not undergoing a change in condition"]}]