[{"meta": {"id": "on:1", "uuid": "32a42c5d-46e8-43b7-b5ad-85efa4cee6b9", "sort": "150698000", "src": "collegiate", "section": "alpha", "stems": ["on"], "offensive": false}, "hom": 1, "hwi": {"hw": "on", "prs": [{"mw": "\u02c8\u022fn", "sound": {"audio": "on000001", "ref": "c", "stat": "1"}}, {"mw": "\u02c8\u00e4n"}]}, "fl": "preposition", "def": [{"sseq": [[["sense", {"sn": "1 a", "dt": [["uns", [[["text", "used as a function word to indicate position in contact with and supported by the top surface of "], ["vis", [{"t": "the book is lying {wi}on{/wi} the table"}]]]]]]}], ["sense", {"sn": "b", "dt": [["uns", [[["text", "used as a function word to indicate position in or in contact with an outer surface "], ["vis", [{"t": "the fly landed {wi}on{/wi} the ceiling"}, {"t": "I have a cut {wi}on{/wi} my finger"}, {"t": "paint {wi}on{/wi} the wall"}]]]]]]}], ["sense", {"sn": "c", "dt": [["uns", [[["text", "used as a function word to indicate position in close proximity with "], ["vis", [{"t": "a village {wi}on{/wi} the sea"}, {"t": "stay {wi}on{/wi} your opponent"}]]]]]]}], ["sense", {"sn": "d", "dt": [["uns", [[["text", "used as a function word to indicate the location of something "], ["vis", [{"t": "{wi}on{/wi} the left"}, {"t": "{wi}on{/wi} the south side of the house"}, {"t": "{wi}on{/wi} the farm"}]]]]]]}]], [["sense", {"sn": "2 a", "dt": [["uns", [[["text", "used as a function word to indicate a source of attachment or support "], ["vis", [{"t": "{wi}on{/wi} a string"}, {"t": "stand {wi}on{/wi} one foot"}, {"t": "hang it {wi}on{/wi} a nail"}]]]]]]}], ["sense", {"sn": "b", "dt": [["uns", [[["text", "used as a function word to indicate a source of dependence "], ["vis", [{"t": "you can rely {wi}on{/wi} me"}, {"t": "feeds {wi}on{/wi} insects"}, {"t": "lives {wi}on{/wi} a pension"}]]]]]]}], ["sense", {"sn": "c", "dt": [["uns", [[["text", "used as a function word to indicate means of conveyance "], ["vis", [{"t": "{wi}on{/wi} the bus"}]]]]]]}], ["sense", {"sn": "d", "dt": [["uns", [[["text", "used as a function word to indicate presence in the possession of "], ["vis", [{"t": "had a knife {wi}on{/wi} him"}]]]]]]}]], [["sense", {"sn": "3", "dt": [["uns", [[["text", "used as a function word to indicate a time frame during which something takes place "], ["vis", [{"t": "a parade {wi}on{/wi} Sunday"}]], ["text", " or an instant, action, or occurrence when something begins or is done "], ["vis", [{"t": "{wi}on{/wi} cue"}, {"t": "{wi}on{/wi} arriving home, I found your letter"}, {"t": "news {wi}on{/wi} the hour"}, {"t": "cash {wi}on{/wi} delivery"}]]]]]]}]], [["sense", {"sn": "4", "sls": ["archaic"], "dt": [["text", "{bc}{sx|of||}"]]}]], [["sense", {"sn": "5 a", "dt": [["uns", [[["text", "used as a function word to indicate manner of doing something"]], [["text", "often used with {it}the{/it} "], ["vis", [{"t": "{wi}on{/wi} the sly"}, {"t": "keep everything {wi}on{/wi} the up-and-up"}]]]]]]}], ["sense", {"sn": "b", "dt": [["uns", [[["text", "used as a function word to indicate means or agency "], ["vis", [{"t": "cut myself {wi}on{/wi} a knife"}, {"t": "talk {wi}on{/wi} the telephone"}]]]]]]}], ["sense", {"sn": "c", "dt": [["uns", [[["text", "used as a function word to indicate a medium of expression "], ["vis", [{"t": "{wi}on{/wi} stage"}, {"t": "best show {wi}on{/wi} television"}]]]]]]}]], [["pseq", [["sense", {"sn": "6 a (1)", "dt": [["uns", [[["text", "used as a function word to indicate active involvement in a condition or status "], ["vis", [{"t": "{wi}on{/wi} the increase"}, {"t": "{wi}on{/wi} the lookout"}]]]]]]}], ["sense", {"sn": "(2)", "dt": [["text", "{bc}regularly using or showing the effects of using "], ["vis", [{"t": "{wi}on{/wi} drugs"}]]]}]]], ["sense", {"sn": "b", "dt": [["uns", [[["text", "used as a function word to indicate involvement or participation "], ["vis", [{"t": "{wi}on{/wi} tour"}, {"t": "{wi}on{/wi} the team"}, {"t": "{wi}on{/wi} duty"}]]]]]]}], ["sense", {"sn": "c", "dt": [["uns", [[["text", "used as a function word to indicate inclusion "], ["vis", [{"t": "put it {wi}on{/wi} the agenda"}]]]]]]}], ["sense", {"sn": "d", "dt": [["uns", [[["text", "used as a function word to indicate position or status in proper relationship with a standard or objective "], ["vis", [{"t": "{wi}on{/wi} schedule"}]]]]]]}]], [["sense", {"sn": "7 a", "dt": [["uns", [[["text", "used as a function word to indicate reason, ground, or basis (as for an action, opinion, or computation) "], ["vis", [{"t": "I have it {wi}on{/wi} good authority"}, {"t": "{wi}on{/wi} one condition"}, {"t": "the interest will be 10 cents {wi}on{/wi} the dollar"}]]]]]]}], ["sense", {"sn": "b", "dt": [["uns", [[["text", "used as a function word to indicate the cause or source "], ["vis", [{"t": "profited {wi}on{/wi} the sale of stock"}]]]]]]}], ["sense", {"sn": "c", "dt": [["uns", [[["text", "used as a function word to indicate the focus of obligation or responsibility "], ["vis", [{"t": "drinks are {wi}on{/wi} the house"}, {"t": "put the blame {wi}on{/wi} me"}]]]]]]}]], [["sense", {"sn": "8 a", "dt": [["uns", [[["text", "used as a function word to indicate the object of collision, opposition, or hostile action "], ["vis", [{"t": "bumped my head {wi}on{/wi} a limb"}, {"t": "an attack {wi}on{/wi} religion"}, {"t": "pulled a gun {wi}on{/wi} me"}]]]]]]}], ["sense", {"sn": "b", "dt": [["uns", [[["text", "used as a function word to indicate the object with respect to some disadvantage, handicap, or detriment "], ["vis", [{"t": "has three inches in height {wi}on{/wi} me"}, {"t": "a 3-game lead {wi}on{/wi} the second-place team"}, {"t": "the joke's {wi}on{/wi} me"}]]]]]]}]], [["sense", {"sn": "9 a", "dt": [["uns", [[["text", "used as a function word to indicate destination or the focus of some action, movement, or directed effort "], ["vis", [{"t": "crept up {wi}on{/wi} him"}, {"t": "feast your eyes {wi}on{/wi} this"}, {"t": "working {wi}on{/wi} my skiing"}, {"t": "made a payment {wi}on{/wi} the loan"}]]]]]]}], ["sense", {"sn": "b", "dt": [["uns", [[["text", "used as a function word to indicate the focus of feelings, determination, or will "], ["vis", [{"t": "have pity {wi}on{/wi} me"}, {"t": "keen {wi}on{/wi} sports"}, {"t": "a curse {wi}on{/wi} you"}]]]]]]}], ["sense", {"sn": "c", "dt": [["uns", [[["text", "used as a function word to indicate the object with respect to some misfortune or disadvantageous event "], ["vis", [{"t": "the crops died {wi}on{/wi} them"}]]]]]]}], ["sense", {"sn": "d", "dt": [["uns", [[["text", "used as a function word to indicate the subject of study, discussion, or consideration "], ["vis", [{"t": "a book {wi}on{/wi} insects"}, {"t": "reflect {wi}on{/wi} that a moment"}, {"t": "agree {wi}on{/wi} price"}]]]]]]}], ["sense", {"sn": "e", "dt": [["text", "{bc}with respect to "], ["vis", [{"t": "go light {wi}on{/wi} the salt"}, {"t": "short {wi}on{/wi} cash"}]]]}]], [["sense", {"sn": "10", "dt": [["uns", [[["text", "used as a function word to indicate reduplication or succession in a series "], ["vis", [{"t": "loss {wi}on{/wi} loss"}, {"t": "trouble {wi}on{/wi} trouble"}]]]]]]}]]]}], "et": [["text", "Middle English {it}an, on{/it}, preposition & adverb, from Old English; akin to Old High German {it}ana{/it} on, Greek {it}ana{/it} up, on"]], "date": "before 12th century{ds||1|a|}", "shortdef": ["\u2014used as a function word to indicate position in contact with and supported by the top surface of", "\u2014used as a function word to indicate position in or in contact with an outer surface", "\u2014used as a function word to indicate position in close proximity with"]}, {"meta": {"id": "on:2", "uuid": "ff7b7ff1-9a18-4f65-8423-6337138de1fb", "sort": "150699000", "src": "collegiate", "section": "alpha", "stems": ["on"], "offensive": false}, "hom": 2, "hwi": {"hw": "on"}, "fl": "adverb", "def": [{"sseq": [[["sense", {"sn": "1 a", "dt": [["text", "{bc}in or into a position of contact with an upper surface especially so as to be positioned for use or operation "], ["vis", [{"t": "put the plates {wi}on{/wi}"}]]]}], ["sense", {"sn": "b", "dt": [["text", "{bc}in or into a position of being attached to or covering a surface"]], "sdsense": {"sd": "especially", "dt": [["text", "{bc}in or into the condition of being worn "], ["vis", [{"t": "put his new shoes {wi}on{/wi}"}]]]}}]], [["sense", {"sn": "2 a", "dt": [["text", "{bc}forward or at a more advanced point in space or time "], ["vis", [{"t": "went {wi}on{/wi} home"}, {"t": "later {wi}on{/wi}"}]]]}], ["sense", {"sn": "b", "dt": [["text", "{bc}in continuance or succession "], ["vis", [{"t": "rambled {wi}on{/wi}"}, {"t": "and so {wi}on{/wi}"}]]]}]], [["sense", {"sn": "3", "dt": [["text", "{bc}into operation or a position permitting operation "], ["vis", [{"t": "switched the light {wi}on{/wi}"}]]]}]]]}], "et": [["text", "{dx_ety}see {dxt|on:1||}{/dx_ety}"]], "date": "before 12th century{ds||1|a|}", "shortdef": ["in or into a position of contact with an upper surface especially so as to be positioned for use or operation", "in or into a position of being attached to or covering a surface; especially : in or into the condition of being worn", "forward or at a more advanced point in space or time"]}, {"meta": {"id": "on:3", "uuid": "a70aa49a-49b6-4e71-b330-26b3decaab1a", "sort": "150700000", "src": "collegiate", "section": "alpha", "stems": ["on"], "offensive": false}, "hom": 3, "hwi": {"hw": "on"}, "fl": "adjective", "def": [{"sseq": [[["sense", {"sn": "1", "dt": [["text", "{bc}engaged in an activity or function (such as a dramatic role)"]]}]], [["pseq", [["sense", {"sn": "2 a (1)", "dt": [["text", "{bc}being in operation "], ["vis", [{"t": "The radio is {wi}on{/wi}."}]]]}], ["sense", {"sn": "(2)", "dt": [["text", "{bc}placed so as to permit operation "], ["vis", [{"t": "The switch is {wi}on{/wi}."}]]]}]]], ["sense", {"sn": "b", "dt": [["text", "{bc}taking place or being broadcast "], ["vis", [{"t": "The game is {wi}on{/wi}."}]]]}]], [["sense", {"sn": "3", "dt": [["text", "{bc}aware of something "], ["uns", [[["text", "usually used with {it}to{/it} "], ["vis", [{"t": "My boss was {wi}on{/wi} to me."}]]]]]]}]], [["sense", {"sn": "4", "dt": [["text", "{bc}{sx|intended||}, {sx|planned||} "], ["vis", [{"t": "has nothing {wi}on{/wi} for tonight"}]]]}]], [["sense", {"sn": "5", "sls": ["British"], "dt": [["text", "{bc}talking or harping incessantly "], ["uns", [[["text", "used with {it}about{/it}"]]]]]}]], [["sense", {"sn": "6", "sls": ["chiefly British"], "dt": [["text", "{bc}regarded as possible or feasible "], ["uns", [[["text", "usually used in negative constructions"]]]]]}]], [["sense", {"sn": "7 a", "dt": [["text", "{bc}engaged in or as if in a performance "], ["vis", [{"t": "The comedian was always {wi}on{/wi}."}]]]}], ["sense", {"sn": "b", "dt": [["text", "{bc}being at a high level of performance"]]}]]]}], "et": [["text", "{dx_ety}see {dxt|on:1||}{/dx_ety}"]], "date": "circa 1541{ds||1||}", "shortdef": ["engaged in an activity or function (such as a dramatic role)", "being in operation", "placed so as to permit operation"]}, {"meta": {"id": "ON", "uuid": "c438e885-4a51-4471-b67d-e226c6b762e8", "sort": "150701000", "src": "collegiate", "section": "alpha", "stems": ["ON", "Ont"], "offensive": false}, "hwi": {"hw": "ON"}, "vrs": [{"vl": "or", "va": "Ont"}], "fl": "abbreviation", "def": [{"sseq": [[["sense", {"dt": [["text", "Ontario"]]}]]]}], "shortdef": ["Ontario"]}, {"meta": {"id": "-on:1", "uuid": "9c433572-66aa-46ce-89d7-2d7ede11fe46", "sort": "150702000", "src": "collegiate", "section": "alpha", "stems": ["-on", "-ons"], "offensive": false}, "hom": 1, "hwi": {"hw": "-on"}, "fl": "noun suffix", "def": [{"sseq": [[["sense", {"dt": [["text", "{bc}chemical compound not a ketone or other oxo compound "], ["vis", [{"t": "parathi{it}on{/it}"}]]]}]]]}], "et": [["text", "International Scientific Vocabulary, alteration of {it}-one{/it}"]], "shortdef": ["chemical compound not a ketone or other oxo compound"]}, {"meta": {"id": "-on:2", "uuid": "844b83e6-eb5b-4dc3-bb18-0451306d66c6", "sort": "150703000", "src": "collegiate", "section": "alpha", "stems": ["-on", "-ons"], "offensive": false}, "hom": 2, "hwi": {"hw": "-on"}, "fl": "noun suffix", "def": [{"sseq": [[["sense", {"sn": "1", "dt": [["text", "{bc}subatomic particle "], ["vis", [{"t": "nucle{it}on{/it}"}]]]}]], [["sense", {"sn": "2 a", "dt": [["text", "{bc}unit {bc}quantum "], ["vis", [{"t": "phot{it}on{/it}"}, {"t": "magnet{it}on{/it}"}]]]}], ["sense", {"sn": "b", "dt": [["text", "{bc}basic hereditary component "], ["vis", [{"t": "cistr{it}on{/it}"}, {"t": "oper{it}on{/it}"}]]]}]]]}], "et": [["text", "from {it}-on{/it} (in {it}ion{/it})"]], "shortdef": ["subatomic particle", "unit : quantum", "basic hereditary component"]}, {"meta": {"id": "-on:3", "uuid": "6aa8b994-28d0-44b0-851d-140992d7e2b5", "sort": "150704000", "src": "collegiate", "section": "alpha", "stems": ["-on", "-ons"], "offensive": false}, "hom": 3, "hwi": {"hw": "-on"}, "fl": "noun suffix", "def": [{"sseq": [[["sense", {"dt": [["text", "{bc}noble gas "], ["vis", [{"t": "rad{it}on{/it}"}]]]}]]]}], "et": [["text", "New Latin, from {it}-on{/it} (in {it}argon{/it})"]], "shortdef": ["noble gas"]}, {"meta": {"id": "on-again, off-again", "uuid": "6150c044-443f-40ed-bf60-7a1673a4e132", "sort": "150705000", "src": "collegiate", "section": "alpha", "stems": ["on-again, off-again"], "offensive": false}, "hwi": {"hw": "on-again, off-again"}, "fl": "adjective", "def": [{"sseq": [[["sense", {"dt": [["text", "{bc}existing briefly and in an intermittent unpredictable way "], ["vis", [{"t": "{it}on-again, off-again{/it} fads"}]]]}]]]}], "date": "1946", "shortdef": ["existing briefly and in an intermittent unpredictable way"]}, {"meta": {"id": "on and off", "uuid": "9d58353c-b88a-4ba2-8ce7-727a26914e98", "sort": "150707000", "src": "collegiate", "section": "alpha", "stems": ["on and off", "on-and-off"], "offensive": false}, "hwi": {"hw": "on and off"}, "fl": "adverb", "def": [{"sseq": [[["sense", {"dt": [["text", "{bc}with periodic cessation {bc}{sx|off and on||}, {sx|intermittently||} "], ["vis", [{"t": "Lucy was sick {wi}on and off{/wi} for two years before doctors were able to discover what was wrong.", "aq": {"auth": "Jo Abi"}}]]]}]]]}], "uros": [{"ure": "on-and-off", "fl": "adjective", "utxt": [["vis", [{"t": "It took more than 20 break-ups for Melissa Meagher to realise her six-year {wi}on-and-off{/wi} relationship with her ex had to end for good.", "aq": {"auth": "Sophie Aubrey"}}]]]}], "date": "1668", "shortdef": ["with periodic cessation : off and on, intermittently"]}, {"meta": {"id": "on-base percentage", "uuid": "b62fe3b9-4501-4073-ae1f-57c393df9946", "sort": "150709000", "src": "collegiate", "section": "alpha", "stems": ["on-base percentage", "on-base percentages"], "offensive": false}, "hwi": {"hw": "on-base percentage"}, "fl": "noun", "def": [{"sls": ["baseball"], "sseq": [[["sense", {"dt": [["text", "{bc}a statistic that is expressed as a 3-digit decimal and that indicates the frequency with which a batter reaches base by a hit, a walk, or being hit by a pitch "], ["snote", [["t", " A batter with an on-base percentage of .350 has reached base 3.5 times for every 10 at bats."]]], ["vis", [{"t": "Through Sunday he led the league in {wi}on-base percentage{/wi} (.479) and hits (40) and was second in runs scored (21) and ninth in slugging percentage (.515).", "aq": {"auth": "Ivan Maisel"}}, {"t": "\u2026 he understood that {wi}on-base percentage{/wi} was a far better tool to evaluate a hitter than batting average \u2026", "aq": {"auth": "Tom Verducci"}}]]]}]]]}], "date": "1949", "shortdef": ["a statistic that is expressed as a 3-digit decimal and that indicates the frequency with which a batter reaches base by a hit, a walk, or being hit by a pitch"]}]