[{"meta": {"id": "one:1", "uuid": "dbb3d90b-9248-4c9a-baa9-2b24c6d6ce63", "sort": "150726000", "src": "collegiate", "section": "alpha", "stems": ["one"], "offensive": false}, "hom": 1, "hwi": {"hw": "one", "prs": [{"mw": "\u02c8w\u0259n", "sound": {"audio": "one00001", "ref": "c", "stat": "1"}}]}, "fl": "adjective", "def": [{"sseq": [[["sense", {"sn": "1", "dt": [["text", "{bc}being a single unit or thing "], ["vis", [{"t": "{wi}one{/wi} day at a time"}, {"t": "She is {wi}one{/wi} year old."}]]]}]], [["sense", {"sn": "2 a", "dt": [["text", "{bc}being one in particular "], ["vis", [{"t": "early {wi}one{/wi} morning"}, {"t": "The Grand Canyon is {wi}one{/wi} place I'd like to visit."}]]]}], ["sense", {"sn": "b", "dt": [["text", "{bc}being preeminently what is indicated "], ["vis", [{"t": "{wi}one{/wi} fine person"}, {"t": "She is {wi}one{/wi} tough teacher."}]]]}]], [["sense", {"sn": "3 a", "dt": [["text", "{bc}being the same in kind or quality "], ["vis", [{"t": "both of {wi}one{/wi} species"}, {"t": "\"Puma\" and \"cougar\" are different names for {wi}one{/wi} animal."}]]]}], ["pseq", [["sense", {"sn": "b (1)", "dt": [["text", "{bc}constituting a unified entity of two or more components "], ["vis", [{"t": "The combined elements form {wi}one{/wi} substance."}]]]}], ["sense", {"sn": "(2)", "dt": [["text", "{bc}being in agreement or union "], ["vis", [{"t": "am {wi}one{/wi} with you on this"}]]]}]]]], [["sense", {"sn": "4 a", "dt": [["text", "{bc}{sx|some||1} "], ["vis", [{"t": "will see you again {wi}one{/wi} day"}]]]}], ["sense", {"sn": "b", "dt": [["text", "{bc}being a certain individual specified by name "], ["vis", [{"t": "{wi}one{/wi} John Doe made a speech"}]]]}]], [["sense", {"sn": "5", "dt": [["text", "{bc}{sx|only||2a} "], ["vis", [{"t": "the {wi}one{/wi} person she wanted to marry"}]]]}]]]}], "et": [["text", "Middle English {it}on, an{/it}, from Old English {it}\u0101n{/it}; akin to Old High German {it}ein{/it} one, Latin {it}unus{/it} (Old Latin {it}oinos{/it}), Sanskrit {it}eka{/it}"]], "date": "before 12th century{ds||1||}", "shortdef": ["being a single unit or thing", "being one in particular", "being preeminently what is indicated"]}, {"meta": {"id": "one:2", "uuid": "2b68d59c-2a9b-47fe-9cd6-0e2e922733db", "sort": "150727000", "src": "collegiate", "section": "alpha", "stems": ["1", "at one", "for one", "one", "ones"], "offensive": false}, "hom": 2, "hwi": {"hw": "one"}, "fl": "noun", "def": [{"sseq": [[["sense", {"sn": "1", "dt": [["text", "{bc}the first whole number above zero {dx}see {dxt|Table of Numbers|number|table}{/dx}"]]}]], [["sense", {"sn": "2", "dt": [["text", "{bc}the number denoting unity"]]}]], [["sense", {"sn": "3 a", "dt": [["text", "{bc}the first in a set or series "], ["uns", [[["text", "often used with an attributive noun "], ["vis", [{"t": "day {wi}one{/wi}"}]]]]]]}], ["sense", {"sn": "b", "dt": [["text", "{bc}an article of clothing of a size designated {it}one{/it} "], ["vis", [{"t": "wears a {wi}one{/wi}"}]]]}]], [["sense", {"sn": "4", "dt": [["text", "{bc}a single person or thing "], ["vis", [{"t": "has the {wi}one{/wi} but needs the other"}]]]}]], [["sense", {"sn": "5", "dt": [["text", "{bc}a one-dollar bill"]]}]]]}], "dros": [{"drp": "at one", "def": [{"sseq": [[["sense", {"dt": [["text", "{bc}at harmony {bc}in a state of agreement"]]}]]]}]}, {"drp": "for one", "def": [{"sseq": [[["sense", {"dt": [["text", "{bc}as one example "], ["vis", [{"t": "I {it}for one{/it} disagree"}]]]}]]]}]}], "et": [["text", "{dx_ety}see {dxt|one:1||}{/dx_ety}"]], "date": "before 12th century{ds||1||}", "shortdef": ["the first whole number above zero", "the number denoting unity", "the first in a set or series \u2014often used with an attributive noun"]}, {"meta": {"id": "one:3", "uuid": "48c00242-a832-46de-86f0-fe8205e1fd97", "sort": "150728000", "src": "collegiate", "section": "alpha", "stems": ["one"], "offensive": false}, "hom": 3, "hwi": {"hw": "one"}, "fl": "pronoun", "def": [{"sseq": [[["sense", {"sn": "1", "dt": [["text", "{bc}a certain indefinitely indicated person or thing "], ["vis", [{"t": "saw {wi}one{/wi} of his friends"}]]]}]], [["sense", {"sn": "2 a", "dt": [["text", "{bc}an individual of a vaguely indicated group {bc}anyone at all "], ["vis", [{"t": "{wi}one{/wi} never knows"}]]]}], ["sense", {"sn": "b", "dt": [["uns", [[["text", "used as a third person substitute for a first person pronoun "], ["vis", [{"t": "I'd like to read more but {wi}one{/wi} doesn't have the time."}]]]]]]}]], [["sense", {"sn": "3", "dt": [["text", "{bc}a single instance of a specified action "], ["vis", [{"t": "felt like belting him {wi}one{/wi}", "aq": {"auth": "John Casey"}}]]]}]]]}], "usages": [{"pl": "Using {parahw}one{/parahw} as a Pronoun", "pt": [["text", "Sense 2a is usually a sign of a formal style. A formal style excludes the participation of the reader or hearer; thus {it}one{/it} is used where a less formal style might address the reader directly. "], ["vis", [{"t": "for the consequences of such choices, {it}one{/it} has only oneself to thank", "aq": {"auth": "Walker Gibson"}}]], ["text", " This generic {it}one{/it} has never been common in informal use in either British or American English, and people who start sentences with {it}one{/it} often shift to another pronoun more natural to casual discourse. "], ["vis", [{"t": "when {it}one{/it} is learning the river, he is not allowed to do or think about anything else", "aq": {"auth": "Mark Twain"}}]], ["text", " Use of {it}one{/it} to replace a first-person pronoun\u2014sense 2b\u2014has occasionally been criticized. It is more common in British English than in American. "], ["vis", [{"t": "I'm watching this pretty carefully and I hope that the issue will come up in the Lords and {it}one{/it} may be able to speak about it", "aq": {"auth": "Donald Coggan"}}]]]}], "et": [["text", "{dx_ety}see {dxt|one:1||}{/dx_ety}"]], "date": "13th century{ds||1||}", "shortdef": ["a certain indefinitely indicated person or thing", "an individual of a vaguely indicated group : anyone at all", "\u2014used as a third person substitute for a first person pronoun"]}, {"meta": {"id": "-one", "uuid": "95db8af9-5bb5-4b86-9625-aa39f887dc36", "sort": "150729000", "src": "collegiate", "section": "alpha", "stems": ["-one", "-ones"], "offensive": false}, "hwi": {"hw": "-one"}, "fl": "noun suffix", "def": [{"sseq": [[["sense", {"dt": [["text", "{bc}ketone or related or analogous compound or class of compounds "], ["vis", [{"t": "lact{it}one{/it}"}, {"t": "quin{it}one{/it}"}]]]}]]]}], "et": [["text", "International Scientific Vocabulary, alteration of {it}-ene{/it}"]], "shortdef": ["ketone or related or analogous compound or class of compounds"]}, {"meta": {"id": "one another", "uuid": "74f2750b-e89d-47e9-9afd-848116fa1118", "sort": "150730000", "src": "collegiate", "section": "alpha", "stems": ["one another"], "offensive": false}, "hwi": {"hw": "one another"}, "fl": "pronoun", "def": [{"sseq": [[["sense", {"dt": [["text", "{bc}{sx|each other||}"]]}]]]}], "usages": [{"pl": "{parahw}each other{/parahw} vs. {parahw}one another{/parahw}", "pt": [["text", "Some handbooks and textbooks recommend that {it}each other{/it} be restricted to reference to two and {it}one another{/it} to reference to three or more. The distinction, while neat, is not observed in actual usage. {it}Each other{/it} and {it}one another{/it} are used interchangeably by good writers and have been since at least the 16th century."]]}], "date": "1526", "shortdef": ["each other"]}, {"meta": {"id": "one-armed bandit", "uuid": "0636ae16-5ef5-42ef-bb0e-9b4d78c94eb2", "sort": "150731000", "src": "collegiate", "section": "alpha", "stems": ["one-arm bandit", "one-arm bandits", "one-armed bandit", "one-armed bandits"], "offensive": false}, "hwi": {"hw": "one-armed bandit", "prs": [{"mw": "\u02c8w\u0259n-\u02c8\u00e4rm(d)-", "sound": {"audio": "onearm01", "ref": "c", "stat": "1"}}]}, "vrs": [{"vl": "or less commonly", "va": "one-arm bandit", "prs": [{"mw": "\u02c8w\u0259n-\u02c8\u00e4rm-", "sound": {"audio": "one-arm-bandit_1", "ref": "owl", "stat": "1"}}]}], "fl": "noun", "def": [{"sseq": [[["sense", {"dt": [["text", "{bc}{sx|slot machine||2}"]]}]]]}], "date": "1934", "shortdef": ["slot machine"]}, {"meta": {"id": "one-bagger", "uuid": "34994b2a-f966-46f7-a582-d33282986518", "sort": "150732000", "src": "collegiate", "section": "alpha", "stems": ["one-bagger", "one-baggers", "one-base hit"], "offensive": false}, "hwi": {"hw": "one-bag*ger", "prs": [{"mw": "\u02c8w\u0259n-\u02c8ba-g\u0259r", "sound": {"audio": "onebag01", "ref": "c", "stat": "1"}}]}, "fl": "noun", "def": [{"sseq": [[["sense", {"dt": [["text", "{bc}{sx|single||2}"]]}]]]}], "date": "1952", "shortdef": ["single"]}, {"meta": {"id": "one-dimensional", "uuid": "75c29c95-626f-4859-9732-46fa071429f3", "sort": "150733000", "src": "collegiate", "section": "alpha", "stems": ["one-dimensional", "one-dimensionalities", "one-dimensionality"], "offensive": false}, "hwi": {"hw": "one-di*men*sion*al", "prs": [{"mw": "\u02c8w\u0259n-d\u0259-\u02c8mench-n\u0259l"}, {"mw": "-\u02c8men(t)-sh\u0259-n\u1d4al", "sound": {"audio": "one-dimensional_1", "ref": "owl", "stat": "1"}}, {"l": "also", "mw": "-d\u012b-"}]}, "fl": "adjective", "def": [{"sseq": [[["sense", {"sn": "1", "dt": [["text", "{bc}having one dimension"]]}]], [["sense", {"sn": "2", "dt": [["text", "{bc}lacking depth {bc}{sx|superficial||} "], ["vis", [{"t": "{wi}one-dimensional{/wi} characters"}]]]}]]]}], "uros": [{"ure": "one-di*men*sion*al*i*ty", "prs": [{"mw": "\u02c8w\u0259n-d\u0259-\u02ccmen(t)-sh\u0259-\u02c8na-l\u0259-t\u0113", "sound": {"audio": "one-dimensional_2", "ref": "owl", "stat": "1"}}, {"l": "also", "mw": "-d\u012b-"}], "fl": "noun"}], "date": "1883{ds||1||}", "shortdef": ["having one dimension", "lacking depth : superficial"]}, {"meta": {"id": "one-handed", "uuid": "ea2d6022-d195-47e1-9f99-32d62c578880", "sort": "150735000", "src": "collegiate", "section": "alpha", "stems": ["one-handed"], "offensive": false}, "hwi": {"hw": "one-hand*ed", "prs": [{"mw": "\u02c8w\u0259n-\u02c8han-d\u0259d", "sound": {"audio": "onehan01", "ref": "c", "stat": "1"}}]}, "fl": "adjective", "def": [{"sseq": [[["sense", {"sn": "1", "dt": [["text", "{bc}having or using only one hand "], ["vis", [{"t": "could beat him up {wi}one-handed{/wi}"}]]]}]], [["sense", {"sn": "2 a", "dt": [["text", "{bc}designed for or requiring the use of only one hand"]]}], ["sense", {"sn": "b", "dt": [["text", "{bc}effected by the use of only one hand"]]}]]]}], "date": "15th century{ds||1||}", "shortdef": ["having or using only one hand", "designed for or requiring the use of only one hand", "effected by the use of only one hand"]}, {"meta": {"id": "one-hit wonder", "uuid": "be80d625-a2e0-4032-8e6c-66bf9ec26efe", "sort": "150735500", "src": "collegiate", "section": "alpha", "stems": ["one-hit wonder", "one-hit wonders", "one hit wonder", "one hit wonders", "one-hit-wonder", "one-hit-wonders"], "offensive": false}, "hwi": {"hw": "one-hit wonder"}, "vrs": [{"vl": "or less commonly", "va": "one hit wonder"}, {"vl": "or", "va": "one-hit-wonder"}], "fl": "noun", "ins": [{"il": "plural", "if": "one-hit wonders"}, {"il": "also", "if": "one hit wonders"}, {"il": "or", "if": "one-hit-wonders"}], "def": [{"sseq": [[["sense", {"sn": "1", "dt": [["text", "{bc}a musical group that has achieved recognition on the basis of only one widely popular song "], ["vis", [{"t": "Such folks as John Lennon, the Byrds, Lou Rawls, the Hollies, Cyndi Lauper and {wi}one-hit wonder{/wi} Peter McCann will entertain you via a radio played at an unobtrusive level.", "aq": {"auth": "Pete Bishop"}}]]], "sdsense": {"sd": "also", "dt": [["text", "{bc}the widely popular song of a one-hit wonder "], ["vis", [{"t": "Their 1994 hit {ldquo}Macarena{rdquo} has often been voted as the top {wi}one-hit-wonder{/wi} of all time.", "aq": {"auth": "Kathryn Williams"}}]]]}}]], [["sense", {"sn": "2", "dt": [["text", "{bc}a person, group, or organization that is known only for a single notable event, product, etc. "], ["vis", [{"t": "But without Pat Croce or Maurice Cheeks to mediate the Larry Brown-Allen Iverson relationship, the Sixers could easily be a {wi}one-hit wonder{/wi}.", "aq": {"auth": "Mike Wise"}}, {"t": "Years later, [Steve] Jobs famously described how devastated he felt, only to realize that getting fired from Apple helped him develop the sustained creativity that turned him from a {wi}one-hit wonder{/wi} into a great business leader.", "aq": {"auth": "Rick Newman"}}]]], "sdsense": {"sd": "also", "dt": [["text", "{bc}the notable event, product, etc. of a one-hit wonder "], ["vis", [{"t": "For readers who aren't as head-over-heels for poetry as I am, {it}The Bell Jar{/it} might seem like writer Sylvia Plath's {wi}one hit wonder{/wi}.", "aq": {"auth": "E. Ce Miller"}}]]]}}]]]}], "date": "1957{ds||1||}", "shortdef": ["a musical group that has achieved recognition on the basis of only one widely popular song; also : the widely popular song of a one-hit wonder", "a person, group, or organization that is known only for a single notable event, product, etc.; also : the notable event, product, etc. of a one-hit wonder"]}]