[{"meta": {"id": "ooh", "uuid": "85b69047-a777-4eaf-bd6f-aa022bc18344", "src": "CTcompile", "section": "alpha", "stems": ["ooh"], "syns": [["glory", "ha", "hallelujah", "hey", "hooray", "hot dog", "huzzah", "wahoo", "whee", "whoopee", "yahoo", "yippee", "gee", "gee whiz", "gosh", "wow", "zowie"]], "ants": [["alack", "alas", "aw", "boo"]], "offensive": false}, "hwi": {"hw": "ooh"}, "fl": "interjection", "def": [{"sseq": [[["sense", {"dt": [["text", "as in {it}hey{/it}, {it}wow{/it}"]], "sim_list": [[{"wd": "glory", "wvrs": [{"wvl": "or", "wva": "glory be"}]}, {"wd": "ha", "wvrs": [{"wvl": "or", "wva": "hah"}]}, {"wd": "hallelujah"}, {"wd": "hey"}, {"wd": "hooray", "wvrs": [{"wvl": "also", "wva": "hurrah"}, {"wvl": "or", "wva": "hurray"}]}, {"wd": "hot dog"}, {"wd": "huzzah"}, {"wd": "wahoo", "wsls": ["chiefly West"]}, {"wd": "whee"}, {"wd": "whoopee"}, {"wd": "yahoo"}, {"wd": "yippee"}], [{"wd": "gee"}, {"wd": "gee whiz"}, {"wd": "gosh"}], [{"wd": "wow"}, {"wd": "zowie"}]], "opp_list": [[{"wd": "alack"}, {"wd": "alas"}, {"wd": "aw"}, {"wd": "boo"}]]}]]]}], "shortdef": ["as in hey, wow"]}, {"meta": {"id": "ooh", "uuid": "96ec448b-d7e9-4ce2-8def-1cbbd237f942", "src": "CTcompile", "section": "alpha", "stems": ["ooh"], "syns": [["aah", "cry", "ejaculation", "exclamation", "interjection", "holler", "hoot", "howl", "shout", "whoop", "yell", "yelp", "yowl", "scream", "screech", "shriek", "squall", "squeak", "squeal"]], "ants": [], "offensive": false}, "hwi": {"hw": "ooh"}, "fl": "noun", "def": [{"sseq": [[["sense", {"dt": [["text", "as in {it}aah{/it}"]], "sim_list": [[{"wd": "aah", "wvrs": [{"wvl": "also", "wva": "ah"}]}], [{"wd": "cry"}, {"wd": "ejaculation"}, {"wd": "exclamation"}, {"wd": "interjection"}], [{"wd": "holler"}, {"wd": "hoot"}, {"wd": "howl"}, {"wd": "shout"}, {"wd": "whoop"}, {"wd": "yell"}, {"wd": "yelp"}, {"wd": "yowl"}], [{"wd": "scream"}, {"wd": "screech"}, {"wd": "shriek"}, {"wd": "squall"}, {"wd": "squeak"}, {"wd": "squeal"}]]}]]]}], "shortdef": ["as in aah"]}, {"meta": {"id": "ooh", "uuid": "375a8a7e-d891-450a-8564-0de96a2c5f16", "src": "CTcompile", "section": "alpha", "stems": ["ooh"], "syns": [["aah", "bellow", "bleat", "crow", "holler", "hoot", "howl", "roar", "shout", "whoop", "yowl", "interject", "blunder", "leak", "blat", "blurt (out)", "bolt", "cry (out)", "ejaculate", "exclaim"]], "ants": [], "offensive": false}, "hwi": {"hw": "ooh"}, "fl": "verb", "def": [{"sseq": [[["sense", {"dt": [["text", "as in {it}aah{/it}"]], "sim_list": [[{"wd": "aah", "wvrs": [{"wvl": "also", "wva": "ah"}]}], [{"wd": "bellow"}, {"wd": "bleat"}, {"wd": "crow"}, {"wd": "holler"}, {"wd": "hoot"}, {"wd": "howl"}, {"wd": "roar"}, {"wd": "shout"}, {"wd": "whoop"}, {"wd": "yowl"}], [{"wd": "interject"}], [{"wd": "blunder"}, {"wd": "leak"}], [{"wd": "blat"}, {"wd": "blurt (out)"}, {"wd": "bolt"}, {"wd": "cry (out)"}, {"wd": "ejaculate"}, {"wd": "exclaim"}]]}]]]}], "shortdef": ["as in aah"]}]