[{"meta": {"id": "out", "uuid": "ba164f58-24fa-4301-9b3c-1b251dddcdf7", "src": "coll_thes", "section": "alpha", "target": {"tuuid": "8641575f-c9c6-4493-87b3-415306370239", "tsrc": "collegiate"}, "stems": ["out"], "syns": [["alfresco", "outdoors", "outside"], ["aloud", "audibly", "out loud"], ["all", "all of", "all over", "altogether", "clean", "completely", "dead", "enough", "entire", "entirely", "even", "exactly", "fast", "flat", "full", "fully", "heartily", "perfectly", "plumb", "quite", "soundly", "thoroughly", "through and through", "totally", "utterly", "well", "wholly", "wide"], ["away", "down", "fro", "hence", "off"]], "ants": [["indoors"], ["inaudibly", "silently", "soundlessly", "voicelessly"], ["half", "halfway", "incompletely", "part", "partially", "partly"]], "offensive": false}, "hwi": {"hw": "out"}, "fl": "adverb", "def": [{"sseq": [[["sense", {"sn": "1", "dt": [["text", "in or into the open air "], ["vis", [{"t": "you really should get {it}out{/it} more"}]]], "syn_list": [[{"wd": "alfresco"}, {"wd": "outdoors"}, {"wd": "outside"}]], "rel_list": [[{"wd": "without"}]], "near_list": [[{"wd": "in"}, {"wd": "inside"}, {"wd": "within"}]], "ant_list": [[{"wd": "indoors"}]]}]], [["sense", {"sn": "2", "dt": [["text", "with one's normal voice speaking the words "], ["vis", [{"t": "the search parties were sent in different directions and told to cry {it}out{/it} if they discovered anything"}]]], "syn_list": [[{"wd": "aloud"}, {"wd": "audibly"}, {"wd": "out loud"}]], "rel_list": [[{"wd": "verbally"}, {"wd": "vocally"}], [{"wd": "clearly"}, {"wd": "discernibly"}, {"wd": "distinctly"}, {"wd": "distinguishably"}, {"wd": "perceptibly"}, {"wd": "plainly"}], [{"wd": "blatantly"}, {"wd": "bloody murder"}, {"wd": "boisterously"}, {"wd": "clamorously"}, {"wd": "loudly"}, {"wd": "lustily"}, {"wd": "mightily"}, {"wd": "noisily"}, {"wd": "resonantly"}, {"wd": "resoundingly"}, {"wd": "stridently"}, {"wd": "thunderously"}, {"wd": "uproariously"}, {"wd": "vociferously"}]], "near_list": [[{"wd": "faintly"}, {"wd": "feebly"}, {"wd": "low"}, {"wd": "noiselessly"}, {"wd": "quietly"}, {"wd": "softly"}]], "ant_list": [[{"wd": "inaudibly"}, {"wd": "silently"}, {"wd": "soundlessly"}, {"wd": "voicelessly"}]]}]], [["sense", {"sn": "3", "dt": [["text", "to a full extent or degree "], ["vis", [{"t": "when stretched {it}out{/it}, the ribbon was just long enough"}]]], "syn_list": [[{"wd": "all"}, {"wd": "all of"}, {"wd": "all over"}, {"wd": "altogether"}, {"wd": "clean"}, {"wd": "completely"}, {"wd": "dead"}, {"wd": "enough"}, {"wd": "entire"}, {"wd": "entirely"}, {"wd": "even"}, {"wd": "exactly"}, {"wd": "fast"}, {"wd": "flat"}, {"wd": "full"}, {"wd": "fully"}, {"wd": "heartily"}, {"wd": "perfectly"}, {"wd": "plumb", "wsls": ["chiefly dialect"]}, {"wd": "quite"}, {"wd": "soundly"}, {"wd": "thoroughly"}, {"wd": "through and through"}, {"wd": "totally"}, {"wd": "utterly"}, {"wd": "well"}, {"wd": "wholly"}, {"wd": "wide"}]], "rel_list": [[{"wd": "absolutely"}, {"wd": "categorically"}, {"wd": "cold"}, {"wd": "downright"}, {"wd": "hands down"}, {"wd": "plain"}, {"wd": "stone"}, {"wd": "stone-cold"}, {"wd": "unqualifiedly"}], [{"wd": "basically"}, {"wd": "by and large"}, {"wd": "chiefly"}, {"wd": "generally"}, {"wd": "largely"}, {"wd": "mainly"}, {"wd": "more or less"}, {"wd": "mostly"}, {"wd": "overall"}, {"wd": "predominantly"}, {"wd": "predominately"}, {"wd": "primarily"}, {"wd": "principally"}, {"wd": "substantially"}], [{"wd": "abundantly"}, {"wd": "copiously"}, {"wd": "generously"}, {"wd": "greatly"}]], "phrase_list": [[{"wd": "all the way"}, {"wd": "at length"}, {"wd": "down the line"}, {"wd": "down to the ground"}, {"wd": "for fair"}, {"wd": "in whole"}, {"wd": "to bits"}, {"wd": "to pieces"}, {"wd": "to the hilt"}, {"wd": "to the max"}]], "near_list": [[{"wd": "barely"}, {"wd": "hardly"}, {"wd": "just"}, {"wd": "kind of"}, {"wd": "marginally"}, {"wd": "minimally"}, {"wd": "scarcely"}, {"wd": "slightly"}, {"wd": "superficially"}], [{"wd": "approximately"}, {"wd": "roughly"}, {"wd": "somewhat"}]], "ant_list": [[{"wd": "half"}, {"wd": "halfway"}, {"wd": "incompletely"}, {"wd": "part"}, {"wd": "partially"}, {"wd": "partly"}]]}]], [["sense", {"sn": "4", "dt": [["text", "from this or that place "], ["vis", [{"t": "people staggered {it}out{/it} from the burning building gasping for breath"}]]], "syn_list": [[{"wd": "away"}, {"wd": "down"}, {"wd": "fro"}, {"wd": "hence"}, {"wd": "off"}]], "rel_list": [[{"wd": "apart"}, {"wd": "aside"}, {"wd": "elsewhere"}], [{"wd": "abroad"}, {"wd": "afar"}, {"wd": "afield"}, {"wd": "astray"}]]}]]]}], "shortdef": ["in or into the open air", "with one's normal voice speaking the words", "to a full extent or degree"]}, {"meta": {"id": "out", "uuid": "8d7585c0-c05a-4ae2-8a74-e95834df6a75", "src": "coll_thes", "section": "alpha", "target": {"tuuid": "4d2a5ddc-0375-4ee8-983e-6d72e017ebfe", "tsrc": "collegiate"}, "stems": ["out", "on the outs", "outs"], "syns": [["avoidance", "cop-out", "dodging", "ducking", "eluding", "elusion", "escape", "eschewal", "eschewing", "evasion", "shaking", "shunning"]], "ants": [], "offensive": false}, "hwi": {"hw": "out"}, "fl": "noun", "def": [{"sseq": [[["sense", {"dt": [["text", "the act or a means of getting or keeping away from something undesirable "], ["vis", [{"t": "I really don't want to go to the party, and I've been searching for an {it}out{/it}"}]]], "syn_list": [[{"wd": "avoidance"}, {"wd": "cop-out"}, {"wd": "dodging"}, {"wd": "ducking"}, {"wd": "eluding"}, {"wd": "elusion"}, {"wd": "escape"}, {"wd": "eschewal"}, {"wd": "eschewing"}, {"wd": "evasion"}, {"wd": "shaking"}, {"wd": "shunning"}]], "rel_list": [[{"wd": "bypassing"}, {"wd": "circumvention"}, {"wd": "runaround"}, {"wd": "sidestepping"}, {"wd": "skirting"}], [{"wd": "averting"}, {"wd": "deflection"}, {"wd": "obviation"}, {"wd": "precluding"}, {"wd": "prevention"}]], "near_list": [[{"wd": "abidance"}, {"wd": "endurance"}, {"wd": "submission"}, {"wd": "toleration"}]]}]]]}], "shortdef": ["the act or a means of getting or keeping away from something undesirable"]}, {"meta": {"id": "out", "uuid": "8253ecd2-b932-4199-9c5c-0842be33643b", "src": "coll_thes", "section": "alpha", "target": {"tuuid": "13c37ae2-44a6-4550-a19a-e914919edf09", "tsrc": "collegiate"}, "stems": ["out"], "syns": [["bent (on or upon)", "bound", "decisive", "determined", "do-or-die", "firm", "hell-bent (on or upon)", "intent", "purposeful", "resolute", "resolved", "set", "single-minded"], ["absent", "away", "missing"]], "ants": [["faltering", "hesitant", "indecisive", "irresolute", "undetermined", "unresolved", "vacillating", "wavering", "weak-kneed"], ["here", "in", "present"]], "offensive": false}, "hwi": {"hw": "out"}, "fl": "adjective", "def": [{"sseq": [[["sense", {"sn": "1", "dt": [["text", "fully committed to achieving a goal "], ["vis", [{"t": "he's {it}out{/it} to get even with the guy who beat him last time around"}]]], "syn_list": [[{"wd": "bent (on or upon)"}, {"wd": "bound"}, {"wd": "decisive"}, {"wd": "determined"}, {"wd": "do-or-die"}, {"wd": "firm"}, {"wd": "hell-bent (on or upon)"}, {"wd": "intent"}, {"wd": "purposeful"}, {"wd": "resolute"}, {"wd": "resolved"}, {"wd": "set"}, {"wd": "single-minded"}]], "rel_list": [[{"wd": "bitter"}, {"wd": "vehement"}], [{"wd": "certain"}, {"wd": "cocksure"}, {"wd": "confident"}, {"wd": "positive"}, {"wd": "sure"}], [{"wd": "earnest"}, {"wd": "serious"}], [{"wd": "steady"}, {"wd": "unfaltering"}, {"wd": "unhesitating"}, {"wd": "unswerving"}, {"wd": "unwavering"}], [{"wd": "adamant"}, {"wd": "adamantine"}, {"wd": "dogged"}, {"wd": "hard"}, {"wd": "hardened"}, {"wd": "hardheaded"}, {"wd": "headstrong"}, {"wd": "immovable"}, {"wd": "implacable"}, {"wd": "inflexible"}, {"wd": "mulish"}, {"wd": "obdurate"}, {"wd": "persistent"}, {"wd": "pertinacious"}, {"wd": "perverse"}, {"wd": "pigheaded"}, {"wd": "rigid"}, {"wd": "self-willed"}, {"wd": "stubborn"}, {"wd": "tenacious"}, {"wd": "unbending"}, {"wd": "uncompromising"}, {"wd": "unrelenting"}, {"wd": "unyielding"}, {"wd": "willful", "wvrs": [{"wvl": "or", "wva": "wilful"}]}]], "phrase_list": [[{"wd": "on one's mettle"}]], "near_list": [[{"wd": "distrustful"}, {"wd": "doubtful"}, {"wd": "dubious"}, {"wd": "mistrustful"}, {"wd": "skeptical"}, {"wd": "suspicious"}, {"wd": "uncertain"}, {"wd": "unconvinced"}, {"wd": "undecided"}, {"wd": "unsettled"}, {"wd": "unsure"}], [{"wd": "disinclined"}, {"wd": "indisposed"}, {"wd": "loath", "wvrs": [{"wvl": "also", "wva": "loth"}, {"wvl": "or", "wva": "loathe"}]}, {"wd": "reluctant"}]], "ant_list": [[{"wd": "faltering"}, {"wd": "hesitant"}, {"wd": "indecisive"}, {"wd": "irresolute"}, {"wd": "undetermined"}, {"wd": "unresolved"}, {"wd": "vacillating"}, {"wd": "wavering"}, {"wd": "weak-kneed"}]]}]], [["sense", {"sn": "2", "dt": [["text", "not at a certain place "], ["vis", [{"t": "half the staff is {it}out{/it} with the flu"}]]], "syn_list": [[{"wd": "absent"}, {"wd": "away"}, {"wd": "missing"}]], "rel_list": [[{"wd": "AWOL"}, {"wd": "truant"}], [{"wd": "departed"}, {"wd": "gone"}, {"wd": "retired"}], [{"wd": "abroad"}, {"wd": "vacationing"}]], "near_list": [[{"wd": "accompanying"}, {"wd": "attending"}, {"wd": "participating"}]], "ant_list": [[{"wd": "here"}, {"wd": "in"}, {"wd": "present"}]]}]]]}], "shortdef": ["fully committed to achieving a goal", "not at a certain place"]}, {"meta": {"id": "out", "uuid": "9080709d-6cc0-47b3-aa0a-518fd54e8443", "src": "coll_thes", "section": "alpha", "target": {"tuuid": "762a59b3-1ce5-463c-88f2-f3d740e281e7", "tsrc": "collegiate"}, "stems": ["out", "outed", "outing", "outs"], "syns": [["break", "circulate", "come out", "get about", "get around", "get out", "get round", "leak (out)", "spread"], ["banish", "boot (out)", "bounce", "cast out", "chase", "dismiss", "drum (out)", "eject", "expel", "extrude", "kick out", "oust", "rout", "run off", "throw out", "turf (out)", "turn out"]], "ants": [], "offensive": false}, "hwi": {"hw": "out"}, "fl": "verb", "def": [{"sseq": [[["sense", {"sn": "1", "dt": [["text", "to become known "], ["vis", [{"t": "the truth will {it}out{/it} eventually"}]]], "syn_list": [[{"wd": "break"}, {"wd": "circulate"}, {"wd": "come out"}, {"wd": "get about"}, {"wd": "get around"}, {"wd": "get out"}, {"wd": "get round"}, {"wd": "leak (out)"}, {"wd": "spread"}]], "rel_list": [[{"wd": "develop"}, {"wd": "transpire"}, {"wd": "unfold"}], [{"wd": "disclose"}, {"wd": "reveal"}, {"wd": "spill"}, {"wd": "tell"}]], "near_list": [[{"wd": "hush (up)"}, {"wd": "suppress"}], [{"wd": "conceal"}, {"wd": "disguise"}, {"wd": "hide"}, {"wd": "mask"}], [{"wd": "secrete"}]]}]], [["sense", {"sn": "2", "dt": [["text", "to drive or force out "], ["vis", [{"t": "before moving in, we {it}outed{/it} all the furry little creatures who had settled in the cabin over the winter"}]]], "syn_list": [[{"wd": "banish"}, {"wd": "boot (out)"}, {"wd": "bounce"}, {"wd": "cast out"}, {"wd": "chase"}, {"wd": "dismiss"}, {"wd": "drum (out)"}, {"wd": "eject"}, {"wd": "expel"}, {"wd": "extrude"}, {"wd": "kick out"}, {"wd": "oust"}, {"wd": "rout"}, {"wd": "run off"}, {"wd": "throw out"}, {"wd": "turf (out)", "wsls": ["chiefly British"]}, {"wd": "turn out"}]], "rel_list": [[{"wd": "deforce"}, {"wd": "deport"}, {"wd": "displace"}, {"wd": "dispossess"}, {"wd": "evict"}, {"wd": "exile"}, {"wd": "expatriate"}, {"wd": "ostracize"}, {"wd": "read out"}, {"wd": "shut out"}], [{"wd": "ax", "wvrs": [{"wvl": "or", "wva": "axe"}]}, {"wd": "can"}, {"wd": "cashier"}, {"wd": "defenestrate"}, {"wd": "discharge"}, {"wd": "fire"}, {"wd": "muster out"}, {"wd": "pink-slip"}, {"wd": "release"}, {"wd": "remove"}, {"wd": "retire"}, {"wd": "sack"}, {"wd": "terminate"}]], "phrase_list": [[{"wd": "give one the gate", "wsls": ["slang"]}, {"wd": "send packing"}]], "near_list": [[{"wd": "accept"}, {"wd": "admit"}, {"wd": "receive"}, {"wd": "take"}, {"wd": "take in"}], [{"wd": "welcome"}], [{"wd": "entertain"}, {"wd": "harbor"}, {"wd": "house"}, {"wd": "lodge"}, {"wd": "shelter"}]]}]]]}], "shortdef": ["to become known", "to drive or force out"]}, {"meta": {"id": "out-and-out", "uuid": "846ad784-b67f-4a82-9ea1-aa4c170bfb2a", "src": "coll_thes", "section": "alpha", "target": {"tuuid": "819ab054-c418-44e6-8468-16184c5ea6b7", "tsrc": "collegiate"}, "stems": ["out-and-out"], "syns": [["absolute", "all-out", "arrant", "blank", "blooming", "bodacious", "categorical", "clean", "complete", "consummate", "cotton-picking", "crashing", "damn", "damned", "dead", "deadly", "definite", "downright", "dreadful", "fair", "flat", "flat-out", "outright", "perfect", "plumb", "profound", "pure", "rank", "regular", "sheer", "simple", "stark", "stone", "straight-out", "thorough", "thoroughgoing", "total", "unadulterated", "unalloyed", "unconditional", "unmitigated", "unqualified", "utter", "very"], ["all-out", "clean", "complete", "comprehensive", "exhaustive", "full-scale", "thorough", "thoroughgoing", "total"]], "ants": [], "offensive": false}, "hwi": {"hw": "out-and-out"}, "fl": "adjective", "def": [{"sseq": [[["sense", {"sn": "1", "dt": [["text", "having no exceptions or restrictions "], ["vis", [{"t": "an {it}out-and-out{/it} cheater at every game she plays"}, {"t": "her story is not just an exaggeration, it's an {it}out-and-out{/it} lie"}]]], "syn_list": [[{"wd": "absolute"}, {"wd": "all-out"}, {"wd": "arrant"}, {"wd": "blank"}, {"wd": "blooming", "wsls": ["chiefly British"]}, {"wd": "bodacious", "wsls": ["Southern & Midland"]}, {"wd": "categorical", "wvrs": [{"wvl": "also", "wva": "categoric"}]}, {"wd": "clean"}, {"wd": "complete"}, {"wd": "consummate"}, {"wd": "cotton-picking"}, {"wd": "crashing"}, {"wd": "damn"}, {"wd": "damned"}, {"wd": "dead"}, {"wd": "deadly"}, {"wd": "definite"}, {"wd": "downright"}, {"wd": "dreadful"}, {"wd": "fair"}, {"wd": "flat"}, {"wd": "flat-out"}, {"wd": "outright"}, {"wd": "perfect"}, {"wd": "plumb"}, {"wd": "profound"}, {"wd": "pure"}, {"wd": "rank"}, {"wd": "regular"}, {"wd": "sheer"}, {"wd": "simple"}, {"wd": "stark"}, {"wd": "stone"}, {"wd": "straight-out"}, {"wd": "thorough"}, {"wd": "thoroughgoing"}, {"wd": "total"}, {"wd": "unadulterated"}, {"wd": "unalloyed"}, {"wd": "unconditional"}, {"wd": "unmitigated"}, {"wd": "unqualified"}, {"wd": "utter"}, {"wd": "very"}]], "rel_list": [[{"wd": "authentic"}, {"wd": "classic"}, {"wd": "genuine"}, {"wd": "real"}, {"wd": "veritable"}], [{"wd": "constant"}, {"wd": "endless"}, {"wd": "eternal"}, {"wd": "perpetual"}, {"wd": "undying"}, {"wd": "unremitting"}], [{"wd": "extreme"}, {"wd": "unrestricted"}], [{"wd": "confirmed"}, {"wd": "habitual"}, {"wd": "hopeless"}, {"wd": "inveterate"}], [{"wd": "extraordinary"}, {"wd": "frightful"}, {"wd": "horrible"}, {"wd": "huge"}, {"wd": "main"}, {"wd": "superlative"}, {"wd": "supreme"}, {"wd": "surpassing"}, {"wd": "terrible"}, {"wd": "terrific"}]], "near_list": [[{"wd": "doubtful"}, {"wd": "dubious"}, {"wd": "equivocal"}, {"wd": "qualified"}, {"wd": "questionable"}, {"wd": "restricted"}, {"wd": "uncertain"}]]}]], [["sense", {"sn": "2", "dt": [["text", "trying all possibilities "], ["vis", [{"t": "mounted an {it}out-and-out{/it} effort to find the lost child"}]]], "syn_list": [[{"wd": "all-out"}, {"wd": "clean"}, {"wd": "complete"}, {"wd": "comprehensive"}, {"wd": "exhaustive"}, {"wd": "full-scale"}, {"wd": "thorough"}, {"wd": "thoroughgoing"}, {"wd": "total"}]], "rel_list": [[{"wd": "broad"}, {"wd": "extensive"}, {"wd": "far-reaching"}, {"wd": "in-depth"}, {"wd": "sweeping"}, {"wd": "wide"}, {"wd": "wide-ranging"}], [{"wd": "general"}, {"wd": "global"}, {"wd": "inclusive"}, {"wd": "methodical", "wvrs": [{"wvl": "also", "wva": "methodic"}]}, {"wd": "systematic"}], [{"wd": "no-holds-barred"}, {"wd": "unhampered"}, {"wd": "unrestrained"}]], "near_list": [[{"wd": "aimless"}, {"wd": "desultory"}, {"wd": "haphazard"}, {"wd": "hit-or-miss"}, {"wd": "random"}], [{"wd": "cursory"}, {"wd": "shallow"}, {"wd": "slipshod"}, {"wd": "superficial"}], [{"wd": "limited"}, {"wd": "narrow"}, {"wd": "restricted"}]]}]]]}], "shortdef": ["having no exceptions or restrictions", "trying all possibilities"]}, {"meta": {"id": "out-front", "uuid": "1c441248-9384-42fb-81be-4f3dfb2b19fb", "src": "coll_thes", "section": "alpha", "target": {"tuuid": "23575a0e-9715-4c74-8877-e8ecdc413ec5", "tsrc": "collegiate"}, "stems": ["out-front"], "syns": [["candid", "direct", "forthcoming", "forthright", "foursquare", "frank", "free-spoken", "freehearted", "honest", "open", "openhearted", "outspoken", "plain", "plainspoken", "straight", "straightforward", "unguarded", "unreserved", "up-front"]], "ants": [["dissembling", "uncandid", "unforthcoming"]], "offensive": false}, "hwi": {"hw": "out-front"}, "fl": "adjective", "def": [{"sseq": [[["sense", {"dt": [["text", "free in expressing one's true feelings and opinions "], ["vis", [{"t": "he's always been {it}out-front{/it} about his sexuality"}]]], "syn_list": [[{"wd": "candid"}, {"wd": "direct"}, {"wd": "forthcoming"}, {"wd": "forthright"}, {"wd": "foursquare"}, {"wd": "frank"}, {"wd": "free-spoken"}, {"wd": "freehearted"}, {"wd": "honest"}, {"wd": "open"}, {"wd": "openhearted"}, {"wd": "outspoken"}, {"wd": "plain"}, {"wd": "plainspoken"}, {"wd": "straight"}, {"wd": "straightforward"}, {"wd": "unguarded"}, {"wd": "unreserved"}, {"wd": "up-front"}]], "rel_list": [[{"wd": "artless"}, {"wd": "earnest"}, {"wd": "guileless"}, {"wd": "ingenuous"}, {"wd": "innocent"}, {"wd": "naive", "wvrs": [{"wvl": "or", "wva": "na\u00efve"}]}, {"wd": "natural"}, {"wd": "real"}, {"wd": "sincere"}, {"wd": "unaffected"}, {"wd": "undesigning"}, {"wd": "unpretending"}, {"wd": "unpretentious"}], [{"wd": "outgoing"}, {"wd": "uninhibited"}, {"wd": "unrestrained"}], [{"wd": "vocal"}, {"wd": "vociferous"}], [{"wd": "abrupt"}, {"wd": "bluff"}, {"wd": "blunt"}, {"wd": "brusque", "wvrs": [{"wvl": "also", "wva": "brusk"}]}, {"wd": "crusty"}, {"wd": "curt"}, {"wd": "gruff"}, {"wd": "sharp"}], [{"wd": "impertinent"}, {"wd": "impolite"}, {"wd": "inconsiderate"}, {"wd": "rude"}, {"wd": "tactless"}, {"wd": "thoughtless"}, {"wd": "uncivil"}, {"wd": "undiplomatic"}, {"wd": "ungracious"}, {"wd": "unmannerly"}, {"wd": "unsubtle"}]], "near_list": [[{"wd": "inhibited"}, {"wd": "reserved"}, {"wd": "restrained"}], [{"wd": "close-mouthed"}, {"wd": "laconic"}, {"wd": "quiet"}, {"wd": "reticent"}, {"wd": "taciturn"}, {"wd": "tight-lipped"}, {"wd": "uncommunicative"}], [{"wd": "ambiguous"}, {"wd": "circuitous"}, {"wd": "equivocal"}, {"wd": "evasive"}], [{"wd": "diplomatic"}, {"wd": "politic"}, {"wd": "tactful"}], [{"wd": "civil"}, {"wd": "considerate"}, {"wd": "courteous"}, {"wd": "polite"}]], "ant_list": [[{"wd": "dissembling"}, {"wd": "uncandid"}, {"wd": "unforthcoming"}]]}]]]}], "shortdef": ["free in expressing one's true feelings and opinions"]}, {"meta": {"id": "out loud", "uuid": "efca2d11-3f54-4852-b30c-65823019273b", "src": "coll_thes", "section": "alpha", "target": {"tuuid": "8b791b67-f600-4a0c-9c3c-92a5ba650164", "tsrc": "collegiate"}, "stems": ["out loud"], "syns": [["aloud", "audibly", "out"]], "ants": [["inaudibly", "silently", "soundlessly", "voicelessly"]], "offensive": false}, "hwi": {"hw": "out loud"}, "fl": "adverb", "def": [{"sseq": [[["sense", {"dt": [["text", "with one's normal voice speaking the words "], ["vis", [{"t": "registered their dissatisfaction with the meal {it}out loud{/it} to the waiter"}]]], "syn_list": [[{"wd": "aloud"}, {"wd": "audibly"}, {"wd": "out"}]], "rel_list": [[{"wd": "verbally"}, {"wd": "vocally"}], [{"wd": "clearly"}, {"wd": "discernibly"}, {"wd": "distinctly"}, {"wd": "distinguishably"}, {"wd": "perceptibly"}, {"wd": "plainly"}], [{"wd": "blatantly"}, {"wd": "bloody murder"}, {"wd": "boisterously"}, {"wd": "clamorously"}, {"wd": "loudly"}, {"wd": "lustily"}, {"wd": "mightily"}, {"wd": "noisily"}, {"wd": "resonantly"}, {"wd": "resoundingly"}, {"wd": "stridently"}, {"wd": "thunderously"}, {"wd": "uproariously"}, {"wd": "vociferously"}]], "near_list": [[{"wd": "faintly"}, {"wd": "feebly"}, {"wd": "low"}, {"wd": "noiselessly"}, {"wd": "quietly"}, {"wd": "softly"}]], "ant_list": [[{"wd": "inaudibly"}, {"wd": "silently"}, {"wd": "soundlessly"}, {"wd": "voicelessly"}]]}]]]}], "shortdef": ["with one's normal voice speaking the words"]}, {"meta": {"id": "out-migrant", "uuid": "0a0698ee-79f6-4756-bbdd-d2c80e842977", "src": "coll_thes", "section": "alpha", "target": {"tuuid": "f02c4595-1c4b-43d9-ba7c-436dd0f69940", "tsrc": "collegiate"}, "stems": ["out-migrant", "out-migrants"], "syns": [["emigrant", "\u00e9migr\u00e9", "immigrant", "in-migrant", "incomer", "migrant", "settler"]], "ants": [["nonimmigrant"]], "offensive": false}, "hwi": {"hw": "out-migrant"}, "fl": "noun", "def": [{"sseq": [[["sense", {"dt": [["text", "one that leaves one place to settle in another "], ["vis", [{"t": "most {it}out-migrants{/it} cited the state's high cost of living as their main reason for leaving"}]]], "syn_list": [[{"wd": "emigrant"}, {"wd": "\u00e9migr\u00e9", "wvrs": [{"wvl": "also", "wva": "emigr\u00e9"}]}, {"wd": "immigrant"}, {"wd": "in-migrant"}, {"wd": "incomer", "wsls": ["chiefly British"]}, {"wd": "migrant"}, {"wd": "settler"}]], "rel_list": [[{"wd": "defector"}, {"wd": "deportee"}, {"wd": "evacuee"}, {"wd": "exile"}, {"wd": "expatriate"}, {"wd": "refugee"}, {"wd": "relocatee"}, {"wd": "repatriate"}], [{"wd": "alien"}, {"wd": "foreigner"}, {"wd": "noncitizen"}, {"wd": "nonnative"}], [{"wd": "colonist"}, {"wd": "newcomer"}, {"wd": "squatter"}], [{"wd": "migrator"}, {"wd": "pilgrim"}, {"wd": "pioneer"}, {"wd": "trekker"}]], "near_list": [[{"wd": "aborigine"}, {"wd": "native"}], [{"wd": "citizen"}, {"wd": "habitant"}, {"wd": "inhabitant"}, {"wd": "national"}, {"wd": "resident"}]], "ant_list": [[{"wd": "nonimmigrant"}]]}]]]}], "shortdef": ["one that leaves one place to settle in another"]}, {"meta": {"id": "out-of-date", "uuid": "211dbc5b-1cea-46f9-9ad9-bb28c4e647c8", "src": "coll_thes", "section": "alpha", "target": {"tuuid": "93042ea7-b283-4ffe-bc27-72adeeb06f8e", "tsrc": "collegiate"}, "stems": ["out-of-date"], "syns": [["antiquated", "archaic", "dated", "d\u00e9mod\u00e9", "demoded", "fossilized", "kaput", "medieval", "moribund", "mossy", "moth-eaten", "neolithic", "Noachian", "obsolete", "outdated", "outmoded", "outworn", "pass\u00e9", "prehistoric", "rusty", "Stone Age", "superannuated"]], "ants": [], "offensive": false}, "hwi": {"hw": "out-of-date"}, "fl": "adjective", "def": [{"sseq": [[["sense", {"dt": [["text", "having passed its time of use or usefulness "], ["vis", [{"t": "his file contained {it}out-of-date{/it} information that might have been accurate when he was first hired but is no longer so"}]]], "syn_list": [[{"wd": "antiquated"}, {"wd": "archaic"}, {"wd": "dated"}, {"wd": "d\u00e9mod\u00e9"}, {"wd": "demoded"}, {"wd": "fossilized"}, {"wd": "kaput", "wvrs": [{"wvl": "also", "wva": "kaputt"}]}, {"wd": "medieval", "wvrs": [{"wvl": "also", "wva": "mediaeval"}]}, {"wd": "moribund"}, {"wd": "mossy"}, {"wd": "moth-eaten"}, {"wd": "neolithic"}, {"wd": "Noachian"}, {"wd": "obsolete"}, {"wd": "outdated"}, {"wd": "outmoded"}, {"wd": "outworn"}, {"wd": "pass\u00e9"}, {"wd": "prehistoric", "wvrs": [{"wvl": "also", "wva": "prehistorical"}]}, {"wd": "rusty"}, {"wd": "Stone Age"}, {"wd": "superannuated"}]], "rel_list": [[{"wd": "aging", "wvrs": [{"wvl": "or", "wva": "ageing"}]}, {"wd": "obsolescent"}], [{"wd": "discarded"}, {"wd": "disused"}, {"wd": "inoperable"}, {"wd": "unusable"}, {"wd": "unworkable"}, {"wd": "useless"}], [{"wd": "dead"}, {"wd": "defunct"}, {"wd": "expired"}, {"wd": "extinct"}, {"wd": "vanished"}], [{"wd": "dormant"}, {"wd": "fallow"}, {"wd": "free"}, {"wd": "idle"}, {"wd": "inactive"}, {"wd": "inert"}, {"wd": "inoperative"}, {"wd": "latent"}], [{"wd": "ancient"}, {"wd": "antediluvian"}, {"wd": "antique"}, {"wd": "dateless"}, {"wd": "fusty"}, {"wd": "musty"}, {"wd": "old"}], [{"wd": "oldfangled"}, {"wd": "old-fashioned"}, {"wd": "old-time"}, {"wd": "retro"}, {"wd": "vintage"}], [{"wd": "aged"}, {"wd": "age-old"}, {"wd": "hoary"}, {"wd": "venerable"}], [{"wd": "atavistic"}, {"wd": "bygone"}, {"wd": "erstwhile"}, {"wd": "former"}, {"wd": "historic"}, {"wd": "historical"}, {"wd": "late"}, {"wd": "old-world"}, {"wd": "past"}]], "near_list": [[{"wd": "contemporary"}, {"wd": "current"}, {"wd": "mod"}, {"wd": "modern"}, {"wd": "new"}, {"wd": "newfangled"}, {"wd": "new-fashioned"}, {"wd": "present-day"}, {"wd": "recent"}, {"wd": "ultramodern"}, {"wd": "up-to-date"}, {"wd": "up-to-the-minute"}], [{"wd": "fresh"}], [{"wd": "modernized"}, {"wd": "refurbished"}, {"wd": "remodeled"}, {"wd": "renewed"}], [{"wd": "functional"}, {"wd": "operable"}, {"wd": "operational"}, {"wd": "workable"}], [{"wd": "active"}, {"wd": "alive"}, {"wd": "busy"}, {"wd": "employed"}, {"wd": "functioning"}, {"wd": "operating"}, {"wd": "operative"}]]}]]]}], "shortdef": ["having passed its time of use or usefulness"]}, {"meta": {"id": "out-of-door", "uuid": "8f234039-a2ae-424e-8031-37464100490d", "src": "coll_thes", "section": "alpha", "target": {"tuuid": "d3d2e6ff-05d4-4e47-bf61-7e7b8c2ad4e5", "tsrc": "collegiate"}, "stems": ["out-of-door", "out-of-doors"], "syns": [["alfresco", "open-air", "outdoor", "outdoorsy"]], "ants": [["indoor"]], "offensive": false}, "hwi": {"hw": "out-of-door"}, "vrs": [{"vl": "or", "va": "out-of-doors"}], "fl": "adjective", "def": [{"sseq": [[["sense", {"dt": [["text", "of, relating to, or held in the open air "], ["vis", [{"t": "an {it}out-of-door{/it} performance under the stars"}]]], "syn_list": [[{"wd": "alfresco"}, {"wd": "open-air"}, {"wd": "outdoor", "wvrs": [{"wvl": "also", "wva": "outdoors"}]}, {"wd": "outdoorsy"}]], "rel_list": [[{"wd": "airy"}], [{"wd": "exterior"}, {"wd": "external"}, {"wd": "outer"}, {"wd": "outside"}, {"wd": "outward"}], [{"wd": "outermost"}, {"wd": "outmost"}]], "near_list": [[{"wd": "inner"}, {"wd": "inside"}, {"wd": "interior"}, {"wd": "internal"}, {"wd": "inward"}], [{"wd": "inmost"}, {"wd": "innermost"}]], "ant_list": [[{"wd": "indoor"}]]}]]]}], "shortdef": ["of, relating to, or held in the open air"]}]