[{"meta": {"id": "paid:1", "uuid": "1759a35a-c72f-43f1-b91f-ad435c43d00a", "sort": "160012200", "src": "collegiate", "section": "alpha", "stems": ["paid", "pay"], "offensive": false}, "hom": 1, "hwi": {"hw": "paid", "prs": [{"mw": "\u02c8p\u0101d", "sound": {"audio": "paid0001", "ref": "c", "stat": "1"}}]}, "cxs": [{"cxl": "past tense and past participle of", "cxtis": [{"cxt": "pay"}]}], "shortdef": []}, {"meta": {"id": "paid:2", "uuid": "c27bb91a-12ee-44c1-8155-4b288a39fa0a", "sort": "160012300", "src": "collegiate", "section": "alpha", "stems": ["paid"], "offensive": false}, "hom": 2, "hwi": {"hw": "paid"}, "fl": "adjective", "def": [{"sseq": [[["sense", {"sn": "1", "dt": [["text", "{bc}marked by the receipt of pay "], ["vis", [{"t": "{wi}paid{/wi} vacation time"}]]]}]], [["sense", {"sn": "2", "dt": [["text", "{bc}being or having been paid or paid for "], ["vis", [{"t": "a {wi}paid{/wi} official"}, {"t": "a {wi}paid{/wi} political announcement"}]]]}]]]}], "date": "1817{ds||1||}", "shortdef": ["marked by the receipt of pay", "being or having been paid or paid for"]}, {"meta": {"id": "pay:1", "uuid": "0014294a-8b70-48f4-92a5-d847f79e2074", "sort": "160121600", "src": "collegiate", "section": "alpha", "stems": ["paid", "paid back", "paid dues", "paid her dues", "paid her own way", "paid her way", "paid his dues", "paid his own way", "paid his way", "paid my dues", "paid my own way", "paid my way", "paid one's dues", "paid one's own way", "paid one's way", "paid our dues", "paid our own way", "paid our way", "paid the piper", "paid their dues", "paid their own way", "paid their way", "paid through the nose", "paid your dues", "paid your own way", "paid your way", "pay", "pay back", "pay dues", "pay her dues", "pay her own way", "pay her way", "pay his dues", "pay his own way", "pay his way", "pay my dues", "pay my own way", "pay my way", "pay one's dues", "pay one's own way", "pay one's way", "pay our dues", "pay our own way", "pay our way", "pay the piper", "pay their dues", "pay their own way", "pay their way", "pay through the nose", "pay your dues", "pay your own way", "pay your way", "payed", "paying", "paying back", "paying dues", "paying her dues", "paying her own way", "paying her way", "paying his dues", "paying his own way", "paying his way", "paying my dues", "paying my own way", "paying my way", "paying one's dues", "paying one's own way", "paying one's way", "paying our dues", "paying our own way", "paying our way", "paying the piper", "paying their dues", "paying their own way", "paying their way", "paying through the nose", "paying your dues", "paying your own way", "paying your way", "pays", "pays back", "pays dues", "pays her dues", "pays her own way", "pays her way", "pays his dues", "pays his own way", "pays his way", "pays my dues", "pays my own way", "pays my way", "pays one's dues", "pays one's own way", "pays one's way", "pays our dues", "pays our own way", "pays our way", "pays the piper", "pays their dues", "pays their own way", "pays their way", "pays through the nose", "pays your dues", "pays your own way", "pays your way"], "offensive": false}, "hom": 1, "hwi": {"hw": "pay", "prs": [{"mw": "\u02c8p\u0101", "sound": {"audio": "pay00001", "ref": "c", "stat": "1"}}]}, "fl": "verb", "ins": [{"if": "paid", "prs": [{"mw": "\u02c8p\u0101d", "sound": {"audio": "pay00002", "ref": "c", "stat": "1"}}]}, {"il": "also in sense 7", "if": "payed"}, {"if": "pay*ing"}], "def": [{"vd": "transitive verb", "sseq": [[["sense", {"sn": "1 a", "dt": [["text", "{bc}to make due return to for services rendered or property delivered "], ["vis", [{"t": "{it}paid{/it} the pizza deliverer"}]]]}], ["sense", {"sn": "b", "dt": [["text", "{bc}to engage for money {bc}{sx|hire||} "], ["vis", [{"t": "You couldn't {wi}pay{/wi} me to do that."}, {"t": "{it}paid{/it} a teenager to mow his lawn"}]]]}]], [["sense", {"sn": "2 a", "dt": [["text", "{bc}to give in return for goods or service "], ["vis", [{"t": "{wi}pay{/wi} wages"}]]]}], ["sense", {"sn": "b", "dt": [["text", "{bc}to discharge indebtedness for {bc}{sx|settle||} "], ["vis", [{"t": "{wi}pay{/wi} a bill"}]]]}], ["sense", {"sn": "c", "dt": [["text", "{bc}to make a disposal or transfer of (money) "], ["vis", [{"t": "{it}paid{/it} a few dollars weekly into a savings account"}]]]}]], [["sense", {"sn": "3", "dt": [["text", "{bc}to give or forfeit in {d_link|expiation|expiation} or retribution "], ["vis", [{"t": "{wi}pay{/wi} the penalty"}]]]}]], [["sense", {"sn": "4 a", "dt": [["text", "{bc}to make compensation {dx_def}see {dxt|compensation||2}{/dx_def} for "], ["vis", [{"t": "His trouble was well {it}paid{/it} in the end."}]]]}], ["sense", {"sn": "b", "dt": [["text", "{bc}to {d_link|requite|requite} according to what is deserved "], ["vis", [{"t": "{wi}pay{/wi} them back"}]]]}]], [["sense", {"sn": "5", "dt": [["text", "{bc}to give, offer, or make freely or as fitting "], ["vis", [{"t": "{wi}pay{/wi} attention"}, {"t": "{wi}pay{/wi} your respects"}]]]}]], [["sense", {"sn": "6 a", "dt": [["text", "{bc}to return value or profit to "], ["vis", [{"t": "it {wi}pays{/wi} you to stay open"}]]]}], ["sense", {"sn": "b", "dt": [["text", "{bc}to bring in as a return "], ["vis", [{"t": "an investment {wi}paying{/wi} five percent"}]]]}]], [["sense", {"sn": "7", "dt": [["text", "{bc}to slacken (something, such as a rope) and allow to run out "], ["uns", [[["text", "used with {it}out{/it} "], ["vis", [{"t": "{it}paid{/it} out the rope as it jerked taut"}]]]]]]}]]]}, {"vd": "intransitive verb", "sseq": [[["sense", {"sn": "1", "dt": [["text", "{bc}to discharge a debt or obligation "], ["vis", [{"t": "I'll {wi}pay{/wi} when I have the money."}]]]}]], [["sense", {"sn": "2", "dt": [["text", "{bc}to be worth the expense or effort "], ["vis", [{"t": "crime doesn't {wi}pay{/wi}"}]]]}]], [["sense", {"sn": "3", "dt": [["text", "{bc}to suffer the consequences of an act "], ["vis", [{"t": "He {it}paid{/it} for his crime."}]]]}]]]}], "dros": [{"drp": "pay one's dues", "def": [{"sseq": [[["sense", {"sn": "1", "dt": [["text", "{bc}to earn a right or position through experience, suffering, or hard work "], ["vis", [{"t": "He's {it}paid his dues{/it} and deserves a promotion."}]]]}]], [["sense", {"sn": "2", "vrs": [{"vl": "or less commonly", "va": "pay dues"}], "dt": [["text", "{bc}{sx|pay||{it}intransitive{/it} 3}"]]}]]]}]}, {"drp": "pay one's way", "vrs": [{"vl": "or", "va": "pay one's own way"}], "def": [{"sseq": [[["sense", {"dt": [["text", "{bc}to pay one's share of expenses "], ["vis", [{"t": "She took a part-time job to {it}pay her own way{/it} through college."}]]]}]]]}]}, {"drp": "pay the piper", "def": [{"sseq": [[["sense", {"dt": [["text", "{bc}to bear the cost of something "], ["vis", [{"t": "You have to do what they say because they are {it}paying the piper{/it}."}]]]}]]]}]}, {"drp": "pay through the nose", "def": [{"sseq": [[["sense", {"dt": [["text", "{bc}to pay exorbitantly or dearly "], ["vis", [{"t": "I found the perfect dress, but I had to {it}pay through the nose{/it} for it."}]]]}]]]}]}], "syns": [{"pl": "synonyms", "pt": [["text", "{sc}pay{/sc} {sc}compensate{/sc} {sc}remunerate{/sc} {sc}satisfy{/sc} {sc}reimburse{/sc} {sc}indemnify{/sc} {sc}repay{/sc} {sc}recompense{/sc} mean to give money or its equivalent in return for something. {sc}pay{/sc} implies the discharge of an obligation incurred. "], ["vis", [{"t": "{it}paid{/it} their bills"}]], ["text", " {sc}compensate{/sc} implies a making up for services rendered. "], ["vis", [{"t": "an attorney well {it}compensated{/it} for her services"}]], ["text", " {sc}remunerate{/sc} clearly suggests paying for services rendered and may extend to payment that is generous or not contracted for. "], ["vis", [{"t": "promised to {it}remunerate{/it} the searchers handsomely"}]], ["text", " {sc}satisfy{/sc} implies paying a person what is required by law. "], ["vis", [{"t": "all creditors will be {it}satisfied{/it} in full"}]], ["text", " {sc}reimburse{/sc} implies a return of money that has been spent for another's benefit. "], ["vis", [{"t": "{it}reimbursed{/it} employees for expenses"}]], ["text", " {sc}indemnify{/sc} implies making good a loss suffered through accident, disaster, warfare. "], ["vis", [{"t": "{it}indemnified{/it} the families of the dead miners"}]], ["text", " {sc}repay{/sc} stresses paying back an equivalent in kind or amount. "], ["vis", [{"t": "{it}repay{/it} a favor with a favor"}]], ["text", " {sc}recompense{/sc} suggests due return in amends, friendly repayment, or reward. "], ["vis", [{"t": "passengers were {it}recompensed{/it} for the delay"}]]]}], "et": [["text", "Middle English, from Anglo-French {it}paier{/it}, from Latin {it}pacare{/it} to pacify, from {it}pac-, pax{/it} peace"]], "date": "13th century{ds|t|1|a|}", "shortdef": ["to make due return to for services rendered or property delivered", "to engage for money : hire", "to give in return for goods or service"]}, {"meta": {"id": "pay:4", "uuid": "eb911076-783d-45ca-829a-9a7acd698394", "sort": "160121900", "src": "collegiate", "section": "alpha", "stems": ["paid", "pay", "payed", "paying", "pays"], "offensive": false}, "hom": 4, "hwi": {"hw": "pay"}, "fl": "verb", "ins": [{"if": "payed"}, {"il": "also", "if": "paid"}, {"if": "pay*ing"}], "def": [{"vd": "transitive verb", "sseq": [[["sense", {"dt": [["text", "{bc}to coat with a waterproof composition"]]}]]]}], "et": [["text", "obsolete French {it}peier{/it}, from Latin {it}picare{/it}, from {it}pic-, pix{/it} pitch {ma}{mat|pitch|}{/ma}"]], "date": "1610", "shortdef": ["to coat with a waterproof composition"]}, {"meta": {"id": "all-expenses paid", "uuid": "ecc54874-ab69-41a0-8a16-fba280abf027", "sort": "3000373000", "src": "ld", "section": "idioms", "stems": ["all-expenses paid"], "offensive": false}, "hwi": {"hw": "all-expenses paid"}, "fl": "idiom", "def": [{"sseq": [[["sense", {"dt": [["text", "{bc}having all costs already paid "], ["vis", [{"t": "an {it}all-expenses paid{/it} trip"}]]]}]]]}], "shortdef": ["having all costs already paid"]}, {"meta": {"id": "be paid up", "uuid": "d24809cc-9552-40fd-a357-9acd15972ef9", "sort": "3001740000", "src": "ld", "section": "idioms", "stems": ["be paid up"], "offensive": false}, "hwi": {"hw": "be paid up"}, "fl": "idiom", "def": [{"sseq": [[["sense", {"dt": [["text", "{bc}having given all of the money that one owes on a debt until a specific date. "], ["vis", [{"t": "You{it}'re{/it} (all) {it}paid up{/it} through June."}]]]}]]]}], "shortdef": ["having given all of the money that one owes on a debt until a specific date."]}, {"meta": {"id": "postage-paid", "uuid": "6e7dadae-03d1-4054-bbc7-d640f606bc0e", "sort": "3015116000", "src": "ld", "section": "idioms", "stems": ["postage-paid"], "offensive": false}, "hwi": {"hw": "postage-paid"}, "fl": "adjective", "def": [{"sseq": [[["sense", {"dt": [["text", "{bc}costing nothing to mail because the postage has been paid already "], ["vis", [{"t": "a {it}postage-paid{/it} envelope/postcard"}]]]}]]]}], "shortdef": ["costing nothing to mail because the postage has been paid already"]}, {"meta": {"id": "reply-paid", "uuid": "8ff23520-7942-4b95-85e7-8eccb0fd24bc", "sort": "3016092000", "src": "ld", "section": "idioms", "stems": ["reply-paid"], "offensive": false}, "hwi": {"hw": "reply-paid"}, "fl": "adjective", "def": [{"sls": ["British"], "sseq": [[["sense", {"dt": [["text", "{bc}costing nothing to mail because the postage has been paid already"]]}]]]}], "shortdef": ["costing nothing to mail because the postage has been paid already"]}, {"meta": {"id": "pay down", "uuid": "0cbe4132-ab75-4299-9ee9-547ad06ba962", "sort": "160122700", "src": "collegiate", "section": "alpha", "stems": ["paid down", "pay down", "paying down", "pays down"], "offensive": false}, "hwi": {"hw": "pay down"}, "fl": "verb", "ins": [{"if": "paid down"}, {"if": "pay*ing down"}, {"if": "pays down"}], "def": [{"vd": "transitive verb", "sseq": [[["sense", {"dt": [["text", "{bc}to reduce (a debt) by repaying in part"]]}]]]}], "date": "1975", "shortdef": ["to reduce (a debt) by repaying in part"]}, {"meta": {"id": "pay off", "uuid": "2d64a84e-6403-4523-a97f-f1cba0c66af2", "sort": "160123800", "src": "collegiate", "section": "alpha", "stems": ["paid off", "pay off", "payed off", "paying off", "pays off"], "offensive": false}, "hwi": {"hw": "pay off"}, "fl": "verb", "ins": [{"if": "paid off"}, {"if": "pay*ing off"}, {"if": "pays off"}], "def": [{"vd": "transitive verb", "sseq": [[["sense", {"sn": "1 a", "dt": [["text", "{bc}to pay (a debt or a creditor) in full"]]}], ["sense", {"sn": "b", "dt": [["text", "{bc}to give all due wages to"]], "sdsense": {"sd": "especially", "dt": [["text", "{bc}to pay in full and discharge (an employee)"]]}}], ["sense", {"sn": "c", "dt": [["text", "{bc}{sx|bribe||}"]]}]], [["sense", {"sn": "2", "dt": [["text", "{bc}to inflict retribution on"]]}]], [["sense", {"sn": "3", "dt": [["text", "{bc}to allow (a thread or rope) to run off a spool or drum"]]}]]]}, {"vd": "intransitive verb", "sseq": [[["sense", {"dt": [["text", "{bc}to yield returns"]]}]]]}], "date": "1607{ds|t|1|a|}", "shortdef": ["to pay (a debt or a creditor) in full", "to give all due wages to; especially : to pay in full and discharge (an employee)", "bribe"]}]