[{"meta": {"id": "pain", "uuid": "d3370641-c5c1-4478-8226-ba3bf0f66536", "src": "coll_thes", "section": "alpha", "target": {"tuuid": "70eb3d18-d82a-4560-8491-30a00e378918", "tsrc": "collegiate"}, "stems": ["pain", "on pain of", "painless", "painlessly", "painlessness", "painlessnesses", "pains", "under pain of"], "syns": [["ache", "pang", "prick", "shoot", "smart", "sting", "stitch", "throe", "tingle", "twinge"], ["affliction", "agony", "anguish", "distress", "excruciation", "hurt", "misery", "rack", "strait(s)", "torment", "torture", "travail", "tribulation", "woe"], ["care", "carefulness", "closeness", "conscientiousness", "heed", "heedfulness", "meticulosity", "meticulousness", "scrupulousness"], ["effort", "elbow grease", "exertion", "expenditure", "labor", "sweat", "trouble", "while", "work"], ["annoyance", "annoyer", "bother", "gadfly", "gnawer", "nudnik", "nuisance", "persecutor", "pest", "tease", "teaser"]], "ants": [["heedlessness", "inattentiveness", "negligence"]], "offensive": false}, "hwi": {"hw": "pain"}, "fl": "noun", "def": [{"sseq": [[["sense", {"sn": "1", "dt": [["text", "a sharp unpleasant sensation usually felt in some specific part of the body "], ["vis", [{"t": "the child was crying because of a {it}pain{/it} in her knee"}]]], "syn_list": [[{"wd": "ache"}, {"wd": "pang"}, {"wd": "prick"}, {"wd": "shoot"}, {"wd": "smart"}, {"wd": "sting"}, {"wd": "stitch"}, {"wd": "throe"}, {"wd": "tingle"}, {"wd": "twinge"}]], "rel_list": [[{"wd": "discomfort"}, {"wd": "distress"}, {"wd": "soreness"}, {"wd": "tenderness"}], [{"wd": "affliction"}, {"wd": "agony"}, {"wd": "anguish"}, {"wd": "misery"}, {"wd": "sufferance"}, {"wd": "suffering"}, {"wd": "torment"}, {"wd": "torture"}], [{"wd": "inflammation"}, {"wd": "sore"}, {"wd": "swelling"}], [{"wd": "damage"}, {"wd": "detriment"}, {"wd": "harm"}, {"wd": "hurt"}, {"wd": "injury"}], [{"wd": "backache"}, {"wd": "bellyache"}, {"wd": "charley horse"}, {"wd": "colic"}, {"wd": "complaint"}, {"wd": "earache"}, {"wd": "gripe"}, {"wd": "headache"}, {"wd": "stomachache"}, {"wd": "toothache"}]], "near_list": [[{"wd": "comfort"}, {"wd": "ease"}, {"wd": "easiness"}]]}]], [["sense", {"sn": "2", "dt": [["text", "a state of great suffering of body or mind "], ["vis", [{"t": "a sprained ankle caused him great {it}pain{/it} for a week"}]]], "syn_list": [[{"wd": "affliction"}, {"wd": "agony"}, {"wd": "anguish"}, {"wd": "distress"}, {"wd": "excruciation"}, {"wd": "hurt"}, {"wd": "misery"}, {"wd": "rack"}, {"wd": "strait(s)"}, {"wd": "torment"}, {"wd": "torture"}, {"wd": "travail"}, {"wd": "tribulation"}, {"wd": "woe"}]], "rel_list": [[{"wd": "discomfort"}], [{"wd": "cross"}, {"wd": "crucible"}, {"wd": "trial"}], [{"wd": "heartache"}, {"wd": "heartbreak"}, {"wd": "joylessness"}, {"wd": "sadness"}, {"wd": "sorrow"}, {"wd": "unhappiness"}], [{"wd": "emergency"}, {"wd": "pinch"}], [{"wd": "asperity"}, {"wd": "difficulty"}, {"wd": "hardship"}, {"wd": "rigor"}], [{"wd": "ache"}, {"wd": "pang"}, {"wd": "smarting"}, {"wd": "soreness"}, {"wd": "stitch"}, {"wd": "throe"}, {"wd": "twinge"}], [{"wd": "danger"}, {"wd": "jeopardy"}, {"wd": "trouble"}]], "near_list": [[{"wd": "comfort"}, {"wd": "consolation"}, {"wd": "solace"}], [{"wd": "alleviation"}, {"wd": "assuagement"}, {"wd": "ease"}, {"wd": "relief"}], [{"wd": "peace"}, {"wd": "security"}], [{"wd": "well-being"}]]}]], [["sense", {"sn": "3", "ins": [{"if": "pains", "spl": "plural"}], "dt": [["text", "strict attentiveness to what one is doing "], ["vis", [{"t": "asked the movers to take {it}pains{/it} to be sure that they didn't damage anything while moving the furniture"}]]], "syn_list": [[{"wd": "care"}, {"wd": "carefulness"}, {"wd": "closeness"}, {"wd": "conscientiousness"}, {"wd": "heed"}, {"wd": "heedfulness"}, {"wd": "meticulosity"}, {"wd": "meticulousness"}, {"wd": "scrupulousness"}]], "rel_list": [[{"wd": "advertence"}, {"wd": "advertency"}, {"wd": "attention"}, {"wd": "concentration"}, {"wd": "focus"}, {"wd": "observance"}, {"wd": "observation"}], [{"wd": "alertness"}, {"wd": "mindfulness"}, {"wd": "vigilance"}, {"wd": "watchfulness"}], [{"wd": "dutifulness"}, {"wd": "irreproachability"}, {"wd": "irreproachableness"}, {"wd": "punctiliousness"}, {"wd": "responsibility"}], [{"wd": "bother"}, {"wd": "effort"}, {"wd": "painstaking"}, {"wd": "trouble"}], [{"wd": "exactness"}, {"wd": "particularity"}, {"wd": "precision"}]], "near_list": [[{"wd": "inadvertence"}, {"wd": "inadvertency"}, {"wd": "inattention"}, {"wd": "inobservance"}]], "ant_list": [[{"wd": "heedlessness"}, {"wd": "inattentiveness"}, {"wd": "negligence"}]]}]], [["sense", {"sn": "4", "ins": [{"if": "pains", "spl": "plural"}], "dt": [["text", "the active use of energy in producing a result "], ["vis", [{"t": "she was at {it}pains{/it} to reassure us that everything would be fine"}]]], "syn_list": [[{"wd": "effort"}, {"wd": "elbow grease"}, {"wd": "exertion"}, {"wd": "expenditure"}, {"wd": "labor"}, {"wd": "sweat"}, {"wd": "trouble"}, {"wd": "while"}, {"wd": "work"}]], "rel_list": [[{"wd": "drudgery"}, {"wd": "grind"}, {"wd": "slog"}, {"wd": "strain"}, {"wd": "toil"}, {"wd": "travail"}], [{"wd": "dint"}, {"wd": "energy"}], [{"wd": "force"}, {"wd": "might"}, {"wd": "muscle"}, {"wd": "power"}, {"wd": "puissance"}], [{"wd": "attempt"}, {"wd": "endeavor"}, {"wd": "essay"}, {"wd": "fling"}, {"wd": "go"}, {"wd": "pass"}, {"wd": "shot"}, {"wd": "stab"}, {"wd": "trial"}, {"wd": "try"}, {"wd": "whack"}]], "near_list": [[{"wd": "adroitness"}, {"wd": "ease"}, {"wd": "facility"}, {"wd": "fluency"}, {"wd": "smoothness"}], [{"wd": "dormancy"}, {"wd": "idleness"}, {"wd": "inaction"}, {"wd": "inactivity"}, {"wd": "indolence"}, {"wd": "inertia"}, {"wd": "languor"}, {"wd": "laziness"}, {"wd": "quiescence"}]]}]], [["sense", {"sn": "5", "dt": [["text", "one who is obnoxiously annoying "], ["vis", [{"t": "sometimes that child, who apparently never tires of asking questions, can be such a {it}pain{/it}"}]]], "syn_list": [[{"wd": "annoyance"}, {"wd": "annoyer"}, {"wd": "bother"}, {"wd": "gadfly"}, {"wd": "gnawer"}, {"wd": "nudnik", "wvrs": [{"wvl": "also", "wva": "nudnick"}]}, {"wd": "nuisance"}, {"wd": "persecutor"}, {"wd": "pest"}, {"wd": "tease"}, {"wd": "teaser"}]], "rel_list": [[{"wd": "headache"}], [{"wd": "harrier"}, {"wd": "heckler"}, {"wd": "interrupter", "wvrs": [{"wvl": "also", "wva": "interruptor"}]}], [{"wd": "hassle"}, {"wd": "plague"}], [{"wd": "harasser"}, {"wd": "molester"}, {"wd": "tormentor", "wvrs": [{"wvl": "also", "wva": "tormenter"}]}, {"wd": "torturer"}]], "phrase_list": [[{"wd": "pain in the neck"}]], "near_list": [[{"wd": "charmer"}, {"wd": "smoothy", "wvrs": [{"wvl": "or", "wva": "smoothie"}]}], [{"wd": "comforter"}, {"wd": "solacer"}, {"wd": "soother"}]]}]]]}], "shortdef": ["a sharp unpleasant sensation usually felt in some specific part of the body", "a state of great suffering of body or mind", "strict attentiveness to what one is doing"]}, {"meta": {"id": "pain", "uuid": "f1fbc2f8-4517-4df7-bec8-0196531d4bf4", "src": "coll_thes", "section": "alpha", "target": {"tuuid": "b3192aa3-563f-41c8-bea8-c03db61ac9b3", "tsrc": "collegiate"}, "stems": ["pain", "pained", "paining", "pains"], "syns": [["ache", "hurt", "smart"]], "ants": [], "offensive": false}, "hwi": {"hw": "pain"}, "fl": "verb", "def": [{"sseq": [[["sense", {"dt": [["text", "to feel or cause physical pain "], ["vis", [{"t": "my poor head was {it}paining{/it} so from all that racket"}]]], "syn_list": [[{"wd": "ache"}, {"wd": "hurt"}, {"wd": "smart"}]], "rel_list": [[{"wd": "bite"}, {"wd": "bleed"}, {"wd": "burn"}, {"wd": "chafe"}, {"wd": "cramp"}, {"wd": "fester"}, {"wd": "itch"}, {"wd": "nag"}, {"wd": "pinch"}, {"wd": "pound"}, {"wd": "rack"}, {"wd": "sting"}, {"wd": "swell"}, {"wd": "throb"}, {"wd": "tingle"}, {"wd": "twinge"}], [{"wd": "agonize"}, {"wd": "anguish"}, {"wd": "suffer"}], [{"wd": "afflict"}, {"wd": "harrow"}, {"wd": "torment"}, {"wd": "torture"}]]}]]]}], "shortdef": ["to feel or cause physical pain"]}, {"meta": {"id": "pain in the neck", "uuid": "4c95ae40-5785-4a32-acca-1375e7f5a44c", "src": "CTenhance", "section": "phrases", "stems": ["pain in the neck"], "syns": [["annoyance", "annoyer", "bother", "gadfly", "gnawer", "nudnik", "nuisance", "pain", "persecutor", "pest", "tease", "teaser"]], "ants": [], "offensive": false}, "hwi": {"hw": "pain in the neck"}, "fl": "phrase", "def": [{"sseq": [[["sense", {"dt": [["text", "one who is obnoxiously annoying "], ["vis", [{"t": "That guy's always been a {it}pain in the neck{/it} and I just try to ignore him."}]]], "syn_list": [[{"wd": "annoyance"}, {"wd": "annoyer"}, {"wd": "bother"}, {"wd": "gadfly"}, {"wd": "gnawer"}, {"wd": "nudnik", "wvrs": [{"wvl": "also", "wva": "nudnick"}]}, {"wd": "nuisance"}, {"wd": "pain"}, {"wd": "persecutor"}, {"wd": "pest"}, {"wd": "tease"}, {"wd": "teaser"}]], "rel_list": [[{"wd": "headache"}], [{"wd": "harrier"}, {"wd": "heckler"}, {"wd": "interrupter", "wvrs": [{"wvl": "also", "wva": "interruptor"}]}], [{"wd": "hassle"}, {"wd": "plague"}], [{"wd": "harasser"}, {"wd": "molester"}, {"wd": "tormentor", "wvrs": [{"wvl": "also", "wva": "tormenter"}]}, {"wd": "torturer"}]], "near_list": [[{"wd": "charmer"}, {"wd": "smoothy", "wvrs": [{"wvl": "or", "wva": "smoothie"}]}], [{"wd": "comforter"}, {"wd": "solacer"}, {"wd": "soother"}]]}]]]}], "shortdef": ["one who is obnoxiously annoying"]}, {"meta": {"id": "painkiller", "uuid": "d1e80886-fc96-4829-a8ad-0dfb0eea6079", "src": "coll_thes", "section": "alpha", "target": {"tuuid": "5b935621-2247-4b0c-8a3c-251a71a5cf2c", "tsrc": "collegiate"}, "stems": ["painkiller", "pain-killer", "pain-killers", "pain-killing", "painkillers", "painkilling"], "syns": [["analgesic", "anesthetic", "anodyne"]], "ants": [], "offensive": false}, "hwi": {"hw": "painkiller"}, "fl": "noun", "def": [{"sseq": [[["sense", {"dt": [["text", "something (as a drug) that relieves pain "], ["vis", [{"t": "after her oral surgery, she was given a prescription for a mild {it}painkiller{/it}"}]]], "syn_list": [[{"wd": "analgesic"}, {"wd": "anesthetic"}, {"wd": "anodyne"}]], "rel_list": [[{"wd": "sedative"}, {"wd": "tranquilizer", "wvrs": [{"wvl": "also", "wva": "tranquillizer"}]}], [{"wd": "narcotic"}, {"wd": "opiate"}]]}]]]}], "shortdef": ["something (as a drug) that relieves pain"]}]