[{"meta": {"id": "people", "uuid": "ebdd5a0f-e38f-49f5-8c2a-6ed55e29e62f", "src": "coll_thes", "section": "alpha", "stems": ["people"], "syns": [["folks", "humanity", "humankind", "public", "species", "world"], ["commoners", "commons", "crowd", "herd", "hoi polloi", "mass", "millions", "mob", "multitude", "plebeians", "plebs", "populace", "public", "rank and file"], ["blood", "clan", "family", "folks", "house", "kin", "kindred", "kinfolk", "kinsfolk", "line", "lineage", "race", "stock", "tribe"]], "ants": [["A-list", "aristocracy", "best", "choice", "corps d'elite", "cream", "elect", "elite", "fat", "flower", "pick", "pink", "pride", "upper crust"]], "offensive": false}, "hwi": {"hw": "people"}, "fl": "plural noun", "def": [{"sseq": [[["sense", {"sn": "1", "dt": [["text", "human beings in general "], ["vis", [{"t": "despite the horrors she witnessed, Anne Frank never lost her faith in {it}people{/it}"}]]], "syn_list": [[{"wd": "folks"}, {"wd": "humanity"}, {"wd": "humankind"}, {"wd": "public"}, {"wd": "species"}, {"wd": "world"}]], "rel_list": [[{"wd": "community"}, {"wd": "society"}], [{"wd": "crowd"}, {"wd": "masses"}, {"wd": "mob"}, {"wd": "populace"}, {"wd": "proletariat"}, {"wd": "rabble"}, {"wd": "rabblement"}, {"wd": "riffraff"}]]}]], [["sense", {"sn": "2", "dt": [["text", "the body of the community as contrasted with the elite "], ["vis", [{"t": "tensions mounted until the {it}people{/it} rose up in rebellion"}]]], "syn_list": [[{"wd": "commoners"}, {"wd": "commons"}, {"wd": "crowd"}, {"wd": "herd"}, {"wd": "hoi polloi"}, {"wd": "mass"}, {"wd": "millions"}, {"wd": "mob"}, {"wd": "multitude"}, {"wd": "plebeians"}, {"wd": "plebs"}, {"wd": "populace"}, {"wd": "public"}, {"wd": "rank and file"}]], "rel_list": [[{"wd": "cattle"}, {"wd": "proletariat"}, {"wd": "rabble"}, {"wd": "rabblement"}, {"wd": "ragtag and bobtail"}, {"wd": "riffraff"}, {"wd": "rout"}, {"wd": "scum"}, {"wd": "tag, rag, and bobtail", "wvrs": [{"wvl": "or", "wva": "tagrag and bobtail"}]}, {"wd": "trash"}, {"wd": "unwashed"}], [{"wd": "bourgeoisie"}, {"wd": "middle class"}]], "near_list": [[{"wd": "gentility"}, {"wd": "gentlefolk", "wvrs": [{"wvl": "also", "wva": "gentlefolks"}]}, {"wd": "gentry"}, {"wd": "haute monde"}, {"wd": "nobility"}, {"wd": "patriciate"}, {"wd": "peerage"}, {"wd": "quality"}, {"wd": "royalty"}, {"wd": "society"}]], "ant_list": [[{"wd": "A-list"}, {"wd": "aristocracy"}, {"wd": "best"}, {"wd": "choice"}, {"wd": "corps d'elite"}, {"wd": "cream"}, {"wd": "elect"}, {"wd": "elite"}, {"wd": "fat"}, {"wd": "flower"}, {"wd": "pick"}, {"wd": "pink"}, {"wd": "pride"}, {"wd": "upper crust"}]]}]], [["sense", {"sn": "3", "dt": [["text", "a group of persons who come from the same ancestor "], ["vis", [{"t": "introduced my new boyfriend to my {it}people{/it}"}]]], "syn_list": [[{"wd": "blood"}, {"wd": "clan"}, {"wd": "family"}, {"wd": "folks"}, {"wd": "house"}, {"wd": "kin"}, {"wd": "kindred"}, {"wd": "kinfolk", "wvrs": [{"wvl": "or", "wva": "kinfolks"}]}, {"wd": "kinsfolk"}, {"wd": "line"}, {"wd": "lineage"}, {"wd": "race"}, {"wd": "stock"}, {"wd": "tribe"}]], "rel_list": [[{"wd": "blended family"}, {"wd": "nuclear family"}], [{"wd": "extended family"}, {"wd": "household"}, {"wd": "kith"}], [{"wd": "brood"}], [{"wd": "descendant", "wvrs": [{"wvl": "also", "wva": "descendent"}]}, {"wd": "issue"}, {"wd": "offspring"}, {"wd": "progeny"}, {"wd": "scion"}, {"wd": "seed"}], [{"wd": "clansman"}, {"wd": "kinsman"}, {"wd": "kinswoman"}, {"wd": "relative"}], [{"wd": "dynasty"}]], "near_list": [[{"wd": "ancestry"}, {"wd": "birth"}, {"wd": "descent"}, {"wd": "extraction"}, {"wd": "origin"}, {"wd": "pedigree"}]]}]]]}], "shortdef": ["human beings in general", "the body of the community as contrasted with the elite", "a group of persons who come from the same ancestor"]}, {"meta": {"id": "people", "uuid": "9f7b4d3d-d5f4-4123-89cd-b759cbd197a0", "src": "coll_thes", "section": "alpha", "target": {"tuuid": "033ef5cf-7639-4f2c-95c6-c855aaa9bb1b", "tsrc": "collegiate"}, "stems": ["people", "peopled", "peoples", "peopling"], "syns": [["colonize", "populate", "settle"]], "ants": [["depopulate", "unpeople"]], "offensive": false}, "hwi": {"hw": "people"}, "fl": "verb", "def": [{"sseq": [[["sense", {"dt": [["text", "to supply with inhabitants "], ["vis", [{"t": "a science-fiction novel about a mission to {it}people{/it} Mars"}]]], "syn_list": [[{"wd": "colonize"}, {"wd": "populate"}, {"wd": "settle"}]], "rel_list": [[{"wd": "inhabit"}], [{"wd": "move (to)"}, {"wd": "relocate (to)"}]], "ant_list": [[{"wd": "depopulate"}, {"wd": "unpeople"}]]}]]]}], "shortdef": ["to supply with inhabitants"]}, {"meta": {"id": "beautiful people", "uuid": "49f9bce6-5a88-488b-9ba4-ce0b85a098eb", "src": "CTcompile", "section": "alpha", "stems": ["beautiful people"], "syns": [["A-list", "beau monde", "caf\u00e9 society", "Four Hundred", "glitterati", "haut monde", "jet set", "society", "aristocracy", "elite", "gentility", "gentlefolk", "gentry", "nobility", "patriciate", "quality", "upper class", "upper crust", "carriage trade", "plutocracy"]], "ants": [["proletarians", "proletariat", "commoners", "(the) crowd", "(the) masses", "peasantry", "peonage", "(the) people", "plebeians", "plebs", "(the) populace", "(the) public", "rank and file", "bourgeoisie", "middle class", "working class", "dregs", "(the) herd", "(the) mob", "rabble", "rabblement", "riffraff", "scum", "trash"]], "offensive": false}, "hwi": {"hw": "beautiful people"}, "fl": "noun", "def": [{"sseq": [[["sense", {"dt": [["text", "as in {it}caf\u00e9 society{/it}, {it}haut monde{/it}"]], "sim_list": [[{"wd": "A-list"}, {"wd": "beau monde"}, {"wd": "caf\u00e9 society"}, {"wd": "Four Hundred", "wvrs": [{"wvl": "or", "wva": "400"}]}, {"wd": "glitterati"}, {"wd": "haut monde", "wvrs": [{"wvl": "also", "wva": "haute monde"}]}, {"wd": "jet set"}, {"wd": "society"}], [{"wd": "aristocracy"}, {"wd": "elite"}, {"wd": "gentility"}, {"wd": "gentlefolk", "wvrs": [{"wvl": "also", "wva": "gentlefolks"}]}, {"wd": "gentry"}, {"wd": "nobility"}, {"wd": "patriciate"}, {"wd": "quality"}, {"wd": "upper class"}, {"wd": "upper crust"}], [{"wd": "carriage trade"}, {"wd": "plutocracy"}]], "opp_list": [[{"wd": "proletarians"}, {"wd": "proletariat"}], [{"wd": "commoners"}, {"wd": "(the) crowd"}, {"wd": "(the) masses"}, {"wd": "peasantry"}, {"wd": "peonage"}, {"wd": "(the) people"}, {"wd": "plebeians"}, {"wd": "plebs"}, {"wd": "(the) populace"}, {"wd": "(the) public"}, {"wd": "rank and file"}], [{"wd": "bourgeoisie"}, {"wd": "middle class"}, {"wd": "working class"}], [{"wd": "dregs"}, {"wd": "(the) herd"}, {"wd": "(the) mob"}, {"wd": "rabble"}, {"wd": "rabblement"}, {"wd": "riffraff"}, {"wd": "scum"}, {"wd": "trash"}]]}]]]}], "shortdef": ["as in caf\u00e9 society, haut monde"]}, {"meta": {"id": "little people", "uuid": "515e4905-f737-468c-9958-ae3cb95f7c54", "src": "CTcompile", "section": "alpha", "stems": ["little people"], "syns": [["brownie", "dwarf", "elf", "faerie", "fairy", "fay", "gnome", "goblin", "gremlin", "hobgoblin", "kobold", "leprechaun", "pixie", "puck", "sprite", "troll", "banshee", "ghoul", "hag", "ogre", "imp", "kelpie", "nixie", "changeling"]], "ants": [], "offensive": false}, "hwi": {"hw": "little people"}, "fl": "noun", "def": [{"sseq": [[["sense", {"dt": [["text", "as in {it}troll{/it}, {it}elf{/it}"]], "sim_list": [[{"wd": "brownie"}, {"wd": "dwarf"}, {"wd": "elf"}, {"wd": "faerie", "wvrs": [{"wvl": "also", "wva": "faery"}]}, {"wd": "fairy"}, {"wd": "fay"}, {"wd": "gnome"}, {"wd": "goblin"}, {"wd": "gremlin"}, {"wd": "hobgoblin"}, {"wd": "kobold"}, {"wd": "leprechaun"}, {"wd": "pixie", "wvrs": [{"wvl": "also", "wva": "pixy"}]}, {"wd": "puck"}, {"wd": "sprite"}, {"wd": "troll"}], [{"wd": "banshee"}, {"wd": "ghoul"}, {"wd": "hag"}, {"wd": "ogre"}], [{"wd": "imp"}], [{"wd": "kelpie"}, {"wd": "nixie"}], [{"wd": "changeling"}]]}]]]}], "shortdef": ["as in troll, elf"]}, {"meta": {"id": "(the) people", "uuid": "ebfae214-5a5b-4b0d-93b8-8d7b4bab2137", "src": "CTcompile", "section": "alpha", "stems": ["(the) people", "the people"], "syns": [["commoners", "(the) crowd", "(the) masses", "peasantry", "peonage", "plebeians", "plebs", "(the) populace", "(the) public", "rank and file", "proletarians", "proletariat", "bourgeoisie", "middle class", "working class", "dregs", "(the) herd", "(the) mob", "rabble", "rabblement", "riffraff", "scum", "trash"]], "ants": [["aristocracy", "elite", "gentility", "gentlefolk", "gentry", "nobility", "patriciate", "quality", "upper class", "upper crust", "A-list", "beau monde", "beautiful people", "caf\u00e9 society", "Four Hundred", "glitterati", "haut monde", "jet set", "society", "carriage trade", "plutocracy"]], "offensive": false}, "hwi": {"hw": "(the) people"}, "fl": "plural noun", "def": [{"sseq": [[["sense", {"dt": [["text", "as in {it}(the) public{/it}, {it}(the) crowd{/it}"]], "sim_list": [[{"wd": "commoners"}, {"wd": "(the) crowd"}, {"wd": "(the) masses"}, {"wd": "peasantry"}, {"wd": "peonage"}, {"wd": "plebeians"}, {"wd": "plebs"}, {"wd": "(the) populace"}, {"wd": "(the) public"}, {"wd": "rank and file"}], [{"wd": "proletarians"}, {"wd": "proletariat"}], [{"wd": "bourgeoisie"}, {"wd": "middle class"}, {"wd": "working class"}], [{"wd": "dregs"}, {"wd": "(the) herd"}, {"wd": "(the) mob"}, {"wd": "rabble"}, {"wd": "rabblement"}, {"wd": "riffraff"}, {"wd": "scum"}, {"wd": "trash"}]], "opp_list": [[{"wd": "aristocracy"}, {"wd": "elite"}, {"wd": "gentility"}, {"wd": "gentlefolk", "wvrs": [{"wvl": "also", "wva": "gentlefolks"}]}, {"wd": "gentry"}, {"wd": "nobility"}, {"wd": "patriciate"}, {"wd": "quality"}, {"wd": "upper class"}, {"wd": "upper crust"}], [{"wd": "A-list"}, {"wd": "beau monde"}, {"wd": "beautiful people"}, {"wd": "caf\u00e9 society"}, {"wd": "Four Hundred", "wvrs": [{"wvl": "or", "wva": "400"}]}, {"wd": "glitterati"}, {"wd": "haut monde", "wvrs": [{"wvl": "also", "wva": "haute monde"}]}, {"wd": "jet set"}, {"wd": "society"}], [{"wd": "carriage trade"}, {"wd": "plutocracy"}]]}]]]}], "shortdef": ["as in (the) public, (the) crowd"]}, {"meta": {"id": "point people", "uuid": "b29edad2-c76f-4294-b53d-a8d5c082d59b", "src": "coll_thes", "section": "alpha", "stems": ["point people"], "syns": [["mouthpieces", "mouths", "point men", "prophets", "speakers", "spokesmen", "spokespeople"]], "ants": [], "offensive": false}, "hwi": {"hw": "point people"}, "fl": "noun", "sls": ["plural of {d_link|point person|point person}"], "def": [{"sseq": [[["sense", {"dt": [["text", "a person who speaks for another or for a group "], ["vis", [{"t": "she's become known as the {it}point person{/it} for the state department's Middle East policy"}]]], "syn_list": [[{"wd": "mouthpieces"}, {"wd": "mouths"}, {"wd": "point men"}, {"wd": "prophets"}, {"wd": "speakers"}, {"wd": "spokesmen"}, {"wd": "spokespeople"}]], "rel_list": [[{"wd": "spokesmodels"}, {"wd": "spokeswomen"}], [{"wd": "fronts"}, {"wd": "promoters"}, {"wd": "shills"}], [{"wd": "communicators"}, {"wd": "sayers"}, {"wd": "talkers"}], [{"wd": "agents"}, {"wd": "ambassadors"}, {"wd": "delegates"}, {"wd": "emissaries"}, {"wd": "envoys"}, {"wd": "representatives"}]]}]]]}], "shortdef": ["a person who speaks for another or for a group"]}]