[{"meta": {"id": "place", "uuid": "9e528e47-ec31-4bda-a771-93f76a5b0565", "src": "coll_thes", "section": "alpha", "target": {"tuuid": "9bd7cb1a-c7ea-40be-97b1-b65107b39e69", "tsrc": "collegiate"}, "stems": ["place", "in place of", "into place", "places"], "syns": [["emplacement", "locale", "locality", "location", "locus", "point", "position", "site", "spot", "venue", "where"], ["establishment", "joint", "parlor", "salon"], ["appointment", "berth", "billet", "capacity", "connection", "function", "job", "position", "post", "situation"], ["elbow room", "room", "space", "way"], ["business", "capacity", "function", "job", "part", "position", "purpose", "role", "task", "work"], ["abode", "diggings", "domicile", "dwelling", "fireside", "habitation", "hearth", "hearthstone", "home", "house", "lodging", "pad", "quarters", "residence", "roof"], ["degree", "echelon", "footing", "level", "position", "rank", "ranking", "reach(es)", "rung", "situation", "standing", "station", "status", "stratum"], ["groove", "niche", "slot"], ["chapter", "cut", "degree", "grade", "inch", "notch", "peg", "phase", "point", "stage", "step"]], "ants": [], "offensive": false}, "hwi": {"hw": "place"}, "fl": "noun", "def": [{"sseq": [[["sense", {"sn": "1", "dt": [["text", "the area or space occupied by or intended for something "], ["vis", [{"t": "the {it}place{/it} chosen for the picnic"}, {"t": "there's the {it}place{/it} where I left my umbrella"}]]], "syn_list": [[{"wd": "emplacement"}, {"wd": "locale"}, {"wd": "locality"}, {"wd": "location"}, {"wd": "locus"}, {"wd": "point"}, {"wd": "position"}, {"wd": "site"}, {"wd": "spot"}, {"wd": "venue"}, {"wd": "where"}]], "rel_list": [[{"wd": "scene"}], [{"wd": "precinct"}, {"wd": "region"}, {"wd": "section"}, {"wd": "sector"}], [{"wd": "here"}, {"wd": "there"}]]}]], [["sense", {"sn": "2", "dt": [["text", "a building, room, or suite of rooms occupied by a service business "], ["vis", [{"t": "we're going to our favorite {it}place{/it} to eat"}]]], "syn_list": [[{"wd": "establishment"}, {"wd": "joint"}, {"wd": "parlor"}, {"wd": "salon"}]], "rel_list": [[{"wd": "spot"}, {"wd": "station"}], [{"wd": "facility"}, {"wd": "installation"}], [{"wd": "club"}, {"wd": "house"}], [{"wd": "den"}, {"wd": "dive"}, {"wd": "hole"}]]}]], [["sense", {"sn": "3", "dt": [["text", "an assignment at which one regularly works for pay "], ["vis", [{"t": "a friend got her a {it}place{/it} in a department store's clothing department"}]]], "syn_list": [[{"wd": "appointment"}, {"wd": "berth"}, {"wd": "billet"}, {"wd": "capacity"}, {"wd": "connection"}, {"wd": "function"}, {"wd": "job"}, {"wd": "position"}, {"wd": "post"}, {"wd": "situation"}]], "rel_list": [[{"wd": "business"}, {"wd": "employ"}, {"wd": "employment"}, {"wd": "occupation"}, {"wd": "profession"}], [{"wd": "work"}], [{"wd": "office"}, {"wd": "spot"}], [{"wd": "calling"}, {"wd": "pursuit"}, {"wd": "trade"}, {"wd": "vocation"}], [{"wd": "line"}, {"wd": "racket"}], [{"wd": "engagement"}, {"wd": "gig"}], [{"wd": "livelihood"}, {"wd": "living"}], [{"wd": "career"}, {"wd": "lifework"}, {"wd": "practice", "wvrs": [{"wvl": "also", "wva": "practise"}]}], [{"wd": "duty"}, {"wd": "mission"}, {"wd": "posting"}, {"wd": "service"}, {"wd": "task"}]], "near_list": [[{"wd": "avocation"}], [{"wd": "joblessness"}, {"wd": "unemployment"}]]}]], [["sense", {"sn": "4", "dt": [["text", "an extent or area available for or used up by some activity or thing "], ["vis", [{"t": "let's make a {it}place{/it} around our campfire for the newest member of our group"}]]], "syn_list": [[{"wd": "elbow room"}, {"wd": "room"}, {"wd": "space"}, {"wd": "way"}]], "rel_list": [[{"wd": "capacity"}, {"wd": "compass"}, {"wd": "range"}, {"wd": "scope"}], [{"wd": "berth"}, {"wd": "clearance"}, {"wd": "freedom"}, {"wd": "latitude"}, {"wd": "leeway"}, {"wd": "play"}]]}]], [["sense", {"sn": "5", "dt": [["text", "the action for which a person or thing is specially fitted or used or for which a thing exists "], ["vis", [{"t": "knew his {it}place{/it} in the organization"}]]], "syn_list": [[{"wd": "business"}, {"wd": "capacity"}, {"wd": "function"}, {"wd": "job"}, {"wd": "part"}, {"wd": "position"}, {"wd": "purpose"}, {"wd": "role", "wvrs": [{"wvl": "also", "wva": "r\u00f4le"}]}, {"wd": "task"}, {"wd": "work"}]], "rel_list": [[{"wd": "affair"}, {"wd": "concern"}, {"wd": "hand"}, {"wd": "involvement"}, {"wd": "participation"}], [{"wd": "niche"}, {"wd": "office"}, {"wd": "post"}, {"wd": "situation"}], [{"wd": "calling"}, {"wd": "occupation"}, {"wd": "pursuit"}, {"wd": "vocation"}], [{"wd": "activity"}, {"wd": "assignment"}, {"wd": "charge"}, {"wd": "commission"}, {"wd": "duty"}, {"wd": "employ"}, {"wd": "mission"}, {"wd": "responsibility"}, {"wd": "service"}, {"wd": "use"}]]}]], [["sense", {"sn": "6", "dt": [["text", "the place where one lives "], ["vis", [{"t": "they have a nice little {it}place{/it} in the country"}]]], "syn_list": [[{"wd": "abode"}, {"wd": "diggings"}, {"wd": "domicile"}, {"wd": "dwelling"}, {"wd": "fireside"}, {"wd": "habitation"}, {"wd": "hearth"}, {"wd": "hearthstone"}, {"wd": "home"}, {"wd": "house"}, {"wd": "lodging"}, {"wd": "pad"}, {"wd": "quarters"}, {"wd": "residence"}, {"wd": "roof"}]], "rel_list": [[{"wd": "accommodations"}, {"wd": "housing"}, {"wd": "nest"}, {"wd": "residency"}, {"wd": "shelter"}], [{"wd": "bungalow"}, {"wd": "cabin"}, {"wd": "casita"}, {"wd": "chalet"}, {"wd": "cottage"}], [{"wd": "duplex"}, {"wd": "ranch"}, {"wd": "ranch house"}, {"wd": "saltbox"}, {"wd": "semi", "wsls": ["chiefly British"]}, {"wd": "split level"}, {"wd": "townhome"}, {"wd": "town house"}, {"wd": "tract house"}, {"wd": "triplex"}], [{"wd": "apartment"}, {"wd": "apartment house"}, {"wd": "condo"}, {"wd": "condominium"}, {"wd": "flat"}, {"wd": "tenement"}, {"wd": "tenement house"}, {"wd": "walk-up"}], [{"wd": "penthouse"}, {"wd": "salon"}, {"wd": "suite"}], [{"wd": "barracks"}, {"wd": "billet"}, {"wd": "boardinghouse"}, {"wd": "dorm"}, {"wd": "dormitory"}, {"wd": "flophouse"}, {"wd": "lodging house"}, {"wd": "lodgment", "wvrs": [{"wvl": "or", "wva": "lodgement"}]}, {"wd": "room(s)"}, {"wd": "rooming house"}], [{"wd": "castle"}, {"wd": "ch\u00e2teau"}, {"wd": "countryseat"}, {"wd": "estate"}, {"wd": "hall"}, {"wd": "manor"}, {"wd": "manor house"}, {"wd": "mansion"}, {"wd": "McMansion"}, {"wd": "palace"}, {"wd": "villa"}], [{"wd": "farmhouse"}, {"wd": "grange"}, {"wd": "hacienda"}, {"wd": "homestead"}], [{"wd": "double-wide"}, {"wd": "houseboat"}, {"wd": "house trailer"}, {"wd": "mobile home"}, {"wd": "motor home"}, {"wd": "recreational vehicle"}, {"wd": "RV"}, {"wd": "trailer"}], [{"wd": "hermitage"}, {"wd": "manse"}, {"wd": "parsonage"}, {"wd": "rectory"}, {"wd": "vicarage"}], [{"wd": "hooch", "wvrs": [{"wvl": "or", "wva": "hootch"}], "wsls": ["slang"]}, {"wd": "hovel"}, {"wd": "hut"}, {"wd": "hutch"}, {"wd": "shack"}, {"wd": "shanty"}]]}]], [["sense", {"sn": "7", "dt": [["text", "the placement of someone or something in relation to others in a vertical arrangement "], ["vis", [{"t": "came in fourth {it}place{/it} in the marathon"}]]], "syn_list": [[{"wd": "degree"}, {"wd": "echelon"}, {"wd": "footing"}, {"wd": "level"}, {"wd": "position"}, {"wd": "rank"}, {"wd": "ranking"}, {"wd": "reach(es)"}, {"wd": "rung"}, {"wd": "situation"}, {"wd": "standing"}, {"wd": "station"}, {"wd": "status"}, {"wd": "stratum"}]], "rel_list": [[{"wd": "condition"}, {"wd": "estate"}, {"wd": "order"}, {"wd": "walk"}], [{"wd": "capacity"}, {"wd": "function"}], [{"wd": "rating"}]]}]], [["sense", {"sn": "8", "dt": [["text", "a situation or activity for which a person or thing is best suited "], ["vis", [{"t": "with skills largely limited to those honed from endless hours of video games, he was having a hard time finding a {it}place{/it} in the business world"}]]], "syn_list": [[{"wd": "groove"}, {"wd": "niche"}, {"wd": "slot"}]], "rel_list": [[{"wd": "appointment"}, {"wd": "berth"}, {"wd": "billet"}, {"wd": "capacity"}, {"wd": "function"}, {"wd": "job"}, {"wd": "position"}, {"wd": "post"}], [{"wd": "rank"}, {"wd": "standing"}, {"wd": "station"}, {"wd": "status"}], [{"wd": "forte"}, {"wd": "long suit"}, {"wd": "m\u00e9tier", "wvrs": [{"wvl": "also", "wva": "metier"}]}, {"wd": "speciality"}, {"wd": "specialty"}, {"wd": "strong suit"}, {"wd": "thing"}]]}]], [["sense", {"sn": "9", "dt": [["text", "an individual part of a process, series, or ranking "], ["vis", [{"t": "well, in the first {it}place{/it}, you shouldn't even be here"}]]], "syn_list": [[{"wd": "chapter"}, {"wd": "cut"}, {"wd": "degree"}, {"wd": "grade"}, {"wd": "inch"}, {"wd": "notch"}, {"wd": "peg"}, {"wd": "phase"}, {"wd": "point"}, {"wd": "stage"}, {"wd": "step"}]], "rel_list": [[{"wd": "angle"}, {"wd": "aspect"}, {"wd": "facet"}, {"wd": "side"}], [{"wd": "amount"}, {"wd": "measure"}, {"wd": "plane"}], [{"wd": "decrement"}, {"wd": "increment"}]]}]]]}], "shortdef": ["the area or space occupied by or intended for something", "a building, room, or suite of rooms occupied by a service business", "an assignment at which one regularly works for pay"]}, {"meta": {"id": "place", "uuid": "5a3404ac-a38b-402c-9834-6aaf6755c3fa", "src": "coll_thes", "section": "alpha", "target": {"tuuid": "e340c35f-01bc-4eef-ab32-991a554b10da", "tsrc": "collegiate"}, "stems": ["place", "placeable", "placed", "places", "placing"], "syns": [["depose", "deposit", "dispose", "emplace", "fix", "lay", "position", "put", "set", "set up", "situate", "stick"], ["assort", "break down", "categorize", "class", "classify", "codify", "compartment", "compartmentalize", "digest", "distinguish", "distribute", "grade", "group", "peg", "range", "rank", "relegate", "separate", "sort", "type"], ["calculate", "call", "conjecture", "estimate", "figure", "gauge", "guess", "judge", "make", "put", "reckon", "suppose"], ["be", "grade", "rank", "rate", "stand"], ["appoint", "assign", "attach", "commission", "constitute", "designate", "detail", "name", "nominate"], ["bring up", "broach", "introduce", "moot", "raise"], ["assume", "employ", "engage", "fee", "hire", "lay on", "pay", "recruit", "retain", "sign (up or on)", "take on"]], "ants": [["discharge", "dismiss", "expel", "fire"], ["ax", "can", "discharge", "dismiss", "fire", "sack"]], "offensive": false}, "hwi": {"hw": "place"}, "fl": "verb", "def": [{"sseq": [[["sense", {"sn": "1", "dt": [["text", "to arrange something in a certain spot or position "], ["vis", [{"t": "he carefully {it}placed{/it} the flowers in a vase"}]]], "syn_list": [[{"wd": "depose"}, {"wd": "deposit"}, {"wd": "dispose"}, {"wd": "emplace"}, {"wd": "fix"}, {"wd": "lay"}, {"wd": "position"}, {"wd": "put"}, {"wd": "set"}, {"wd": "set up"}, {"wd": "situate"}, {"wd": "stick"}]], "rel_list": [[{"wd": "move"}, {"wd": "rearrange"}, {"wd": "reorder"}, {"wd": "shift"}], [{"wd": "orient"}], [{"wd": "establish"}, {"wd": "locate"}, {"wd": "plant"}, {"wd": "settle"}], [{"wd": "clap"}, {"wd": "flop"}, {"wd": "plank"}, {"wd": "plop"}, {"wd": "plump"}, {"wd": "plunk", "wvrs": [{"wvl": "or", "wva": "plonk"}]}, {"wd": "plunk down"}, {"wd": "slap"}], [{"wd": "ensconce"}, {"wd": "niche"}], [{"wd": "assemble"}, {"wd": "collect"}], [{"wd": "carry"}], [{"wd": "berth"}, {"wd": "park"}], [{"wd": "affix"}, {"wd": "anchor"}, {"wd": "lock"}, {"wd": "lodge"}, {"wd": "wedge"}], [{"wd": "array"}, {"wd": "lay out"}, {"wd": "line up"}, {"wd": "queue"}, {"wd": "rank"}], [{"wd": "set down"}]], "near_list": [[{"wd": "relocate"}, {"wd": "remove"}, {"wd": "take"}], [{"wd": "banish"}], [{"wd": "dislodge"}, {"wd": "displace"}, {"wd": "replace"}, {"wd": "supersede"}, {"wd": "supplant"}]]}]], [["sense", {"sn": "2", "dt": [["text", "to arrange or assign according to type "], ["vis", [{"t": "I'd {it}place{/it} those cyclists in the advanced group for the training ride"}]]], "syn_list": [[{"wd": "assort"}, {"wd": "break down"}, {"wd": "categorize"}, {"wd": "class"}, {"wd": "classify"}, {"wd": "codify"}, {"wd": "compartment"}, {"wd": "compartmentalize"}, {"wd": "digest"}, {"wd": "distinguish"}, {"wd": "distribute"}, {"wd": "grade"}, {"wd": "group"}, {"wd": "peg"}, {"wd": "range"}, {"wd": "rank"}, {"wd": "relegate"}, {"wd": "separate"}, {"wd": "sort"}, {"wd": "type"}]], "rel_list": [[{"wd": "array"}, {"wd": "dispose"}, {"wd": "draw up"}, {"wd": "marshal", "wvrs": [{"wvl": "also", "wva": "marshall"}]}, {"wd": "order"}, {"wd": "organize"}, {"wd": "systematize"}], [{"wd": "alphabetize"}, {"wd": "catalog", "wvrs": [{"wvl": "or", "wva": "catalogue"}]}, {"wd": "file"}, {"wd": "index"}, {"wd": "list"}, {"wd": "refer"}], [{"wd": "pigeonhole"}, {"wd": "shelve"}], [{"wd": "identify"}, {"wd": "recognize"}], [{"wd": "cull"}, {"wd": "screen"}, {"wd": "set"}, {"wd": "sieve"}, {"wd": "sift"}, {"wd": "winnow"}], [{"wd": "clump"}, {"wd": "cluster"}, {"wd": "colligate"}], [{"wd": "recategorize"}, {"wd": "reclassify"}, {"wd": "regroup"}], [{"wd": "subcategorize"}]], "near_list": [[{"wd": "confuse"}, {"wd": "disarrange"}, {"wd": "jumble"}, {"wd": "lump"}, {"wd": "mix (up)"}, {"wd": "scramble"}], [{"wd": "misclassify"}, {"wd": "missort"}, {"wd": "mistype"}]]}]], [["sense", {"sn": "3", "dt": [["text", "to decide the size, amount, number, or distance of (something) without actual measurement "], ["vis", [{"t": "I'd {it}place{/it} that as roughly the third largest house in the neighborhood"}]]], "syn_list": [[{"wd": "calculate"}, {"wd": "call"}, {"wd": "conjecture"}, {"wd": "estimate"}, {"wd": "figure"}, {"wd": "gauge", "wvrs": [{"wvl": "also", "wva": "gage"}]}, {"wd": "guess"}, {"wd": "judge"}, {"wd": "make"}, {"wd": "put"}, {"wd": "reckon"}, {"wd": "suppose"}]], "rel_list": [[{"wd": "conclude"}, {"wd": "deduce"}, {"wd": "extrapolate"}, {"wd": "gather"}, {"wd": "infer"}, {"wd": "reason"}, {"wd": "understand"}]], "near_list": [[{"wd": "calibrate"}, {"wd": "measure"}, {"wd": "scale"}], [{"wd": "compute"}, {"wd": "work out"}]]}]], [["sense", {"sn": "4", "dt": [["text", "to take or have a certain position within a group arranged in vertical classes "], ["vis", [{"t": "{it}placed{/it} second in the competition"}]]], "syn_list": [[{"wd": "be"}, {"wd": "grade"}, {"wd": "rank"}, {"wd": "rate"}, {"wd": "stand"}]], "rel_list": [[{"wd": "seed"}], [{"wd": "count"}], [{"wd": "categorize"}, {"wd": "class"}, {"wd": "classify"}, {"wd": "codify"}, {"wd": "compartmentalize"}, {"wd": "group"}, {"wd": "separate"}, {"wd": "set"}, {"wd": "sort"}], [{"wd": "install"}, {"wd": "instate"}]]}]], [["sense", {"sn": "5", "dt": [["text", "to pick (someone) by one's authority for a specific position or duty "], ["vis", [{"t": "{it}placed{/it} the recent college grad in the company's research and development division"}]]], "syn_list": [[{"wd": "appoint"}, {"wd": "assign"}, {"wd": "attach"}, {"wd": "commission"}, {"wd": "constitute"}, {"wd": "designate"}, {"wd": "detail"}, {"wd": "name"}, {"wd": "nominate"}]], "rel_list": [[{"wd": "authorize"}, {"wd": "delegate"}, {"wd": "depute"}, {"wd": "deputize"}], [{"wd": "anoint"}, {"wd": "consecrate"}, {"wd": "create"}, {"wd": "inaugurate"}, {"wd": "induct"}, {"wd": "install"}, {"wd": "instate"}, {"wd": "institute"}, {"wd": "invest"}, {"wd": "make"}, {"wd": "ordain"}], [{"wd": "crown"}, {"wd": "enthrone"}, {"wd": "throne"}], [{"wd": "choose"}, {"wd": "destine"}, {"wd": "draft"}, {"wd": "elect"}, {"wd": "handpick"}, {"wd": "select"}, {"wd": "single (out)"}, {"wd": "vote (in)"}]], "near_list": [[{"wd": "blackball"}, {"wd": "depose"}, {"wd": "dethrone"}, {"wd": "displace"}, {"wd": "eject"}, {"wd": "evict"}, {"wd": "oust"}, {"wd": "overthrow"}, {"wd": "remove"}, {"wd": "throw out"}, {"wd": "uncrown"}, {"wd": "unmake"}, {"wd": "unseat"}]], "ant_list": [[{"wd": "discharge"}, {"wd": "dismiss"}, {"wd": "expel"}, {"wd": "fire"}]]}]], [["sense", {"sn": "6", "dt": [["text", "to present or bring forward for discussion "], ["vis", [{"t": "once again the issue of recurrent vandalism at the high school was {it}placed{/it} before the town council"}]]], "syn_list": [[{"wd": "bring up"}, {"wd": "broach"}, {"wd": "introduce"}, {"wd": "moot"}, {"wd": "raise"}]], "rel_list": [[{"wd": "allude (to)"}, {"wd": "cite"}, {"wd": "mention"}, {"wd": "name"}, {"wd": "refer (to)"}], [{"wd": "offer"}, {"wd": "propose"}, {"wd": "suggest"}], [{"wd": "air"}, {"wd": "express"}, {"wd": "speak (of)"}, {"wd": "talk (about)"}, {"wd": "vent"}, {"wd": "ventilate"}], [{"wd": "interject"}, {"wd": "interrupt"}], [{"wd": "debate"}, {"wd": "discuss"}, {"wd": "thrash (out or over)"}]], "near_list": [[{"wd": "censor"}, {"wd": "hush (up)"}, {"wd": "quiet"}, {"wd": "silence"}, {"wd": "suppress"}]]}]], [["sense", {"sn": "7", "dt": [["text", "to provide with a paying job "], ["vis", [{"t": "most of the trainees at the TV station are {it}placed{/it} in clerical positions"}]]], "syn_list": [[{"wd": "assume"}, {"wd": "employ"}, {"wd": "engage"}, {"wd": "fee", "wsls": ["chiefly Scottish"]}, {"wd": "hire"}, {"wd": "lay on", "wsls": ["chiefly British"]}, {"wd": "pay"}, {"wd": "recruit"}, {"wd": "retain"}, {"wd": "sign (up or on)"}, {"wd": "take on"}]], "rel_list": [[{"wd": "reemploy"}, {"wd": "reengage"}, {"wd": "rehire"}], [{"wd": "apprentice"}, {"wd": "contract"}, {"wd": "job"}, {"wd": "partner"}, {"wd": "subcontract"}], [{"wd": "enlist"}], [{"wd": "advance"}, {"wd": "promote"}, {"wd": "upgrade"}], [{"wd": "keep (on)"}], [{"wd": "headhunt"}, {"wd": "scout"}]], "near_list": [[{"wd": "furlough"}, {"wd": "lay off"}, {"wd": "lock out"}]], "ant_list": [[{"wd": "ax", "wvrs": [{"wvl": "or", "wva": "axe"}]}, {"wd": "can"}, {"wd": "discharge"}, {"wd": "dismiss"}, {"wd": "fire"}, {"wd": "sack"}]]}]]]}], "shortdef": ["to arrange something in a certain spot or position", "to arrange or assign according to type", "to decide the size, amount, number, or distance of (something) without actual measurement"]}, {"meta": {"id": "place setting", "uuid": "d262aa2e-8cc3-4915-9e49-5db9b36bbb50", "src": "CTcompile", "section": "alpha", "stems": ["place setting"], "syns": [["setting", "setup", "flatware", "silver", "silverware", "tableware", "silver plate", "cutlery", "chopstick", "fork", "knife", "spoon", "tablespoon", "teaspoon"]], "ants": [], "offensive": false}, "hwi": {"hw": "place setting"}, "fl": "noun", "def": [{"sseq": [[["sense", {"dt": [["text", "as in {it}setting{/it}, {it}setup{/it}"]], "sim_list": [[{"wd": "setting"}, {"wd": "setup"}], [{"wd": "flatware"}, {"wd": "silver"}, {"wd": "silverware"}, {"wd": "tableware"}], [{"wd": "silver plate"}], [{"wd": "cutlery"}], [{"wd": "chopstick"}, {"wd": "fork"}, {"wd": "knife"}, {"wd": "spoon"}, {"wd": "tablespoon"}, {"wd": "teaspoon"}]]}]]]}], "shortdef": ["as in setting, setup"]}, {"meta": {"id": "place settings", "uuid": "002c9cb3-5b4b-4801-861a-844c1b562237", "src": "CTcompile", "section": "alpha", "stems": ["place settings"], "syns": [["settings", "setups", "flatware", "silvers", "silverwares", "tablewares", "silver plates", "cutleries", "chopsticks", "forks", "knives", "spoons", "tablespoons", "teaspoons"]], "ants": [], "offensive": false}, "hwi": {"hw": "place settings"}, "fl": "noun", "sls": ["plural of {d_link|place setting|place setting}"], "def": [{"sseq": [[["sense", {"dt": [["text", "as in {it}settings{/it}, {it}setups{/it}"]], "sim_list": [[{"wd": "settings"}, {"wd": "setups"}], [{"wd": "flatware"}, {"wd": "silvers"}, {"wd": "silverwares"}, {"wd": "tablewares"}], [{"wd": "silver plates"}], [{"wd": "cutleries"}], [{"wd": "chopsticks"}, {"wd": "forks"}, {"wd": "knives"}, {"wd": "spoons"}, {"wd": "tablespoons"}, {"wd": "teaspoons"}]]}]]]}], "shortdef": ["as in settings, setups"]}, {"meta": {"id": "watering place", "uuid": "8c61d186-274e-49b5-a221-7525ed1b1bba", "src": "coll_thes", "section": "alpha", "target": {"tuuid": "eed51f9a-d9c3-4712-985d-8f199d2153a0", "tsrc": "collegiate"}, "stems": ["watering place", "watering places"], "syns": [["bar", "barroom", "caf\u00e9", "cantina", "dramshop", "gin mill", "grogshop", "pub", "public house", "saloon", "taproom", "tavern", "watering hole"]], "ants": [], "offensive": false}, "hwi": {"hw": "watering place"}, "fl": "noun", "def": [{"sseq": [[["sense", {"dt": [["text", "a place of business where alcoholic beverages are sold to be consumed on the premises "], ["vis", [{"t": "die-hard fans gathered at the local {it}watering place{/it} to watch the Super Bowl"}]]], "syn_list": [[{"wd": "bar"}, {"wd": "barroom"}, {"wd": "caf\u00e9", "wvrs": [{"wvl": "also", "wva": "cafe"}]}, {"wd": "cantina", "wsls": ["Southwest"]}, {"wd": "dramshop"}, {"wd": "gin mill"}, {"wd": "grogshop", "wsls": ["chiefly British"]}, {"wd": "pub"}, {"wd": "public house", "wsls": ["chiefly British"]}, {"wd": "saloon"}, {"wd": "taproom"}, {"wd": "tavern"}, {"wd": "watering hole"}]], "rel_list": [[{"wd": "alehouse"}, {"wd": "barrelhouse"}, {"wd": "bistro"}, {"wd": "bottle club"}, {"wd": "brewpub"}, {"wd": "cabaret"}, {"wd": "dive"}, {"wd": "joint"}, {"wd": "nightclub"}, {"wd": "roadhouse"}, {"wd": "speakeasy"}, {"wd": "sports bar"}, {"wd": "wineshop"}], [{"wd": "package store"}]]}]]]}], "shortdef": ["a place of business where alcoholic beverages are sold to be consumed on the premises"]}, {"meta": {"id": "all over the place", "uuid": "1d8fd7ce-682f-4dd3-95f3-33f244af02ea", "src": "CTenhance", "section": "phrases", "stems": ["all over the map", "all over the place"], "syns": [["all over", "everyplace", "everywhere", "far and wide", "high and low", "throughout"]], "ants": [["nowhere"]], "offensive": false}, "hwi": {"hw": "all over the place"}, "vrs": [{"vl": "or", "va": "all over the map"}], "fl": "phrase", "def": [{"sseq": [[["sense", {"dt": [["text", "in every place or in all places "], ["vis", [{"t": "No one covered the garbage and there are flies {it}all over the place{/it}."}]]], "syn_list": [[{"wd": "all over"}, {"wd": "everyplace"}, {"wd": "everywhere"}, {"wd": "far and wide"}, {"wd": "high and low"}, {"wd": "throughout"}]], "rel_list": [[{"wd": "every which way"}], [{"wd": "right and left"}]], "phrase_list": [[{"wd": "far and near"}, {"wd": "in every corner", "wvrs": [{"wvl": "or", "wva": "in every quarter"}]}, {"wd": "on all hands", "wvrs": [{"wvl": "or", "wva": "on every hand"}]}]], "ant_list": [[{"wd": "nowhere"}]]}]]]}], "shortdef": ["in every place or in all places"]}, {"meta": {"id": "in place", "uuid": "a8be17a8-c112-4d23-85f8-0a841e191cf5", "src": "CTenhance", "section": "phrases", "stems": ["in place"], "syns": [["immobile", "nonmoving", "standing", "static", "stationary"]], "ants": [["mobile", "movable", "moving", "nonstationary"]], "offensive": false}, "hwi": {"hw": "in place"}, "fl": "phrase", "def": [{"sseq": [[["sense", {"dt": [["text", "fixed in a place or position "], ["vis", [{"t": "To test heart function, the patient was asked to jog {it}in place{/it} for one minute."}]]], "syn_list": [[{"wd": "immobile"}, {"wd": "nonmoving"}, {"wd": "standing"}, {"wd": "static"}, {"wd": "stationary"}]], "rel_list": [[{"wd": "immotile"}, {"wd": "immovable"}, {"wd": "irremovable"}, {"wd": "nonmotile"}, {"wd": "unmovable"}], [{"wd": "frozen"}, {"wd": "motionless"}, {"wd": "moveless"}, {"wd": "stagnant"}, {"wd": "still"}], [{"wd": "stuck"}, {"wd": "unbudging"}, {"wd": "wedged"}], [{"wd": "fast"}, {"wd": "rooted"}, {"wd": "steadfast"}]], "near_list": [[{"wd": "motile"}], [{"wd": "adjustable"}, {"wd": "flexible"}, {"wd": "modular"}], [{"wd": "displaceable"}, {"wd": "portable"}, {"wd": "removable", "wvrs": [{"wvl": "also", "wva": "removeable"}]}, {"wd": "transferable", "wvrs": [{"wvl": "also", "wva": "transferrable"}]}, {"wd": "transportable"}], [{"wd": "unbalanced"}, {"wd": "unstable"}, {"wd": "unsteady"}]], "ant_list": [[{"wd": "mobile"}, {"wd": "movable", "wvrs": [{"wvl": "or", "wva": "moveable"}]}, {"wd": "moving"}, {"wd": "nonstationary"}]]}]]]}], "shortdef": ["fixed in a place or position"]}, {"meta": {"id": "out of place", "uuid": "ab6afedc-4572-4531-bc6a-cedbe9d91a9c", "src": "CTenhance", "section": "phrases", "stems": ["out of place"], "syns": [["amiss", "graceless", "improper", "inapposite", "inappropriate", "inapt", "incongruous", "incorrect", "indecorous", "inept", "infelicitous", "malapropos", "perverse", "unapt", "unbecoming", "unfit", "unhappy", "unseemly", "unsuitable", "untoward", "wrong"]], "ants": [["appropriate", "becoming", "befitting", "correct", "decorous", "felicitous", "fit", "fitting", "genteel", "happy", "meet", "proper", "right", "seemly", "suitable"]], "offensive": false}, "hwi": {"hw": "out of place"}, "fl": "phrase", "def": [{"sseq": [[["sense", {"dt": [["text", "not appropriate for a particular occasion or situation "], ["vis", [{"t": "The string quartet seemed {it}out of place{/it} for a toddler's birthday party."}]]], "syn_list": [[{"wd": "amiss"}, {"wd": "graceless"}, {"wd": "improper"}, {"wd": "inapposite"}, {"wd": "inappropriate"}, {"wd": "inapt"}, {"wd": "incongruous"}, {"wd": "incorrect"}, {"wd": "indecorous"}, {"wd": "inept"}, {"wd": "infelicitous"}, {"wd": "malapropos"}, {"wd": "perverse"}, {"wd": "unapt"}, {"wd": "unbecoming"}, {"wd": "unfit"}, {"wd": "unhappy"}, {"wd": "unseemly"}, {"wd": "unsuitable"}, {"wd": "untoward"}, {"wd": "wrong"}]], "rel_list": [[{"wd": "inopportune"}, {"wd": "unfortunate"}, {"wd": "unseasonable"}, {"wd": "untimely"}], [{"wd": "extraneous"}, {"wd": "immaterial"}, {"wd": "inapplicable"}, {"wd": "irrelative"}, {"wd": "irrelevant"}], [{"wd": "misbecoming"}, {"wd": "mismatched"}], [{"wd": "incompatible"}, {"wd": "inconsistent"}, {"wd": "uncongenial"}], [{"wd": "bad"}, {"wd": "naughty"}, {"wd": "sinful"}], [{"wd": "blamable"}, {"wd": "blameworthy"}, {"wd": "censurable"}], [{"wd": "banned"}, {"wd": "barred"}, {"wd": "disallowed"}], [{"wd": "forbidden"}, {"wd": "interdicted"}, {"wd": "outlawed"}, {"wd": "prohibited"}, {"wd": "proscribed"}], [{"wd": "awkward"}, {"wd": "gauche"}, {"wd": "ungraceful"}], [{"wd": "unacceptable"}, {"wd": "unsatisfactory"}]], "phrase_list": [[{"wd": "out of the way"}]], "near_list": [[{"wd": "fortunate"}, {"wd": "opportune"}, {"wd": "seasonable"}, {"wd": "timely"}], [{"wd": "applicable"}, {"wd": "apposite"}, {"wd": "apropos"}, {"wd": "apt"}, {"wd": "germane"}, {"wd": "material"}, {"wd": "pat"}, {"wd": "pointed"}, {"wd": "relative"}, {"wd": "relevant"}], [{"wd": "compatible"}, {"wd": "congenial"}, {"wd": "harmonious"}], [{"wd": "allowed"}, {"wd": "authorized"}, {"wd": "permitted"}], [{"wd": "approved"}, {"wd": "endorsed", "wvrs": [{"wvl": "also", "wva": "indorsed"}]}, {"wd": "kosher"}, {"wd": "licensed"}, {"wd": "sanctioned"}], [{"wd": "abetted"}, {"wd": "encouraged"}, {"wd": "promoted"}, {"wd": "supported"}], [{"wd": "acceptable"}, {"wd": "adequate"}, {"wd": "all right"}, {"wd": "decent"}, {"wd": "fine"}, {"wd": "OK", "wvrs": [{"wvl": "or", "wva": "okay"}]}, {"wd": "passable"}, {"wd": "respectable"}, {"wd": "satisfactory"}, {"wd": "tolerable"}], [{"wd": "commendable"}, {"wd": "creditable"}, {"wd": "exemplary"}], [{"wd": "blameless"}, {"wd": "irreproachable"}], [{"wd": "balanced"}, {"wd": "companionate"}, {"wd": "congruous"}, {"wd": "consonant"}, {"wd": "harmonious"}]], "ant_list": [[{"wd": "appropriate"}, {"wd": "becoming"}, {"wd": "befitting"}, {"wd": "correct"}, {"wd": "decorous"}, {"wd": "felicitous"}, {"wd": "fit"}, {"wd": "fitting"}, {"wd": "genteel"}, {"wd": "happy"}, {"wd": "meet"}, {"wd": "proper"}, {"wd": "right"}, {"wd": "seemly"}, {"wd": "suitable"}]]}]]]}], "shortdef": ["not appropriate for a particular occasion or situation"]}, {"meta": {"id": "give", "uuid": "6e888815-d15e-42a7-aec0-fdd9d71ac041", "src": "coll_thes", "section": "alpha", "target": {"tuuid": "d5697589-fabd-4530-9ac0-84411796fe70", "tsrc": "collegiate"}, "stems": ["give", "gave", "give a good account of", "give birth", "give chase", "give or take", "give place to", "give the gun", "give tongue", "given", "gives", "giving"], "syns": [["bestow", "contribute", "donate", "give away", "present", "volunteer"], ["commend", "commit", "confide", "consign", "delegate", "deliver", "entrust", "give over", "hand", "hand over", "leave", "pass", "recommend", "repose", "transfer", "transmit", "trust", "turn over", "vest"], ["carry", "mount", "offer", "present", "stage"], ["buckle", "cave (in)", "collapse", "crumple", "founder", "go", "go out", "implode", "tumble", "yield"], ["disburse", "drop", "expend", "fork (over, out, or up)", "lay out", "outlay", "pay", "shell out", "spend"], ["air", "expound", "express", "look", "raise", "sound", "state", "vent", "ventilate", "voice"], ["address", "apply", "bend", "buckle", "devote"], ["bear", "pay", "return", "yield"], ["deliver", "feed", "furnish", "hand", "hand over", "provide", "supply"], ["extend", "offer", "proffer", "tender", "trot out"], ["communicate", "conduct", "convey", "impart", "spread", "transfer", "transfuse", "transmit"]], "ants": [["hold", "keep", "retain"], ["stifle", "suppress"], ["hold (back)", "keep (back)", "reserve", "retain", "withhold"]], "offensive": false}, "hwi": {"hw": "give"}, "fl": "verb", "def": [{"sseq": [[["sense", {"sn": "1", "dt": [["text", "to make a present of "], ["vis", [{"t": "thanked all the tutors who generously {it}gave{/it} their time to help students after school"}]]], "syn_list": [[{"wd": "bestow"}, {"wd": "contribute"}, {"wd": "donate"}, {"wd": "give away"}, {"wd": "present"}, {"wd": "volunteer"}]], "rel_list": [[{"wd": "chip in"}, {"wd": "kick in"}, {"wd": "pitch in"}, {"wd": "throw in"}], [{"wd": "award"}, {"wd": "confer"}, {"wd": "endow"}, {"wd": "endue", "wvrs": [{"wvl": "or", "wva": "indue"}]}, {"wd": "render"}], [{"wd": "afford"}, {"wd": "comp"}, {"wd": "furnish"}, {"wd": "provide"}], [{"wd": "lavish"}, {"wd": "regale"}], [{"wd": "aid"}, {"wd": "assist"}, {"wd": "benefit"}, {"wd": "help"}], [{"wd": "administer"}, {"wd": "dish out"}, {"wd": "dispense"}, {"wd": "dole out"}, {"wd": "hand out"}, {"wd": "impart"}, {"wd": "issue"}, {"wd": "mete (out)"}], [{"wd": "extend"}, {"wd": "fork (over, out, or up)"}, {"wd": "offer"}, {"wd": "pay"}, {"wd": "proffer"}, {"wd": "pungle (up)"}, {"wd": "put up"}, {"wd": "tender"}], [{"wd": "sacrifice"}]], "phrase_list": [[{"wd": "give of"}]], "near_list": [[{"wd": "hold"}, {"wd": "keep"}, {"wd": "pocket"}, {"wd": "retain"}, {"wd": "withhold"}], [{"wd": "preserve"}, {"wd": "save"}], [{"wd": "advance"}, {"wd": "lend"}, {"wd": "loan"}], [{"wd": "sell"}]]}]], [["sense", {"sn": "2", "dt": [["text", "to put (something) into the possession or safekeeping of another "], ["vis", [{"t": "{it}gave{/it} my camera to my father to hold while I went swimming"}]]], "syn_list": [[{"wd": "commend"}, {"wd": "commit"}, {"wd": "confide"}, {"wd": "consign"}, {"wd": "delegate"}, {"wd": "deliver"}, {"wd": "entrust", "wvrs": [{"wvl": "also", "wva": "intrust"}]}, {"wd": "give over"}, {"wd": "hand"}, {"wd": "hand over"}, {"wd": "leave"}, {"wd": "pass"}, {"wd": "recommend"}, {"wd": "repose"}, {"wd": "transfer"}, {"wd": "transmit"}, {"wd": "trust"}, {"wd": "turn over"}, {"wd": "vest"}]], "rel_list": [[{"wd": "confer"}, {"wd": "grant"}], [{"wd": "assign"}, {"wd": "deal (out)"}, {"wd": "dispense"}, {"wd": "disperse"}, {"wd": "distribute"}, {"wd": "divide"}], [{"wd": "hand in"}, {"wd": "release"}, {"wd": "relinquish"}, {"wd": "submit"}, {"wd": "surrender"}, {"wd": "turn in"}, {"wd": "yield"}], [{"wd": "bequeath"}, {"wd": "hand down"}, {"wd": "hand on"}, {"wd": "will"}], [{"wd": "advance"}, {"wd": "lend"}, {"wd": "loan"}], [{"wd": "furnish"}, {"wd": "supply"}], [{"wd": "recommit"}, {"wd": "redeliver"}, {"wd": "retransfer"}, {"wd": "retransmit"}]], "near_list": [[{"wd": "detain"}, {"wd": "hold back"}, {"wd": "reserve"}, {"wd": "withhold"}], [{"wd": "own"}, {"wd": "possess"}], [{"wd": "accept"}, {"wd": "receive"}, {"wd": "take in"}], [{"wd": "occupy"}, {"wd": "take"}, {"wd": "take over"}]], "ant_list": [[{"wd": "hold"}, {"wd": "keep"}, {"wd": "retain"}]]}]], [["sense", {"sn": "3", "dt": [["text", "to bring before the public in performance or exhibition "], ["vis", [{"t": "the author will {it}give{/it} a reading from her latest work at 7:00 p.m."}]]], "syn_list": [[{"wd": "carry"}, {"wd": "mount"}, {"wd": "offer"}, {"wd": "present"}, {"wd": "stage"}]], "rel_list": [[{"wd": "display"}, {"wd": "exhibit"}, {"wd": "expose"}, {"wd": "parade"}, {"wd": "show"}, {"wd": "show off"}, {"wd": "unveil"}], [{"wd": "preview"}], [{"wd": "act"}, {"wd": "impersonate"}, {"wd": "perform"}, {"wd": "play"}, {"wd": "portray"}], [{"wd": "depict"}, {"wd": "dramatize"}, {"wd": "enact"}, {"wd": "render"}, {"wd": "represent"}], [{"wd": "extend"}, {"wd": "proffer"}, {"wd": "tender"}]], "phrase_list": [[{"wd": "come out with"}]]}]], [["sense", {"sn": "4", "dt": [["text", "to fall down or in as a result of physical pressure "], ["vis", [{"t": "they loaded the shopping cart with so much food it {it}gave{/it} under all the weight"}]]], "syn_list": [[{"wd": "buckle"}, {"wd": "cave (in)"}, {"wd": "collapse"}, {"wd": "crumple"}, {"wd": "founder"}, {"wd": "go"}, {"wd": "go out"}, {"wd": "implode"}, {"wd": "tumble"}, {"wd": "yield"}]], "rel_list": [[{"wd": "deflate"}, {"wd": "flatten"}, {"wd": "melt"}, {"wd": "melt down"}], [{"wd": "break"}, {"wd": "break down"}, {"wd": "conk (out)"}, {"wd": "crash"}, {"wd": "die"}, {"wd": "fail"}, {"wd": "give out"}, {"wd": "stall"}], [{"wd": "burst"}, {"wd": "shatter"}, {"wd": "smash"}, {"wd": "splinter"}, {"wd": "split"}], [{"wd": "crack"}, {"wd": "crumble"}, {"wd": "pop"}, {"wd": "snap"}]], "phrase_list": [[{"wd": "give way"}]], "near_list": [[{"wd": "inflate"}, {"wd": "rise"}, {"wd": "swell"}]]}]], [["sense", {"sn": "5", "dt": [["text", "to hand over or use up in payment "], ["vis", [{"t": "I wouldn't {it}give{/it} a nickel for such a run-down car"}]]], "syn_list": [[{"wd": "disburse"}, {"wd": "drop"}, {"wd": "expend"}, {"wd": "fork (over, out, or up)"}, {"wd": "lay out"}, {"wd": "outlay"}, {"wd": "pay"}, {"wd": "shell out"}, {"wd": "spend"}]], "rel_list": [[{"wd": "lavish"}, {"wd": "rain"}], [{"wd": "blow"}, {"wd": "dissipate"}, {"wd": "fritter (away)"}, {"wd": "run through"}, {"wd": "squander"}, {"wd": "throw away"}, {"wd": "waste"}]], "near_list": [[{"wd": "cache"}, {"wd": "hoard"}, {"wd": "lay up"}, {"wd": "save"}], [{"wd": "acquire"}, {"wd": "earn"}, {"wd": "gain"}, {"wd": "garner"}, {"wd": "make"}, {"wd": "procure"}, {"wd": "realize"}, {"wd": "secure"}, {"wd": "win"}]]}]], [["sense", {"sn": "6", "dt": [["text", "to make known (as an idea, emotion, or opinion) "], ["vis", [{"t": "she {it}gave{/it} her opinion on the matter very firmly and unmistakably"}]]], "syn_list": [[{"wd": "air"}, {"wd": "expound"}, {"wd": "express"}, {"wd": "look"}, {"wd": "raise"}, {"wd": "sound"}, {"wd": "state"}, {"wd": "vent"}, {"wd": "ventilate"}, {"wd": "voice"}]], "rel_list": [[{"wd": "advertise"}, {"wd": "announce"}, {"wd": "declare"}, {"wd": "enounce"}, {"wd": "enunciate"}, {"wd": "proclaim"}, {"wd": "say"}], [{"wd": "broadcast"}, {"wd": "circulate"}, {"wd": "disseminate"}, {"wd": "publish"}], [{"wd": "describe"}, {"wd": "write"}, {"wd": "write up"}], [{"wd": "sound off"}, {"wd": "speak out"}, {"wd": "speak up"}], [{"wd": "chime in"}], [{"wd": "communicate"}, {"wd": "convey"}, {"wd": "put across"}, {"wd": "put over"}], [{"wd": "offer"}, {"wd": "submit"}]], "phrase_list": [[{"wd": "give air to"}, {"wd": "put forth"}]], "near_list": [[{"wd": "censor"}, {"wd": "restrain"}, {"wd": "restrict"}]], "ant_list": [[{"wd": "stifle"}, {"wd": "suppress"}]]}]], [["sense", {"sn": "7", "dt": [["text", "to occupy (oneself) diligently or with close attention "], ["vis", [{"t": "totally {it}gave{/it} himself to his studies in the hopes of winning a scholarship for next year"}]]], "syn_list": [[{"wd": "address"}, {"wd": "apply"}, {"wd": "bend"}, {"wd": "buckle"}, {"wd": "devote"}]], "rel_list": [[{"wd": "readdress"}, {"wd": "reapply"}], [{"wd": "knuckle down"}, {"wd": "set (to)"}, {"wd": "settle (down)"}], [{"wd": "busy"}, {"wd": "commit"}, {"wd": "concern"}, {"wd": "engage"}, {"wd": "involve"}], [{"wd": "exert"}, {"wd": "exhaust"}, {"wd": "put out"}, {"wd": "spend"}, {"wd": "strain"}, {"wd": "stress"}, {"wd": "tax"}, {"wd": "trouble"}, {"wd": "wear out"}], [{"wd": "carry on"}, {"wd": "pitch in"}, {"wd": "plunge (in)"}], [{"wd": "grind"}, {"wd": "hump"}, {"wd": "hustle"}, {"wd": "peg (away)"}, {"wd": "plod"}, {"wd": "plow"}, {"wd": "plug (away)"}, {"wd": "work"}]], "phrase_list": [[{"wd": "get cracking"}, {"wd": "get one's act together"}, {"wd": "get with it"}, {"wd": "turn one's hand", "wvrs": [{"wvl": "or", "wva": "turn a hand"}]}]], "near_list": [[{"wd": "dally"}, {"wd": "dawdle"}, {"wd": "dillydally"}, {"wd": "fiddle (around)"}, {"wd": "fool around"}, {"wd": "idle"}, {"wd": "mess around"}, {"wd": "monkey (around)"}, {"wd": "play"}, {"wd": "potter (around)"}, {"wd": "putter (around)"}, {"wd": "trifle"}]]}]], [["sense", {"sn": "8", "dt": [["text", "to produce as revenue "], ["vis", [{"t": "a company that consistently {it}gives{/it} $30 million in profits to the owner"}]]], "syn_list": [[{"wd": "bear"}, {"wd": "pay"}, {"wd": "return"}, {"wd": "yield"}]], "rel_list": [[{"wd": "bring in"}, {"wd": "net"}], [{"wd": "afford"}, {"wd": "furnish"}, {"wd": "provide"}, {"wd": "supply"}], [{"wd": "pay off"}]]}]], [["sense", {"sn": "9", "dt": [["text", "to put (something) into the possession of someone for use or consumption "], ["vis", [{"t": "{it}gave{/it} him my e-mail address"}]]], "syn_list": [[{"wd": "deliver"}, {"wd": "feed"}, {"wd": "furnish"}, {"wd": "hand"}, {"wd": "hand over"}, {"wd": "provide"}, {"wd": "supply"}]], "rel_list": [[{"wd": "ply (with)"}], [{"wd": "administer"}, {"wd": "allocate"}, {"wd": "apportion"}, {"wd": "deal (out)"}, {"wd": "dispense"}, {"wd": "distribute"}, {"wd": "dole out"}, {"wd": "mete (out)"}, {"wd": "parcel (out)"}, {"wd": "portion"}, {"wd": "prorate"}], [{"wd": "assign"}, {"wd": "cede"}, {"wd": "deed"}, {"wd": "make over"}, {"wd": "transfer"}]], "near_list": [[{"wd": "conserve"}, {"wd": "keep up"}, {"wd": "maintain"}, {"wd": "preserve"}, {"wd": "save"}]], "ant_list": [[{"wd": "hold (back)"}, {"wd": "keep (back)"}, {"wd": "reserve"}, {"wd": "retain"}, {"wd": "withhold"}]]}]], [["sense", {"sn": "10", "dt": [["text", "to put before another for acceptance or consideration "], ["vis", [{"t": "she {it}gave{/it} the committee her grant proposal"}]]], "syn_list": [[{"wd": "extend"}, {"wd": "offer"}, {"wd": "proffer"}, {"wd": "tender"}, {"wd": "trot out"}]], "rel_list": [[{"wd": "pose"}, {"wd": "propose"}], [{"wd": "hold out"}], [{"wd": "give in"}, {"wd": "submit"}], [{"wd": "volunteer"}]], "phrase_list": [[{"wd": "run by", "wvrs": [{"wvl": "or", "wva": "run past"}]}]], "near_list": [[{"wd": "accept"}, {"wd": "receive"}, {"wd": "take"}], [{"wd": "accredit"}, {"wd": "approbate"}, {"wd": "approve"}, {"wd": "authorize"}, {"wd": "clear"}, {"wd": "confirm"}, {"wd": "finalize"}, {"wd": "formalize"}, {"wd": "homologate"}, {"wd": "OK", "wvrs": [{"wvl": "or", "wva": "okay"}]}, {"wd": "ratify"}, {"wd": "sanction"}, {"wd": "warrant"}], [{"wd": "decline"}, {"wd": "deny"}, {"wd": "disallow"}, {"wd": "disapprove"}, {"wd": "negative"}, {"wd": "reject"}, {"wd": "turn down"}, {"wd": "veto"}], [{"wd": "rebuff"}, {"wd": "rebut"}, {"wd": "refuse"}, {"wd": "spurn"}], [{"wd": "retract"}, {"wd": "withdraw"}], [{"wd": "disregard"}, {"wd": "ignore"}, {"wd": "neglect"}, {"wd": "overlook"}]]}]], [["sense", {"sn": "11", "dt": [["text", "to cause (something) to pass from one to another "], ["vis", [{"t": "she {it}gave{/it} her cold to me, and now I'm so sick that I can barely get out of bed"}]]], "syn_list": [[{"wd": "communicate"}, {"wd": "conduct"}, {"wd": "convey"}, {"wd": "impart"}, {"wd": "spread"}, {"wd": "transfer"}, {"wd": "transfuse"}, {"wd": "transmit"}]], "rel_list": [[{"wd": "deliver"}, {"wd": "hand over"}, {"wd": "surrender"}, {"wd": "turn over"}], [{"wd": "broadcast"}, {"wd": "diffuse"}, {"wd": "disseminate"}, {"wd": "propagate"}], [{"wd": "hand down"}, {"wd": "hand on"}], [{"wd": "contaminate"}, {"wd": "infect"}, {"wd": "poison"}]], "near_list": [[{"wd": "catch"}, {"wd": "come down (with)"}, {"wd": "contract"}]]}]]]}], "shortdef": ["to make a present of", "to put (something) into the possession or safekeeping of another", "to bring before the public in performance or exhibition"]}, {"meta": {"id": "rock", "uuid": "56ae98ff-2cf6-4846-8656-fa89c029009d", "src": "coll_thes", "section": "alpha", "stems": ["rock", "between a rock and a hard place", "between the rock and the hard place", "on the rocks", "rocklike", "rocks"], "syns": [["brilliant", "gem", "gemstone", "jewel"]], "ants": [], "offensive": false}, "hwi": {"hw": "rock"}, "fl": "noun", "sls": ["slang"], "def": [{"sseq": [[["sense", {"dt": [["text", "a usually valuable stone cut and polished for ornament "], ["vis", [{"t": "a trophy wife with enough {it}rocks{/it} to open her own jewelry store"}]]], "syn_list": [[{"wd": "brilliant"}, {"wd": "gem"}, {"wd": "gemstone"}, {"wd": "jewel"}]], "rel_list": [[{"wd": "bauble"}, {"wd": "bijou"}, {"wd": "trinket"}], [{"wd": "birthstone"}], [{"wd": "baguette"}, {"wd": "cabochon"}, {"wd": "cameo"}, {"wd": "scarab"}, {"wd": "solitaire"}, {"wd": "teardrop"}], [{"wd": "paste"}, {"wd": "rhinestone"}, {"wd": "zircon"}], [{"wd": "crown jewels"}, {"wd": "jewelry"}]], "near_list": [[{"wd": "rough"}]]}]]]}], "shortdef": ["a usually valuable stone cut and polished for ornament"]}]