[{"meta": {"id": "please:1", "uuid": "8ac9f7dd-cf9a-4d4c-b0e9-05d876586dda", "sort": "165067000", "src": "collegiate", "section": "alpha", "stems": ["please", "pleased", "pleases", "pleasing"], "offensive": false}, "hom": 1, "hwi": {"hw": "please", "prs": [{"mw": "\u02c8pl\u0113z", "sound": {"audio": "please01", "ref": "c", "stat": "1"}}]}, "fl": "verb", "ins": [{"if": "pleased"}, {"if": "pleas*ing"}], "def": [{"vd": "intransitive verb", "sseq": [[["sense", {"sn": "1", "dt": [["text", "{bc}to afford or give {a_link|pleasure} or satisfaction"]]}]], [["sense", {"sn": "2", "dt": [["text", "{bc}{sx|like||}, {sx|wish||} "], ["vis", [{"t": "do as you {wi}please{/wi}"}]]]}]], [["sense", {"sn": "3", "sls": ["archaic"], "dt": [["text", "{bc}to have the kindness "], ["vis", [{"t": "will you {wi}please{/wi} to enter the carriage", "aq": {"auth": "Charles Dickens"}}]]]}]]]}, {"vd": "transitive verb", "sseq": [[["sense", {"sn": "1", "dt": [["text", "{bc}to give pleasure to {bc}{sx|gratify||}"]]}]], [["sense", {"sn": "2", "dt": [["text", "{bc}to be the will or pleasure of "], ["vis", [{"t": "may it {wi}please{/wi} Your Majesty"}]]]}]]]}], "et": [["text", "Middle English {it}plesen{/it}, from Anglo-French {it}plaisir, pleisir, pleire{/it}, from Latin {it}plac\u0113re{/it}; akin to Latin {it}placare{/it} to placate and perhaps to Greek {it}plak-, plax{/it} flat surface {ma}{mat|fluke|}{/ma}"]], "date": "14th century{ds|i|1||}", "shortdef": ["to afford or give pleasure or satisfaction", "like, wish", "to have the kindness"]}, {"meta": {"id": "please:2", "uuid": "d2c01323-4a83-41c1-8a6e-6a8bc00abd8c", "sort": "165068000", "src": "collegiate", "section": "alpha", "stems": ["please"], "offensive": false}, "hom": 2, "hwi": {"hw": "please"}, "fl": "adverb", "def": [{"sseq": [[["sense", {"sn": "1", "dt": [["uns", [[["text", "used as a function word to express politeness or emphasis in a request "], ["vis", [{"t": "{wi}please{/wi} come in"}]]]]]]}]], [["sense", {"sn": "2", "dt": [["uns", [[["text", "used as a function word to express polite affirmation "], ["vis", [{"t": "like some tea? {it}Please{/it}"}]]]]]]}]], [["sense", {"sn": "3", "dt": [["uns", [[["text", "used as a function word to express scornful disagreement, disapproval, or disbelief "], ["vis", [{"t": "you believe that? Oh, {wi}please{/wi}"}]]]]]]}]]]}], "date": "1771{ds||1||}", "shortdef": ["\u2014used as a function word to express politeness or emphasis in a request", "\u2014used as a function word to express polite affirmation", "\u2014used as a function word to express scornful disagreement, disapproval, or disbelief"]}, {"meta": {"id": "please yourself", "uuid": "00360a85-3a5a-42a1-8b11-6daf85cbad73", "sort": "3014931000", "src": "ld", "section": "idioms", "stems": ["please yourself"], "offensive": false}, "hwi": {"hw": "please yourself"}, "fl": "idiom", "def": [{"sseq": [[["sense", {"dt": [["uns", [[["text", "used is speech to tell someone he or she can do what he or she wants to do "], ["vis", [{"t": "\"I'm going to skip the party tonight.\" \"OK, {it}please yourself{/it}.\""}]]]]]]}]]]}], "shortdef": ["\u2014used is speech to tell someone he or she can do what he or she wants to do"]}, {"meta": {"id": "as you please", "uuid": "146715e8-10f9-4143-aafa-8665fc7e5cdf", "sort": "3000972000", "src": "ld", "section": "idioms", "stems": ["as you please"], "offensive": false}, "hwi": {"hw": "as you please"}, "fl": "idiom", "def": [{"sls": ["British", "informal"], "sseq": [[["sense", {"dt": [["uns", [[["text", "used to make a statement more forceful especially when describing behavior that is surprising "], ["vis", [{"t": "She walked right in, bold {it}as you please{/it}."}]]]]]]}]]]}], "shortdef": ["\u2014used to make a statement more forceful especially when describing behavior that is surprising"]}, {"meta": {"id": "if you please", "uuid": "510f94ed-36c0-4f0a-8086-5341d72438c7", "sort": "3009175000", "src": "ld", "section": "idioms", "stems": ["if you please"], "offensive": false}, "hwi": {"hw": "if you please"}, "fl": "idiom", "def": [{"sls": ["old-fashioned + formal"], "sseq": [[["sense", {"sn": "1", "dt": [["uns", [[["text", "used to make a polite request "], ["vis", [{"t": "Follow me, {it}if you please{/it}, and I'll show you to the garden."}]]]]]]}]], [["sense", {"sn": "2", "dt": [["uns", [[["text", "used to express surprise or annoyance about something "], ["vis", [{"t": "He insulted her, and then, {it}if you please{/it}, asked for her help."}]]]]]]}]]]}], "shortdef": ["\u2014used to make a polite request", "\u2014used to express surprise or annoyance about something"]}]