[{"meta": {"id": "prayers", "uuid": "bc153e77-d836-44ba-9995-95fdb9a4e287", "src": "coll_thes", "section": "alpha", "stems": ["prayers"], "syns": [["orisons"], ["adjurations", "appeals", "conjurations", "cries", "desires", "entreaties", "petitions", "pleadings", "pleas", "solicitations", "suits", "suppliances", "supplications"]], "ants": [], "offensive": false}, "hwi": {"hw": "prayers"}, "fl": "noun", "sls": ["plural of {d_link|prayer|prayer}"], "def": [{"sseq": [[["sense", {"sn": "1", "dt": [["text", "an address to God or a deity "], ["vis", [{"t": "he always directed a bedside {it}prayer{/it} to God before going to sleep"}]]], "syn_list": [[{"wd": "orisons"}]], "rel_list": [[{"wd": "collects"}, {"wd": "graces"}, {"wd": "invocations"}, {"wd": "litanies"}, {"wd": "requiescats"}, {"wd": "thanksgivings"}], [{"wd": "evensongs"}, {"wd": "matins"}, {"wd": "vespers"}], [{"wd": "appeals"}, {"wd": "entreaties"}, {"wd": "petitions"}, {"wd": "pleadings"}, {"wd": "requests"}, {"wd": "suits"}, {"wd": "supplications"}]]}]], [["sense", {"sn": "2", "dt": [["text", "an earnest request "], ["vis", [{"t": "we hope that the governor will hear our {it}prayer{/it} and do something about this pressing problem"}]]], "syn_list": [[{"wd": "adjurations"}, {"wd": "appeals"}, {"wd": "conjurations"}, {"wd": "cries"}, {"wd": "desires"}, {"wd": "entreaties"}, {"wd": "petitions"}, {"wd": "pleadings"}, {"wd": "pleas"}, {"wd": "solicitations"}, {"wd": "suits"}, {"wd": "suppliances"}, {"wd": "supplications"}]], "rel_list": [[{"wd": "applications"}, {"wd": "requisitions"}], [{"wd": "calls"}, {"wd": "claims"}, {"wd": "demands"}, {"wd": "insistences"}]]}]]]}], "shortdef": ["an address to God or a deity", "an earnest request"]}, {"meta": {"id": "prayer", "uuid": "eba6b594-4536-48d1-87bc-2e7d233df204", "src": "coll_thes", "section": "alpha", "stems": ["prayer", "prayers"], "syns": [["orison"], ["adjuration", "appeal", "conjuration", "cry", "desire", "entreaty", "petition", "plea", "pleading", "solicitation", "suit", "suppliance", "supplication"]], "ants": [], "offensive": false}, "hwi": {"hw": "prayer"}, "fl": "noun", "def": [{"sseq": [[["sense", {"sn": "1", "dt": [["text", "an address to God or a deity "], ["vis", [{"t": "he always directed a bedside {it}prayer{/it} to God before going to sleep"}]]], "syn_list": [[{"wd": "orison"}]], "rel_list": [[{"wd": "collect"}, {"wd": "grace"}, {"wd": "invocation"}, {"wd": "litany"}, {"wd": "requiescat"}, {"wd": "thanksgiving"}], [{"wd": "evensong"}, {"wd": "matins"}, {"wd": "vespers"}], [{"wd": "appeal"}, {"wd": "begging"}, {"wd": "beseeching"}, {"wd": "entreaty"}, {"wd": "imploring"}, {"wd": "petition"}, {"wd": "pleading"}, {"wd": "request"}, {"wd": "soliciting"}, {"wd": "suit"}, {"wd": "supplication"}]]}]], [["sense", {"sn": "2", "dt": [["text", "an earnest request "], ["vis", [{"t": "we hope that the governor will hear our {it}prayer{/it} and do something about this pressing problem"}]]], "syn_list": [[{"wd": "adjuration"}, {"wd": "appeal"}, {"wd": "conjuration"}, {"wd": "cry"}, {"wd": "desire"}, {"wd": "entreaty"}, {"wd": "petition"}, {"wd": "plea"}, {"wd": "pleading"}, {"wd": "solicitation"}, {"wd": "suit"}, {"wd": "suppliance"}, {"wd": "supplication"}]], "rel_list": [[{"wd": "application"}, {"wd": "requisition"}], [{"wd": "call"}, {"wd": "claim"}, {"wd": "demand"}, {"wd": "insistence"}]]}]]]}], "shortdef": ["an address to God or a deity", "an earnest request"]}]