[{"meta": {"id": "pretend", "uuid": "48a1ed9e-41ac-4ea3-9017-a226c9408ba7", "src": "coll_thes", "section": "alpha", "target": {"tuuid": "426fdf05-4c68-4d7e-b46f-a5bb9cab5af1", "tsrc": "collegiate"}, "stems": ["pretend", "pretended", "pretending", "pretends"], "syns": [["dissemble", "dissimulate", "let on", "make out"], ["act", "affect", "assume", "bluff", "counterfeit", "dissemble", "fake", "feign", "pass (for)", "profess", "put on", "sham", "simulate"]], "ants": [], "offensive": false}, "hwi": {"hw": "pretend"}, "fl": "verb", "def": [{"sseq": [[["sense", {"sn": "1", "dt": [["text", "to take on a false or deceptive appearance "], ["vis", [{"t": "I {it}pretended{/it} that I didn't care that my ex had a new man in her life"}]]], "syn_list": [[{"wd": "dissemble"}, {"wd": "dissimulate"}, {"wd": "let on"}, {"wd": "make out"}]], "rel_list": [[{"wd": "act"}, {"wd": "impersonate"}, {"wd": "masquerade"}, {"wd": "play"}, {"wd": "playact"}, {"wd": "pose"}], [{"wd": "affect"}, {"wd": "assume"}, {"wd": "counterfeit"}, {"wd": "fake"}, {"wd": "feign"}, {"wd": "profess"}, {"wd": "put on"}, {"wd": "sham"}, {"wd": "simulate"}], [{"wd": "camouflage"}, {"wd": "conceal"}, {"wd": "disguise"}, {"wd": "mask"}], [{"wd": "bluff"}, {"wd": "feint"}]], "phrase_list": [[{"wd": "make a pretense"}, {"wd": "make a show"}, {"wd": "make believe"}, {"wd": "put on an act"}, {"wd": "put up a front"}]]}]], [["sense", {"sn": "2", "dt": [["text", "to present a false appearance of "], ["vis", [{"t": "as if I would ever {it}pretend{/it} illness just to take off a day from work"}]]], "syn_list": [[{"wd": "act"}, {"wd": "affect"}, {"wd": "assume"}, {"wd": "bluff"}, {"wd": "counterfeit"}, {"wd": "dissemble"}, {"wd": "fake"}, {"wd": "feign"}, {"wd": "pass (for)"}, {"wd": "profess"}, {"wd": "put on"}, {"wd": "sham"}, {"wd": "simulate"}]], "rel_list": [[{"wd": "dissimulate"}, {"wd": "impersonate"}, {"wd": "let on"}, {"wd": "masquerade"}, {"wd": "play"}, {"wd": "playact"}, {"wd": "pose"}], [{"wd": "forge"}, {"wd": "imitate"}], [{"wd": "camouflage"}, {"wd": "conceal"}, {"wd": "disguise"}, {"wd": "mask"}], [{"wd": "feint"}], [{"wd": "malinger"}]], "phrase_list": [[{"wd": "make believe"}]]}]]]}], "shortdef": ["to take on a false or deceptive appearance", "to present a false appearance of"]}, {"meta": {"id": "pretend", "uuid": "103b8b1d-5c89-4633-8737-1fc99ebd14db", "src": "coll_thes", "section": "alpha", "target": {"tuuid": "644a8997-96cd-4b1f-9cbb-851ad6d7ff24", "tsrc": "collegiate"}, "stems": ["pretend"], "syns": [["artificial", "bogus", "dummy", "ersatz", "factitious", "fake", "false", "faux", "imitation", "imitative", "man-made", "mimic", "mock", "sham", "simulated", "substitute", "synthetic"], ["chimerical", "fabulous", "fanciful", "fantasied", "fantastic", "fictional", "fictitious", "ideal", "imaginal", "imaginary", "imagined", "invented", "made-up", "make-believe", "mythical", "notional", "phantasmal", "phantasmic", "phantom", "unreal", "visionary"]], "ants": [["genuine", "natural", "real"], ["actual", "existent", "existing", "real"]], "offensive": false}, "hwi": {"hw": "pretend"}, "fl": "adjective", "def": [{"sseq": [[["sense", {"sn": "1", "dt": [["text", "being such in appearance only and made with or manufactured from usually cheaper materials "], ["vis", [{"t": "if you were to see the movie's {it}pretend{/it} jewels in real life, you wouldn't be fooled for a minute"}]]], "syn_list": [[{"wd": "artificial"}, {"wd": "bogus"}, {"wd": "dummy"}, {"wd": "ersatz"}, {"wd": "factitious"}, {"wd": "fake"}, {"wd": "false"}, {"wd": "faux"}, {"wd": "imitation"}, {"wd": "imitative"}, {"wd": "man-made"}, {"wd": "mimic"}, {"wd": "mock"}, {"wd": "sham"}, {"wd": "simulated"}, {"wd": "substitute"}, {"wd": "synthetic"}]], "rel_list": [[{"wd": "cultured"}, {"wd": "manufactured"}, {"wd": "process"}], [{"wd": "unauthentic"}], [{"wd": "adulterated"}, {"wd": "designer"}, {"wd": "doctored"}, {"wd": "engineered"}, {"wd": "fudged"}, {"wd": "juggled"}, {"wd": "manipulated"}, {"wd": "tampered (with)"}], [{"wd": "concocted"}, {"wd": "fabricated"}], [{"wd": "counterfeit"}, {"wd": "deceptive"}, {"wd": "forged"}, {"wd": "fraudulent"}, {"wd": "misleading"}, {"wd": "phony", "wvrs": [{"wvl": "also", "wva": "phoney"}]}], [{"wd": "affected"}, {"wd": "brummagem"}, {"wd": "feigned"}, {"wd": "pinchbeck"}, {"wd": "pseudo"}, {"wd": "spurious"}]], "near_list": [[{"wd": "authentic"}, {"wd": "bona fide"}, {"wd": "legitimate"}, {"wd": "true"}], [{"wd": "premium"}, {"wd": "quality"}, {"wd": "valuable"}], [{"wd": "pure"}, {"wd": "unadulterated"}]], "ant_list": [[{"wd": "genuine"}, {"wd": "natural"}, {"wd": "real"}]]}]], [["sense", {"sn": "2", "dt": [["text", "not real and existing only in the imagination "], ["vis", [{"t": "it's just a {it}pretend{/it} gun, so please pretend that I got you and play dead"}]]], "syn_list": [[{"wd": "chimerical", "wvrs": [{"wvl": "also", "wva": "chimeric"}]}, {"wd": "fabulous"}, {"wd": "fanciful"}, {"wd": "fantasied"}, {"wd": "fantastic", "wvrs": [{"wvl": "also", "wva": "fantastical"}]}, {"wd": "fictional"}, {"wd": "fictitious"}, {"wd": "ideal"}, {"wd": "imaginal"}, {"wd": "imaginary"}, {"wd": "imagined"}, {"wd": "invented"}, {"wd": "made-up"}, {"wd": "make-believe"}, {"wd": "mythical", "wvrs": [{"wvl": "or", "wva": "mythic"}]}, {"wd": "notional"}, {"wd": "phantasmal"}, {"wd": "phantasmic"}, {"wd": "phantom"}, {"wd": "unreal"}, {"wd": "visionary"}]], "rel_list": [[{"wd": "fabled"}, {"wd": "legendary"}, {"wd": "romantic"}], [{"wd": "abstract"}, {"wd": "hypothetical"}, {"wd": "theoretical", "wvrs": [{"wvl": "also", "wva": "theoretic"}]}], [{"wd": "unbelievable"}, {"wd": "unconvincing"}, {"wd": "unlikely"}], [{"wd": "conceived"}, {"wd": "envisaged"}, {"wd": "envisioned"}, {"wd": "pictured"}, {"wd": "visualized"}], [{"wd": "daydreamlike"}, {"wd": "deceptive"}, {"wd": "delusional"}, {"wd": "delusive"}, {"wd": "hallucinatory"}, {"wd": "illusory"}, {"wd": "phantasmagoric", "wvrs": [{"wvl": "or", "wva": "phantasmagorical"}]}], [{"wd": "concocted"}, {"wd": "fabricated"}, {"wd": "feigned"}, {"wd": "fictive"}], [{"wd": "inexistent"}, {"wd": "nonexistent"}]], "near_list": [[{"wd": "authentic"}, {"wd": "genuine"}, {"wd": "true"}], [{"wd": "factual"}, {"wd": "verifiable"}, {"wd": "verified"}], [{"wd": "believable"}, {"wd": "convincing"}, {"wd": "realistic"}], [{"wd": "corporeal"}, {"wd": "material"}, {"wd": "physical"}, {"wd": "solid"}, {"wd": "substantial"}], [{"wd": "palpable"}, {"wd": "tangible"}]], "ant_list": [[{"wd": "actual"}, {"wd": "existent"}, {"wd": "existing"}, {"wd": "real"}]]}]]]}], "shortdef": ["being such in appearance only and made with or manufactured from usually cheaper materials", "not real and existing only in the imagination"]}]