[{"meta": {"id": "promise:2", "uuid": "c6d408eb-1a5e-4340-90c9-820b17bcb1e7", "sort": "167888000", "src": "collegiate", "section": "alpha", "stems": ["promise", "promised", "promisee", "promisees", "promiser", "promisers", "promises", "promising", "promisor", "promisors"], "offensive": false}, "hom": 2, "hwi": {"hw": "promise"}, "fl": "verb", "ins": [{"if": "prom*ised"}, {"if": "prom*is*ing"}], "def": [{"vd": "transitive verb", "sseq": [[["sense", {"sn": "1", "dt": [["text", "{bc}to pledge to do, bring about, or provide "], ["vis", [{"t": "{wi}promise{/wi} aid"}]]]}]], [["sense", {"sn": "2", "sls": ["archaic"], "dt": [["text", "{bc}{sx|warrant||}, {sx|assure||}"]]}]], [["sense", {"sn": "3", "sls": ["chiefly dialectal"], "dt": [["text", "{bc}{sx|betroth||}"]]}]], [["sense", {"sn": "4", "dt": [["text", "{bc}to suggest beforehand {bc}give promise of "], ["vis", [{"t": "dark clouds {wi}promise{/wi} rain"}]]]}]]]}, {"vd": "intransitive verb", "sseq": [[["sense", {"sn": "1", "dt": [["text", "{bc}to make a promise"]]}]], [["sense", {"sn": "2", "dt": [["text", "{bc}to give ground for expectation {bc}be imminent"]]}]]]}], "uros": [{"ure": "prom*is*ee", "prs": [{"mw": "\u02ccpr\u00e4-m\u0259-\u02c8s\u0113", "sound": {"audio": "promis04", "ref": "c", "stat": "1"}}], "fl": "noun"}, {"ure": "prom*i*sor", "prs": [{"mw": "\u02ccpr\u00e4-m\u0259-\u02c8s\u022fr", "sound": {"audio": "promis06", "ref": "c", "stat": "1"}}], "vrs": [{"vl": "or less commonly", "va": "prom*is*er", "prs": [{"mw": "\u02c8pr\u00e4-m\u0259-s\u0259r", "sound": {"audio": "promis05", "ref": "c", "stat": "1"}}]}], "fl": "noun"}], "date": "15th century{ds|t|1||}", "shortdef": ["to pledge to do, bring about, or provide", "warrant, assure", "betroth"]}, {"meta": {"id": "promised land", "uuid": "13b56196-2aa0-41f7-8d90-6893d9f8a5d8", "sort": "167889000", "src": "collegiate", "section": "alpha", "stems": ["promised land", "promised lands"], "offensive": false}, "hwi": {"hw": "promised land"}, "fl": "noun", "def": [{"sseq": [[["sense", {"dt": [["text", "{bc}something and especially a place or condition believed to promise final satisfaction or realization of hopes"]]}]]]}], "date": "1561", "shortdef": ["something and especially a place or condition believed to promise final satisfaction or realization of hopes"]}, {"meta": {"id": "the Promised Land", "uuid": "132c2d6a-a690-4a3c-8291-8662711a5c71", "sort": "3020427000", "src": "ld", "section": "idioms", "stems": ["the promised land"], "offensive": false}, "hwi": {"hw": "the Promised Land"}, "fl": "noun", "def": [{"sseq": [[["sense", {"sn": "1", "dt": [["text", "{bc}the land that was given to Abraham and his descendants according to the promise God made in the Bible"]]}]], [["sense", {"sn": "2", "vrs": [{"vl": "or", "va": "the promised land"}], "dt": [["text", "{bc}a happy place or condition that someone wants to reach {bc}a place where dreams or hopes can come true "], ["vis", [{"t": "They came to America searching for {it}the promised land{/it}."}]]]}]]]}], "shortdef": ["the land that was given to Abraham and his descendants according to the promise God made in the Bible", "a happy place or condition that someone wants to reach : a place where dreams or hopes can come true"]}, {"meta": {"id": "promise (someone) the stars/moon/earth/world", "uuid": "53e87d6b-9bbf-4dc3-aac9-cf4d7c22da0a", "sort": "3015388000", "src": "ld", "section": "idioms", "stems": ["promise (someone) the stars/moon/earth/world", "promise someone the earth", "promise someone the moon", "promise someone the stars", "promise someone the world", "promise the earth", "promise the moon", "promise the stars", "promise the world", "promised her the stars and the moon"], "offensive": false}, "hwi": {"hw": "promise (someone) the stars/moon/earth/world"}, "fl": "idiom", "def": [{"sseq": [[["sense", {"dt": [["text", "{bc}to promise (someone) that one will do or give something great or wonderful even though it is not possible "], ["vis", [{"t": "He {phrase}promised her the stars and the moon{/phrase}, so she married him."}, {"t": "Politicians will {it}promise the earth{/it} when they're trying to get elected."}]]]}]]]}], "shortdef": ["to promise (someone) that one will do or give something great or wonderful even though it is not possible"]}]