[{"meta": {"id": "pull", "uuid": "aefe634e-f8ad-40f9-8f80-a513e4df4742", "src": "coll_thes", "section": "alpha", "target": {"tuuid": "74f3838b-b6d3-4254-80c0-9be6a23c5c76", "tsrc": "collegiate"}, "stems": ["pull", "pull a fast one", "pull a punch", "pull one's leg", "pull one's weight", "pull oneself together", "pull punches", "pull strings", "pull the plug", "pull the rug from under", "pull the string", "pull the trigger", "pull the wool over one's eyes", "pull wires", "pulled", "puller", "pullers", "pulling", "pulls"], "syns": [["drag", "draw", "hale", "haul", "lug", "tow", "tug"], ["corkscrew", "extract", "prize", "pry", "root (out)", "tear (out)", "uproot", "wrest", "wring", "yank"], ["rack", "strain", "stretch", "wrench"]], "ants": [["drive", "propel", "push"]], "offensive": false}, "hwi": {"hw": "pull"}, "fl": "verb", "def": [{"sseq": [[["sense", {"sn": "1", "dt": [["text", "to cause to follow by applying steady force on "], ["vis", [{"t": "a team of horses {it}pulling{/it} a heavy wagon"}]]], "syn_list": [[{"wd": "drag"}, {"wd": "draw"}, {"wd": "hale"}, {"wd": "haul"}, {"wd": "lug"}, {"wd": "tow"}, {"wd": "tug"}]], "rel_list": [[{"wd": "attract"}], [{"wd": "heave"}, {"wd": "jerk"}, {"wd": "yank"}], [{"wd": "carry"}, {"wd": "convey"}, {"wd": "ferry"}, {"wd": "move"}, {"wd": "transport"}]], "near_list": [[{"wd": "shove"}, {"wd": "thrust"}]], "ant_list": [[{"wd": "drive"}, {"wd": "propel"}, {"wd": "push"}]]}]], [["sense", {"sn": "2", "dt": [["text", "to draw out by force or with effort "], ["vis", [{"t": "the dentist had to struggle to {it}pull{/it} the tooth"}]]], "syn_list": [[{"wd": "corkscrew"}, {"wd": "extract"}, {"wd": "prize"}, {"wd": "pry"}, {"wd": "root (out)"}, {"wd": "tear (out)"}, {"wd": "uproot"}, {"wd": "wrest"}, {"wd": "wring"}, {"wd": "yank"}]], "rel_list": [[{"wd": "mine"}, {"wd": "pluck"}, {"wd": "remove"}, {"wd": "take (out)"}, {"wd": "withdraw"}]], "near_list": [[{"wd": "implant"}, {"wd": "insert"}, {"wd": "install"}, {"wd": "instill"}], [{"wd": "cram"}, {"wd": "jam"}, {"wd": "ram"}, {"wd": "stuff"}, {"wd": "wedge"}]]}]], [["sense", {"sn": "3", "dt": [["text", "to injure by overuse, misuse, or pressure "], ["vis", [{"t": "lift the crate carefully, or you'll {it}pull{/it} a muscle"}]]], "syn_list": [[{"wd": "rack"}, {"wd": "strain"}, {"wd": "stretch"}, {"wd": "wrench"}]], "rel_list": [[{"wd": "fray"}, {"wd": "tax"}, {"wd": "weaken"}], [{"wd": "damage"}, {"wd": "harm"}, {"wd": "hurt"}, {"wd": "impair"}, {"wd": "wound"}], [{"wd": "batter"}, {"wd": "bruise"}, {"wd": "tear"}], [{"wd": "cripple"}, {"wd": "lame"}, {"wd": "mangle"}, {"wd": "mutilate"}]]}]]]}], "shortdef": ["to cause to follow by applying steady force on", "to draw out by force or with effort", "to injure by overuse, misuse, or pressure"]}, {"meta": {"id": "pull", "uuid": "6de7ddb4-a3d5-473e-998b-87b79218c6d9", "src": "coll_thes", "section": "alpha", "target": {"tuuid": "db96c3d4-4372-496b-8e8c-36aab8a3bf0f", "tsrc": "collegiate"}, "stems": ["pull", "pulls"], "syns": [["draw", "haul", "jerk", "pluck", "tug", "wrench", "yank"], ["authority", "clout", "credit", "heft", "in", "influence", "juice", "leverage", "sway", "weight"], ["advantage", "better", "bulge", "catbird seat", "drop", "edge", "high ground", "inside track", "jump", "stead", "upper hand", "vantage", "whip hand"]], "ants": [["push"], ["disadvantage", "drawback", "handicap", "liability", "minus", "penalty", "strike"]], "offensive": false}, "hwi": {"hw": "pull"}, "fl": "noun", "def": [{"sseq": [[["sense", {"sn": "1", "dt": [["text", "the act or an instance of applying force on something so that it moves in the direction of the force "], ["vis", [{"t": "I gave the door such a {it}pull{/it} that when it suddenly opened, I nearly fell backwards"}]]], "syn_list": [[{"wd": "draw"}, {"wd": "haul"}, {"wd": "jerk"}, {"wd": "pluck"}, {"wd": "tug"}, {"wd": "wrench"}, {"wd": "yank"}]], "rel_list": [[{"wd": "drag"}, {"wd": "tow"}], [{"wd": "hitch"}, {"wd": "twitch"}], [{"wd": "grab"}, {"wd": "snatch"}]], "near_list": [[{"wd": "heave"}, {"wd": "shove"}, {"wd": "thrust"}]], "ant_list": [[{"wd": "push"}]]}]], [["sense", {"sn": "2", "dt": [["text", "the power to direct the thinking or behavior of others usually indirectly "], ["vis", [{"t": "their lawyer supposedly has a lot of {it}pull{/it} with the administration in Washington"}]]], "syn_list": [[{"wd": "authority"}, {"wd": "clout"}, {"wd": "credit"}, {"wd": "heft"}, {"wd": "in"}, {"wd": "influence"}, {"wd": "juice", "wsls": ["slang"]}, {"wd": "leverage"}, {"wd": "sway"}, {"wd": "weight"}]], "rel_list": [[{"wd": "counterinfluence"}], [{"wd": "command"}, {"wd": "dominance"}, {"wd": "dominion"}, {"wd": "mastery"}, {"wd": "predominance"}, {"wd": "reign"}, {"wd": "scepter"}, {"wd": "sovereignty", "wvrs": [{"wvl": "also", "wva": "sovranty"}]}, {"wd": "supremacy"}], [{"wd": "consequence"}, {"wd": "eminence"}, {"wd": "importance"}, {"wd": "moment"}], [{"wd": "impact"}, {"wd": "impress"}, {"wd": "impression"}, {"wd": "imprint"}, {"wd": "mark"}]], "near_list": [[{"wd": "helplessness"}, {"wd": "impotence"}, {"wd": "impotency"}, {"wd": "powerlessness"}, {"wd": "weakness"}]]}]], [["sense", {"sn": "3", "dt": [["text", "the more favorable condition or position in a competition "], ["vis", [{"t": "a political candidate with all of the {it}pull{/it} that comes with a vast fortune and famous surname"}]]], "syn_list": [[{"wd": "advantage"}, {"wd": "better"}, {"wd": "bulge"}, {"wd": "catbird seat"}, {"wd": "drop"}, {"wd": "edge"}, {"wd": "high ground"}, {"wd": "inside track"}, {"wd": "jump"}, {"wd": "stead"}, {"wd": "upper hand"}, {"wd": "vantage"}, {"wd": "whip hand"}]], "rel_list": [[{"wd": "allowance"}, {"wd": "head start"}, {"wd": "lead"}, {"wd": "leg up"}, {"wd": "margin"}, {"wd": "odds"}, {"wd": "start"}], [{"wd": "ascendancy", "wvrs": [{"wvl": "also", "wva": "ascendency"}]}, {"wd": "command"}, {"wd": "dominance"}, {"wd": "mastery"}, {"wd": "predominance"}, {"wd": "superiority"}, {"wd": "supremacy"}, {"wd": "transcendence"}, {"wd": "transcendency"}], [{"wd": "precedence"}, {"wd": "preference"}, {"wd": "prerogative"}, {"wd": "privilege"}, {"wd": "seniority"}], [{"wd": "break"}, {"wd": "foothold"}, {"wd": "opportunity"}], [{"wd": "benefit"}, {"wd": "blessing"}, {"wd": "boon"}, {"wd": "felicity"}, {"wd": "godsend"}, {"wd": "manna"}, {"wd": "windfall"}]], "phrase_list": [[{"wd": "coign of vantage"}]], "near_list": [[{"wd": "detriment"}, {"wd": "stranglehold"}], [{"wd": "disparity"}, {"wd": "imbalance"}, {"wd": "inequality"}, {"wd": "unevenness"}], [{"wd": "disability"}, {"wd": "failing"}, {"wd": "impairment"}, {"wd": "shortcoming"}], [{"wd": "bar"}, {"wd": "catch"}, {"wd": "check"}, {"wd": "clog"}, {"wd": "crimp"}, {"wd": "embarrassment"}, {"wd": "hindrance"}, {"wd": "hitch"}, {"wd": "hurdle"}, {"wd": "impediment"}, {"wd": "interference"}, {"wd": "let"}, {"wd": "manacle"}, {"wd": "obstacle"}, {"wd": "obstruction"}, {"wd": "rub"}, {"wd": "shackle"}, {"wd": "stop"}, {"wd": "trammel"}], [{"wd": "lurch"}, {"wd": "setback"}]], "ant_list": [[{"wd": "disadvantage"}, {"wd": "drawback"}, {"wd": "handicap"}, {"wd": "liability"}, {"wd": "minus"}, {"wd": "penalty"}, {"wd": "strike"}]]}]]]}], "shortdef": ["the act or an instance of applying force on something so that it moves in the direction of the force", "the power to direct the thinking or behavior of others usually indirectly", "the more favorable condition or position in a competition"]}, {"meta": {"id": "pull down", "uuid": "c383cd77-8fe3-4be9-946d-1c5e4c204a26", "src": "coll_thes", "section": "alpha", "target": {"tuuid": "9e4c3889-1e20-4231-8592-1f89322044d6", "tsrc": "collegiate"}, "stems": ["pull down", "pulled down", "pulling down", "pulls down"], "syns": [["annihilate", "cream", "decimate", "demolish", "desolate", "destroy", "devastate", "do in", "extinguish", "nuke", "pulverize", "raze", "rub out", "ruin", "shatter", "smash", "tear down", "total", "vaporize", "waste", "wrack", "wreck"], ["demolish", "level", "raze", "tear down", "unbuild"], ["acquire", "attain", "bag", "bring in", "capture", "carry", "come by", "draw", "earn", "gain", "garner", "get", "knock down", "land", "make", "obtain", "procure", "realize", "reap", "secure", "win"]], "ants": [["build", "construct", "erect", "put up", "raise", "rear", "set up"], ["forfeit", "lose"]], "offensive": false}, "hwi": {"hw": "pull down"}, "fl": "verb", "def": [{"sseq": [[["sense", {"sn": "1", "dt": [["text", "to bring to a complete end the physical soundness, existence, or usefulness of "], ["vis", [{"t": "a powerful storm {it}pulled down{/it} the old fishing shack, which had been immortalized in countless paintings"}]]], "syn_list": [[{"wd": "annihilate"}, {"wd": "cream"}, {"wd": "decimate"}, {"wd": "demolish"}, {"wd": "desolate"}, {"wd": "destroy"}, {"wd": "devastate"}, {"wd": "do in"}, {"wd": "extinguish"}, {"wd": "nuke"}, {"wd": "pulverize"}, {"wd": "raze"}, {"wd": "rub out"}, {"wd": "ruin"}, {"wd": "shatter"}, {"wd": "smash"}, {"wd": "tear down"}, {"wd": "total"}, {"wd": "vaporize"}, {"wd": "waste"}, {"wd": "wrack"}, {"wd": "wreck"}]], "rel_list": [[{"wd": "beat"}, {"wd": "best"}, {"wd": "clobber"}, {"wd": "conquer"}, {"wd": "crush"}, {"wd": "defeat"}, {"wd": "drub"}, {"wd": "lick"}, {"wd": "master"}, {"wd": "overbear"}, {"wd": "overcome"}, {"wd": "overmatch"}, {"wd": "prevail (over)"}, {"wd": "rout"}, {"wd": "scotch"}, {"wd": "skunk"}, {"wd": "subdue"}, {"wd": "surmount"}, {"wd": "thrash"}, {"wd": "trim"}, {"wd": "triumph (over)"}, {"wd": "trounce"}, {"wd": "wallop"}, {"wd": "whip"}, {"wd": "win (against)"}], [{"wd": "blast"}, {"wd": "blow up"}, {"wd": "break"}, {"wd": "cripple"}, {"wd": "damage"}, {"wd": "deface"}, {"wd": "deteriorate"}, {"wd": "disfigure"}, {"wd": "disintegrate"}, {"wd": "dissolve"}, {"wd": "dynamite"}, {"wd": "harm"}, {"wd": "impair"}, {"wd": "injure"}, {"wd": "mangle"}, {"wd": "mar"}, {"wd": "mutilate"}, {"wd": "spoil"}, {"wd": "vitiate"}], [{"wd": "erode"}, {"wd": "scour"}, {"wd": "sweep (away)"}, {"wd": "wash out"}, {"wd": "wear (away)"}], [{"wd": "dilapidate"}, {"wd": "disassemble"}, {"wd": "dismantle"}, {"wd": "gut"}, {"wd": "take down"}, {"wd": "unbuild"}, {"wd": "undo"}, {"wd": "unmake"}], [{"wd": "blot out"}, {"wd": "efface"}, {"wd": "eradicate"}, {"wd": "expunge"}, {"wd": "exterminate"}, {"wd": "extirpate"}, {"wd": "liquidate"}, {"wd": "obliterate"}, {"wd": "remove"}, {"wd": "root (out)"}, {"wd": "snuff (out)"}, {"wd": "stamp (out)"}, {"wd": "wipe out"}], [{"wd": "despoil"}, {"wd": "havoc"}, {"wd": "loot"}, {"wd": "pillage"}, {"wd": "plunder"}, {"wd": "ravage"}, {"wd": "sack"}, {"wd": "trample"}, {"wd": "trash"}, {"wd": "vandalize"}], [{"wd": "assassinate"}, {"wd": "butcher"}, {"wd": "cut down"}, {"wd": "dispatch"}, {"wd": "execute"}, {"wd": "fell"}, {"wd": "kill"}, {"wd": "kill off"}, {"wd": "massacre"}, {"wd": "mow (down)"}, {"wd": "murder"}, {"wd": "slaughter"}, {"wd": "slay"}, {"wd": "take out"}, {"wd": "zap"}]], "near_list": [[{"wd": "doctor"}, {"wd": "fix"}, {"wd": "mend"}, {"wd": "patch"}, {"wd": "recondition"}, {"wd": "repair"}, {"wd": "revamp"}], [{"wd": "create"}, {"wd": "invent"}], [{"wd": "assemble"}, {"wd": "fabricate"}, {"wd": "fashion"}, {"wd": "forge"}, {"wd": "form"}, {"wd": "frame"}, {"wd": "make"}, {"wd": "manufacture"}, {"wd": "mold"}, {"wd": "produce"}, {"wd": "shape"}], [{"wd": "bring about"}, {"wd": "constitute"}, {"wd": "establish"}, {"wd": "father"}, {"wd": "found"}, {"wd": "institute"}, {"wd": "organize"}], [{"wd": "conserve"}, {"wd": "preserve"}, {"wd": "protect"}, {"wd": "save"}], [{"wd": "rebuild"}, {"wd": "reconstruct"}, {"wd": "remodel"}, {"wd": "renovate"}, {"wd": "restore"}]], "ant_list": [[{"wd": "build"}, {"wd": "construct"}, {"wd": "erect"}, {"wd": "put up"}, {"wd": "raise"}, {"wd": "rear"}, {"wd": "set up"}]]}]], [["sense", {"sn": "2", "dt": [["text", "to destroy (as a building) completely by knocking down or breaking to pieces "], ["vis", [{"t": "an ugly billboard that was eventually {it}pulled down{/it}"}]]], "syn_list": [[{"wd": "demolish"}, {"wd": "level"}, {"wd": "raze"}, {"wd": "tear down"}, {"wd": "unbuild"}]], "rel_list": [[{"wd": "blow up"}, {"wd": "dynamite"}], [{"wd": "abolish"}, {"wd": "annihilate"}, {"wd": "crack up"}, {"wd": "crush"}, {"wd": "dash"}, {"wd": "decimate"}, {"wd": "destroy"}, {"wd": "devastate"}, {"wd": "devour"}, {"wd": "dissolve"}, {"wd": "do in"}, {"wd": "eradicate"}, {"wd": "extirpate"}, {"wd": "finish"}, {"wd": "flatten"}, {"wd": "obliterate"}, {"wd": "overturn"}, {"wd": "pulverize"}, {"wd": "ravage"}, {"wd": "ruin"}, {"wd": "scourge"}, {"wd": "smash"}, {"wd": "total"}, {"wd": "unmake"}, {"wd": "waste"}, {"wd": "wipe out"}, {"wd": "wreck"}]], "near_list": [[{"wd": "build"}, {"wd": "construct"}, {"wd": "erect"}, {"wd": "put up"}, {"wd": "raise"}], [{"wd": "rebuild"}, {"wd": "renew"}, {"wd": "renovate"}, {"wd": "restore"}], [{"wd": "create"}, {"wd": "fabricate"}, {"wd": "fashion"}, {"wd": "forge"}, {"wd": "form"}, {"wd": "make"}, {"wd": "manufacture"}, {"wd": "shape"}]]}]], [["sense", {"sn": "3", "dt": [["text", "to receive as return for effort "], ["vis", [{"t": "he's {it}pulling down{/it} six figures at that job"}]]], "syn_list": [[{"wd": "acquire"}, {"wd": "attain"}, {"wd": "bag"}, {"wd": "bring in"}, {"wd": "capture"}, {"wd": "carry"}, {"wd": "come by"}, {"wd": "draw"}, {"wd": "earn"}, {"wd": "gain"}, {"wd": "garner"}, {"wd": "get"}, {"wd": "knock down"}, {"wd": "land"}, {"wd": "make"}, {"wd": "obtain"}, {"wd": "procure"}, {"wd": "realize"}, {"wd": "reap"}, {"wd": "secure"}, {"wd": "win"}]], "rel_list": [[{"wd": "clear"}, {"wd": "gross"}, {"wd": "net"}], [{"wd": "accomplish"}, {"wd": "achieve"}, {"wd": "notch (up)"}, {"wd": "score"}], [{"wd": "accumulate"}, {"wd": "amass"}, {"wd": "rack up"}], [{"wd": "catch"}, {"wd": "pick up"}], [{"wd": "annex"}, {"wd": "occupy"}, {"wd": "take over"}], [{"wd": "reacquire"}, {"wd": "reattain"}, {"wd": "recapture"}, {"wd": "regain"}, {"wd": "remake"}]], "near_list": [[{"wd": "accord"}, {"wd": "give"}, {"wd": "grant"}, {"wd": "pay"}], [{"wd": "give up"}, {"wd": "hand over"}, {"wd": "part (with)"}, {"wd": "relinquish"}, {"wd": "surrender"}, {"wd": "yield"}]], "ant_list": [[{"wd": "forfeit"}, {"wd": "lose"}]]}]]]}], "shortdef": ["to bring to a complete end the physical soundness, existence, or usefulness of", "to destroy (as a building) completely by knocking down or breaking to pieces", "to receive as return for effort"]}, {"meta": {"id": "pull in", "uuid": "a27358bb-bb7e-4bba-ae97-4630abb957c7", "src": "coll_thes", "section": "alpha", "target": {"tuuid": "19c376e2-00ac-41e3-87e9-63178daeaa53", "tsrc": "collegiate"}, "stems": ["pull in", "pulled in", "pulling in", "pulls in"], "syns": [["bridle", "check", "constrain", "contain", "control", "curb", "govern", "hold", "inhibit", "keep", "measure", "regulate", "rein (in)", "restrain", "rule", "tame"], ["apprehend", "arrest", "bust", "collar", "nab", "nail", "nick", "pick up", "pinch", "restrain", "run in", "seize"]], "ants": [["lose"], ["discharge"]], "offensive": false}, "hwi": {"hw": "pull in"}, "fl": "verb", "def": [{"sseq": [[["sense", {"sn": "1", "dt": [["text", "to keep from exceeding a desirable degree or level (as of expression) "], ["vis", [{"t": "a company that cannot manage to {it}pull in{/it} costs will not be in business for very long"}]]], "syn_list": [[{"wd": "bridle"}, {"wd": "check"}, {"wd": "constrain"}, {"wd": "contain"}, {"wd": "control"}, {"wd": "curb"}, {"wd": "govern"}, {"wd": "hold"}, {"wd": "inhibit"}, {"wd": "keep"}, {"wd": "measure"}, {"wd": "regulate"}, {"wd": "rein (in)"}, {"wd": "restrain"}, {"wd": "rule"}, {"wd": "tame"}]], "rel_list": [[{"wd": "bottle (up)"}, {"wd": "choke (back)"}, {"wd": "hold back"}, {"wd": "mince"}, {"wd": "muffle"}, {"wd": "pocket"}, {"wd": "repress"}, {"wd": "sink"}, {"wd": "smother"}, {"wd": "squelch"}, {"wd": "stifle"}, {"wd": "strangle"}, {"wd": "suppress"}, {"wd": "swallow"}], [{"wd": "arrest"}, {"wd": "interrupt"}, {"wd": "stop"}], [{"wd": "block"}, {"wd": "hamper"}, {"wd": "handcuff"}, {"wd": "hinder"}, {"wd": "impede"}, {"wd": "obstruct"}], [{"wd": "gag"}, {"wd": "muzzle"}, {"wd": "silence"}]], "near_list": [[{"wd": "liberate"}, {"wd": "loose"}, {"wd": "loosen"}, {"wd": "unleash"}], [{"wd": "air"}, {"wd": "express"}, {"wd": "take out"}, {"wd": "vent"}]], "ant_list": [[{"wd": "lose"}]]}]], [["sense", {"sn": "2", "dt": [["text", "to take or keep under one's control by authority of law "], ["vis", [{"t": "he was {it}pulled in{/it} after a random traffic stop turned up drugs in his car"}]]], "syn_list": [[{"wd": "apprehend"}, {"wd": "arrest"}, {"wd": "bust", "wsls": ["slang"]}, {"wd": "collar"}, {"wd": "nab"}, {"wd": "nail"}, {"wd": "nick", "wsls": ["British slang"]}, {"wd": "pick up"}, {"wd": "pinch"}, {"wd": "restrain"}, {"wd": "run in"}, {"wd": "seize"}]], "rel_list": [[{"wd": "bag"}, {"wd": "capture"}, {"wd": "catch"}, {"wd": "get"}, {"wd": "grab"}, {"wd": "grapple"}, {"wd": "hook"}, {"wd": "land"}, {"wd": "snap (up)"}, {"wd": "snare"}, {"wd": "snatch"}, {"wd": "trap"}], [{"wd": "commit"}, {"wd": "confine"}, {"wd": "detain"}, {"wd": "hold"}, {"wd": "immure"}, {"wd": "imprison"}, {"wd": "incarcerate"}, {"wd": "intern"}, {"wd": "jail"}, {"wd": "jug"}, {"wd": "lock (up)"}], [{"wd": "bind"}, {"wd": "enchain"}, {"wd": "fetter"}, {"wd": "handcuff"}, {"wd": "manacle"}, {"wd": "shackle"}, {"wd": "trammel"}], [{"wd": "rearrest"}], [{"wd": "remand"}]], "near_list": [[{"wd": "emancipate"}, {"wd": "free"}, {"wd": "liberate"}, {"wd": "loose"}, {"wd": "loosen"}, {"wd": "release"}, {"wd": "spring"}], [{"wd": "unbind"}, {"wd": "unchain"}]], "ant_list": [[{"wd": "discharge"}]]}]]]}], "shortdef": ["to keep from exceeding a desirable degree or level (as of expression)", "to take or keep under one's control by authority of law"]}, {"meta": {"id": "pull off", "uuid": "bd601a2f-73c9-4e5f-a994-37cdde816222", "src": "coll_thes", "section": "alpha", "target": {"tuuid": "71b0d1d8-e4f7-4507-87a7-47d61a3fb19b", "tsrc": "collegiate"}, "stems": ["pull off", "pulled off", "pulling off", "pulls off"], "syns": [["accomplish", "achieve", "bring off", "carry off", "carry out", "commit", "compass", "do", "execute", "follow through (with)", "fulfill", "make", "negotiate", "perform", "perpetrate", "prosecute", "put through"]], "ants": [], "offensive": false}, "hwi": {"hw": "pull off"}, "fl": "verb", "def": [{"sseq": [[["sense", {"dt": [["text", "to carry through (as a process) to completion "], ["vis", [{"t": "the rebel forces {it}pulled off{/it} a surprisingly successful offensive against the better equipped government troops"}]]], "syn_list": [[{"wd": "accomplish"}, {"wd": "achieve"}, {"wd": "bring off"}, {"wd": "carry off"}, {"wd": "carry out"}, {"wd": "commit"}, {"wd": "compass"}, {"wd": "do"}, {"wd": "execute"}, {"wd": "follow through (with)"}, {"wd": "fulfill", "wvrs": [{"wvl": "or", "wva": "fulfil"}]}, {"wd": "make"}, {"wd": "negotiate"}, {"wd": "perform"}, {"wd": "perpetrate"}, {"wd": "prosecute"}, {"wd": "put through"}]], "rel_list": [[{"wd": "bring about"}, {"wd": "effect"}, {"wd": "effectuate"}, {"wd": "implement"}], [{"wd": "ace"}, {"wd": "nail"}], [{"wd": "engage (in)"}, {"wd": "practice", "wvrs": [{"wvl": "also", "wva": "practise"}]}], [{"wd": "work (at)"}], [{"wd": "reduplicate"}, {"wd": "reenact"}, {"wd": "repeat"}], [{"wd": "actualize"}, {"wd": "attain"}, {"wd": "realize"}], [{"wd": "complete"}, {"wd": "end"}, {"wd": "finish"}, {"wd": "wind up"}]], "phrase_list": [[{"wd": "go through"}]], "near_list": [[{"wd": "fail"}], [{"wd": "skimp"}, {"wd": "slight"}, {"wd": "slur"}]]}]]]}], "shortdef": ["to carry through (as a process) to completion"]}, {"meta": {"id": "pull out", "uuid": "0cac9c08-b3f9-483b-bc34-5f4e5bc77a9d", "src": "coll_thes", "section": "alpha", "target": {"tuuid": "29b5c731-45c5-42fd-9af0-6251dae1591d", "tsrc": "collegiate"}, "stems": ["pull out", "pulled out", "pulling out", "pulls out"], "syns": [["bail", "bail out", "begone", "book", "bug off", "bug out", "bugger off", "buzz (off)", "clear off", "clear out", "cut out", "depart", "dig out", "exit", "get", "get off", "go", "go off", "move", "pack (up or off)", "part", "peel off", "pike (out or off)", "push off", "push on", "quit", "run along", "sally (forth)", "scarper", "shove (off)", "step (along)", "take off", "vamoose", "walk out"], ["back away", "drop back", "fall back", "recede", "retire", "retreat", "withdraw"]], "ants": [["arrive", "come", "show up", "turn up"], ["advance"]], "offensive": false}, "hwi": {"hw": "pull out"}, "fl": "verb", "def": [{"sseq": [[["sense", {"sn": "1", "dt": [["text", "to leave a place often for another "], ["vis", [{"t": "the party's been fun, but it's time to {it}pull out{/it}"}]]], "syn_list": [[{"wd": "bail"}, {"wd": "bail out"}, {"wd": "begone"}, {"wd": "book", "wsls": ["slang"]}, {"wd": "bug off"}, {"wd": "bug out"}, {"wd": "bugger off", "wsls": ["British slang"]}, {"wd": "buzz (off)"}, {"wd": "clear off", "wsls": ["chiefly British"]}, {"wd": "clear out"}, {"wd": "cut out"}, {"wd": "depart"}, {"wd": "dig out"}, {"wd": "exit"}, {"wd": "get"}, {"wd": "get off"}, {"wd": "go"}, {"wd": "go off"}, {"wd": "move"}, {"wd": "pack (up or off)"}, {"wd": "part"}, {"wd": "peel off"}, {"wd": "pike (out or off)"}, {"wd": "push off"}, {"wd": "push on"}, {"wd": "quit"}, {"wd": "run along"}, {"wd": "sally (forth)"}, {"wd": "scarper", "wsls": ["British"]}, {"wd": "shove (off)"}, {"wd": "step (along)"}, {"wd": "take off"}, {"wd": "vamoose"}, {"wd": "walk out"}]], "rel_list": [[{"wd": "set out"}, {"wd": "start"}, {"wd": "strike out"}], [{"wd": "abscond"}, {"wd": "decamp"}, {"wd": "escape"}, {"wd": "evacuate"}, {"wd": "flee"}, {"wd": "fly"}, {"wd": "get out"}, {"wd": "mizzle", "wsls": ["chiefly British"]}, {"wd": "run away"}, {"wd": "scat"}, {"wd": "scram"}, {"wd": "skip"}], [{"wd": "go out"}, {"wd": "light out"}, {"wd": "step out"}], [{"wd": "abandon"}, {"wd": "desert"}, {"wd": "forsake"}, {"wd": "vacate"}], [{"wd": "emigrate"}], [{"wd": "adjourn"}, {"wd": "remove"}, {"wd": "retire"}, {"wd": "retreat"}, {"wd": "withdraw"}]], "phrase_list": [[{"wd": "beat it"}, {"wd": "hit the road"}, {"wd": "pull stakes", "wvrs": [{"wvl": "or", "wva": "pull up stakes"}]}, {"wd": "take a hike", "wvrs": [{"wvl": "also", "wva": "take a walk"}]}, {"wd": "take a powder"}]], "near_list": [[{"wd": "abide"}, {"wd": "dwell"}, {"wd": "lodge"}, {"wd": "remain"}, {"wd": "settle"}, {"wd": "stay"}, {"wd": "tarry"}], [{"wd": "approach"}, {"wd": "close"}, {"wd": "near"}], [{"wd": "hit"}, {"wd": "land"}, {"wd": "reach"}]], "ant_list": [[{"wd": "arrive"}, {"wd": "come"}, {"wd": "show up"}, {"wd": "turn up"}]]}]], [["sense", {"sn": "2", "dt": [["text", "to move back or away (as from something difficult, dangerous, or disagreeable) "], ["vis", [{"t": "the aid workers have been advised to {it}pull out{/it} of those regions to which the conflict has spread"}]]], "syn_list": [[{"wd": "back away"}, {"wd": "drop back"}, {"wd": "fall back"}, {"wd": "recede"}, {"wd": "retire"}, {"wd": "retreat"}, {"wd": "withdraw"}]], "rel_list": [[{"wd": "flee"}, {"wd": "fly"}], [{"wd": "flinch"}, {"wd": "recoil"}, {"wd": "shrink"}], [{"wd": "chicken (out)"}], [{"wd": "bow out"}], [{"wd": "back down"}, {"wd": "backpedal"}, {"wd": "backtrack"}, {"wd": "climb down"}], [{"wd": "detach"}, {"wd": "disengage"}, {"wd": "disentangle"}, {"wd": "pull away"}], [{"wd": "abandon"}, {"wd": "depart"}, {"wd": "evacuate"}, {"wd": "go"}, {"wd": "leave"}, {"wd": "quit"}, {"wd": "vacate"}]], "phrase_list": [[{"wd": "give ground"}, {"wd": "give way"}, {"wd": "lose ground"}]], "near_list": [[{"wd": "beard"}, {"wd": "brave"}, {"wd": "brazen"}, {"wd": "breast"}, {"wd": "confront"}, {"wd": "dare"}, {"wd": "defy"}, {"wd": "face"}, {"wd": "outbrave"}]], "ant_list": [[{"wd": "advance"}]]}]]]}], "shortdef": ["to leave a place often for another", "to move back or away (as from something difficult, dangerous, or disagreeable)"]}, {"meta": {"id": "pull round", "uuid": "ccf81644-f597-4019-8a1b-ee677f839d73", "src": "coll_thes", "section": "alpha", "target": {"tuuid": "dc5ca1c2-042c-40d5-9230-2c57a185f563", "tsrc": "collegiate"}, "stems": ["pull round", "pulled round", "pulling round", "pulls round"], "syns": [["come back", "convalesce", "gain", "heal", "mend", "rally", "recoup", "recover", "recuperate", "snap back"]], "ants": [], "offensive": false}, "hwi": {"hw": "pull round"}, "fl": "verb", "sls": ["chiefly British"], "def": [{"sseq": [[["sense", {"dt": [["text", "to become healthy and strong again after illness or weakness "], ["vis", [{"t": "after a week without any relapses, it became clear that she would {it}pull round{/it} eventually"}]]], "syn_list": [[{"wd": "come back"}, {"wd": "convalesce"}, {"wd": "gain"}, {"wd": "heal"}, {"wd": "mend"}, {"wd": "rally"}, {"wd": "recoup"}, {"wd": "recover"}, {"wd": "recuperate"}, {"wd": "snap back"}]], "rel_list": [[{"wd": "come around"}, {"wd": "come round"}, {"wd": "come to"}, {"wd": "improve"}, {"wd": "pick up"}, {"wd": "revive"}], [{"wd": "cheer (up)"}, {"wd": "perk (up)"}], [{"wd": "pull through"}, {"wd": "survive"}], [{"wd": "recruit"}]], "near_list": [[{"wd": "ail"}, {"wd": "collapse"}, {"wd": "come down"}, {"wd": "sicken"}], [{"wd": "decline"}, {"wd": "degenerate"}, {"wd": "deteriorate"}, {"wd": "fade"}, {"wd": "fail"}, {"wd": "languish"}, {"wd": "sink"}, {"wd": "waste (away)"}, {"wd": "weaken"}, {"wd": "wilt"}, {"wd": "wither"}, {"wd": "worsen"}], [{"wd": "regress"}, {"wd": "relapse"}]]}]]]}], "shortdef": ["to become healthy and strong again after illness or weakness"]}, {"meta": {"id": "pull up", "uuid": "8a236f04-a7e3-4666-ba19-c19ee078b2ce", "src": "coll_thes", "section": "alpha", "target": {"tuuid": "f28213f3-ebaf-4979-9c2f-53282be26d9f", "tsrc": "collegiate"}, "stems": ["pull up", "pulled up", "pulling up", "pulls up"], "syns": [["arrest", "bring up", "catch", "check", "draw up", "fetch up", "halt", "hold up", "stall", "stay", "still", "stop"]], "ants": [], "offensive": false}, "hwi": {"hw": "pull up"}, "fl": "verb", "def": [{"sseq": [[["sense", {"dt": [["text", "to bring (something) to a standstill "], ["vis", [{"t": "the jockey tried to {it}pull up{/it} the apparently injured horse"}]]], "syn_list": [[{"wd": "arrest"}, {"wd": "bring up"}, {"wd": "catch"}, {"wd": "check"}, {"wd": "draw up"}, {"wd": "fetch up"}, {"wd": "halt"}, {"wd": "hold up"}, {"wd": "stall"}, {"wd": "stay"}, {"wd": "still"}, {"wd": "stop"}]], "rel_list": [[{"wd": "baffle"}, {"wd": "balk"}, {"wd": "block"}, {"wd": "blockade"}, {"wd": "bottleneck"}, {"wd": "clog"}, {"wd": "dam"}, {"wd": "detain"}, {"wd": "hinder"}, {"wd": "hold"}, {"wd": "hold back"}, {"wd": "impede"}, {"wd": "obstruct"}, {"wd": "snag"}, {"wd": "stem"}], [{"wd": "conclude"}, {"wd": "cut off"}, {"wd": "end"}, {"wd": "terminate"}], [{"wd": "call"}, {"wd": "discontinue"}, {"wd": "suspend"}], [{"wd": "choke off"}, {"wd": "rein (in)"}, {"wd": "repress"}, {"wd": "squash"}, {"wd": "squelch"}, {"wd": "stanch", "wvrs": [{"wvl": "or", "wva": "staunch"}]}, {"wd": "stunt"}, {"wd": "suppress"}, {"wd": "turn back"}]], "near_list": [[{"wd": "carry on"}, {"wd": "continue"}, {"wd": "follow through (with)"}, {"wd": "keep (on)"}, {"wd": "keep up"}, {"wd": "persist"}, {"wd": "run on"}], [{"wd": "advance"}, {"wd": "fare"}, {"wd": "go along"}, {"wd": "march"}, {"wd": "move"}, {"wd": "proceed"}, {"wd": "progress"}, {"wd": "wend"}], [{"wd": "actuate"}, {"wd": "budge"}, {"wd": "drive"}, {"wd": "goad"}, {"wd": "impel"}, {"wd": "propel"}, {"wd": "push"}, {"wd": "spur"}, {"wd": "stir"}]]}]]]}], "shortdef": ["to bring (something) to a standstill"]}, {"meta": {"id": "pull a face", "uuid": "5506e64b-bce1-43bd-b1c1-78ccb549111a", "src": "CTenhance", "section": "phrases", "stems": ["pull a face", "pulling a face", "pulled a face", "pulls a face"], "syns": [["grimace", "mouth", "mug"]], "ants": [], "offensive": false}, "hwi": {"hw": "pull a face"}, "fl": "phrase", "def": [{"sseq": [[["sense", {"dt": [["text", "to distort one's face "], ["vis", [{"t": "The boy {it}pulled a face{/it} to make the other students laugh."}]]], "syn_list": [[{"wd": "grimace"}, {"wd": "mouth"}, {"wd": "mug"}]], "rel_list": [[{"wd": "pout"}], [{"wd": "contort"}, {"wd": "deform"}, {"wd": "twist"}, {"wd": "warp"}], [{"wd": "frown"}, {"wd": "glare"}, {"wd": "gloom"}, {"wd": "glower"}, {"wd": "lower", "wvrs": [{"wvl": "also", "wva": "lour"}]}, {"wd": "scowl"}], [{"wd": "gape"}, {"wd": "gaze"}, {"wd": "ogle"}, {"wd": "stare"}], [{"wd": "growl"}, {"wd": "snarl"}, {"wd": "sneer"}], [{"wd": "simper"}, {"wd": "smirk"}]], "phrase_list": [[{"wd": "make a face", "wvrs": [{"wvl": "or", "wva": "make faces"}]}]], "near_list": [[{"wd": "beam"}, {"wd": "grin"}, {"wd": "smile"}]]}]]]}], "shortdef": ["to distort one's face"]}, {"meta": {"id": "pull one's leg", "uuid": "f2a4ec45-575e-454a-a519-7f46e9d2934c", "src": "CTenhance", "section": "phrases", "stems": ["pull one's leg", "pull her leg", "pull his leg", "pull their leg", "pulling one's leg", "pulling her leg", "pulling his leg", "pulling their leg", "pulled one's leg", "pulled her leg", "pulled his leg", "pulled their leg", "pulls one's leg", "pulls her leg", "pulls his leg", "pulls their leg"], "syns": [["bamboozle", "beguile", "bluff", "buffalo", "burn", "catch", "con", "cozen", "deceive", "delude", "dupe", "fake out", "fool", "gaff", "gammon", "gull", "have", "have on", "hoax", "hoodwink", "hornswoggle", "humbug", "juggle", "misguide", "misinform", "mislead", "snooker", "snow", "spoof", "string along", "sucker", "suck in", "take in", "trick"]], "ants": [["undeceive"]], "offensive": false}, "hwi": {"hw": "pull one's leg"}, "fl": "phrase", "def": [{"sseq": [[["sense", {"dt": [["text", "to cause to believe what is untrue "], ["vis", [{"t": " He was just {it}pulling your leg{/it} when he said he won the lottery."}]]], "syn_list": [[{"wd": "bamboozle"}, {"wd": "beguile"}, {"wd": "bluff"}, {"wd": "buffalo"}, {"wd": "burn"}, {"wd": "catch"}, {"wd": "con"}, {"wd": "cozen"}, {"wd": "deceive"}, {"wd": "delude"}, {"wd": "dupe"}, {"wd": "fake out"}, {"wd": "fool"}, {"wd": "gaff"}, {"wd": "gammon"}, {"wd": "gull"}, {"wd": "have"}, {"wd": "have on", "wsls": ["chiefly British"]}, {"wd": "hoax"}, {"wd": "hoodwink"}, {"wd": "hornswoggle"}, {"wd": "humbug"}, {"wd": "juggle"}, {"wd": "misguide"}, {"wd": "misinform"}, {"wd": "mislead"}, {"wd": "snooker"}, {"wd": "snow"}, {"wd": "spoof"}, {"wd": "string along"}, {"wd": "sucker"}, {"wd": "suck in"}, {"wd": "take in"}, {"wd": "trick"}]], "rel_list": [[{"wd": "kid"}, {"wd": "put on"}, {"wd": "tease"}], [{"wd": "bleed"}, {"wd": "cheat"}, {"wd": "chisel"}, {"wd": "defraud"}, {"wd": "diddle"}, {"wd": "euchre"}, {"wd": "fleece"}, {"wd": "flimflam"}, {"wd": "gyp"}, {"wd": "hustle"}, {"wd": "mulct"}, {"wd": "rook"}, {"wd": "shortchange"}, {"wd": "skin"}, {"wd": "squeeze"}, {"wd": "stick"}, {"wd": "sting"}, {"wd": "swindle"}]], "phrase_list": [[{"wd": "do a number on"}, {"wd": "lead one down the garden path", "wvrs": [{"wvl": "also", "wva": "lead one up the garden path"}]}, {"wd": "pull the wool over one's eyes"}]], "near_list": [[{"wd": "debunk"}, {"wd": "expose"}, {"wd": "reveal"}, {"wd": "show up"}, {"wd": "uncloak"}, {"wd": "uncover"}, {"wd": "unmask"}], [{"wd": "disclose"}, {"wd": "divulge"}, {"wd": "tell"}, {"wd": "unveil"}], [{"wd": "disabuse"}, {"wd": "disenchant"}, {"wd": "disillusion"}]], "ant_list": [[{"wd": "undeceive"}]]}]]]}], "shortdef": ["to cause to believe what is untrue"]}]