[{"meta": {"id": "questions", "uuid": "29aaf849-aad3-4d7b-b898-46a2a11dc680", "src": "coll_thes", "section": "alpha", "stems": ["questions"], "syns": [["interrogatives", "problems"], ["calls", "inquiries", "queries", "requests"], ["challenges", "complaints", "demurrals", "demurrers", "demurs", "difficulties", "exceptions", "expostulations", "fusses", "kicks", "objections", "protests", "remonstrances", "stinks"], ["contents", "matters", "motifs", "motives", "subjects", "themes", "topics"]], "ants": [], "offensive": false}, "hwi": {"hw": "questions"}, "fl": "noun", "sls": ["plural of {d_link|question|question}"], "def": [{"sseq": [[["sense", {"sn": "1", "dt": [["text", "an interrogative expression often used to test knowledge "], ["vis", [{"t": "because I have missed so many classes, I had a hard time answering every {it}question{/it} on today's surprise quiz"}]]], "syn_list": [[{"wd": "interrogatives"}, {"wd": "problems"}]], "rel_list": [[{"wd": "brainteasers"}, {"wd": "conundrums"}, {"wd": "posers"}, {"wd": "puzzles"}, {"wd": "quizzes"}, {"wd": "riddles"}, {"wd": "sticklers"}, {"wd": "stumpers"}, {"wd": "toughies"}]], "near_list": [[{"wd": "answers"}, {"wd": "responses"}, {"wd": "solutions"}]]}]], [["sense", {"sn": "2", "dt": [["text", "an act or instance of asking for information "], ["vis", [{"t": "after reading the brief statement to the reporters, the lawyer ended the press conference by saying, {ldquo}No more {it}questions{/it}, please{rdquo}"}, {"t": "the dozens of {it}questions{/it} researched by the reference librarians"}]]], "syn_list": [[{"wd": "calls"}, {"wd": "inquiries"}, {"wd": "queries"}, {"wd": "requests"}]], "rel_list": [[{"wd": "interrogatories"}], [{"wd": "polls"}, {"wd": "questionnaires"}, {"wd": "surveys"}], [{"wd": "inquisitions"}, {"wd": "interrogations"}, {"wd": "questionings"}], [{"wd": "examinations"}, {"wd": "explorations"}, {"wd": "inquests"}, {"wd": "investigations"}, {"wd": "probes"}, {"wd": "probings"}, {"wd": "researches"}, {"wd": "studies"}]], "near_list": [[{"wd": "answers"}, {"wd": "replies"}, {"wd": "responses"}]]}]], [["sense", {"sn": "3", "dt": [["text", "a feeling or declaration of disapproval or dissent "], ["vis", [{"t": "that these measurements are accurate is beyond {it}question{/it}"}]]], "syn_list": [[{"wd": "challenges"}, {"wd": "complaints"}, {"wd": "demurrals"}, {"wd": "demurrers"}, {"wd": "demurs"}, {"wd": "difficulties"}, {"wd": "exceptions"}, {"wd": "expostulations"}, {"wd": "fusses"}, {"wd": "kicks"}, {"wd": "objections"}, {"wd": "protests"}, {"wd": "remonstrances"}, {"wd": "stinks"}]], "rel_list": [[{"wd": "compunctions"}, {"wd": "doubts"}, {"wd": "misgivings"}, {"wd": "qualms"}, {"wd": "scruples"}], [{"wd": "misunderstandings"}], [{"wd": "cavils"}, {"wd": "niggles", "wsls": ["chiefly British"]}, {"wd": "quibbles"}], [{"wd": "arguments"}, {"wd": "conflicts"}, {"wd": "debates"}, {"wd": "disputes"}, {"wd": "dissents"}, {"wd": "hassles"}, {"wd": "quarrels"}, {"wd": "squabbles"}, {"wd": "statics"}], [{"wd": "censures"}, {"wd": "criticisms"}], [{"wd": "defiances"}, {"wd": "disobediences"}, {"wd": "rebellions"}], [{"wd": "distrust"}, {"wd": "dubieties"}, {"wd": "dubitations", "wsls": ["archaic"]}, {"wd": "incertitudes"}, {"wd": "indeterminations"}, {"wd": "misdoubts"}, {"wd": "mistrust"}, {"wd": "reservations"}, {"wd": "skepticism"}, {"wd": "suspicions"}, {"wd": "uncertainties"}], [{"wd": "reluctances"}]], "near_list": [[{"wd": "approvals"}, {"wd": "sanctions"}], [{"wd": "acceptances"}, {"wd": "acquiescences"}, {"wd": "agreements"}, {"wd": "assents"}], [{"wd": "compliances"}, {"wd": "obediences"}]]}]], [["sense", {"sn": "4", "dt": [["text", "a major object of interest or concern (as in a discussion or artistic composition) "], ["vis", [{"t": "it's a {it}question{/it} of personal responsibility"}]]], "syn_list": [[{"wd": "contents"}, {"wd": "matters"}, {"wd": "motifs"}, {"wd": "motives"}, {"wd": "subjects"}, {"wd": "themes"}, {"wd": "topics"}]], "rel_list": [[{"wd": "subject matters"}], [{"wd": "talking points"}], [{"wd": "counts"}, {"wd": "ideas"}, {"wd": "points"}, {"wd": "purposes"}], [{"wd": "considerations"}, {"wd": "issues"}, {"wd": "problems"}], [{"wd": "bodies"}, {"wd": "bulks"}, {"wd": "burdens"}, {"wd": "centerpieces"}, {"wd": "cores"}, {"wd": "cruxes", "wvrs": [{"wvl": "also", "wva": "cruces"}]}, {"wd": "essences"}, {"wd": "fundamentals"}, {"wd": "generalities"}, {"wd": "gists"}, {"wd": "grists"}, {"wd": "hearts"}, {"wd": "kernels"}, {"wd": "keynotes"}, {"wd": "mains"}, {"wd": "marrows"}, {"wd": "masses"}, {"wd": "nets"}, {"wd": "nubbins"}, {"wd": "nubs"}, {"wd": "nuclei", "wvrs": [{"wvl": "also", "wva": "nucleuses"}]}, {"wd": "piths"}, {"wd": "pivots"}, {"wd": "purports"}, {"wd": "quicks"}, {"wd": "staples"}, {"wd": "substances"}, {"wd": "sums"}], [{"wd": "bases"}], [{"wd": "bottoms"}, {"wd": "essentialities"}, {"wd": "essentials"}], [{"wd": "affairs"}, {"wd": "arguments"}, {"wd": "debates"}]], "near_list": [[{"wd": "asides"}, {"wd": "digressions"}, {"wd": "excursions"}, {"wd": "interjections"}, {"wd": "parentheses"}, {"wd": "tangents"}]]}]]]}], "shortdef": ["an interrogative expression often used to test knowledge", "an act or instance of asking for information", "a feeling or declaration of disapproval or dissent"]}, {"meta": {"id": "questions", "uuid": "d605256d-f73f-4dab-98ae-ec839bb948ff", "src": "coll_thes", "section": "alpha", "stems": ["questions"], "syns": [["challenges", "contests", "disputes", "impeaches", "oppugns", "queries"], ["chews over", "cogitates", "considers", "contemplates", "debates", "deliberates", "entertains", "eyes", "kicks around", "meditates", "mulls (over)", "perpends", "ponders", "pores (over)", "revolves", "ruminates", "studies", "thinks (about or over)", "turns", "weighs", "wrestles (with)"], ["distrusts", "doubts", "misdoubts", "mistrusts", "suspects"], ["asks", "catechizes", "grills", "inquires (of)", "interrogates", "queries", "quizzes"], ["catechizes", "examines", "grills", "interrogates", "pumps", "queries", "quizzes", "sweats"]], "ants": [["accepts", "believes", "embraces", "swallows"], ["trusts"], ["answers", "replies", "responds"]], "offensive": false}, "hwi": {"hw": "questions"}, "fl": "verb", "sls": ["present tense third-person singular of {d_link|question|question}"], "def": [{"sseq": [[["sense", {"sn": "1", "dt": [["text", "to demand proof of the truth or rightness of "], ["vis", [{"t": "the teenager openly {it}questioned{/it} the authority of the town's police force to impose a curfew on residents under the age of 18"}]]], "syn_list": [[{"wd": "challenges"}, {"wd": "contests"}, {"wd": "disputes"}, {"wd": "impeaches"}, {"wd": "oppugns"}, {"wd": "queries"}]], "rel_list": [[{"wd": "doubts"}, {"wd": "mistrusts"}], [{"wd": "kicks (about)"}, {"wd": "objects (to)"}, {"wd": "protests"}], [{"wd": "combats"}, {"wd": "fights"}, {"wd": "opposes"}, {"wd": "resists"}]], "phrase_list": [[{"wd": "calls in question", "wvrs": [{"wvl": "or", "wva": "calls into question"}]}]], "near_list": [[{"wd": "backs"}, {"wd": "defends"}, {"wd": "supports"}], [{"wd": "advocates"}, {"wd": "champions"}, {"wd": "promotes"}], [{"wd": "abides"}, {"wd": "endures"}, {"wd": "stomachs"}, {"wd": "tolerates"}]], "ant_list": [[{"wd": "accepts"}, {"wd": "believes"}, {"wd": "embraces"}, {"wd": "swallows"}]]}]], [["sense", {"sn": "2", "dt": [["text", "to give serious and careful thought to "], ["vis", [{"t": "{it}question{/it} your motives before you file the lawsuit: do you really care about the trees, or are you just trying to harass the neighbors?"}]]], "syn_list": [[{"wd": "chews over"}, {"wd": "cogitates"}, {"wd": "considers"}, {"wd": "contemplates"}, {"wd": "debates"}, {"wd": "deliberates"}, {"wd": "entertains"}, {"wd": "eyes"}, {"wd": "kicks around"}, {"wd": "meditates"}, {"wd": "mulls (over)"}, {"wd": "perpends"}, {"wd": "ponders"}, {"wd": "pores (over)"}, {"wd": "revolves"}, {"wd": "ruminates"}, {"wd": "studies"}, {"wd": "thinks (about or over)"}, {"wd": "turns"}, {"wd": "weighs"}, {"wd": "wrestles (with)"}]], "rel_list": [[{"wd": "muses (upon)"}, {"wd": "reflects (on or upon)"}, {"wd": "reminisces"}], [{"wd": "analyzes"}, {"wd": "explores"}, {"wd": "reviews"}], [{"wd": "concludes"}, {"wd": "reasons"}], [{"wd": "second-guesses"}, {"wd": "speculates (about)"}], [{"wd": "broods (about or over)"}, {"wd": "dwells (on or upon)"}, {"wd": "fixates (on or upon)"}, {"wd": "frets (about or over)"}, {"wd": "obsesses (about or over)"}], [{"wd": "believes"}, {"wd": "conceives"}, {"wd": "opines"}], [{"wd": "absorbs"}, {"wd": "assimilates"}, {"wd": "digests"}, {"wd": "drinks (in)"}]], "phrase_list": [[{"wd": "beats one's brains out (about)"}, {"wd": "chews on"}, {"wd": "cudgels one's brains (about)"}, {"wd": "looks at"}]], "near_list": [[{"wd": "disregards"}, {"wd": "ignores"}, {"wd": "overlooks"}, {"wd": "slights"}], [{"wd": "dismisses"}, {"wd": "pooh-poohs", "wvrs": [{"wvl": "also", "wva": "poohs"}]}, {"wd": "rejects"}]]}]], [["sense", {"sn": "3", "dt": [["text", "to have no trust or confidence in "], ["vis", [{"t": "it was apparent that voters were {it}questioning{/it} the President's ability to manage the economy"}]]], "syn_list": [[{"wd": "distrusts"}, {"wd": "doubts"}, {"wd": "misdoubts"}, {"wd": "mistrusts"}, {"wd": "suspects"}]], "rel_list": [[{"wd": "disbelieves"}, {"wd": "discounts"}, {"wd": "discredits"}, {"wd": "negates"}]], "near_list": [[{"wd": "banks (on or upon)"}, {"wd": "counts (on or upon)"}, {"wd": "depends (on or upon)"}, {"wd": "relies (on or upon)"}]], "ant_list": [[{"wd": "trusts"}]]}]], [["sense", {"sn": "4", "dt": [["text", "to put a question or questions to "], ["vis", [{"t": "the press should be allowed to {it}question{/it} public officials about any matter of general interest"}]]], "syn_list": [[{"wd": "asks"}, {"wd": "catechizes"}, {"wd": "grills"}, {"wd": "inquires (of)"}, {"wd": "interrogates"}, {"wd": "queries"}, {"wd": "quizzes"}]], "rel_list": [[{"wd": "besieges"}, {"wd": "bombards"}, {"wd": "cross-examines"}, {"wd": "cross-questions"}, {"wd": "examines"}, {"wd": "pumps"}], [{"wd": "polls"}, {"wd": "surveys"}]], "near_list": [[{"wd": "rejoins"}, {"wd": "retorts"}], [{"wd": "comments"}, {"wd": "observes"}, {"wd": "remarks"}], [{"wd": "avoids"}, {"wd": "ducks"}]], "ant_list": [[{"wd": "answers"}, {"wd": "replies"}, {"wd": "responds"}]]}]], [["sense", {"sn": "5", "dt": [["text", "to put a series of questions to "], ["vis", [{"t": "the police {it}questioned{/it} the suspect before deciding that there was insufficient evidence to hold him"}]]], "syn_list": [[{"wd": "catechizes"}, {"wd": "examines"}, {"wd": "grills"}, {"wd": "interrogates"}, {"wd": "pumps"}, {"wd": "queries"}, {"wd": "quizzes"}, {"wd": "sweats", "wsls": ["slang"]}]], "rel_list": [[{"wd": "debriefs"}], [{"wd": "cross-examines"}, {"wd": "cross-questions"}], [{"wd": "annoys"}, {"wd": "harasses"}, {"wd": "hounds"}, {"wd": "pesters"}], [{"wd": "canvasses", "wvrs": [{"wvl": "also", "wva": "canvases"}]}, {"wd": "polls"}]], "phrase_list": [[{"wd": "gives the third degree to"}, {"wd": "picks the brains of"}]]}]]]}], "shortdef": ["to demand proof of the truth or rightness of", "to give serious and careful thought to", "to have no trust or confidence in"]}, {"meta": {"id": "question", "uuid": "98494940-f0c8-4352-8c9c-48808b277518", "src": "coll_thes", "section": "alpha", "target": {"tuuid": "3d22000b-8ac2-49ca-a8fa-59e2f354d1b1", "tsrc": "collegiate"}, "stems": ["question", "questions"], "syns": [["interrogative", "problem"], ["call", "inquiry", "query", "request"], ["challenge", "complaint", "demur", "demurral", "demurrer", "difficulty", "exception", "expostulation", "fuss", "kick", "objection", "protest", "remonstrance", "stink"], ["content", "matter", "motif", "motive", "subject", "theme", "topic"]], "ants": [], "offensive": false}, "hwi": {"hw": "question"}, "fl": "noun", "def": [{"sseq": [[["sense", {"sn": "1", "dt": [["text", "an interrogative expression often used to test knowledge "], ["vis", [{"t": "because I have missed so many classes, I had a hard time answering every {it}question{/it} on today's surprise quiz"}]]], "syn_list": [[{"wd": "interrogative"}, {"wd": "problem"}]], "rel_list": [[{"wd": "brainteaser"}, {"wd": "conundrum"}, {"wd": "poser"}, {"wd": "puzzle"}, {"wd": "quiz"}, {"wd": "riddle"}, {"wd": "stickler"}, {"wd": "stumper"}, {"wd": "toughie", "wvrs": [{"wvl": "also", "wva": "toughy"}]}]], "near_list": [[{"wd": "answer"}, {"wd": "response"}, {"wd": "solution"}]]}]], [["sense", {"sn": "2", "dt": [["text", "an act or instance of asking for information "], ["vis", [{"t": "after reading the brief statement to the reporters, the lawyer ended the press conference by saying, {ldquo}No more {it}questions{/it}, please{rdquo}"}, {"t": "the dozens of {it}questions{/it} researched by the reference librarians"}]]], "syn_list": [[{"wd": "call"}, {"wd": "inquiry"}, {"wd": "query"}, {"wd": "request"}]], "rel_list": [[{"wd": "interrogatory"}], [{"wd": "poll"}, {"wd": "questionnaire"}, {"wd": "survey"}], [{"wd": "inquisition"}, {"wd": "interrogating"}, {"wd": "interrogation"}, {"wd": "questioning"}], [{"wd": "examination"}, {"wd": "exploration"}, {"wd": "inquest"}, {"wd": "investigation"}, {"wd": "probe"}, {"wd": "probing"}, {"wd": "research"}, {"wd": "study"}]], "near_list": [[{"wd": "answer"}, {"wd": "reply"}, {"wd": "response"}]]}]], [["sense", {"sn": "3", "dt": [["text", "a feeling or declaration of disapproval or dissent "], ["vis", [{"t": "that these measurements are accurate is beyond {it}question{/it}"}]]], "syn_list": [[{"wd": "challenge"}, {"wd": "complaint"}, {"wd": "demur"}, {"wd": "demurral"}, {"wd": "demurrer"}, {"wd": "difficulty"}, {"wd": "exception"}, {"wd": "expostulation"}, {"wd": "fuss"}, {"wd": "kick"}, {"wd": "objection"}, {"wd": "protest"}, {"wd": "remonstrance"}, {"wd": "stink"}]], "rel_list": [[{"wd": "compunction"}, {"wd": "doubt"}, {"wd": "misgiving"}, {"wd": "qualm"}, {"wd": "scruple"}], [{"wd": "misunderstanding"}], [{"wd": "cavil"}, {"wd": "niggle", "wsls": ["chiefly British"]}, {"wd": "quibble"}], [{"wd": "argument"}, {"wd": "conflict"}, {"wd": "debate"}, {"wd": "dispute"}, {"wd": "dissent"}, {"wd": "hassle"}, {"wd": "quarrel"}, {"wd": "squabble"}, {"wd": "static"}], [{"wd": "censure"}, {"wd": "criticism"}], [{"wd": "defiance"}, {"wd": "disobedience"}, {"wd": "rebellion"}], [{"wd": "distrust"}, {"wd": "distrustfulness"}, {"wd": "dubiety"}, {"wd": "dubitation", "wsls": ["archaic"]}, {"wd": "incertitude"}, {"wd": "indetermination"}, {"wd": "misdoubt"}, {"wd": "mistrust"}, {"wd": "mistrustfulness"}, {"wd": "reservation"}, {"wd": "skepticism"}, {"wd": "suspicion"}, {"wd": "uncertainty"}], [{"wd": "qualmishness"}, {"wd": "unease"}, {"wd": "uneasiness"}], [{"wd": "reluctance"}, {"wd": "unwillingness"}]], "near_list": [[{"wd": "willingness"}], [{"wd": "approval"}, {"wd": "sanction"}], [{"wd": "acceptance"}, {"wd": "acquiescence"}, {"wd": "agreement"}, {"wd": "assent"}], [{"wd": "compliance"}, {"wd": "obedience"}]]}]], [["sense", {"sn": "4", "dt": [["text", "a major object of interest or concern (as in a discussion or artistic composition) "], ["vis", [{"t": "it's a {it}question{/it} of personal responsibility"}]]], "syn_list": [[{"wd": "content"}, {"wd": "matter"}, {"wd": "motif"}, {"wd": "motive"}, {"wd": "subject"}, {"wd": "theme"}, {"wd": "topic"}]], "rel_list": [[{"wd": "subject matter"}], [{"wd": "talking point"}], [{"wd": "count"}, {"wd": "idea"}, {"wd": "point"}, {"wd": "purpose"}], [{"wd": "consideration"}, {"wd": "issue"}, {"wd": "problem"}], [{"wd": "body"}, {"wd": "bulk"}, {"wd": "burden"}, {"wd": "centerpiece"}, {"wd": "core"}, {"wd": "crux"}, {"wd": "essence"}, {"wd": "fundamental"}, {"wd": "generality"}, {"wd": "gist"}, {"wd": "grist"}, {"wd": "heart"}, {"wd": "kernel"}, {"wd": "keynote"}, {"wd": "main"}, {"wd": "marrow"}, {"wd": "mass"}, {"wd": "net"}, {"wd": "nub"}, {"wd": "nubbin"}, {"wd": "nucleus"}, {"wd": "pith"}, {"wd": "pivot"}, {"wd": "purport"}, {"wd": "quick"}, {"wd": "staple"}, {"wd": "substance"}, {"wd": "sum"}], [{"wd": "basis"}], [{"wd": "bottom"}, {"wd": "essential"}, {"wd": "essentiality"}], [{"wd": "affair"}, {"wd": "argument"}, {"wd": "debate"}]], "near_list": [[{"wd": "aside"}, {"wd": "digression"}, {"wd": "excursion"}, {"wd": "interjection"}, {"wd": "parenthesis"}, {"wd": "tangent"}]]}]]]}], "shortdef": ["an interrogative expression often used to test knowledge", "an act or instance of asking for information", "a feeling or declaration of disapproval or dissent"]}, {"meta": {"id": "question", "uuid": "2ecc1195-6904-46fa-8253-afda0d44fef2", "src": "coll_thes", "section": "alpha", "target": {"tuuid": "1eba8847-d69b-4c8c-b61b-8b4fbab871f0", "tsrc": "collegiate"}, "stems": ["question", "questioned", "questioner", "questioners", "questioning", "questions"], "syns": [["challenge", "contest", "dispute", "impeach", "oppugn", "query"], ["chew over", "cogitate", "consider", "contemplate", "debate", "deliberate", "entertain", "eye", "kick around", "meditate", "mull (over)", "perpend", "ponder", "pore (over)", "revolve", "ruminate", "study", "think (about or over)", "turn", "weigh", "wrestle (with)"], ["distrust", "doubt", "misdoubt", "mistrust", "suspect"], ["ask", "catechize", "grill", "inquire (of)", "interrogate", "query", "quiz"], ["catechize", "examine", "grill", "interrogate", "pump", "query", "quiz", "sweat"]], "ants": [["accept", "believe", "embrace", "swallow"], ["trust"], ["answer", "reply", "respond"]], "offensive": false}, "hwi": {"hw": "question"}, "fl": "verb", "def": [{"sseq": [[["sense", {"sn": "1", "dt": [["text", "to demand proof of the truth or rightness of "], ["vis", [{"t": "the teenager openly {it}questioned{/it} the authority of the town's police force to impose a curfew on residents under the age of 18"}]]], "syn_list": [[{"wd": "challenge"}, {"wd": "contest"}, {"wd": "dispute"}, {"wd": "impeach"}, {"wd": "oppugn"}, {"wd": "query"}]], "rel_list": [[{"wd": "doubt"}, {"wd": "mistrust"}], [{"wd": "kick (about)"}, {"wd": "object (to)"}, {"wd": "protest"}], [{"wd": "combat"}, {"wd": "fight"}, {"wd": "oppose"}, {"wd": "resist"}]], "phrase_list": [[{"wd": "call in question", "wvrs": [{"wvl": "or", "wva": "call into question"}]}]], "near_list": [[{"wd": "back"}, {"wd": "defend"}, {"wd": "support"}], [{"wd": "advocate"}, {"wd": "champion"}, {"wd": "promote"}], [{"wd": "abide"}, {"wd": "endure"}, {"wd": "stomach"}, {"wd": "tolerate"}]], "ant_list": [[{"wd": "accept"}, {"wd": "believe"}, {"wd": "embrace"}, {"wd": "swallow"}]]}]], [["sense", {"sn": "2", "dt": [["text", "to give serious and careful thought to "], ["vis", [{"t": "{it}question{/it} your motives before you file the lawsuit: do you really care about the trees, or are you just trying to harass the neighbors?"}]]], "syn_list": [[{"wd": "chew over"}, {"wd": "cogitate"}, {"wd": "consider"}, {"wd": "contemplate"}, {"wd": "debate"}, {"wd": "deliberate"}, {"wd": "entertain"}, {"wd": "eye"}, {"wd": "kick around"}, {"wd": "meditate"}, {"wd": "mull (over)"}, {"wd": "perpend"}, {"wd": "ponder"}, {"wd": "pore (over)"}, {"wd": "revolve"}, {"wd": "ruminate"}, {"wd": "study"}, {"wd": "think (about or over)"}, {"wd": "turn"}, {"wd": "weigh"}, {"wd": "wrestle (with)"}]], "rel_list": [[{"wd": "muse (upon)"}, {"wd": "reflect (on or upon)"}, {"wd": "reminisce"}], [{"wd": "analyze"}, {"wd": "explore"}, {"wd": "review"}], [{"wd": "conclude"}, {"wd": "reason"}], [{"wd": "second-guess"}, {"wd": "speculate (about)"}], [{"wd": "brood (about or over)"}, {"wd": "dwell (on or upon)"}, {"wd": "fixate (on or upon)"}, {"wd": "fret (about or over)"}, {"wd": "obsess (about or over)"}], [{"wd": "believe"}, {"wd": "conceive"}, {"wd": "opine"}], [{"wd": "absorb"}, {"wd": "assimilate"}, {"wd": "digest"}, {"wd": "drink (in)"}]], "phrase_list": [[{"wd": "beat one's brains out (about)"}, {"wd": "chew on"}, {"wd": "cudgel one's brains (about)"}, {"wd": "look at"}]], "near_list": [[{"wd": "disregard"}, {"wd": "ignore"}, {"wd": "overlook"}, {"wd": "slight"}], [{"wd": "dismiss"}, {"wd": "pooh-pooh", "wvrs": [{"wvl": "also", "wva": "pooh"}]}, {"wd": "reject"}]]}]], [["sense", {"sn": "3", "dt": [["text", "to have no trust or confidence in "], ["vis", [{"t": "it was apparent that voters were {it}questioning{/it} the President's ability to manage the economy"}]]], "syn_list": [[{"wd": "distrust"}, {"wd": "doubt"}, {"wd": "misdoubt"}, {"wd": "mistrust"}, {"wd": "suspect"}]], "rel_list": [[{"wd": "disbelieve"}, {"wd": "discount"}, {"wd": "discredit"}, {"wd": "negate"}]], "near_list": [[{"wd": "bank (on or upon)"}, {"wd": "count (on or upon)"}, {"wd": "depend (on or upon)"}, {"wd": "rely (on or upon)"}]], "ant_list": [[{"wd": "trust"}]]}]], [["sense", {"sn": "4", "dt": [["text", "to put a question or questions to "], ["vis", [{"t": "the press should be allowed to {it}question{/it} public officials about any matter of general interest"}]]], "syn_list": [[{"wd": "ask"}, {"wd": "catechize"}, {"wd": "grill"}, {"wd": "inquire (of)"}, {"wd": "interrogate"}, {"wd": "query"}, {"wd": "quiz"}]], "rel_list": [[{"wd": "besiege"}, {"wd": "bombard"}, {"wd": "cross-examine"}, {"wd": "cross-question"}, {"wd": "examine"}, {"wd": "pump"}], [{"wd": "poll"}, {"wd": "survey"}]], "near_list": [[{"wd": "rejoin"}, {"wd": "retort"}], [{"wd": "comment"}, {"wd": "observe"}, {"wd": "remark"}], [{"wd": "avoid"}, {"wd": "duck"}]], "ant_list": [[{"wd": "answer"}, {"wd": "reply"}, {"wd": "respond"}]]}]], [["sense", {"sn": "5", "dt": [["text", "to put a series of questions to "], ["vis", [{"t": "the police {it}questioned{/it} the suspect before deciding that there was insufficient evidence to hold him"}]]], "syn_list": [[{"wd": "catechize"}, {"wd": "examine"}, {"wd": "grill"}, {"wd": "interrogate"}, {"wd": "pump"}, {"wd": "query"}, {"wd": "quiz"}, {"wd": "sweat", "wsls": ["slang"]}]], "rel_list": [[{"wd": "debrief"}], [{"wd": "cross-examine"}, {"wd": "cross-question"}], [{"wd": "annoy"}, {"wd": "harass"}, {"wd": "hound"}, {"wd": "pester"}], [{"wd": "canvass", "wvrs": [{"wvl": "also", "wva": "canvas"}]}, {"wd": "poll"}]], "phrase_list": [[{"wd": "give the third degree to"}, {"wd": "pick the brains of"}]]}]]]}], "shortdef": ["to demand proof of the truth or rightness of", "to give serious and careful thought to", "to have no trust or confidence in"]}, {"meta": {"id": "cross-questions", "uuid": "c221c96d-2650-4ea3-b1b6-e78c09b7797d", "src": "CTcompile", "section": "alpha", "stems": ["cross-questions"], "syns": [["besieges", "bombards", "cross-examines", "examines", "pumps", "asks", "catechizes", "grills", "inquires (of)", "interrogates", "queries", "questions", "quizzes", "polls", "surveys"]], "ants": [["answers", "replies", "responds", "rejoins", "retorts", "comments", "observes", "remarks", "avoids", "ducks"]], "offensive": false}, "hwi": {"hw": "cross-questions"}, "fl": "verb", "sls": ["present tense third-person singular of {d_link|cross-question|cross-question}"], "def": [{"sseq": [[["sense", {"dt": [["text", "as in {it}examines{/it}, {it}bombards{/it}"]], "sim_list": [[{"wd": "besieges"}, {"wd": "bombards"}, {"wd": "cross-examines"}, {"wd": "examines"}, {"wd": "pumps"}], [{"wd": "asks"}, {"wd": "catechizes"}, {"wd": "grills"}, {"wd": "inquires (of)"}, {"wd": "interrogates"}, {"wd": "queries"}, {"wd": "questions"}, {"wd": "quizzes"}], [{"wd": "polls"}, {"wd": "surveys"}]], "opp_list": [[{"wd": "answers"}, {"wd": "replies"}, {"wd": "responds"}], [{"wd": "rejoins"}, {"wd": "retorts"}], [{"wd": "comments"}, {"wd": "observes"}, {"wd": "remarks"}], [{"wd": "avoids"}, {"wd": "ducks"}]]}]]]}], "shortdef": ["as in examines, bombards"]}]