[{"meta": {"id": "question:2", "uuid": "1eba8847-d69b-4c8c-b61b-8b4fbab871f0", "sort": "170028500", "src": "collegiate", "section": "alpha", "stems": ["question", "questioned", "questioner", "questioners", "questioning", "questions"], "offensive": false}, "hom": 2, "hwi": {"hw": "question"}, "fl": "verb", "ins": [{"if": "ques*tioned"}, {"if": "ques*tion*ing"}, {"if": "ques*tions"}], "def": [{"vd": "transitive verb", "sseq": [[["sense", {"sn": "1", "dt": [["text", "{bc}to ask a question of or about"]]}]], [["sense", {"sn": "2", "dt": [["text", "{bc}to interrogate intensively {bc}{sx|cross-examine||}"]]}]], [["sense", {"sn": "3 a", "dt": [["text", "{bc}{sx|doubt||}, {sx|dispute||}"]]}], ["sense", {"sn": "b", "dt": [["text", "{bc}to subject to analysis {bc}{sx|examine||}"]]}]]]}, {"vd": "intransitive verb", "sseq": [[["sense", {"dt": [["text", "{bc}to ask {a_link|questions} {bc}{sx|inquire||}"]]}]]]}], "uros": [{"ure": "ques*tion*er", "fl": "noun"}], "syns": [{"pl": "synonyms", "pt": [["text", "{sc}ask{/sc} {sc}question{/sc} {sc}interrogate{/sc} {sc}query{/sc} {sc}inquire{/sc} mean to address a person in order to gain information. {sc}ask{/sc} implies no more than the putting of a question. "], ["vis", [{"t": "{it}ask{/it} for directions"}]], ["text", " {sc}question{/sc} usually suggests the asking of series of questions. "], ["vis", [{"t": "{it}questioned{/it} them about every detail of the trip"}]], ["text", " {sc}interrogate{/sc} suggests formal or official systematic questioning. "], ["vis", [{"t": "the prosecutor {it}interrogated{/it} the witness all day"}]], ["text", " {sc}query{/sc} implies a desire for authoritative information or confirmation. "], ["vis", [{"t": "{it}queried{/it} a librarian about the book"}]], ["text", " {sc}inquire{/sc} implies a searching for facts or for truth often specifically by asking questions. "], ["vis", [{"t": "began to {it}inquire{/it} of friends and teachers what career she should pursue"}]]]}], "date": "15th century{ds|t|1||}", "shortdef": ["to ask a question of or about", "to interrogate intensively : cross-examine", "doubt, dispute"]}, {"meta": {"id": "question:1", "uuid": "3d22000b-8ac2-49ca-a8fa-59e2f354d1b1", "sort": "170028400", "src": "collegiate", "section": "alpha", "stems": ["question", "questions"], "offensive": false}, "hom": 1, "hwi": {"hw": "ques*tion", "prs": [{"mw": "\u02c8kwes-ch\u0259n", "sound": {"audio": "questi01", "ref": "c", "stat": "1"}}, {"mw": "\u02c8kwesh-"}]}, "fl": "noun", "def": [{"sseq": [[["pseq", [["sense", {"sn": "1 a (1)", "dt": [["text", "{bc}an interrogative expression often used to test knowledge"]]}], ["sense", {"sn": "(2)", "dt": [["text", "{bc}an interrogative sentence or clause"]]}]]], ["sense", {"sn": "b", "dt": [["text", "{bc}a subject or aspect in dispute or open for discussion {bc}{sx|issue||}"]], "sdsense": {"sd": "broadly", "dt": [["text", "{bc}{sx|problem||}, {sx|matter||}"]]}}], ["pseq", [["sense", {"sn": "c (1)", "dt": [["text", "{bc}a subject or point of debate or a proposition to be voted on in a meeting"]]}], ["sense", {"sn": "(2)", "dt": [["text", "{bc}the bringing of such to a vote"]]}]]], ["sense", {"sn": "d", "dt": [["text", "{bc}the specific point at issue"]]}]], [["sense", {"sn": "2 a", "dt": [["text", "{bc}an act or instance of asking {bc}{sx|inquiry||}"]]}], ["sense", {"sn": "b", "dt": [["text", "{bc}{sx|interrogation||}"]], "sdsense": {"sd": "also", "dt": [["text", "{bc}a judicial or official investigation"]]}}], ["sense", {"sn": "c", "dt": [["text", "{bc}torture as part of an examination"]]}], ["pseq", [["sense", {"sn": "d (1)", "dt": [["text", "{bc}{sx|objection||}, {sx|dispute||} "], ["vis", [{"t": "true beyond {wi}question{/wi}"}]]]}], ["sense", {"sn": "(2)", "dt": [["text", "{bc}room for doubt or objection "], ["vis", [{"t": "little {wi}question{/wi} of his skill"}]]]}], ["sense", {"sn": "(3)", "dt": [["text", "{bc}{sx|chance||}, {sx|possibility||} "], ["vis", [{"t": "no {wi}question{/wi} of escape"}]]]}]]]]]}], "et": [["text", "Middle English, from Anglo-French, from Latin {it}quaestion-, quaestio{/it}, from {it}quaerere{/it} to seek, ask"]], "date": "14th century{ds||1|a|1}", "shortdef": ["an interrogative expression often used to test knowledge", "an interrogative sentence or clause", "a subject or aspect in dispute or open for discussion : issue; broadly : problem, matter"]}, {"meta": {"id": "counterquestion", "uuid": "d0221997-ee2f-42b3-aa56-d3d290b2e12e", "sort": "035655217", "src": "collegiate", "section": "alpha", "stems": ["counter-question", "counter-questions", "counterquestion", "counterquestions"], "offensive": false}, "hwi": {"hw": "coun*ter*ques*tion", "prs": [{"mw": "\u02c8kau\u0307n-t\u0259r-\u02cckwes-ch\u0259n", "sound": {"audio": "counterquestion_1", "ref": "owl", "stat": "1"}}, {"mw": "-kwesh-"}]}, "vrs": [{"vl": "or", "va": "counter-question"}], "fl": "noun", "ins": [{"il": "plural", "if": "counterquestions"}, {"il": "or", "if": "counter-questions"}], "def": [{"sseq": [[["sense", {"dt": [["text", "{bc}a {d_link|question|question:1} asked in response to another question "], ["vis", [{"t": "\u2026 avoid a direct \"no\" at practically any cost. They may ask a {wi}counterquestion{/wi}, promise an answer at some later date, change the subject and even occasionally leave the room.", "aq": {"auth": "John Pfeiffer"}}]]]}]]]}], "date": "1836", "shortdef": ["a question asked in response to another question"]}, {"meta": {"id": "cross-question", "uuid": "64fad946-8755-4718-a1dd-75b5eb284e34", "sort": "035734500", "src": "collegiate", "section": "alpha", "stems": ["cross-question", "cross-questioned", "cross-questioning", "cross-questions"], "offensive": false}, "hwi": {"hw": "cross-ques*tion", "prs": [{"mw": "\u02c8kr\u022fs-\u02c8kwes-ch\u0259n", "sound": {"audio": "cross_28", "ref": "c", "stat": "1"}}, {"mw": "-\u02c8kwesh-"}]}, "fl": "noun", "def": [{"sseq": [[["sense", {"dt": [["text", "{bc}a question asked in cross-examination"]]}]]]}], "uros": [{"ure": "cross-question", "fl": "transitive verb"}], "date": "circa 1694", "shortdef": ["a question asked in cross-examination"]}, {"meta": {"id": "essay question", "uuid": "12808ab1-fdff-44ca-be62-9a0455b757cd", "sort": "050210200", "src": "collegiate", "section": "alpha", "stems": ["essay question", "essay questions"], "offensive": false}, "hwi": {"hw": "essay question"}, "fl": "noun", "def": [{"sseq": [[["sense", {"dt": [["text", "{bc}an examination question that requires an answer in a sentence, paragraph, or short composition"]]}]]]}], "date": "1947", "shortdef": ["an examination question that requires an answer in a sentence, paragraph, or short composition"]}, {"meta": {"id": "loaded", "uuid": "30a825eb-61b4-4c59-b4b3-474f1238ec63", "sort": "120214700", "src": "collegiate", "section": "alpha", "stems": ["loaded", "loaded question", "loaded questions"], "offensive": false}, "hwi": {"hw": "load*ed", "prs": [{"mw": "\u02c8l\u014d-d\u0259d", "sound": {"audio": "loade01v", "ref": "c", "stat": "1"}}]}, "fl": "adjective", "def": [{"sseq": [[["bs", {"sense": {"sn": "1", "dt": [["text", "{bc}carrying a {d_link|load|load:1} "], ["vis", [{"t": "a {wi}loaded{/wi} freight train"}]], ["text", ": such as"]]}}], ["sense", {"sn": "a", "dt": [["text", "{bc}containing an explosive charge "], ["vis", [{"t": "a {wi}loaded{/wi} warhead"}]], ["text", " {bc}having bullets inside "], ["vis", [{"t": "a {wi}loaded{/wi} handgun"}]]]}], ["sense", {"sn": "b", "sls": ["of a camera"], "dt": [["text", "{bc}having film inside"]]}]], [["bs", {"sense": {"sn": "2", "sls": ["informal"], "dt": [["text", "{bc}having a large amount of something "], ["vis", [{"t": "a store {wi}loaded{/wi} with goods"}, {"t": "a report {wi}loaded{/wi} with errors"}]], ["text", ": such as"]]}}], ["sense", {"sn": "a", "dt": [["text", "{bc}having a large amount of money {bc}{sx|wealthy||} "], ["vis", [{"t": "She left them a fortune and the family is now {wi}loaded{/wi}."}]]]}], ["sense", {"sn": "b", "dt": [["text", "{bc}equipped with an abundance of features "], ["vis", [{"t": "a fully {wi}loaded{/wi} car"}]]]}], ["sense", {"sn": "c", "dt": [["text", "{bc}filled or topped with many things "], ["vis", [{"t": "a {wi}loaded{/wi} baked potato"}]]]}], ["sense", {"sn": "d", "dt": [["text", "{bc}featuring a great amount of top-level talent "], ["vis", [{"t": "a basketball team with a {wi}loaded{/wi} roster"}, {"t": "a {wi}loaded{/wi} competition"}]]]}]], [["sense", {"sn": "3", "sls": ["chiefly US slang"], "dt": [["text", "{bc}intoxicated by alcohol or drugs "]], "sdsense": {"sd": "especially", "dt": [["text", "{bc}{sx|drunk||} "], ["vis", [{"t": "They got {wi}loaded{/wi} at the party."}, {"t": "\u2026 no matter how {wi}loaded{/wi} he got, Billy did his drinking at home and always put the cans in the recycling bin \u2026", "aq": {"auth": "Stephen King"}}]]]}}]], [["sense", {"sn": "4 a", "dt": [["text", "{bc}carrying a hidden or secondary meaning that is capable of causing unease "], ["vis", [{"t": "Because \"asylum\" is a {wi}loaded{/wi} term, it can draw attention to crucial issues facing vulnerable Americans, but it also tends to foreclose discussion of real solutions.", "aq": {"source": "{it}The New York Times{/it}"}}, {"t": "\"You tell me,\" Cora said. \"Do you think I had a therapist?\" Aaron's mouth fell open. That was a {phrase}loaded question{/phrase}. Any answer would be wrong.", "aq": {"auth": "Parnell Hall"}}]]]}], ["sense", {"sn": "b", "dt": [["text", "{bc}weighted to favor a specific outcome "], ["vis", [{"t": "{wi}loaded{/wi} dice"}]]]}]]]}], "date": "1661{ds||1||}", "shortdef": ["carrying a load : such as", "containing an explosive charge : having bullets inside", "having film inside"]}, {"meta": {"id": "previous question", "uuid": "a06265ab-6fe7-4299-8fbb-fa99a68e9da0", "sort": "167369000", "src": "collegiate", "section": "alpha", "stems": ["previous question", "previous questions"], "offensive": false}, "hwi": {"hw": "previous question"}, "fl": "noun", "def": [{"sseq": [[["sense", {"dt": [["text", "{bc}a parliamentary motion to put the pending question to an immediate vote without further debate or amendment that if defeated has the effect of permitting resumption of debate"]]}]]]}], "date": "circa 1715", "shortdef": ["a parliamentary motion to put the pending question to an immediate vote without further debate or amendment that if defeated has the effect of permitting resumption of debate"]}, {"meta": {"id": "self-question", "uuid": "6095cc73-ab1d-4402-8563-03f2e2d56fc0", "sort": "192419000", "src": "collegiate", "section": "alpha", "stems": ["self-question", "self-questions"], "offensive": false}, "hwi": {"hw": "self-ques*tion", "prs": [{"mw": "\u02ccself-\u02c8kwes-ch\u0259n", "sound": {"audio": "selfqu01", "ref": "c", "stat": "1"}}, {"mw": "-\u02c8kwesh-"}]}, "fl": "noun", "def": [{"sseq": [[["sense", {"dt": [["text", "{bc}a question asked of oneself by oneself"]]}]]]}], "date": "1917", "shortdef": ["a question asked of oneself by oneself"]}, {"meta": {"id": "tag question", "uuid": "5e12728f-1fc5-4e7f-94e0-905bbc7883b5", "sort": "200013200", "src": "collegiate", "section": "alpha", "stems": ["tag question", "tag questions"], "offensive": false}, "hwi": {"hw": "tag question"}, "fl": "noun", "def": [{"sseq": [[["sense", {"dt": [["text", "{bc}a question (such as {it}isn't it{/it} in \"it's fine, isn't it?\") added to a statement or command (as to gain the assent of or challenge the person addressed)"]], "sdsense": {"sd": "also", "dt": [["text", "{bc}a sentence ending in a tag question"]]}}]]]}], "date": "1933", "shortdef": ["a question (such as isn't it in \"it's fine, isn't it?\") added to a statement or command (as to gain the assent of or challenge the person addressed); also : a sentence ending in a tag question"]}]