[{"meta": {"id": "remember", "uuid": "a6069292-cc7d-4288-85e7-2433c95a53c0", "src": "coll_thes", "section": "alpha", "target": {"tuuid": "ac2efac8-0656-4d59-8b96-f9e1064ded13", "tsrc": "collegiate"}, "stems": ["remember", "rememberabilities", "rememberability", "rememberable", "remembered", "rememberer", "rememberers", "remembering", "remembers"], "syns": [["flash back (to)", "hark back (to)", "harken back (to)", "hearken back (to)", "mind", "recall", "recollect", "reminisce (about)", "reproduce", "think (of)"]], "ants": [["disremember", "forget", "unlearn"]], "offensive": false}, "hwi": {"hw": "remember"}, "fl": "verb", "def": [{"sseq": [[["sense", {"dt": [["text", "to bring back to mind "], ["vis", [{"t": "I {it}remember{/it} very clearly the fun we had that long-ago summer, but I can't {it}remember{/it} what I had for lunch yesterday"}]]], "syn_list": [[{"wd": "flash back (to)"}, {"wd": "hark back (to)"}, {"wd": "harken back (to)"}, {"wd": "hearken back (to)"}, {"wd": "mind", "wsls": ["chiefly dialect"]}, {"wd": "recall"}, {"wd": "recollect"}, {"wd": "reminisce (about)"}, {"wd": "reproduce"}, {"wd": "think (of)"}]], "rel_list": [[{"wd": "recapture"}, {"wd": "recur"}], [{"wd": "educe"}, {"wd": "elicit"}, {"wd": "evoke"}, {"wd": "extract"}, {"wd": "raise"}, {"wd": "remind"}], [{"wd": "relive"}], [{"wd": "represent"}]], "near_list": [[{"wd": "misremember"}], [{"wd": "disregard"}, {"wd": "ignore"}, {"wd": "neglect"}, {"wd": "overlook"}], [{"wd": "lose"}, {"wd": "miss"}], [{"wd": "blank (out)"}]], "ant_list": [[{"wd": "disremember"}, {"wd": "forget"}, {"wd": "unlearn"}]]}]]]}], "shortdef": ["to bring back to mind"]}]