[{"meta": {"id": "remember", "uuid": "ac2efac8-0656-4d59-8b96-f9e1064ded13", "sort": "181965000", "src": "collegiate", "section": "alpha", "stems": ["remember", "rememberabilities", "rememberability", "rememberable", "remembered", "rememberer", "rememberers", "remembering", "remembers"], "offensive": false}, "hwi": {"hw": "re*mem*ber", "prs": [{"mw": "ri-\u02c8mem-b\u0259r", "sound": {"audio": "rememb01", "ref": "c", "stat": "1"}}]}, "fl": "verb", "ins": [{"ifc": "-bered", "if": "re*mem*bered"}, {"ifc": "-ber*ing", "if": "re*mem*ber*ing", "prs": [{"mw": "ri-\u02c8mem-b(\u0259-)ri\u014b", "sound": {"audio": "rememb02", "ref": "c", "stat": "1"}}]}], "def": [{"vd": "transitive verb", "sseq": [[["sense", {"sn": "1", "dt": [["text", "{bc}to bring to mind or think of again "], ["vis", [{"t": "{wi}remembers{/wi} the old days"}]]]}]], [["sen", {"sn": "2", "sls": ["archaic"]}], ["sense", {"sn": "a", "dt": [["text", "{bc}{sx|bethink||1b}"]]}], ["sense", {"sn": "b", "dt": [["text", "{bc}{sx|remind||}"]]}]], [["sense", {"sn": "3 a", "dt": [["text", "{bc}to keep in mind for attention or consideration "], ["vis", [{"t": "{wi}remembers{/wi} friends at Christmas"}]]]}], ["sense", {"sn": "b", "dt": [["text", "{bc}{sx|reward||} "], ["vis", [{"t": "was {wi}remembered{/wi} in the will"}]]]}]], [["sense", {"sn": "4", "dt": [["text", "{bc}to retain in the memory "], ["vis", [{"t": "{wi}remember{/wi} the facts until the test is over"}]]]}]], [["sense", {"sn": "5", "dt": [["text", "{bc}to convey greetings from "], ["vis", [{"t": "{wi}remember{/wi} me to her"}]]]}]], [["sense", {"sn": "6", "dt": [["text", "{bc}{sx|record||}, {sx|commemorate||}"]]}]]]}, {"vd": "intransitive verb", "sseq": [[["sense", {"sn": "1", "dt": [["text", "{bc}to exercise or have the power of memory"]]}]], [["sense", {"sn": "2", "dt": [["text", "{bc}to have a recollection or {a_link|remembrance}"]]}]]]}], "uros": [{"ure": "re*mem*ber*abil*i*ty", "prs": [{"mw": "ri-\u02ccmem-b(\u0259-)r\u0259-\u02c8bi-l\u0259-t\u0113", "sound": {"audio": "rememb03", "ref": "c", "stat": "1"}}], "fl": "noun"}, {"ure": "re*mem*ber*able", "prs": [{"mw": "ri-\u02c8mem-b(\u0259-)r\u0259-b\u0259l", "sound": {"audio": "rememb04", "ref": "c", "stat": "1"}}], "fl": "adjective"}, {"ure": "re*mem*ber*er", "prs": [{"mw": "ri-\u02c8mem-b\u0259r-\u0259r", "sound": {"audio": "rememb05", "ref": "c", "stat": "1"}}], "fl": "noun"}], "syns": [{"pl": "synonyms", "pt": [["text", "{sc}remember{/sc} {sc}recollect{/sc} {sc}recall{/sc} {sc}remind{/sc} {sc}reminisce{/sc} mean to bring an image or idea from the past into the mind. {sc}remember{/sc} implies a keeping in memory that may be effortless or unwilled. "], ["vis", [{"t": "{it}remembers{/it} that day as though it were yesterday"}]], ["text", " {sc}recollect{/sc} implies a bringing back to mind what is lost or scattered. "], ["vis", [{"t": "as near as I can {it}recollect{/it}"}]], ["text", " {sc}recall{/sc} suggests an effort to bring back to mind and often to re-create in speech. "], ["vis", [{"t": "can't {it}recall{/it} the words of the song"}]], ["text", " {sc}remind{/sc} suggests a jogging of one's memory by an association or similarity. "], ["vis", [{"t": "that {it}reminds{/it} me of a story"}]], ["text", " {sc}reminisce{/sc} implies a casual often nostalgic recalling of experiences long past and gone. "], ["vis", [{"t": "old college friends like to {it}reminisce{/it}"}]]]}], "et": [["text", "Middle English {it}remembren{/it}, from Anglo-French {it}remembrer{/it}, from Late Latin {it}rememorari{/it}, from Latin {it}re-{/it} + Late Latin {it}memorari{/it} to be mindful of, from Latin {it}memor{/it} mindful {ma}{mat|memory|}{/ma}"]], "date": "14th century{ds|t|1||}", "shortdef": ["to bring to mind or think of again", "bethink", "remind"]}, {"meta": {"id": "remember me to", "uuid": "630bb4ff-f6d9-4c5b-904f-94fba3a703bd", "sort": "3016071000", "src": "ld", "section": "idioms", "stems": ["remember me to"], "offensive": false}, "hwi": {"hw": "remember me to"}, "fl": "idiom", "def": [{"sls": ["old-fashioned"], "sseq": [[["sense", {"dt": [["uns", [[["text", "used to ask someone to give greetings to another person "], ["vis", [{"t": "{it}Remember me to{/it} your aunt when you see her today."}]]]]]]}]]]}], "shortdef": ["\u2014used to ask someone to give greetings to another person"]}, {"meta": {"id": "a day to remember", "uuid": "d5a64c1e-13e7-4152-984e-c8eaba6b37d6", "sort": "3000132000", "src": "ld", "section": "idioms", "stems": ["a day to remember"], "offensive": false}, "hwi": {"hw": "a day to remember"}, "fl": "noun phrase", "def": [{"sseq": [[["sense", {"dt": [["text", "{bc}a special/memorable day"]]}]]]}], "shortdef": ["a special/memorable day"]}, {"meta": {"id": "for as long as one can remember", "uuid": "47e7efca-1a91-4bdc-b5dd-40a76ed0b483", "sort": "3006345000", "src": "ld", "section": "idioms", "stems": ["for as long as one can remember"], "offensive": false}, "hwi": {"hw": "for as long as one can remember"}, "fl": "idiom", "def": [{"sseq": [[["sense", {"dt": [["text", "{bc}for most or all of one's life {bc}for a very long time "], ["vis", [{"t": "Her family has lived in New York {it}for as long as she can remember{/it}."}]]]}]]]}], "shortdef": ["for most or all of one's life : for a very long time"]}]