[{"meta": {"id": "right:1", "uuid": "8d0edb68-0db0-466d-9232-47bee53d9b14", "sort": "183241000", "src": "collegiate", "section": "alpha", "stems": ["right", "righter", "rightest", "rightness", "rightnesses"], "offensive": false}, "hom": 1, "hwi": {"hw": "right", "prs": [{"mw": "\u02c8r\u012bt", "sound": {"audio": "right001", "ref": "c", "stat": "1"}}]}, "fl": "adjective", "def": [{"sseq": [[["sense", {"sn": "1", "dt": [["text", "{bc}{sx|righteous||}, {sx|upright||}"]]}]], [["sense", {"sn": "2", "dt": [["text", "{bc}being in accordance with what is just, good, or proper "], ["vis", [{"t": "{wi}right{/wi} conduct"}]]]}]], [["sense", {"sn": "3", "dt": [["text", "{bc}conforming to facts or truth {bc}{sx|correct||} "], ["vis", [{"t": "the {wi}right{/wi} answer"}]]]}]], [["sense", {"sn": "4", "dt": [["text", "{bc}{sx|suitable||}, {sx|appropriate||} "], ["vis", [{"t": "the {wi}right{/wi} man for the job"}]]]}]], [["sense", {"sn": "5", "dt": [["text", "{bc}{sx|straight||} "], ["vis", [{"t": "a {wi}right{/wi} line"}]]]}]], [["sense", {"sn": "6", "dt": [["text", "{bc}{sx|genuine||}, {sx|real||}"]]}]], [["sense", {"sn": "7 a", "dt": [["text", "{bc}of, relating to, situated on, or being the side of the body which is away from the side on which the heart is mostly located"]]}], ["sense", {"sn": "b", "dt": [["text", "{bc}located nearer to the right hand than to the left"]]}], ["sense", {"sn": "c", "dt": [["text", "{bc}located to the right of an observer facing the object specified or directed as the right arm would point when raised out to the side"]]}], ["pseq", [["sense", {"sn": "d (1)", "dt": [["text", "{bc}located on the right of an observer facing in the same direction as the object specified "], ["vis", [{"t": "stage {wi}right{/wi}"}]]]}], ["sense", {"sn": "(2)", "dt": [["text", "{bc}located on the right when facing downstream "], ["vis", [{"t": "the {wi}right{/wi} bank of a river"}]]]}]]], ["sense", {"sn": "e", "dt": [["text", "{bc}done with the right hand "], ["vis", [{"t": "a {wi}right{/wi} hook to the jaw"}]]]}]], [["sense", {"sn": "8", "dt": [["text", "{bc}having the axis perpendicular to the base "], ["vis", [{"t": "{wi}right{/wi} cone"}]]]}]], [["sense", {"sn": "9", "dt": [["text", "{bc}of, relating to, or constituting the principal or more prominent side of an object "], ["vis", [{"t": "made sure the socks were {wi}right{/wi} side out"}]]]}]], [["sense", {"sn": "10", "dt": [["text", "{bc}acting or judging in accordance with truth or fact "], ["vis", [{"t": "time proved her {wi}right{/wi}"}]]]}]], [["sense", {"sn": "11 a", "dt": [["text", "{bc}being in good physical or mental health or order "], ["vis", [{"t": "not in his {wi}right{/wi} mind"}]]]}], ["sense", {"sn": "b", "dt": [["text", "{bc}being in a correct or proper state "], ["vis", [{"t": "put things {wi}right{/wi}"}]]]}]], [["sense", {"sn": "12", "dt": [["text", "{bc}most favorable or desired {bc}{sx|preferable||}"]], "sdsense": {"sd": "also", "dt": [["text", "{bc}socially acceptable "], ["vis", [{"t": "knew all the {wi}right{/wi} people"}]]]}}]], [["sense", {"sn": "13", "lbs": ["often capitalized"], "dt": [["text", "{bc}of, adhering to, or constituted by the Right especially in politics"]]}]]]}], "uros": [{"ure": "right*ness", "fl": "noun"}], "syns": [{"pl": "synonyms", "pt": [["text", "{sc}correct{/sc} {sc}accurate{/sc} {sc}exact{/sc} {sc}precise{/sc} {sc}nice{/sc} {sc}right{/sc} mean conforming to fact, standard, or truth. {sc}correct{/sc} usually implies freedom from fault or error. "], ["vis", [{"t": "{it}correct{/it} answers"}, {"t": "socially {it}correct{/it} dress"}]], ["text", " {sc}accurate{/sc} implies fidelity to fact or truth attained by exercise of care. "], ["vis", [{"t": "an {it}accurate{/it} description"}]], ["text", " {sc}exact{/sc} stresses a very strict agreement with fact, standard, or truth. "], ["vis", [{"t": "{it}exact{/it} measurements"}]], ["text", " {sc}precise{/sc} adds to {sc}exact{/sc} an emphasis on sharpness of definition or delimitation. "], ["vis", [{"t": "{it}precise{/it} calibration"}]], ["text", " {sc}nice{/sc} stresses great precision and delicacy of adjustment or discrimination. "], ["vis", [{"t": "makes {it}nice{/it} distinctions"}]], ["text", " {sc}right{/sc} is close to {sc}correct{/sc} but has a stronger positive emphasis on conformity to fact or truth rather than mere absence of error or fault. "], ["vis", [{"t": "the {it}right{/it} thing to do"}]]]}], "et": [["text", "Middle English, from Old English {it}riht{/it}; akin to Old High German {it}reht{/it} right, Latin {it}rectus{/it} straight, right, {it}regere{/it} to lead straight, direct, rule, {it}rogare{/it} to ask, Greek {it}oregein{/it} to stretch out"]], "date": "before 12th century{ds||1||}", "shortdef": ["righteous, upright", "being in accordance with what is just, good, or proper", "conforming to facts or truth : correct"]}, {"meta": {"id": "right:2", "uuid": "69091e40-2fc9-4e32-96b2-7479d738caf9", "sort": "183242000", "src": "collegiate", "section": "alpha", "stems": ["by all rights", "by rights", "in her own right", "in his own right", "in my own right", "in one's own right", "in our own right", "in their own right", "in your own right", "of right", "right", "rightmost", "rights", "to rights"], "offensive": false}, "hom": 2, "hwi": {"hw": "right"}, "fl": "noun", "def": [{"sseq": [[["sense", {"sn": "1", "dt": [["text", "{bc}qualities (such as adherence to duty or obedience to lawful authority) that together constitute the ideal of moral propriety or merit moral approval"]]}]], [["bs", {"sense": {"sn": "2", "dt": [["text", "{bc}something to which one has a just claim: such as"]]}}], ["sense", {"sn": "a", "dt": [["text", "{bc}the power or privilege to which one is justly entitled "], ["vis", [{"t": "voting {wi}rights{/wi}"}, {"t": "his {wi}right{/wi} to decide"}]]]}], ["pseq", [["sense", {"sn": "b (1)", "dt": [["text", "{bc}the interest that one has in a piece of property "], ["uns", [[["text", "often used in plural "], ["vis", [{"t": "mineral {wi}rights{/wi}"}]]]]]]}], ["sense", {"sn": "(2)", "ins": [{"if": "rights", "spl": "plural"}], "dt": [["text", "{bc}the property interest possessed under law or custom and agreement in an intangible thing especially of a literary and artistic nature "], ["vis", [{"t": "film {wi}rights{/wi} of the novel"}]]]}]]]], [["sense", {"sn": "3", "dt": [["text", "{bc}something that one may properly claim as due "], ["vis", [{"t": "knowing the truth is her {wi}right{/wi}"}]]]}]], [["sense", {"sn": "4", "dt": [["text", "{bc}the cause of truth or justice"]]}]], [["sense", {"sn": "5 a", "dt": [["text", "{bc}{sx|right hand||1a}"]], "sdsense": {"sd": "also", "dt": [["text", "{bc}a blow struck with this hand "], ["vis", [{"t": "gave him a hard {wi}right{/wi} on the jaw"}]]]}}], ["sense", {"sn": "b", "dt": [["text", "{bc}the location or direction of the right side "], ["vis", [{"t": "woods on his {wi}right{/wi}"}]]]}], ["sense", {"sn": "c", "dt": [["text", "{bc}the part on the right side"]]}], ["sense", {"sn": "d", "dt": [["text", "{bc}{sx|right field||}"]]}], ["sense", {"sn": "e", "dt": [["text", "{bc}a turn to the right "], ["vis", [{"t": "take a {wi}right{/wi} at the stop sign"}]]]}]], [["sense", {"sn": "6 a", "dt": [["text", "{bc}the true account or correct interpretation"]]}], ["sense", {"sn": "b", "dt": [["text", "{bc}the quality or state of being factually correct"]]}]], [["sen", {"sn": "7", "lbs": ["often capitalized"]}], ["sense", {"sn": "a", "dt": [["text", "{bc}the part of a legislative chamber located to the right of the presiding officer"]]}], ["sense", {"sn": "b", "dt": [["text", "{bc}the members of a continental European legislative body occupying the right as a result of holding more conservative political views than other members"]]}]], [["sense", {"sn": "8 a", "lbs": ["often capitalized"], "dt": [["text", "{bc}individuals professing support of the established order and favoring traditional attitudes and practices and conservative governmental policies"]]}], ["sense", {"sn": "b", "lbs": ["often capitalized"], "dt": [["text", "{bc}a conservative position"]]}]], [["sense", {"sn": "9 a", "dt": [["text", "{bc}a privilege given stockholders to subscribe pro rata to a new issue of securities generally below market price"]]}], ["sense", {"sn": "b", "dt": [["text", "{bc}the negotiable certificate evidencing such privilege "], ["uns", [[["text", "usually used in plural"]]]]]}]]]}], "uros": [{"ure": "right*most", "prs": [{"mw": "\u02c8r\u012bt-\u02ccm\u014dst", "sound": {"audio": "right002", "ref": "c", "stat": "1"}}], "fl": "adjective"}], "dros": [{"drp": "by rights", "vrs": [{"vl": "or less commonly", "va": "by all rights"}], "def": [{"sseq": [[["sense", {"dt": [["text", "{bc}with reason or justice {bc}{sx|properly||}"]]}]]]}]}, {"drp": "in one's own right", "def": [{"sseq": [[["sense", {"dt": [["text", "{bc}by virtue of one's own qualifications or properties"]]}]]]}]}, {"drp": "of right", "def": [{"sseq": [[["sense", {"sn": "1", "dt": [["text", "{bc}as an absolute right"]]}]], [["sense", {"sn": "2", "dt": [["text", "{bc}legally or morally exactable"]]}]]]}]}, {"drp": "to rights", "def": [{"sseq": [[["sense", {"dt": [["text", "{bc}into proper order"]]}]]]}]}], "et": [["text", "Middle English, from Old English {it}riht{/it}, from {it}riht{/it}, adjective"]], "date": "before 12th century{ds||1||}", "shortdef": ["qualities (such as adherence to duty or obedience to lawful authority) that together constitute the ideal of moral propriety or merit moral approval", "something to which one has a just claim: such as", "the power or privilege to which one is justly entitled"]}, {"meta": {"id": "right:3", "uuid": "4ef45469-16ea-4088-9674-dd97b6a147c7", "sort": "183243000", "src": "collegiate", "section": "alpha", "stems": ["right"], "offensive": false}, "hom": 3, "hwi": {"hw": "right"}, "fl": "adverb", "def": [{"sseq": [[["sense", {"sn": "1", "dt": [["text", "{bc}according to right "], ["vis", [{"t": "live {wi}right{/wi}"}]]]}]], [["sense", {"sn": "2", "dt": [["text", "{bc}in the exact location, position, or moment {bc}{sx|precisely||} "], ["vis", [{"t": "{wi}right{/wi} at his fingertips"}, {"t": "quit {wi}right{/wi} then and there"}]]]}]], [["sense", {"sn": "3", "dt": [["text", "{bc}in a suitable, proper, or desired manner "], ["vis", [{"t": "knew he wasn't doing it {wi}right{/wi}"}]]]}]], [["sense", {"sn": "4", "dt": [["text", "{bc}in a direct line, course, or manner {bc}{sx|directly||}, {sx|straight||} "], ["vis", [{"t": "go {wi}right{/wi} home"}, {"t": "came {wi}right{/wi} out and said it"}]]]}]], [["sense", {"sn": "5", "dt": [["text", "{bc}according to fact or truth {bc}{sx|truly||} "], ["vis", [{"t": "guessed {wi}right{/wi}"}]]]}]], [["sense", {"sn": "6 a", "dt": [["text", "{bc}all the way "], ["vis", [{"t": "windows {wi}right{/wi} to the floor"}]]]}], ["sense", {"sn": "b", "dt": [["text", "{bc}in a complete manner "], ["vis", [{"t": "felt {wi}right{/wi} at home"}]]]}]], [["sense", {"sn": "7", "dt": [["text", "{bc}without delay {bc}{sx|immediately||} "], ["vis", [{"t": "{wi}right{/wi} after lunch"}]]]}]], [["sense", {"sn": "8", "dt": [["text", "{bc}to a great degree {bc}{sx|very||} "], ["vis", [{"t": "a {wi}right{/wi} pleasant day"}]]]}]], [["sense", {"sn": "9", "dt": [["text", "{bc}on or to the right "], ["vis", [{"t": "looked left and {wi}right{/wi}"}]]]}]]]}], "date": "before 12th century{ds||1||}", "shortdef": ["according to right", "in the exact location, position, or moment : precisely", "in a suitable, proper, or desired manner"]}, {"meta": {"id": "right:4", "uuid": "3defe8c6-d916-4524-a9ac-a5b2f6122930", "sort": "183244000", "src": "collegiate", "section": "alpha", "stems": ["right", "righted", "righter", "righters", "righting", "rights"], "offensive": false}, "hom": 4, "hwi": {"hw": "right"}, "fl": "verb", "ins": [{"if": "right*ed"}, {"if": "right*ing"}, {"if": "rights"}], "def": [{"vd": "transitive verb", "sseq": [[["sense", {"sn": "1 a", "dt": [["text", "{bc}to do justice to {bc}redress the injuries of "], ["vis", [{"t": "so just is God to {wi}right{/wi} the innocent", "aq": {"auth": "William Shakespeare"}}]]]}], ["sense", {"sn": "b", "dt": [["text", "{bc}{sx|justify||}, {sx|vindicate||} "], ["vis", [{"t": "felt the need to {wi}right{/wi} himself in court"}]]]}]], [["sense", {"sn": "2", "dt": [["text", "{bc}{sx|avenge||} "], ["vis", [{"t": "vows to {wi}right{/wi} the injustice done to his family"}]]]}]], [["sense", {"sn": "3 a", "dt": [["text", "{bc}to adjust or restore to the proper state or condition "], ["vis", [{"t": "{wi}right{/wi} the economy"}]]]}], ["sense", {"sn": "b", "dt": [["text", "{bc}to bring or restore to an upright position "], ["vis", [{"t": "{wi}right{/wi} a capsized boat"}]]]}]]]}, {"vd": "intransitive verb", "sseq": [[["sense", {"dt": [["text", "{bc}to become upright"]]}]]]}], "uros": [{"ure": "right*er", "fl": "noun"}], "date": "before 12th century{ds|t|1|a|}", "shortdef": ["to do justice to : redress the injuries of", "justify, vindicate", "avenge"]}, {"meta": {"id": "right now", "uuid": "b92d34e6-fea7-435d-a121-a43942e9634b", "sort": "183263000", "src": "collegiate", "section": "alpha", "stems": ["right", "right now"], "offensive": false}, "hwi": {"hw": "right now"}, "fl": "adverb", "def": [{"sseq": [[["sense", {"sn": "1", "dt": [["text", "{bc}{sx|right away||}"]]}]], [["sense", {"sn": "2", "dt": [["text", "{bc}at present"]]}]]]}], "date": "14th century{ds||1||}", "shortdef": ["right away", "at present"]}, {"meta": {"id": "right and left", "uuid": "c72a37c8-9801-4402-9002-9da6d9c19d0c", "sort": "183245000", "src": "collegiate", "section": "alpha", "stems": ["right and left"], "offensive": false}, "hwi": {"hw": "right and left"}, "fl": "adverb", "def": [{"sseq": [[["sense", {"dt": [["text", "{bc}on both or all sides {bc}in every direction {bc}{sx|everywhere||}"]]}]]]}], "date": "1735", "shortdef": ["on both or all sides : in every direction : everywhere"]}, {"meta": {"id": "right angle", "uuid": "e295e569-d1fb-49c0-9105-daae357466f3", "sort": "183246000", "src": "collegiate", "section": "alpha", "stems": ["right angle", "right angles", "right-angle", "right-angled"], "offensive": false}, "hwi": {"hw": "right angle"}, "fl": "noun", "def": [{"sseq": [[["sense", {"dt": [["text", "{bc}the angle bounded by two lines perpendicular to each other {bc}an angle of 90\u00b0 or \u00b9/\u2082 \u03c0 radians"]]}]]]}], "uros": [{"ure": "right-an*gled", "prs": [{"mw": "\u02c8r\u012bt-\u02c8a\u014b-g\u0259ld", "sound": {"audio": "righta02", "ref": "c", "stat": "1"}}], "vrs": [{"vl": "or", "va": "right-an*gle", "prs": [{"mw": "\u02c8r\u012bt-\u02c8a\u014b-g\u0259l", "sound": {"audio": "righta01", "ref": "c", "stat": "1"}}]}], "fl": "adjective"}], "date": "15th century", "shortdef": ["the angle bounded by two lines perpendicular to each other : an angle of 90\u00b0 or 1/2 \u03c0 radians"]}, {"meta": {"id": "right ascension", "uuid": "fc32cc44-c5d9-4ff9-8774-bce6a509dcba", "sort": "183247000", "src": "collegiate", "section": "alpha", "stems": ["right ascension", "right ascensions"], "offensive": false}, "hwi": {"hw": "right ascension"}, "fl": "noun", "def": [{"sseq": [[["sense", {"dt": [["text", "{bc}the arc of the celestial equator between the vernal equinox and the point where the hour circle through a given body intersects the equator reckoned eastward commonly in terms of the corresponding interval of sidereal time in hours, minutes, and seconds"]]}]]]}], "date": "15th century", "shortdef": ["the arc of the celestial equator between the vernal equinox and the point where the hour circle through a given body intersects the equator reckoned eastward commonly in terms of the corresponding interval of sidereal time in hours, minutes, and seconds"]}, {"meta": {"id": "right away", "uuid": "7f205739-2729-45a6-8f2f-694fed3d1398", "sort": "183248000", "src": "collegiate", "section": "alpha", "stems": ["right away"], "offensive": false}, "hwi": {"hw": "right away"}, "fl": "adverb", "def": [{"sseq": [[["sense", {"dt": [["text", "{bc}without delay or hesitation {bc}{sx|immediately||}"]]}]]]}], "date": "1749", "shortdef": ["without delay or hesitation : immediately"]}, {"meta": {"id": "right brain", "uuid": "ff952d93-f004-43eb-abd1-f67f5174a170", "sort": "183249000", "src": "collegiate", "section": "alpha", "stems": ["right brain", "right brains", "right-brained"], "offensive": false}, "hwi": {"hw": "right brain"}, "fl": "noun", "def": [{"sseq": [[["sense", {"dt": [["text", "{bc}the right cerebral hemisphere of the human brain especially when viewed in terms of its predominant thought processes (such as creativity and intuitive thinking)"]]}]]]}], "uros": [{"ure": "right-brained", "prs": [{"mw": "\u02c8r\u012bt-\u02c8br\u0101nd", "sound": {"audio": "right02m", "ref": "c", "stat": "1"}}], "fl": "adjective"}], "date": "1970", "shortdef": ["the right cerebral hemisphere of the human brain especially when viewed in terms of its predominant thought processes (such as creativity and intuitive thinking)"]}]