[{"meta": {"id": "seat", "uuid": "68d6c415-e77b-4c3f-9dfa-19bcba0018ed", "src": "coll_thes", "section": "alpha", "target": {"tuuid": "0e7386ad-9ddf-40dd-b482-5074bc8d7b42", "tsrc": "collegiate"}, "stems": ["seat", "by the seat of one's pants", "seats"], "syns": [["command", "headquarters"], ["backside", "behind", "booty", "bottom", "breech", "bum", "buns", "butt", "buttocks", "caboose", "can", "cheeks", "derriere", "duff", "fanny", "fundament", "hams", "haunches", "heinie", "hunkers", "keister", "nates", "posterior", "rear", "rear end", "rump", "tail", "tail end", "tush"], ["axis", "base", "capital", "center", "central", "core", "cynosure", "epicenter", "eye", "focus", "ground zero", "heart", "hub", "locus", "mecca", "navel", "nerve center", "nexus", "nucleus", "omphalos"]], "ants": [], "offensive": false}, "hwi": {"hw": "seat"}, "fl": "noun", "def": [{"sseq": [[["sense", {"sn": "1", "dt": [["text", "a place from which authority is exercised "], ["vis", [{"t": "all applications had to be submitted at the county {it}seat{/it} for proper processing"}]]], "syn_list": [[{"wd": "command"}, {"wd": "headquarters"}]], "rel_list": [[{"wd": "high command"}], [{"wd": "center"}, {"wd": "home"}], [{"wd": "capital"}]]}]], [["sense", {"sn": "2", "dt": [["text", "the part of the body upon which someone sits "], ["vis", [{"t": "fell down on his well-padded {it}seat{/it}"}]]], "syn_list": [[{"wd": "backside"}, {"wd": "behind"}, {"wd": "booty", "wvrs": [{"wvl": "also", "wva": "bootie"}], "wsls": ["slang"]}, {"wd": "bottom"}, {"wd": "breech"}, {"wd": "bum"}, {"wd": "buns"}, {"wd": "butt"}, {"wd": "buttocks"}, {"wd": "caboose"}, {"wd": "can"}, {"wd": "cheeks"}, {"wd": "derriere", "wvrs": [{"wvl": "or", "wva": "derri\u00e8re"}]}, {"wd": "duff"}, {"wd": "fanny"}, {"wd": "fundament"}, {"wd": "hams"}, {"wd": "haunches"}, {"wd": "heinie", "wsls": ["slang"]}, {"wd": "hunkers"}, {"wd": "keister", "wvrs": [{"wvl": "also", "wva": "keester"}], "wsls": ["slang"]}, {"wd": "nates"}, {"wd": "posterior"}, {"wd": "rear"}, {"wd": "rear end"}, {"wd": "rump"}, {"wd": "tail"}, {"wd": "tail end"}, {"wd": "tush", "wsls": ["slang"]}]], "rel_list": [[{"wd": "beam"}, {"wd": "stern"}], [{"wd": "moon", "wsls": ["slang"]}]]}]], [["sense", {"sn": "3", "dt": [["text", "a thing or place that is of greatest importance to an activity or interest "], ["vis", [{"t": "a capital that is the {it}seat{/it} of culture for the whole nation"}]]], "syn_list": [[{"wd": "axis"}, {"wd": "base"}, {"wd": "capital"}, {"wd": "center"}, {"wd": "central"}, {"wd": "core"}, {"wd": "cynosure"}, {"wd": "epicenter"}, {"wd": "eye"}, {"wd": "focus"}, {"wd": "ground zero"}, {"wd": "heart"}, {"wd": "hub"}, {"wd": "locus"}, {"wd": "mecca"}, {"wd": "navel"}, {"wd": "nerve center"}, {"wd": "nexus"}, {"wd": "nucleus"}, {"wd": "omphalos"}]], "rel_list": [[{"wd": "headquarters"}], [{"wd": "happy hunting ground"}, {"wd": "hive"}, {"wd": "hotbed"}, {"wd": "hot spot"}, {"wd": "playground"}, {"wd": "playland"}], [{"wd": "kernel"}, {"wd": "nub"}, {"wd": "pith"}], [{"wd": "deep"}, {"wd": "thick"}], [{"wd": "essence"}, {"wd": "quintessence"}, {"wd": "soul"}], [{"wd": "attraction"}, {"wd": "lodestone", "wvrs": [{"wvl": "also", "wva": "loadstone"}]}, {"wd": "magnet"}, {"wd": "polestar"}]], "phrase_list": [[{"wd": "where it's at"}]]}]]]}], "shortdef": ["a place from which authority is exercised", "the part of the body upon which someone sits", "a thing or place that is of greatest importance to an activity or interest"]}, {"meta": {"id": "seat", "uuid": "cf573586-474e-4854-a73e-be4c436bfb5b", "src": "coll_thes", "section": "alpha", "target": {"tuuid": "868b9343-d35d-489f-b8d8-df5f111635d2", "tsrc": "collegiate"}, "stems": ["seat", "seated", "seating", "seats"], "syns": [["set down", "sit"], ["baptize", "inaugurate", "induct", "initiate", "install", "instate", "invest"]], "ants": [], "offensive": false}, "hwi": {"hw": "seat"}, "fl": "verb", "def": [{"sseq": [[["sense", {"sn": "1", "dt": [["text", "to cause to sit down "], ["vis", [{"t": "the usher {it}seated{/it} them in the third row"}]]], "syn_list": [[{"wd": "set down"}, {"wd": "sit"}]], "rel_list": [[{"wd": "ensconce"}, {"wd": "settle"}], [{"wd": "lay"}, {"wd": "lie"}, {"wd": "rest"}], [{"wd": "place"}, {"wd": "put"}], [{"wd": "recline"}, {"wd": "repose"}]]}]], [["sense", {"sn": "2", "dt": [["text", "to put into an office or welcome into an organization with special ceremonies "], ["vis", [{"t": "one of the first appointments that he made after being {it}seated{/it} as president of the state senate"}]]], "syn_list": [[{"wd": "baptize"}, {"wd": "inaugurate"}, {"wd": "induct"}, {"wd": "initiate"}, {"wd": "install"}, {"wd": "instate"}, {"wd": "invest"}]], "rel_list": [[{"wd": "swear in"}], [{"wd": "consecrate"}, {"wd": "enshrine"}], [{"wd": "accept"}, {"wd": "admit"}, {"wd": "receive"}, {"wd": "take in"}], [{"wd": "enlist"}, {"wd": "enroll", "wvrs": [{"wvl": "also", "wva": "enrol"}]}]], "near_list": [[{"wd": "can"}, {"wd": "discharge"}, {"wd": "fire"}, {"wd": "terminate"}], [{"wd": "muster out"}]]}]]]}], "shortdef": ["to cause to sit down", "to put into an office or welcome into an organization with special ceremonies"]}, {"meta": {"id": "catbird seat", "uuid": "b318080c-8322-4ee2-91a4-91749f5911a2", "src": "coll_thes", "section": "alpha", "target": {"tuuid": "c3795e11-f106-40fc-9910-9c01ae2f754e", "tsrc": "collegiate"}, "stems": ["catbird seat", "catbird seats"], "syns": [["advantage", "better", "bulge", "drop", "edge", "high ground", "inside track", "jump", "pull", "stead", "upper hand", "vantage", "whip hand"], ["center stage", "limelight", "spotlight", "top billing"]], "ants": [["disadvantage", "drawback", "handicap", "liability", "minus", "penalty", "strike"]], "offensive": false}, "hwi": {"hw": "catbird seat"}, "fl": "noun", "def": [{"sseq": [[["sense", {"sn": "1", "dt": [["text", "the more favorable condition or position in a competition "], ["vis", [{"t": "your fluency in French should put you in the {it}catbird seat{/it} for getting the Paris posting"}]]], "syn_list": [[{"wd": "advantage"}, {"wd": "better"}, {"wd": "bulge"}, {"wd": "drop"}, {"wd": "edge"}, {"wd": "high ground"}, {"wd": "inside track"}, {"wd": "jump"}, {"wd": "pull"}, {"wd": "stead"}, {"wd": "upper hand"}, {"wd": "vantage"}, {"wd": "whip hand"}]], "rel_list": [[{"wd": "allowance"}, {"wd": "head start"}, {"wd": "lead"}, {"wd": "leg up"}, {"wd": "margin"}, {"wd": "odds"}, {"wd": "start"}], [{"wd": "ascendancy", "wvrs": [{"wvl": "also", "wva": "ascendency"}]}, {"wd": "command"}, {"wd": "dominance"}, {"wd": "mastery"}, {"wd": "predominance"}, {"wd": "superiority"}, {"wd": "supremacy"}, {"wd": "transcendence"}, {"wd": "transcendency"}], [{"wd": "precedence"}, {"wd": "preference"}, {"wd": "prerogative"}, {"wd": "privilege"}, {"wd": "seniority"}], [{"wd": "break"}, {"wd": "foothold"}, {"wd": "opportunity"}], [{"wd": "benefit"}, {"wd": "blessing"}, {"wd": "boon"}, {"wd": "felicity"}, {"wd": "godsend"}, {"wd": "manna"}, {"wd": "windfall"}]], "phrase_list": [[{"wd": "coign of vantage"}]], "near_list": [[{"wd": "detriment"}, {"wd": "stranglehold"}], [{"wd": "disparity"}, {"wd": "imbalance"}, {"wd": "inequality"}, {"wd": "unevenness"}], [{"wd": "disability"}, {"wd": "failing"}, {"wd": "impairment"}, {"wd": "shortcoming"}], [{"wd": "bar"}, {"wd": "catch"}, {"wd": "check"}, {"wd": "clog"}, {"wd": "crimp"}, {"wd": "embarrassment"}, {"wd": "hindrance"}, {"wd": "hitch"}, {"wd": "hurdle"}, {"wd": "impediment"}, {"wd": "interference"}, {"wd": "let"}, {"wd": "manacle"}, {"wd": "obstacle"}, {"wd": "obstruction"}, {"wd": "rub"}, {"wd": "shackle"}, {"wd": "stop"}, {"wd": "trammel"}], [{"wd": "lurch"}, {"wd": "setback"}]], "ant_list": [[{"wd": "disadvantage"}, {"wd": "drawback"}, {"wd": "handicap"}, {"wd": "liability"}, {"wd": "minus"}, {"wd": "penalty"}, {"wd": "strike"}]]}]], [["sense", {"sn": "2", "dt": [["text", "the center of public attention "], ["vis", [{"t": "in the wake of the natural disaster, this obscure bureaucrat was suddenly and unexpectedly thrust into the {it}catbird seat{/it}"}]]], "syn_list": [[{"wd": "center stage"}, {"wd": "limelight"}, {"wd": "spotlight"}, {"wd": "top billing"}]], "rel_list": [[{"wd": "front burner"}], [{"wd": "attention"}, {"wd": "heed"}, {"wd": "notice"}]], "near_list": [[{"wd": "back burner"}]]}]]]}], "shortdef": ["the more favorable condition or position in a competition", "the center of public attention"]}, {"meta": {"id": "driver's seat", "uuid": "45b0c63b-e057-49b5-887a-4b825376b583", "src": "coll_thes", "section": "alpha", "target": {"tuuid": "e4755734-9758-4a6b-8748-e0577e81a505", "tsrc": "collegiate"}, "stems": ["driver's seat", "drivers seat", "driver's seats"], "syns": [["chair", "head", "headship", "helm", "rein(s)"]], "ants": [], "offensive": false}, "hwi": {"hw": "driver's seat"}, "fl": "noun", "def": [{"sseq": [[["sense", {"dt": [["text", "the place of leadership or command "], ["vis", [{"t": "with her boss's early retirement, she unexpectedly found herself in the {it}driver's seat{/it}"}]]], "syn_list": [[{"wd": "chair"}, {"wd": "head"}, {"wd": "headship"}, {"wd": "helm"}, {"wd": "rein(s)"}]], "rel_list": [[{"wd": "chieftainship"}, {"wd": "commandership"}, {"wd": "directorship"}], [{"wd": "forefront"}, {"wd": "lead"}, {"wd": "vanguard"}], [{"wd": "captainship"}, {"wd": "chairmanship"}, {"wd": "deanship"}, {"wd": "dictatorship"}, {"wd": "generalship"}, {"wd": "governorship"}, {"wd": "kingship"}, {"wd": "mastership"}, {"wd": "mastery"}, {"wd": "premiership"}, {"wd": "presidency"}, {"wd": "presidentship"}, {"wd": "superintendency"}], [{"wd": "dominance"}, {"wd": "dominion"}, {"wd": "jurisdiction"}, {"wd": "sovereignty", "wvrs": [{"wvl": "also", "wva": "sovranty"}]}, {"wd": "sway"}, {"wd": "upper hand"}], [{"wd": "eminence"}, {"wd": "height"}, {"wd": "pedestal"}, {"wd": "pinnacle"}, {"wd": "seat"}, {"wd": "throne"}, {"wd": "top"}]], "near_list": [[{"wd": "ranks"}]]}]]]}], "shortdef": ["the place of leadership or command"]}, {"meta": {"id": "love seat", "uuid": "4fce399e-9d68-4808-8040-62c03227c1ee", "src": "CTcompile", "section": "alpha", "stems": ["love seat"], "syns": [["lounger", "recamier", "t\u00eate-\u00e0-t\u00eate", "chesterfield", "couch", "davenport", "divan", "lounge", "settee", "sofa", "squab", "daybed", "sofa bed", "studio couch", "banquette", "bench", "ottoman"]], "ants": [], "offensive": false}, "hwi": {"hw": "love seat"}, "fl": "noun", "def": [{"sseq": [[["sense", {"dt": [["text", "as in {it}lounger{/it}, {it}recamier{/it}"]], "sim_list": [[{"wd": "lounger"}, {"wd": "recamier"}, {"wd": "t\u00eate-\u00e0-t\u00eate"}], [{"wd": "chesterfield"}, {"wd": "couch"}, {"wd": "davenport"}, {"wd": "divan"}, {"wd": "lounge"}, {"wd": "settee"}, {"wd": "sofa"}, {"wd": "squab"}], [{"wd": "daybed"}, {"wd": "sofa bed"}, {"wd": "studio couch"}], [{"wd": "banquette"}, {"wd": "bench"}, {"wd": "ottoman"}]]}]]]}], "shortdef": ["as in lounger, recamier"]}, {"meta": {"id": "take", "uuid": "aa7d776f-3ef0-4ce1-ab1f-1754708a4ec3", "src": "coll_thes", "section": "alpha", "target": {"tuuid": "da5d2045-2b5e-483b-8d36-47a81db8b027", "tsrc": "collegiate"}, "stems": ["take", "take a back seat", "take a bath", "take advantage of", "take after", "take aim at", "take care", "take charge", "take five", "take heart", "take in vain", "take it on the chin", "take no prisoners", "take notice of", "take one's time", "take part", "take place", "take root", "take shape", "take ten", "take the cake", "take the mickey", "take the plunge", "take to court", "take turns", "taken", "taker", "takers", "takes", "taking", "took"], "syns": [["clasp", "grasp", "grip", "hold"], ["accept", "have"], ["catch", "come down (with)", "contract", "get", "go down (with)", "sicken (with)"], ["cherry-pick", "choose", "cull", "elect", "handpick", "name", "opt (for)", "pick", "prefer", "select", "single (out)", "tag"], ["buy", "cop", "pick up", "purchase"], ["bear", "challenge", "claim", "demand", "necessitate", "need", "require", "want", "warrant"], ["accommodate", "fit", "hold"], ["act", "operate", "perform", "work"], ["abide", "absorb", "accept", "bear", "bide", "brook", "countenance", "endure", "go", "hack", "handle", "meet", "pocket", "stand", "stick out", "stomach", "support", "sustain", "sweat out", "tolerate", "wear"], ["accept", "believe", "buy", "credit", "swallow", "trust"], ["beat", "best", "conquer", "defeat", "dispatch", "do down", "get", "get around", "lick", "master", "overbear", "overcome", "overmatch", "prevail (over)", "skunk", "stop", "subdue", "surmount", "trim", "triumph (over)", "upend", "win (against)", "worst"], ["address", "contend (with)", "cope (with)", "field", "grapple (with)", "hack", "handle", "manage", "maneuver", "manipulate", "negotiate", "play", "swing", "treat"], ["admit", "enter", "receive"], ["carry off", "claim", "croak", "destroy", "dispatch", "do in", "fell", "kill", "slay"]], "ants": [["decline", "deny", "disallow", "disapprove", "negative", "refuse", "reject", "spurn", "turn down", "veto"], ["decline", "refuse", "reject", "turn down"], ["have", "hold"], ["disbelieve", "discredit", "reject"], ["lose (to)"], ["ban", "bar"], ["animate"]], "offensive": false}, "hwi": {"hw": "take"}, "fl": "verb", "def": [{"sseq": [[["sense", {"sn": "1", "dt": [["text", "to reach for and take hold of by embracing with the fingers or arms "], ["vis", [{"t": "{it}take{/it} my hand, or we'll get separated in this crowd"}]]], "syn_list": [[{"wd": "clasp"}, {"wd": "grasp"}, {"wd": "grip"}, {"wd": "hold"}]], "rel_list": [[{"wd": "clench"}, {"wd": "cling (to)"}, {"wd": "clutch"}, {"wd": "hold on (to)"}], [{"wd": "catch"}, {"wd": "nab"}, {"wd": "seize"}, {"wd": "snatch"}]], "phrase_list": [[{"wd": "hang on to"}, {"wd": "lay hold of"}]], "near_list": [[{"wd": "discharge"}, {"wd": "drop"}, {"wd": "free"}, {"wd": "liberate"}, {"wd": "release"}], [{"wd": "deliver"}, {"wd": "entrust", "wvrs": [{"wvl": "also", "wva": "intrust"}]}, {"wd": "give"}, {"wd": "hand"}, {"wd": "hand over"}, {"wd": "pass"}, {"wd": "relinquish"}, {"wd": "transfer"}, {"wd": "transmit"}, {"wd": "turn over"}, {"wd": "unhand"}]]}]], [["sense", {"sn": "2", "dt": [["text", "to agree to receive whether willingly or reluctantly "], ["vis", [{"t": "will you {it}take{/it} that call?"}, {"t": "{it}took{/it} a cut in pay"}]]], "syn_list": [[{"wd": "accept"}, {"wd": "have"}]], "rel_list": [[{"wd": "accede (to)"}, {"wd": "assent (to)"}, {"wd": "concede (to)"}, {"wd": "confirm"}, {"wd": "consent (to)"}, {"wd": "OK", "wvrs": [{"wvl": "or", "wva": "okay"}]}, {"wd": "ratify"}, {"wd": "sanction"}, {"wd": "warrant"}], [{"wd": "acquiesce (to)"}, {"wd": "bow (to)"}, {"wd": "capitulate (to)"}, {"wd": "give in (to)"}, {"wd": "submit (to)"}, {"wd": "succumb (to)"}, {"wd": "surrender (to)"}, {"wd": "yield (to)"}], [{"wd": "abide"}, {"wd": "bear"}, {"wd": "brook"}, {"wd": "countenance"}, {"wd": "endure"}, {"wd": "shoulder"}, {"wd": "stand"}, {"wd": "stick out"}, {"wd": "stomach"}, {"wd": "support"}, {"wd": "sustain"}, {"wd": "swallow"}, {"wd": "sweat out"}, {"wd": "tolerate"}], [{"wd": "adopt"}, {"wd": "embrace"}, {"wd": "welcome"}]], "near_list": [[{"wd": "dissent (to)"}, {"wd": "object (to)"}, {"wd": "oppose"}, {"wd": "protest"}], [{"wd": "hold off"}, {"wd": "resist"}, {"wd": "withstand"}], [{"wd": "combat"}, {"wd": "contest"}, {"wd": "fight"}]], "ant_list": [[{"wd": "decline"}, {"wd": "deny"}, {"wd": "disallow"}, {"wd": "disapprove"}, {"wd": "negative"}, {"wd": "refuse"}, {"wd": "reject"}, {"wd": "spurn"}, {"wd": "turn down"}, {"wd": "veto"}]]}]], [["sense", {"sn": "3", "dt": [["text", "to become affected with (a disease or disorder) "], ["vis", [{"t": "if you don't cover your head in this weather, you'll {it}take{/it} cold and be stuck inside all weekend"}]]], "syn_list": [[{"wd": "catch"}, {"wd": "come down (with)"}, {"wd": "contract"}, {"wd": "get"}, {"wd": "go down (with)", "wsls": ["chiefly British"]}, {"wd": "sicken (with)"}]], "rel_list": [[{"wd": "break out (with)"}], [{"wd": "die (from)"}, {"wd": "succumb (to)"}], [{"wd": "fail"}, {"wd": "languish"}, {"wd": "sink"}, {"wd": "waste (away)"}, {"wd": "weaken"}, {"wd": "wilt"}, {"wd": "wither"}, {"wd": "worsen"}]], "near_list": [[{"wd": "come back"}, {"wd": "gain"}, {"wd": "heal"}, {"wd": "mend"}, {"wd": "recoup"}, {"wd": "recover"}, {"wd": "recuperate"}, {"wd": "snap back"}], [{"wd": "rally"}, {"wd": "rebound"}, {"wd": "recover (from)"}, {"wd": "shake (off)"}]]}]], [["sense", {"sn": "4", "dt": [["text", "to decide to accept (someone or something) from a group of possibilities "], ["vis", [{"t": "you can {it}take{/it} the white side this time, since I got to be white for our last chess game"}]]], "syn_list": [[{"wd": "cherry-pick"}, {"wd": "choose"}, {"wd": "cull"}, {"wd": "elect"}, {"wd": "handpick"}, {"wd": "name"}, {"wd": "opt (for)"}, {"wd": "pick"}, {"wd": "prefer"}, {"wd": "select"}, {"wd": "single (out)"}, {"wd": "tag"}]], "rel_list": [[{"wd": "preselect"}], [{"wd": "appoint"}, {"wd": "designate"}, {"wd": "fix"}, {"wd": "mark"}, {"wd": "nominate"}, {"wd": "set"}, {"wd": "tab"}, {"wd": "tap"}], [{"wd": "accept"}, {"wd": "adopt"}, {"wd": "embrace"}, {"wd": "espouse"}], [{"wd": "settle (on or upon)"}]], "near_list": [[{"wd": "disapprove"}, {"wd": "negative"}, {"wd": "repudiate"}, {"wd": "spurn"}], [{"wd": "discard"}, {"wd": "jettison"}, {"wd": "throw away"}, {"wd": "throw out"}]], "ant_list": [[{"wd": "decline"}, {"wd": "refuse"}, {"wd": "reject"}, {"wd": "turn down"}]]}]], [["sense", {"sn": "5", "dt": [["text", "to get possession of (something) by giving money in exchange for "], ["vis", [{"t": "I'll {it}take{/it} two cheeseburgers to go, please"}]]], "syn_list": [[{"wd": "buy"}, {"wd": "cop", "wsls": ["slang"]}, {"wd": "pick up"}, {"wd": "purchase"}]], "rel_list": [[{"wd": "acquire"}, {"wd": "gain"}, {"wd": "garner"}, {"wd": "get"}, {"wd": "obtain"}, {"wd": "procure"}, {"wd": "secure"}, {"wd": "win"}], [{"wd": "finance"}, {"wd": "pay (for)"}, {"wd": "spring (for)"}], [{"wd": "barter (for)"}, {"wd": "deal (for)"}, {"wd": "dicker (over)"}, {"wd": "exchange (for)"}, {"wd": "haggle (for)"}, {"wd": "negotiate (about)"}, {"wd": "trade (for)"}], [{"wd": "bargain (with)"}, {"wd": "chaffer (with)"}, {"wd": "horse-trade (with)"}, {"wd": "palter (with)"}], [{"wd": "bid"}, {"wd": "offer"}], [{"wd": "rebuy"}, {"wd": "repurchase"}]], "near_list": [[{"wd": "deal (in)"}, {"wd": "market"}, {"wd": "merchandise", "wvrs": [{"wvl": "also", "wva": "merchandize"}]}, {"wd": "retail"}, {"wd": "sell"}, {"wd": "vend"}]]}]], [["sense", {"sn": "6", "dt": [["text", "to have as a requirement "], ["vis", [{"t": "it will {it}take{/it} a lot of courage to stand up for what is right"}]]], "syn_list": [[{"wd": "bear"}, {"wd": "challenge"}, {"wd": "claim"}, {"wd": "demand"}, {"wd": "necessitate"}, {"wd": "need"}, {"wd": "require"}, {"wd": "want"}, {"wd": "warrant"}]], "rel_list": [[{"wd": "entail"}, {"wd": "involve"}], [{"wd": "ask"}, {"wd": "beg"}, {"wd": "clamor (for)"}, {"wd": "cry (for)"}], [{"wd": "hurt (for)"}, {"wd": "lack"}], [{"wd": "command"}, {"wd": "enjoin"}, {"wd": "exact"}, {"wd": "insist"}, {"wd": "press"}, {"wd": "quest"}, {"wd": "stipulate"}]], "phrase_list": [[{"wd": "call for"}]], "near_list": [[{"wd": "own"}, {"wd": "possess"}]], "ant_list": [[{"wd": "have"}, {"wd": "hold"}]]}]], [["sense", {"sn": "7", "dt": [["text", "to make or have room for "], ["vis", [{"t": "I think we can {it}take{/it} two more in this elevator"}]]], "syn_list": [[{"wd": "accommodate"}, {"wd": "fit"}, {"wd": "hold"}]], "rel_list": [[{"wd": "carry"}, {"wd": "contain"}, {"wd": "seat"}], [{"wd": "enclose", "wvrs": [{"wvl": "also", "wva": "inclose"}]}, {"wd": "encompass"}, {"wd": "enfold"}], [{"wd": "harbor"}, {"wd": "house"}]]}]], [["sense", {"sn": "8", "dt": [["text", "to produce a desired effect "], ["vis", [{"t": "it will be a few hours before this medication {it}takes{/it}"}]]], "syn_list": [[{"wd": "act"}, {"wd": "operate"}, {"wd": "perform"}, {"wd": "work"}]], "rel_list": [[{"wd": "behave"}, {"wd": "react"}, {"wd": "respond"}], [{"wd": "affect"}, {"wd": "influence"}, {"wd": "sway"}], [{"wd": "pan out"}, {"wd": "redound"}, {"wd": "result"}]], "phrase_list": [[{"wd": "take effect"}, {"wd": "take hold"}]], "near_list": [[{"wd": "backfire"}], [{"wd": "fizzle"}]]}]], [["sense", {"sn": "9", "dt": [["text", "to put up with (something painful or difficult) "], ["vis", [{"t": "I can't {it}take{/it} anymore of your whining about your former boyfriend"}]]], "syn_list": [[{"wd": "abide"}, {"wd": "absorb"}, {"wd": "accept"}, {"wd": "bear"}, {"wd": "bide", "wsls": ["chiefly dialect"]}, {"wd": "brook"}, {"wd": "countenance"}, {"wd": "endure"}, {"wd": "go"}, {"wd": "hack"}, {"wd": "handle"}, {"wd": "meet"}, {"wd": "pocket"}, {"wd": "stand"}, {"wd": "stick out"}, {"wd": "stomach"}, {"wd": "support"}, {"wd": "sustain"}, {"wd": "sweat out"}, {"wd": "tolerate"}, {"wd": "wear", "wsls": ["British"]}]], "rel_list": [[{"wd": "allow"}, {"wd": "permit"}, {"wd": "suffer"}, {"wd": "swallow"}], [{"wd": "reconcile (to)"}], [{"wd": "acquiesce"}, {"wd": "agree (with or to)"}, {"wd": "assent (to)"}, {"wd": "capitulate"}, {"wd": "consent (to)"}, {"wd": "respect"}, {"wd": "submit (to)"}, {"wd": "yield (to)"}]], "phrase_list": [[{"wd": "live with"}, {"wd": "lump (it)"}, {"wd": "stand for"}, {"wd": "tough it out"}]], "near_list": [[{"wd": "decline"}, {"wd": "dismiss"}, {"wd": "refuse"}, {"wd": "reject"}, {"wd": "repudiate"}, {"wd": "spurn"}, {"wd": "turn down"}], [{"wd": "combat"}, {"wd": "contest"}, {"wd": "fight"}, {"wd": "oppose"}, {"wd": "resist"}], [{"wd": "avoid"}, {"wd": "bypass"}, {"wd": "circumvent"}, {"wd": "dodge"}, {"wd": "elude"}, {"wd": "escape"}, {"wd": "evade"}, {"wd": "miss"}], [{"wd": "abstain (from)"}, {"wd": "forbear"}, {"wd": "refrain (from)"}]]}]], [["sense", {"sn": "10", "dt": [["text", "to regard as right or true "], ["vis", [{"t": "I think we can {it}take{/it} his word for it"}]]], "syn_list": [[{"wd": "accept"}, {"wd": "believe"}, {"wd": "buy"}, {"wd": "credit"}, {"wd": "swallow"}, {"wd": "trust"}]], "rel_list": [[{"wd": "account"}, {"wd": "accredit"}, {"wd": "understand"}], [{"wd": "assume"}, {"wd": "presume"}, {"wd": "suppose"}], [{"wd": "conclude"}, {"wd": "deduce"}, {"wd": "infer"}]], "phrase_list": [[{"wd": "set store by", "wvrs": [{"wvl": "or", "wva": "set store on"}]}]], "near_list": [[{"wd": "distrust"}, {"wd": "doubt"}, {"wd": "misdoubt"}, {"wd": "mistrust"}, {"wd": "question"}, {"wd": "suspect"}], [{"wd": "challenge"}, {"wd": "dispute"}]], "ant_list": [[{"wd": "disbelieve"}, {"wd": "discredit"}, {"wd": "reject"}]]}]], [["sense", {"sn": "11", "dt": [["text", "to achieve a victory over "], ["vis", [{"t": "I know we can {it}take{/it} that team"}]]], "syn_list": [[{"wd": "beat"}, {"wd": "best"}, {"wd": "conquer"}, {"wd": "defeat"}, {"wd": "dispatch"}, {"wd": "do down", "wsls": ["British"]}, {"wd": "get"}, {"wd": "get around"}, {"wd": "lick"}, {"wd": "master"}, {"wd": "overbear"}, {"wd": "overcome"}, {"wd": "overmatch"}, {"wd": "prevail (over)"}, {"wd": "skunk"}, {"wd": "stop"}, {"wd": "subdue"}, {"wd": "surmount"}, {"wd": "trim"}, {"wd": "triumph (over)"}, {"wd": "upend"}, {"wd": "win (against)"}, {"wd": "worst"}]], "rel_list": [[{"wd": "sweep"}], [{"wd": "edge (out)"}, {"wd": "nose out"}, {"wd": "pip", "wsls": ["British"]}], [{"wd": "annihilate"}, {"wd": "blow away"}, {"wd": "blow out"}, {"wd": "bomb"}, {"wd": "break"}, {"wd": "bury"}, {"wd": "clobber"}, {"wd": "cream"}, {"wd": "crush"}, {"wd": "drub"}, {"wd": "finish"}, {"wd": "flatten"}, {"wd": "overwhelm"}, {"wd": "rout"}, {"wd": "shellac"}, {"wd": "skin"}, {"wd": "slaughter"}, {"wd": "smoke", "wsls": ["slang"]}, {"wd": "snow under"}, {"wd": "thrash"}, {"wd": "trounce"}, {"wd": "upset"}, {"wd": "wallop"}, {"wd": "wax", "wsls": ["slang"]}, {"wd": "whip"}], [{"wd": "cap"}, {"wd": "excel"}, {"wd": "flourish"}, {"wd": "score"}, {"wd": "succeed"}], [{"wd": "knock off"}, {"wd": "knock over"}, {"wd": "overpower"}, {"wd": "overthrow"}, {"wd": "subjugate"}, {"wd": "unseat"}, {"wd": "vanquish"}], [{"wd": "ace (out)"}, {"wd": "better"}, {"wd": "eclipse"}, {"wd": "exceed"}, {"wd": "excel"}, {"wd": "outdistance"}, {"wd": "outdo"}, {"wd": "outfight"}, {"wd": "outshine"}, {"wd": "outstrip"}, {"wd": "overtop"}, {"wd": "surpass"}, {"wd": "top"}, {"wd": "transcend"}]], "phrase_list": [[{"wd": "get the better of"}, {"wd": "knock for a loop"}]], "near_list": [[{"wd": "fall"}, {"wd": "give up"}, {"wd": "go down"}, {"wd": "go under"}], [{"wd": "collapse"}, {"wd": "fail"}, {"wd": "flop"}, {"wd": "flunk"}, {"wd": "fold"}, {"wd": "wash out"}]], "ant_list": [[{"wd": "lose (to)"}]]}]], [["sense", {"sn": "12", "dt": [["text", "to deal with (something) usually skillfully or efficiently "], ["vis", [{"t": "let's {it}take{/it} each problem separately"}]]], "syn_list": [[{"wd": "address"}, {"wd": "contend (with)"}, {"wd": "cope (with)"}, {"wd": "field"}, {"wd": "grapple (with)"}, {"wd": "hack"}, {"wd": "handle"}, {"wd": "manage"}, {"wd": "maneuver"}, {"wd": "manipulate"}, {"wd": "negotiate"}, {"wd": "play"}, {"wd": "swing"}, {"wd": "treat"}]], "rel_list": [[{"wd": "engineer"}, {"wd": "finesse"}, {"wd": "jockey"}], [{"wd": "bring off"}, {"wd": "carry off"}, {"wd": "carry out"}, {"wd": "get off"}, {"wd": "pull"}], [{"wd": "command"}, {"wd": "direct"}, {"wd": "guide"}, {"wd": "steer"}], [{"wd": "control"}, {"wd": "micromanage"}, {"wd": "regulate"}, {"wd": "run"}], [{"wd": "react (to)"}, {"wd": "respond (to)"}]], "phrase_list": [[{"wd": "come to grips with"}, {"wd": "have a grip on"}]], "near_list": [[{"wd": "botch"}, {"wd": "bungle"}, {"wd": "foozle"}, {"wd": "fumble"}, {"wd": "goof (up)"}, {"wd": "louse up"}, {"wd": "mess (up)"}, {"wd": "mishandle"}, {"wd": "muff"}, {"wd": "scamp"}]]}]], [["sense", {"sn": "13", "dt": [["text", "to offer entrance (as to a place, school, or privilege) to "], ["vis", [{"t": "the school {it}takes{/it} only a small percentage of the thousands of applicants"}]]], "syn_list": [[{"wd": "admit"}, {"wd": "enter"}, {"wd": "receive"}]], "rel_list": [[{"wd": "entertain"}, {"wd": "welcome"}], [{"wd": "fellowship"}], [{"wd": "confirm"}, {"wd": "ratify"}]], "near_list": [[{"wd": "decline"}, {"wd": "disallow"}, {"wd": "disapprove"}, {"wd": "dismiss"}, {"wd": "refuse"}, {"wd": "reject"}], [{"wd": "blackball"}, {"wd": "blacklist"}, {"wd": "ostracize"}], [{"wd": "banish"}, {"wd": "deport"}, {"wd": "exile"}, {"wd": "expel"}, {"wd": "oust"}, {"wd": "throw out"}]], "ant_list": [[{"wd": "ban"}, {"wd": "bar"}]]}]], [["sense", {"sn": "14", "dt": [["text", "to deprive of life "], ["vis", [{"t": "I never thought heart disease would {it}take{/it} such an athletic and health-conscious person"}]]], "syn_list": [[{"wd": "carry off"}, {"wd": "claim"}, {"wd": "croak", "wsls": ["slang"]}, {"wd": "destroy"}, {"wd": "dispatch"}, {"wd": "do in"}, {"wd": "fell"}, {"wd": "kill"}, {"wd": "slay"}]], "rel_list": [[{"wd": "bump off"}, {"wd": "butcher"}, {"wd": "cut down"}, {"wd": "finish"}, {"wd": "get"}, {"wd": "ice", "wsls": ["slang"]}, {"wd": "knock off"}, {"wd": "murder"}, {"wd": "neutralize"}, {"wd": "off", "wsls": ["slang"]}, {"wd": "put away"}, {"wd": "rub out"}, {"wd": "scrag"}, {"wd": "snuff"}, {"wd": "take out"}, {"wd": "waste"}, {"wd": "whack", "wsls": ["slang"]}], [{"wd": "annihilate"}, {"wd": "blot out"}, {"wd": "decimate"}, {"wd": "kill off"}, {"wd": "massacre"}, {"wd": "mow"}, {"wd": "slaughter"}, {"wd": "smite"}], [{"wd": "assassinate"}, {"wd": "execute"}, {"wd": "martyr"}, {"wd": "terminate"}], [{"wd": "euthanize", "wvrs": [{"wvl": "also", "wva": "euthanatize"}]}, {"wd": "put down"}], [{"wd": "suicide"}]], "phrase_list": [[{"wd": "do away with"}, {"wd": "do for", "wsls": ["chiefly British"]}, {"wd": "make away with"}]], "near_list": [[{"wd": "raise"}, {"wd": "restore"}, {"wd": "resurrect"}, {"wd": "resuscitate"}, {"wd": "revive"}], [{"wd": "nurture"}]], "ant_list": [[{"wd": "animate"}]]}]]]}], "shortdef": ["to reach for and take hold of by embracing with the fingers or arms", "to agree to receive whether willingly or reluctantly", "to become affected with (a disease or disorder)"]}]