[{"meta": {"id": "slide", "uuid": "f13fd3f5-98e0-48d6-87d4-ce57f879ee76", "src": "coll_thes", "section": "alpha", "target": {"tuuid": "666057d1-588f-4cf6-9007-f4c0f3e67c99", "tsrc": "collegiate"}, "stems": ["slide", "slid", "slides", "sliding"], "syns": [["lurk", "mooch", "mouse", "pussyfoot", "shirk", "skulk", "slink", "slip", "snake", "sneak", "steal"], ["bowl", "breeze", "brush", "coast", "cruise", "drift", "flow", "glide", "roll", "sail", "skim", "slip", "stream", "sweep", "whisk"], ["belly", "crawl", "creep", "grovel", "slither", "snake", "worm", "wriggle"]], "ants": [["flounder", "struggle"]], "offensive": false}, "hwi": {"hw": "slide"}, "fl": "verb", "def": [{"sseq": [[["sense", {"sn": "1", "dt": [["text", "to move about in a sly or secret manner "], ["vis", [{"t": "{it}slid{/it} gently into his seat without anyone else in church noticing"}]]], "syn_list": [[{"wd": "lurk"}, {"wd": "mooch"}, {"wd": "mouse"}, {"wd": "pussyfoot"}, {"wd": "shirk"}, {"wd": "skulk"}, {"wd": "slink"}, {"wd": "slip"}, {"wd": "snake"}, {"wd": "sneak"}, {"wd": "steal"}]], "rel_list": [[{"wd": "crawl"}, {"wd": "creep"}, {"wd": "edge"}, {"wd": "inch"}, {"wd": "worm"}], [{"wd": "ghost"}, {"wd": "pad"}, {"wd": "tiptoe"}]]}]], [["sense", {"sn": "2", "dt": [["text", "to move or proceed smoothly and readily "], ["vis", [{"t": "at this point the river {it}slides{/it} along its banks with barely a ripple"}]]], "syn_list": [[{"wd": "bowl"}, {"wd": "breeze"}, {"wd": "brush"}, {"wd": "coast"}, {"wd": "cruise"}, {"wd": "drift"}, {"wd": "flow"}, {"wd": "glide"}, {"wd": "roll"}, {"wd": "sail"}, {"wd": "skim"}, {"wd": "slip"}, {"wd": "stream"}, {"wd": "sweep"}, {"wd": "whisk"}]], "rel_list": [[{"wd": "fly"}, {"wd": "race"}, {"wd": "rush"}, {"wd": "speed"}]], "near_list": [[{"wd": "limp"}, {"wd": "lumber"}, {"wd": "plod"}, {"wd": "stumble"}, {"wd": "trudge"}], [{"wd": "shamble"}, {"wd": "shuffle"}], [{"wd": "stamp"}, {"wd": "stomp"}, {"wd": "stump"}, {"wd": "tramp"}], [{"wd": "labor"}, {"wd": "toil"}]], "ant_list": [[{"wd": "flounder"}, {"wd": "struggle"}]]}]], [["sense", {"sn": "3", "dt": [["text", "to move slowly with the body close to the ground "], ["vis", [{"t": "the convict escaped by {it}sliding{/it} through the prison's ductwork"}]]], "syn_list": [[{"wd": "belly"}, {"wd": "crawl"}, {"wd": "creep"}, {"wd": "grovel"}, {"wd": "slither"}, {"wd": "snake"}, {"wd": "worm"}, {"wd": "wriggle"}]], "rel_list": [[{"wd": "crouch"}, {"wd": "squat"}], [{"wd": "edge"}, {"wd": "inch"}, {"wd": "nose"}], [{"wd": "skulk"}, {"wd": "sneak"}, {"wd": "steal"}, {"wd": "tiptoe"}]]}]]]}], "shortdef": ["to move about in a sly or secret manner", "to move or proceed smoothly and readily", "to move slowly with the body close to the ground"]}, {"meta": {"id": "slide", "uuid": "acab9aca-d61a-49ba-b27c-df868ccaf37b", "src": "CTenhance", "section": "alpha", "stems": ["slide", "slides"], "syns": [["avalanche", "snowslide", "landslide", "mudslide", "burst", "cataclysm", "cataract", "deluge", "discharge", "engulfment", "washout", "flood", "flood tide", "flush", "gush", "inundation", "Niagara", "outburst", "outflow", "outpouring", "overflow", "spate", "surge", "torrent", "current", "river", "stream", "tide", "alluvion", "bath", "flux", "inflow", "influx", "blizzard", "cascade", "waterfall"]], "ants": [["dribble", "drip", "trickle"]], "offensive": false}, "hwi": {"hw": "slide"}, "fl": "noun", "def": [{"sseq": [[["sense", {"dt": [["text", "a large mass especially of snow, ice, dirt, or rocks descending from a high place "], ["vis", [{"t": "The {it}slide{/it} caused by the storm made the road impassable."}]]], "sim_list": [[{"wd": "avalanche"}, {"wd": "snowslide"}, {"wd": "landslide"}, {"wd": "mudslide"}], [{"wd": "burst"}, {"wd": "cataclysm"}, {"wd": "cataract"}, {"wd": "deluge"}, {"wd": "discharge"}, {"wd": "engulfment"}, {"wd": "washout"}, {"wd": "flood"}, {"wd": "flood tide"}, {"wd": "flush"}, {"wd": "gush"}, {"wd": "inundation"}, {"wd": "Niagara"}, {"wd": "outburst"}, {"wd": "outflow"}, {"wd": "outpouring"}, {"wd": "overflow"}, {"wd": "spate"}, {"wd": "surge"}, {"wd": "torrent"}], [{"wd": "current"}, {"wd": "river"}, {"wd": "stream"}, {"wd": "tide"}, {"wd": "alluvion"}, {"wd": "bath"}], [{"wd": "flux"}, {"wd": "inflow"}, {"wd": "influx"}], [{"wd": "blizzard"}], [{"wd": "cascade"}, {"wd": "waterfall"}]], "opp_list": [[{"wd": "dribble"}, {"wd": "drip"}, {"wd": "trickle"}]]}]]]}], "shortdef": ["a large mass especially of snow, ice, dirt, or rocks descending from a high place"]}, {"meta": {"id": "slid", "uuid": "02f92e39-18e1-4e49-bf56-061cb3620d6f", "src": "coll_thes", "section": "alpha", "stems": ["slid", "slide", "slides", "sliding"], "syns": [["lurked", "mooched", "moused", "pussyfooted", "shirked", "skulked", "slipped", "slunk", "snaked", "sneaked", "stole"], ["bowled", "breezed", "brushed", "coasted", "cruised", "drifted", "flowed", "glided", "rolled", "sailed", "skimmed", "slipped", "streamed", "swept", "whisked"], ["bellied", "crawled", "crept", "groveled", "slithered", "snaked", "wormed", "wriggled"]], "ants": [["floundered", "struggled"]], "offensive": false}, "hwi": {"hw": "slid"}, "fl": "verb", "sls": ["past tense of {d_link|slide|slide}"], "def": [{"sseq": [[["sense", {"sn": "1", "dt": [["text", "to move about in a sly or secret manner "], ["vis", [{"t": "{it}slid{/it} gently into his seat without anyone else in church noticing"}]]], "syn_list": [[{"wd": "lurked"}, {"wd": "mooched"}, {"wd": "moused"}, {"wd": "pussyfooted"}, {"wd": "shirked"}, {"wd": "skulked"}, {"wd": "slipped"}, {"wd": "slunk", "wvrs": [{"wvl": "also", "wva": "slinked"}]}, {"wd": "snaked"}, {"wd": "sneaked", "wvrs": [{"wvl": "or", "wva": "snuck"}]}, {"wd": "stole"}]], "rel_list": [[{"wd": "crawled"}, {"wd": "crept"}, {"wd": "edged"}, {"wd": "inched"}, {"wd": "wormed"}], [{"wd": "ghosted"}, {"wd": "padded"}, {"wd": "tiptoed"}]]}]], [["sense", {"sn": "2", "dt": [["text", "to move or proceed smoothly and readily "], ["vis", [{"t": "at this point the river {it}slides{/it} along its banks with barely a ripple"}]]], "syn_list": [[{"wd": "bowled"}, {"wd": "breezed"}, {"wd": "brushed"}, {"wd": "coasted"}, {"wd": "cruised"}, {"wd": "drifted"}, {"wd": "flowed"}, {"wd": "glided"}, {"wd": "rolled"}, {"wd": "sailed"}, {"wd": "skimmed"}, {"wd": "slipped"}, {"wd": "streamed"}, {"wd": "swept"}, {"wd": "whisked"}]], "rel_list": [[{"wd": "flew"}, {"wd": "raced"}, {"wd": "rushed"}, {"wd": "sped", "wvrs": [{"wvl": "or", "wva": "speeded"}]}]], "near_list": [[{"wd": "limped"}, {"wd": "lumbered"}, {"wd": "plodded"}, {"wd": "stumbled"}, {"wd": "trudged"}], [{"wd": "shambled"}, {"wd": "shuffled"}], [{"wd": "stamped"}, {"wd": "stomped"}, {"wd": "stumped"}, {"wd": "tramped"}], [{"wd": "labored"}, {"wd": "toiled"}]], "ant_list": [[{"wd": "floundered"}, {"wd": "struggled"}]]}]], [["sense", {"sn": "3", "dt": [["text", "to move slowly with the body close to the ground "], ["vis", [{"t": "the convict escaped by {it}sliding{/it} through the prison's ductwork"}]]], "syn_list": [[{"wd": "bellied"}, {"wd": "crawled"}, {"wd": "crept"}, {"wd": "groveled", "wvrs": [{"wvl": "or", "wva": "grovelled"}]}, {"wd": "slithered"}, {"wd": "snaked"}, {"wd": "wormed"}, {"wd": "wriggled"}]], "rel_list": [[{"wd": "crouched"}, {"wd": "squatted"}], [{"wd": "edged"}, {"wd": "inched"}, {"wd": "nosed"}], [{"wd": "skulked"}, {"wd": "sneaked", "wvrs": [{"wvl": "or", "wva": "snuck"}]}, {"wd": "stole"}, {"wd": "tiptoed"}]]}]]]}], "shortdef": ["to move about in a sly or secret manner", "to move or proceed smoothly and readily", "to move slowly with the body close to the ground"]}]