[{"meta": {"id": "slipped", "uuid": "47aa4e14-bba9-4ae6-9b2d-0dae0f0766b5", "src": "coll_thes", "section": "alpha", "stems": ["slipped"], "syns": [["sagged"], ["fell", "stumbled", "toppled", "tripped", "tumbled"], ["infiltrated", "insinuated", "sneaked", "worked in", "wormed", "wound", "wriggled"], ["lurked", "mooched", "moused", "pussyfooted", "shirked", "skulked", "slid", "slunk", "snaked", "sneaked", "stole"], ["bowled", "breezed", "brushed", "coasted", "cruised", "drifted", "flowed", "glided", "rolled", "sailed", "skimmed", "slid", "streamed", "swept", "whisked"], ["exfoliated", "molted", "shed", "sloughed"]], "ants": [["got up", "rose", "stood (up)", "uprose"], ["floundered", "struggled"]], "offensive": false}, "hwi": {"hw": "slipped"}, "fl": "verb", "sls": ["past tense of {d_link|slip|slip}"], "def": [{"sseq": [[["sense", {"sn": "1", "dt": [["text", "to decline gradually from a standard level "], ["vis", [{"t": "the store's quality of service began to {it}slip{/it} after the new owners took over"}]]], "syn_list": [[{"wd": "sagged"}]], "rel_list": [[{"wd": "dropped"}, {"wd": "fell"}, {"wd": "slumped"}], [{"wd": "flagged"}, {"wd": "sank", "wvrs": [{"wvl": "or", "wva": "sunk"}]}, {"wd": "slackened"}, {"wd": "slowed (down)"}, {"wd": "weakened"}], [{"wd": "abated"}, {"wd": "contracted"}, {"wd": "decreased"}, {"wd": "de-escalated"}, {"wd": "died (down)"}, {"wd": "diminished"}, {"wd": "dwindled"}, {"wd": "ebbed"}, {"wd": "lessened"}, {"wd": "let up"}, {"wd": "lowered"}, {"wd": "moderated"}, {"wd": "receded"}, {"wd": "relented"}, {"wd": "shrank", "wvrs": [{"wvl": "or", "wva": "shrunk"}]}, {"wd": "subsided"}, {"wd": "tapered"}, {"wd": "tapered off"}, {"wd": "waned"}]], "near_list": [[{"wd": "rocketed"}, {"wd": "shot (up)"}, {"wd": "soared"}], [{"wd": "ballooned"}, {"wd": "burgeoned", "wvrs": [{"wvl": "also", "wva": "bourgeoned"}]}, {"wd": "enlarged"}, {"wd": "escalated"}, {"wd": "expanded"}, {"wd": "increased"}, {"wd": "mounted"}, {"wd": "multiplied"}, {"wd": "mushroomed"}, {"wd": "proliferated"}, {"wd": "snowballed"}, {"wd": "swelled"}, {"wd": "waxed"}], [{"wd": "crested"}, {"wd": "peaked"}, {"wd": "surged"}]]}]], [["sense", {"sn": "2", "dt": [["text", "to go down from an upright position suddenly and involuntarily "], ["vis", [{"t": "be careful not to {it}slip{/it} on the spilled oil"}]]], "syn_list": [[{"wd": "fell"}, {"wd": "stumbled"}, {"wd": "toppled"}, {"wd": "tripped"}, {"wd": "tumbled"}]], "rel_list": [[{"wd": "collapsed"}, {"wd": "crumpled"}, {"wd": "dropped"}, {"wd": "flumped"}, {"wd": "keeled"}, {"wd": "plopped"}, {"wd": "plunked", "wvrs": [{"wvl": "or", "wva": "plonked"}]}, {"wd": "slumped (over)"}], [{"wd": "crashed"}, {"wd": "free-fell"}, {"wd": "nose-dived"}, {"wd": "plummeted"}, {"wd": "plunged"}, {"wd": "precipitated"}, {"wd": "wiped out"}], [{"wd": "skidded"}, {"wd": "slid"}]], "ant_list": [[{"wd": "got up"}, {"wd": "rose"}, {"wd": "stood (up)"}, {"wd": "uprose"}]]}]], [["sense", {"sn": "3", "dt": [["text", "to introduce in a gradual, secret, or clever way "], ["vis", [{"t": "casually {it}slipped{/it} it into the conversation"}]]], "syn_list": [[{"wd": "infiltrated"}, {"wd": "insinuated"}, {"wd": "sneaked", "wvrs": [{"wvl": "or", "wva": "snuck"}]}, {"wd": "worked in"}, {"wd": "wormed"}, {"wd": "wound", "wvrs": [{"wvl": "also", "wva": "winded"}]}, {"wd": "wriggled"}]], "rel_list": [[{"wd": "crept"}, {"wd": "edged"}, {"wd": "wiggled"}], [{"wd": "inserted"}, {"wd": "interpolated"}, {"wd": "interposed"}, {"wd": "introduced"}]]}]], [["sense", {"sn": "4", "dt": [["text", "to move about in a sly or secret manner "], ["vis", [{"t": "{it}slipped{/it} behind the cover of the trees"}]]], "syn_list": [[{"wd": "lurked"}, {"wd": "mooched"}, {"wd": "moused"}, {"wd": "pussyfooted"}, {"wd": "shirked"}, {"wd": "skulked"}, {"wd": "slid"}, {"wd": "slunk", "wvrs": [{"wvl": "also", "wva": "slinked"}]}, {"wd": "snaked"}, {"wd": "sneaked", "wvrs": [{"wvl": "or", "wva": "snuck"}]}, {"wd": "stole"}]], "rel_list": [[{"wd": "crawled"}, {"wd": "crept"}, {"wd": "edged"}, {"wd": "inched"}, {"wd": "wormed"}], [{"wd": "ghosted"}, {"wd": "padded"}, {"wd": "tiptoed"}]]}]], [["sense", {"sn": "5", "dt": [["text", "to move or proceed smoothly and readily "], ["vis", [{"t": "jumped into the car and {it}slipped{/it} behind the wheel"}]]], "syn_list": [[{"wd": "bowled"}, {"wd": "breezed"}, {"wd": "brushed"}, {"wd": "coasted"}, {"wd": "cruised"}, {"wd": "drifted"}, {"wd": "flowed"}, {"wd": "glided"}, {"wd": "rolled"}, {"wd": "sailed"}, {"wd": "skimmed"}, {"wd": "slid"}, {"wd": "streamed"}, {"wd": "swept"}, {"wd": "whisked"}]], "rel_list": [[{"wd": "flew"}, {"wd": "raced"}, {"wd": "rushed"}, {"wd": "sped", "wvrs": [{"wvl": "or", "wva": "speeded"}]}]], "near_list": [[{"wd": "limped"}, {"wd": "lumbered"}, {"wd": "plodded"}, {"wd": "stumbled"}, {"wd": "trudged"}], [{"wd": "shambled"}, {"wd": "shuffled"}], [{"wd": "stamped"}, {"wd": "stomped"}, {"wd": "stumped"}, {"wd": "tramped"}], [{"wd": "labored"}, {"wd": "toiled"}]], "ant_list": [[{"wd": "floundered"}, {"wd": "struggled"}]]}]], [["sense", {"sn": "6", "dt": [["text", "to cast (a natural bodily covering or appendage) aside "], ["vis", [{"t": "periodically crabs {it}slip{/it} their shells and grow new ones"}]]], "syn_list": [[{"wd": "exfoliated"}, {"wd": "molted"}, {"wd": "shed"}, {"wd": "sloughed", "wvrs": [{"wvl": "also", "wva": "sluffed"}]}]], "rel_list": [[{"wd": "flaked"}, {"wd": "peeled"}, {"wd": "scaled"}], [{"wd": "chucked"}, {"wd": "discarded"}, {"wd": "ditched"}, {"wd": "flung (off or away)"}, {"wd": "jettisoned"}, {"wd": "junked"}, {"wd": "scrapped"}, {"wd": "shucked (off)"}, {"wd": "threw away"}, {"wd": "threw out"}, {"wd": "unloaded"}]]}]]]}], "shortdef": ["to decline gradually from a standard level", "to go down from an upright position suddenly and involuntarily", "to introduce in a gradual, secret, or clever way"]}, {"meta": {"id": "slip", "uuid": "2cba490c-75d6-4f1f-89a3-2bcbe5c2bb13", "src": "coll_thes", "section": "alpha", "stems": ["slip", "slipped", "slipping", "slips"], "syns": [["sag"], ["fall", "stumble", "topple", "trip", "tumble"], ["infiltrate", "insinuate", "sneak", "wind", "work in", "worm", "wriggle"], ["lurk", "mooch", "mouse", "pussyfoot", "shirk", "skulk", "slide", "slink", "snake", "sneak", "steal"], ["bowl", "breeze", "brush", "coast", "cruise", "drift", "flow", "glide", "roll", "sail", "skim", "slide", "stream", "sweep", "whisk"], ["exfoliate", "molt", "shed", "slough"]], "ants": [["get up", "rise", "stand (up)", "uprise"], ["flounder", "struggle"]], "offensive": false}, "hwi": {"hw": "slip"}, "fl": "verb", "def": [{"sseq": [[["sense", {"sn": "1", "dt": [["text", "to decline gradually from a standard level "], ["vis", [{"t": "the store's quality of service began to {it}slip{/it} after the new owners took over"}]]], "syn_list": [[{"wd": "sag"}]], "rel_list": [[{"wd": "drop"}, {"wd": "fall"}, {"wd": "slump"}], [{"wd": "flag"}, {"wd": "sink"}, {"wd": "slacken"}, {"wd": "slow (down)"}, {"wd": "weaken"}], [{"wd": "abate"}, {"wd": "contract"}, {"wd": "decrease"}, {"wd": "de-escalate"}, {"wd": "die (down)"}, {"wd": "diminish"}, {"wd": "dwindle"}, {"wd": "ebb"}, {"wd": "lessen"}, {"wd": "let up"}, {"wd": "lower"}, {"wd": "moderate"}, {"wd": "recede"}, {"wd": "relent"}, {"wd": "shrink"}, {"wd": "subside"}, {"wd": "taper"}, {"wd": "taper off"}, {"wd": "wane"}]], "near_list": [[{"wd": "rocket"}, {"wd": "shoot (up)"}, {"wd": "soar"}], [{"wd": "balloon"}, {"wd": "burgeon", "wvrs": [{"wvl": "also", "wva": "bourgeon"}]}, {"wd": "enlarge"}, {"wd": "escalate"}, {"wd": "expand"}, {"wd": "increase"}, {"wd": "mount"}, {"wd": "multiply"}, {"wd": "mushroom"}, {"wd": "proliferate"}, {"wd": "snowball"}, {"wd": "swell"}, {"wd": "wax"}], [{"wd": "crest"}, {"wd": "peak"}, {"wd": "surge"}]]}]], [["sense", {"sn": "2", "dt": [["text", "to go down from an upright position suddenly and involuntarily "], ["vis", [{"t": "be careful not to {it}slip{/it} on the spilled oil"}]]], "syn_list": [[{"wd": "fall"}, {"wd": "stumble"}, {"wd": "topple"}, {"wd": "trip"}, {"wd": "tumble"}]], "rel_list": [[{"wd": "collapse"}, {"wd": "crumple"}, {"wd": "drop"}, {"wd": "flump"}, {"wd": "keel"}, {"wd": "plop"}, {"wd": "plunk", "wvrs": [{"wvl": "or", "wva": "plonk"}]}, {"wd": "slump (over)"}], [{"wd": "crash"}, {"wd": "free-fall"}, {"wd": "nose-dive"}, {"wd": "plummet"}, {"wd": "plunge"}, {"wd": "precipitate"}, {"wd": "wipe out"}], [{"wd": "skid"}, {"wd": "slide"}]], "ant_list": [[{"wd": "get up"}, {"wd": "rise"}, {"wd": "stand (up)"}, {"wd": "uprise"}]]}]], [["sense", {"sn": "3", "dt": [["text", "to introduce in a gradual, secret, or clever way "], ["vis", [{"t": "casually {it}slipped{/it} it into the conversation"}]]], "syn_list": [[{"wd": "infiltrate"}, {"wd": "insinuate"}, {"wd": "sneak"}, {"wd": "wind"}, {"wd": "work in"}, {"wd": "worm"}, {"wd": "wriggle"}]], "rel_list": [[{"wd": "creep"}, {"wd": "edge"}, {"wd": "wiggle"}], [{"wd": "insert"}, {"wd": "interpolate"}, {"wd": "interpose"}, {"wd": "introduce"}]]}]], [["sense", {"sn": "4", "dt": [["text", "to move about in a sly or secret manner "], ["vis", [{"t": "{it}slipped{/it} behind the cover of the trees"}]]], "syn_list": [[{"wd": "lurk"}, {"wd": "mooch"}, {"wd": "mouse"}, {"wd": "pussyfoot"}, {"wd": "shirk"}, {"wd": "skulk"}, {"wd": "slide"}, {"wd": "slink"}, {"wd": "snake"}, {"wd": "sneak"}, {"wd": "steal"}]], "rel_list": [[{"wd": "crawl"}, {"wd": "creep"}, {"wd": "edge"}, {"wd": "inch"}, {"wd": "worm"}], [{"wd": "ghost"}, {"wd": "pad"}, {"wd": "tiptoe"}]]}]], [["sense", {"sn": "5", "dt": [["text", "to move or proceed smoothly and readily "], ["vis", [{"t": "jumped into the car and {it}slipped{/it} behind the wheel"}]]], "syn_list": [[{"wd": "bowl"}, {"wd": "breeze"}, {"wd": "brush"}, {"wd": "coast"}, {"wd": "cruise"}, {"wd": "drift"}, {"wd": "flow"}, {"wd": "glide"}, {"wd": "roll"}, {"wd": "sail"}, {"wd": "skim"}, {"wd": "slide"}, {"wd": "stream"}, {"wd": "sweep"}, {"wd": "whisk"}]], "rel_list": [[{"wd": "fly"}, {"wd": "race"}, {"wd": "rush"}, {"wd": "speed"}]], "near_list": [[{"wd": "limp"}, {"wd": "lumber"}, {"wd": "plod"}, {"wd": "stumble"}, {"wd": "trudge"}], [{"wd": "shamble"}, {"wd": "shuffle"}], [{"wd": "stamp"}, {"wd": "stomp"}, {"wd": "stump"}, {"wd": "tramp"}], [{"wd": "labor"}, {"wd": "toil"}]], "ant_list": [[{"wd": "flounder"}, {"wd": "struggle"}]]}]], [["sense", {"sn": "6", "dt": [["text", "to cast (a natural bodily covering or appendage) aside "], ["vis", [{"t": "periodically crabs {it}slip{/it} their shells and grow new ones"}]]], "syn_list": [[{"wd": "exfoliate"}, {"wd": "molt"}, {"wd": "shed"}, {"wd": "slough", "wvrs": [{"wvl": "also", "wva": "sluff"}]}]], "rel_list": [[{"wd": "flake"}, {"wd": "peel"}, {"wd": "scale"}], [{"wd": "chuck"}, {"wd": "discard"}, {"wd": "ditch"}, {"wd": "fling (off or away)"}, {"wd": "jettison"}, {"wd": "junk"}, {"wd": "scrap"}, {"wd": "shuck (off)"}, {"wd": "throw away"}, {"wd": "throw out"}, {"wd": "unload"}]]}]]]}], "shortdef": ["to decline gradually from a standard level", "to go down from an upright position suddenly and involuntarily", "to introduce in a gradual, secret, or clever way"]}, {"meta": {"id": "slip (on or into)", "uuid": "97aa8408-7e5b-4cb0-afd5-39f3f9b77f2e", "src": "coll_thes", "section": "alpha", "stems": ["slip (on or into)", "slip", "slip on", "slip into", "slipped", "slipping", "slips"], "syns": [["don", "put on", "throw (on)"]], "ants": [["doff", "remove", "take off"]], "offensive": false}, "hwi": {"hw": "slip (on or into)"}, "fl": "verb", "def": [{"sseq": [[["sense", {"dt": [["text", "to place on one's person "], ["vis", [{"t": "wait here while I {it}slip into{/it} something more comfortable"}]]], "syn_list": [[{"wd": "don"}, {"wd": "put on"}, {"wd": "throw (on)"}]], "rel_list": [[{"wd": "apparel"}, {"wd": "array"}, {"wd": "attire"}, {"wd": "bedeck"}, {"wd": "bedizen"}, {"wd": "bundle up"}, {"wd": "caparison"}, {"wd": "clothe"}, {"wd": "doll up"}, {"wd": "dress"}, {"wd": "garb"}, {"wd": "rig"}, {"wd": "robe"}, {"wd": "suit"}, {"wd": "trick"}, {"wd": "uniform"}], [{"wd": "overdress"}]], "near_list": [[{"wd": "disrobe"}, {"wd": "strip"}, {"wd": "undress"}]], "ant_list": [[{"wd": "doff"}, {"wd": "remove"}, {"wd": "take off"}]]}]]]}], "shortdef": ["to place on one's person"]}, {"meta": {"id": "slipped (into)", "uuid": "86e576f9-1db3-4bf3-8890-5f1cfdf80a12", "src": "CTcompile", "section": "alpha", "stems": ["slipped (into)", "slipped into"], "syns": [["donned", "put on", "threw (on)", "wore", "appareled", "arrayed", "attired", "bedecked", "clothed", "dressed", "garbed", "rigged", "robed", "suited"]], "ants": [["doffed", "doused", "peeled (off)", "put off", "removed", "shrugged off", "took off", "husked", "shed", "kicked (off)"]], "offensive": false}, "hwi": {"hw": "slipped (into)"}, "fl": "verb", "sls": ["past tense of {d_link|slip (into)|slip (into)}"], "def": [{"sseq": [[["sense", {"dt": [["text", "as in {it}put on{/it}, {it}donned{/it}"]], "sim_list": [[{"wd": "donned"}, {"wd": "put on"}, {"wd": "threw (on)"}], [{"wd": "wore"}], [{"wd": "appareled", "wvrs": [{"wvl": "or", "wva": "apparelled"}]}, {"wd": "arrayed"}, {"wd": "attired"}, {"wd": "bedecked"}, {"wd": "clothed", "wvrs": [{"wvl": "or", "wva": "clad"}]}, {"wd": "dressed"}, {"wd": "garbed"}, {"wd": "rigged"}, {"wd": "robed"}, {"wd": "suited"}]], "opp_list": [[{"wd": "doffed"}, {"wd": "doused"}, {"wd": "peeled (off)"}, {"wd": "put off"}, {"wd": "removed"}, {"wd": "shrugged off"}, {"wd": "took off"}], [{"wd": "husked"}, {"wd": "shed"}], [{"wd": "kicked (off)"}]]}]]]}], "shortdef": ["as in put on, donned"]}, {"meta": {"id": "slipped up", "uuid": "9eca5f63-4cc0-4400-877d-6dfdd7032d70", "src": "coll_thes", "section": "alpha", "stems": ["slipped up"], "syns": [["blundered", "boobed", "erred", "flubbed", "fluffed", "fouled up", "fumbled", "goofed (up)", "loused up", "messed (up)", "screwed up", "stumbled", "tripped"]], "ants": [], "offensive": false}, "hwi": {"hw": "slipped up"}, "fl": "verb", "sls": ["past tense of {d_link|slip up|slip up}"], "def": [{"sseq": [[["sense", {"dt": [["text", "to make a mistake "], ["vis", [{"t": "if you {it}slip up{/it} in copying the data, the final result will of course be wrong"}]]], "syn_list": [[{"wd": "blundered"}, {"wd": "boobed", "wsls": ["British"]}, {"wd": "erred"}, {"wd": "flubbed"}, {"wd": "fluffed"}, {"wd": "fouled up"}, {"wd": "fumbled"}, {"wd": "goofed (up)"}, {"wd": "loused up"}, {"wd": "messed (up)"}, {"wd": "screwed up"}, {"wd": "stumbled"}, {"wd": "tripped"}]], "rel_list": [[{"wd": "nodded"}], [{"wd": "bobbled"}, {"wd": "botched"}, {"wd": "bungled"}, {"wd": "butchered"}, {"wd": "foozled"}, {"wd": "mangled"}, {"wd": "mishandled"}, {"wd": "muffed"}, {"wd": "murdered"}], [{"wd": "miscalculated"}, {"wd": "misconceived"}, {"wd": "miscounted"}, {"wd": "miscued"}, {"wd": "misdeemed"}, {"wd": "misgauged", "wvrs": [{"wvl": "also", "wva": "misgaged"}]}, {"wd": "misjudged"}, {"wd": "mistook"}], [{"wd": "misconstrued"}, {"wd": "misinterpreted"}, {"wd": "misunderstood"}]], "phrase_list": [[{"wd": "dropped the ball"}, {"wd": "laid an egg"}]]}]]]}], "shortdef": ["to make a mistake"]}, {"meta": {"id": "pink-slipped", "uuid": "f3436d41-08a4-45a9-b706-dfb6e6075f52", "src": "coll_thes", "section": "alpha", "stems": ["pink-slipped"], "syns": [["axed", "bounced", "canned", "cashiered", "discharged", "dismissed", "fired", "mustered out", "released", "removed", "retired", "sacked", "terminated", "turned off"]], "ants": [["employed", "engaged", "hired", "retained", "signed (up or on)", "took on"]], "offensive": false}, "hwi": {"hw": "pink-slipped"}, "fl": "verb", "sls": ["past tense of {d_link|pink-slip|pink-slip}"], "def": [{"sseq": [[["sense", {"dt": [["text", "to let go from office, service, or employment "], ["vis", [{"t": "the company {it}pink-slipped{/it} 300 workers in an effort to avoid bankruptcy"}]]], "syn_list": [[{"wd": "axed"}, {"wd": "bounced"}, {"wd": "canned"}, {"wd": "cashiered"}, {"wd": "discharged"}, {"wd": "dismissed"}, {"wd": "fired"}, {"wd": "mustered out"}, {"wd": "released"}, {"wd": "removed"}, {"wd": "retired"}, {"wd": "sacked"}, {"wd": "terminated"}, {"wd": "turned off"}]], "rel_list": [[{"wd": "downsized"}, {"wd": "excessed"}, {"wd": "furloughed"}, {"wd": "laid off"}, {"wd": "trimmed"}], [{"wd": "booted (out)"}, {"wd": "chucked (out)"}, {"wd": "drummed (out)"}, {"wd": "kicked out"}, {"wd": "threw out"}, {"wd": "unseated"}], [{"wd": "separated"}]], "phrase_list": [[{"wd": "sent packing"}, {"wd": "showed (someone) the door"}]], "near_list": [[{"wd": "kept"}], [{"wd": "reemployed", "wvrs": [{"wvl": "or", "wva": "re-employed"}]}, {"wd": "rehired"}], [{"wd": "contracted"}, {"wd": "subcontracted"}], [{"wd": "recruited"}]], "ant_list": [[{"wd": "employed"}, {"wd": "engaged"}, {"wd": "hired"}, {"wd": "retained"}, {"wd": "signed (up or on)"}, {"wd": "took on"}]]}]]]}], "shortdef": ["to let go from office, service, or employment"]}, {"meta": {"id": "pink-slip", "uuid": "52e0820e-ac7f-4e80-9a03-5c3708e603e9", "src": "coll_thes", "section": "alpha", "stems": ["pink-slip", "pink-slipped", "pink-slipping", "pink-slips"], "syns": [["ax", "bounce", "can", "cashier", "discharge", "dismiss", "fire", "muster out", "release", "remove", "retire", "sack", "terminate", "turn off"]], "ants": [["employ", "engage", "hire", "retain", "sign (up or on)", "take on"]], "offensive": false}, "hwi": {"hw": "pink-slip"}, "fl": "verb", "def": [{"sseq": [[["sense", {"dt": [["text", "to let go from office, service, or employment "], ["vis", [{"t": "the company {it}pink-slipped{/it} 300 workers in an effort to avoid bankruptcy"}]]], "syn_list": [[{"wd": "ax", "wvrs": [{"wvl": "or", "wva": "axe"}]}, {"wd": "bounce"}, {"wd": "can"}, {"wd": "cashier"}, {"wd": "discharge"}, {"wd": "dismiss"}, {"wd": "fire"}, {"wd": "muster out"}, {"wd": "release"}, {"wd": "remove"}, {"wd": "retire"}, {"wd": "sack"}, {"wd": "terminate"}, {"wd": "turn off"}]], "rel_list": [[{"wd": "downsize"}, {"wd": "excess"}, {"wd": "furlough"}, {"wd": "lay off"}, {"wd": "trim"}], [{"wd": "boot (out)"}, {"wd": "chuck (out)"}, {"wd": "drum (out)"}, {"wd": "kick out"}, {"wd": "throw out"}, {"wd": "unseat"}], [{"wd": "separate"}]], "phrase_list": [[{"wd": "send packing"}, {"wd": "show (someone) the door"}]], "near_list": [[{"wd": "keep"}], [{"wd": "reemploy"}, {"wd": "rehire"}], [{"wd": "contract"}, {"wd": "subcontract"}], [{"wd": "recruit"}]], "ant_list": [[{"wd": "employ"}, {"wd": "engage"}, {"wd": "hire"}, {"wd": "retain"}, {"wd": "sign (up or on)"}, {"wd": "take on"}]]}]]]}], "shortdef": ["to let go from office, service, or employment"]}, {"meta": {"id": "slip up", "uuid": "c117a351-c86e-43d0-bb4b-c95a596c47ef", "src": "coll_thes", "section": "alpha", "target": {"tuuid": "b06e23f0-8455-4c76-b91f-a1d651916586", "tsrc": "collegiate"}, "stems": ["slip up", "slipped up", "slipping up", "slips up"], "syns": [["blunder", "boob", "err", "flub", "fluff", "foul up", "fumble", "goof (up)", "louse up", "mess (up)", "screw up", "stumble", "trip"]], "ants": [], "offensive": false}, "hwi": {"hw": "slip up"}, "fl": "verb", "def": [{"sseq": [[["sense", {"dt": [["text", "to make a mistake "], ["vis", [{"t": "if you {it}slip up{/it} in copying the data, the final result will of course be wrong"}]]], "syn_list": [[{"wd": "blunder"}, {"wd": "boob", "wsls": ["British"]}, {"wd": "err"}, {"wd": "flub"}, {"wd": "fluff"}, {"wd": "foul up"}, {"wd": "fumble"}, {"wd": "goof (up)"}, {"wd": "louse up"}, {"wd": "mess (up)"}, {"wd": "screw up"}, {"wd": "stumble"}, {"wd": "trip"}]], "rel_list": [[{"wd": "nod"}], [{"wd": "bobble"}, {"wd": "botch"}, {"wd": "bungle"}, {"wd": "butcher"}, {"wd": "foozle"}, {"wd": "mangle"}, {"wd": "mishandle"}, {"wd": "muff"}, {"wd": "murder"}], [{"wd": "miscalculate"}, {"wd": "misconceive"}, {"wd": "miscount"}, {"wd": "miscue"}, {"wd": "misdeem"}, {"wd": "misgauge"}, {"wd": "misjudge"}, {"wd": "mistake"}], [{"wd": "misconstrue"}, {"wd": "misinterpret"}, {"wd": "misunderstand"}]], "phrase_list": [[{"wd": "drop the ball"}, {"wd": "lay an egg"}]]}]]]}], "shortdef": ["to make a mistake"]}]