[{"meta": {"id": "slip:1", "uuid": "160abeac-f655-4d6c-badd-7ea6c602228b", "sort": "194484400", "src": "collegiate", "section": "alpha", "stems": ["slip", "slipped", "slipping", "slips"], "offensive": false}, "hom": 1, "hwi": {"hw": "slip", "prs": [{"mw": "\u02c8slip", "sound": {"audio": "slip0001", "ref": "c", "stat": "1"}}]}, "fl": "verb", "ins": [{"if": "slipped"}, {"if": "slip*ping"}], "def": [{"vd": "intransitive verb", "sseq": [[["sense", {"sn": "1 a", "dt": [["text", "{bc}to move with a smooth sliding motion"]]}], ["sense", {"sn": "b", "dt": [["text", "{bc}to move quietly and cautiously {bc}{sx|steal||}"]]}], ["sense", {"sn": "c", "dt": [["text", "{bc}{sx|elapse||}, {sx|pass||}"]]}]], [["pseq", [["sense", {"sn": "2 a (1)", "dt": [["text", "{bc}to escape from memory or consciousness"]]}], ["sense", {"sn": "(2)", "dt": [["text", "{bc}to become uttered through inadvertence"]]}]]], ["sense", {"sn": "b", "dt": [["text", "{bc}to pass quickly or easily away {bc}become lost "], ["vis", [{"t": "let an opportunity {wi}slip{/wi}"}]]]}]], [["sense", {"sn": "3", "dt": [["text", "{bc}to fall into error or fault {bc}{sx|lapse||}"]]}]], [["sense", {"sn": "4 a", "dt": [["text", "{bc}to slide out of place or away from a support or one's grasp"]]}], ["sense", {"sn": "b", "dt": [["text", "{bc}to slide on or down a {a_link|slippery} surface "], ["vis", [{"t": "{wi}slip{/wi} on the stairs"}]]]}], ["sense", {"sn": "c", "dt": [["text", "{bc}to flow smoothly"]]}]], [["sense", {"sn": "5", "dt": [["text", "{bc}to get speedily into or out of clothing "], ["vis", [{"t": "{it}slipped{/it} into his coat"}]]]}]], [["sense", {"sn": "6", "dt": [["text", "{bc}to fall off from a standard or accustomed level by degrees {bc}{sx|decline||}"]]}]], [["sense", {"sn": "7", "dt": [["text", "{bc}{sx|sideslip||}"]]}]]]}, {"vd": "transitive verb", "sseq": [[["sense", {"sn": "1", "dt": [["text", "{bc}to cause to move easily and smoothly {bc}{sx|slide||}"]]}]], [["sense", {"sn": "2 a", "dt": [["text", "{bc}to get away from {bc}{sx|elude||}, {sx|evade||} "], ["vis", [{"t": "{it}slipped{/it} his pursuers"}]]]}], ["sense", {"sn": "b", "dt": [["text", "{bc}to free oneself from "], ["vis", [{"t": "the dog {it}slipped{/it} its collar"}]]]}], ["sense", {"sn": "c", "dt": [["text", "{bc}to escape from (one's memory or notice) "], ["vis", [{"t": "their names {wi}slip{/wi} my mind"}]]]}]], [["sense", {"sn": "3", "dt": [["text", "{bc}{sx|shed||}, {sx|cast||} "], ["vis", [{"t": "the snake {it}slipped{/it} its skin"}]]]}]], [["sense", {"sn": "4", "dt": [["text", "{bc}to put on (a garment) quickly "], ["uns", [[["text", "usually used with {it}on{/it} "], ["vis", [{"t": "{wi}slip{/wi} on a coat"}]]]]]]}]], [["sense", {"sn": "5 a", "dt": [["text", "{bc}to let loose from a restraining leash or grasp"]]}], ["sense", {"sn": "b", "dt": [["text", "{bc}to cause to slip open {bc}{sx|release||}, {sx|undo||} "], ["vis", [{"t": "{wi}slip{/wi} a lock"}]]]}], ["sense", {"sn": "c", "dt": [["text", "{bc}to let go of"]]}], ["sense", {"sn": "d", "dt": [["text", "{bc}to disengage from (an anchor) instead of hauling"]]}]], [["sense", {"sn": "6 a", "dt": [["text", "{bc}to insert, place, or pass quietly or secretly"]]}], ["sense", {"sn": "b", "dt": [["text", "{bc}to give or pay on the sly"]]}]], [["sense", {"sn": "7", "dt": [["text", "{bc}{sx|slink||}, {sx|abort||}"]]}]], [["sense", {"sn": "8", "dt": [["text", "{bc}{sx|dislocate||} "], ["vis", [{"t": "{it}slipped{/it} his shoulder"}]]]}]], [["sense", {"sn": "9", "dt": [["text", "{bc}to transfer (a stitch) from one needle to another without working a stitch"]]}]], [["sense", {"sn": "10", "dt": [["text", "{bc}to avoid (a punch) by moving the body or head quickly to one side"]]}]]]}], "et": [["text", "Middle English {it}slippen{/it}, from Middle Dutch or Middle Low German; akin to Middle High German {it}slipfen{/it} to slide, Old High German {it}sl\u012bfan{/it} to smooth, and perhaps to Greek {it}olibros{/it} slippery"]], "date": "14th century{ds|i|1|a|}", "shortdef": ["to move with a smooth sliding motion", "to move quietly and cautiously : steal", "elapse, pass"]}, {"meta": {"id": "slip:4", "uuid": "fa7589ec-c819-4d57-a78b-d00de52bbeee", "sort": "194484700", "src": "collegiate", "section": "alpha", "stems": ["slip", "slipped", "slipping", "slips"], "offensive": false}, "hom": 4, "hwi": {"hw": "slip"}, "fl": "verb", "ins": [{"if": "slipped"}, {"if": "slip*ping"}], "def": [{"vd": "transitive verb", "sseq": [[["sense", {"dt": [["text", "{bc}to take cuttings from (a plant) {bc}divide into {a_link|slips} "], ["vis", [{"t": "{wi}slip{/wi} a geranium"}]]]}]]]}], "date": "1530", "shortdef": ["to take cuttings from (a plant) : divide into slips"]}, {"meta": {"id": "slipped disk", "uuid": "58f926c2-d3a2-4576-b659-ea2ad070607f", "sort": "194485800", "src": "collegiate", "section": "alpha", "stems": ["slipped disk", "slipped disks"], "offensive": false}, "hwi": {"hw": "slipped disk"}, "fl": "noun", "def": [{"sseq": [[["sense", {"dt": [["text", "{bc}a protrusion of one of the cartilage disks between vertebrae with pressure on spinal nerves resulting in low back pain or sciatic pain"]]}]]]}], "date": "1942", "shortdef": ["a protrusion of one of the cartilage disks between vertebrae with pressure on spinal nerves resulting in low back pain or sciatic pain"]}, {"meta": {"id": "slipped disc", "uuid": "8e953b51-8f29-44a4-ae17-2a09f1bf80a7", "sort": "3017775000", "src": "ld", "section": "idioms", "stems": ["slipped disc"], "offensive": false}, "hwi": {"hw": "slipped disc"}, "fl": "noun", "def": [{"sls": ["medical"], "sseq": [[["sense", {"dt": [["text", "{bc}an injury to the spine in which one of the connecting parts between the bones slips out of its proper position and causes back pain"]]}]]]}], "shortdef": ["an injury to the spine in which one of the connecting parts between the bones slips out of its proper position and causes back pain"]}, {"meta": {"id": "pink slip", "uuid": "9b55aa42-592f-424c-aac1-060aeb0e389d", "sort": "160319000", "src": "collegiate", "section": "alpha", "stems": ["pink slip", "pink slips", "pink-slip", "pink-slipped", "pink-slipping", "pink-slips"], "offensive": false}, "hwi": {"hw": "pink slip"}, "fl": "noun", "def": [{"sseq": [[["sense", {"dt": [["text", "{bc}a notice from an employer that a recipient's employment is being terminated"]]}]]]}], "uros": [{"ure": "pink-slip", "fl": "transitive verb"}], "date": "1904", "shortdef": ["a notice from an employer that a recipient's employment is being terminated"]}, {"meta": {"id": "slip up", "uuid": "b06e23f0-8455-4c76-b91f-a1d651916586", "sort": "194487600", "src": "collegiate", "section": "alpha", "stems": ["slip up", "slipped up", "slipping up", "slips up"], "offensive": false}, "hwi": {"hw": "slip up"}, "fl": "verb", "ins": [{"if": "slipped up"}, {"if": "slip*ping up"}, {"if": "slips up"}], "def": [{"vd": "intransitive verb", "sseq": [[["sense", {"dt": [["text", "{bc}to make a mistake {bc}{sx|blunder||}"]]}]]]}], "date": "1909", "shortdef": ["to make a mistake : blunder"]}, {"meta": {"id": "slip away", "uuid": "9d279cc8-c2c9-459e-9f81-758ee50222aa", "sort": "3017768000", "src": "ld", "section": "idioms", "stems": ["slip away", "slipped away", "slipping away", "slips away"], "offensive": false}, "hwi": {"hw": "slip away"}, "fl": "phrasal verb", "ins": [{"if": "slipped away"}, {"if": "slip*ping away"}, {"if": "slips away"}], "def": [{"sseq": [[["sense", {"sn": "1", "dt": [["text", "{bc}to pass out of existence "], ["vis", [{"t": "The afternoon quietly {it}slipped away{/it}."}, {"t": "They saw their four-run lead {it}slip away{/it}."}, {"t": "Their grandmother {it}slipped away{/it} in her sleep last night."}]]]}]], [["sense", {"sn": "2", "dt": [["text", "{bc}to leave a place without being noticed "], ["vis", [{"t": "They {it}slipped away{/it} from the party right after dinner."}]]]}]]]}], "shortdef": ["to pass out of existence", "to leave a place without being noticed"]}, {"meta": {"id": "slip in", "uuid": "5048ae35-1f89-4a22-835c-d5d31bf68ffa", "sort": "3017771000", "src": "ld", "section": "idioms", "stems": ["slip in", "slipped in", "slipping in", "slips in"], "offensive": false}, "hwi": {"hw": "slip in"}, "fl": "phrasal verb", "ins": [{"if": "slipped in"}, {"if": "slip*ping in"}, {"if": "slips in"}], "def": [{"sseq": [[["sense", {"sn": "1", "dt": [["text", "{bc}to include especially without warning or in a way that is not obvious "], ["vis", [{"t": "He managed to {it}slip in{/it} a few jokes during his speech."}]]]}]], [["sense", {"sn": "2", "dt": [["text", "{bc}to enter a place without being noticed "], ["vis", [{"t": "She {it}slipped in{/it} through the back door."}]]]}]]]}], "shortdef": ["to include especially without warning or in a way that is not obvious", "to enter a place without being noticed"]}, {"meta": {"id": "slip out", "uuid": "89473983-24ba-42f3-bbba-e2516d983914", "sort": "3017774000", "src": "ld", "section": "idioms", "stems": ["slip out", "slipped out", "slipping out", "slips out"], "offensive": false}, "hwi": {"hw": "slip out"}, "fl": "phrasal verb", "ins": [{"if": "slipped out"}, {"if": "slip*ping out"}, {"if": "slips out"}], "def": [{"sseq": [[["sense", {"sn": "1", "dt": [["text", "{bc}to slide out "], ["vis", [{"t": "The hammer {it}slipped out{/it} of my hands."}]]]}]], [["sense", {"sn": "2", "dt": [["text", "{bc}to leave a place without being noticed "], ["vis", [{"t": "We'll {it}slip out{/it} (through) the back door."}]]]}]], [["sense", {"sn": "3", "dt": [["text", "{bc}to be said by mistake "], ["vis", [{"t": "I didn't intend to tell them. It just {it}slipped out{/it}."}]]]}]]]}], "shortdef": ["to slide out", "to leave a place without being noticed", "to be said by mistake"]}]