[{"meta": {"id": "so:1", "uuid": "24910eec-b598-40bd-b8c3-ec6aead94907", "sort": "194543800", "src": "collegiate", "section": "alpha", "stems": ["so"], "offensive": false}, "hom": 1, "hwi": {"hw": "so", "prs": [{"mw": "\u02c8s\u014d", "sound": {"audio": "so000001", "ref": "c", "stat": "1"}}, {"l": "especially before an adjective or adverb followed by \"that\"", "mw": "s\u0259"}]}, "fl": "adverb", "def": [{"sseq": [[["sense", {"sn": "1 a", "dt": [["text", "{bc}in a manner or way indicated or suggested "], ["vis", [{"t": "do you really think {wi}so{/wi}"}]], ["uns", [[["text", "often used as a substitute for a preceding clause "], ["vis", [{"t": "are you ready? I think {wi}so{/wi}"}, {"t": "I didn't like it and I told her {wi}so{/wi}"}]]]]]]}], ["sense", {"sn": "b", "dt": [["text", "{bc}in the same manner or way {bc}{sx|also||} "], ["vis", [{"t": "worked hard and {wi}so{/wi} did she"}]]]}], ["sense", {"sn": "c", "dt": [["text", "{bc}{sx|thus||1} "], ["vis", [{"t": "for {wi}so{/wi} the Lord said", "aq": {"source": "Isaiah 18:4 (King James Version)"}}]]]}], ["sense", {"sn": "d", "dt": [["text", "{bc}{sx|then||}, {sx|subsequently||} "], ["vis", [{"t": "and {wi}so{/wi} home and to bed"}]]]}]], [["pseq", [["sense", {"sn": "2 a (1)", "dt": [["text", "{bc}to an indicated or suggested extent or degree "], ["vis", [{"t": "had never been {wi}so{/wi} happy"}]], ["uns", [[["text", "used chiefly in negative constructions with a following correlative element introduced by {it}as{/it} "], ["vis", [{"t": "thought that his share wasn't {wi}so{/wi} big as his brother's"}]]]]]]}], ["sense", {"sn": "(2)", "dt": [["text", "{bc}to the same extent or degree {bc}to such a degree {bc}{sx|as||1}"]]}]]], ["sense", {"sn": "b", "dt": [["text", "{bc}to a great extent or degree {bc}{sx|very||}, {sx|extremely||} "], ["vis", [{"t": "loves her {wi}so{/wi}"}]]]}], ["sense", {"sn": "c", "dt": [["text", "{bc}to a definite but unspecified extent or degree "], ["vis", [{"t": "can only do {wi}so{/wi} much in a day"}]]]}], ["sense", {"sn": "d", "dt": [["text", "{bc}most certainly {bc}{sx|indeed||} "], ["vis", [{"t": "you did {wi}so{/wi} do it"}]]]}], ["sense", {"sn": "e", "sls": ["informal"], "dt": [["text", "{bc}most decidedly {bc}{sx|surely||} "], ["vis", [{"t": "I {wi}so{/wi} don't believe you"}]]]}]], [["sense", {"sn": "3", "dt": [["text", "{bc}{sx|therefore||}, {sx|consequently||} "], ["vis", [{"t": "the witness is biased and {wi}so{/wi} unreliable"}]]]}]]]}], "usages": [{"pl": "Can {parahw}so{/parahw} be used as an intensive?", "pt": [["text", "The intensive use of {it}so{/it} (sense 2b) is widely condemned in college handbooks but is nonetheless standard. "], ["vis", [{"t": "why is American television {it}so{/it} shallow?", "aq": {"auth": "Anthony Lewis"}}, {"t": "the cephalopod eye is an example of a remarkable evolutionary parallel because it is {it}so{/it} like the eye of a vertebrate", "aq": {"auth": "Sarah F. Robbins"}}, {"t": "the kind of sterile over-ingenuity which afflicts {it}so{/it} many academic efforts", "aq": {"source": "{it}The Times Literary Supplement{/it} (London)"}}]], ["text", " There is no stigma attached to its use in negative contexts and when qualified by a dependent clause. "], ["vis", [{"t": "not {it}so{/it} long ago"}, {"t": "was {it}so{/it} good in mathematics that he began to consider engineering", "aq": {"source": "{it}Current Biography{/it}"}}]], ["text", " The denotation in these uses is, of course, slightly different (see sense 2a). Another emphatic use of {it}so{/it} (sense 2e) has developed more recently and occurs mostly in informal contexts."]]}], "et": [["text", "Middle English, from Old English {it}sw\u0101{/it}; akin to Old High German {it}s\u014d{/it} so, Latin {it}sic{/it} so, thus, {it}si{/it} if, Greek {it}h\u014ds{/it} so, thus, Latin {it}suus{/it} one's own {ma}{mat|suicide|}{/ma}"]], "date": "before 12th century{ds||1|a|}", "shortdef": ["in a manner or way indicated or suggested \u2014often used as a substitute for a preceding clause", "in the same manner or way : also", "thus"]}, {"meta": {"id": "so:2", "uuid": "af3e3c41-2be2-4f9a-8293-6e8c2f22ac29", "sort": "194543900", "src": "collegiate", "section": "alpha", "stems": ["so", "so as to"], "offensive": false}, "hom": 2, "hwi": {"hw": "so"}, "fl": "conjunction", "def": [{"sseq": [[["sense", {"sn": "1 a", "dt": [["text", "{bc}with the result that "], ["vis", [{"t": "the acoustics are good, {wi}so{/wi} every note is clear"}]]]}], ["sense", {"sn": "b", "dt": [["text", "{bc}in order that "], ["vis", [{"t": "be quiet {wi}so{/wi} he can sleep"}]]]}]], [["sense", {"sn": "2", "sls": ["archaic"], "dt": [["text", "{bc}provided that"]]}]], [["sense", {"sn": "3 a", "dt": [["text", "{bc}for that reason {bc}{sx|therefore||} "], ["vis", [{"t": "don't want to go, {wi}so{/wi} I won't"}]]]}], ["pseq", [["sense", {"sn": "b (1)", "dt": [["uns", [[["text", "used as an introductory particle "], ["vis", [{"t": "{wi}so{/wi} here we are"}]], ["text", " often to belittle a point under discussion "], ["vis", [{"t": "{wi}so{/wi} what?"}]]]]]]}], ["sense", {"sn": "(2)", "dt": [["uns", [[["text", "used interjectionally to indicate awareness of a discovery "], ["vis", [{"t": "{wi}so{/wi}, that's who did it"}]], ["text", " or surprised dissent"]]]]]}]]]]]}], "dros": [{"drp": "so as to", "def": [{"sseq": [[["sense", {"dt": [["text", "{bc}in order to"]]}]]]}]}], "usages": [{"pl": "Using {parahw}so{/parahw} as a Conjunction", "pt": [["text", "Although occasionally condemned, use of {it}so{/it} to introduce clauses of result (sense 1a) and purpose (sense 1b) is standard. In sense 1b {it}so that{/it} is more common in formal contexts than {it}so{/it} alone."]]}], "date": "before 12th century{ds||1|a|}", "shortdef": ["with the result that", "in order that", "provided that"]}, {"meta": {"id": "so:3", "uuid": "a73c6795-63be-4cd5-9485-dee1c021a4ca", "sort": "194544000", "src": "collegiate", "section": "alpha", "stems": ["so"], "offensive": false}, "hom": 3, "hwi": {"hw": "so"}, "fl": "adjective", "def": [{"sseq": [[["sense", {"sn": "1", "dt": [["text", "{bc}conforming with actual facts {bc}{sx|true||} "], ["vis", [{"t": "said things that were not {wi}so{/wi}"}]]]}]], [["sense", {"sn": "2", "dt": [["text", "{bc}marked by a desired order "], ["vis", [{"t": "his books are always just {wi}so{/wi}"}]]]}]], [["sense", {"sn": "3", "dt": [["uns", [[["text", "used to replace a preceding adjective "], ["vis", [{"t": "was witty by adult standards and of course doubly {wi}so{/wi} by mine", "aq": {"auth": "Sally Kempton"}}]]]]]]}]]]}], "date": "before 12th century{ds||1||}", "shortdef": ["conforming with actual facts : true", "marked by a desired order", "\u2014used to replace a preceding adjective"]}, {"meta": {"id": "so:4", "uuid": "511337c9-a2d3-4a10-bb16-6510d43b8f18", "sort": "194544100", "src": "collegiate", "section": "alpha", "stems": ["so"], "offensive": false}, "hom": 4, "hwi": {"hw": "so"}, "fl": "pronoun", "def": [{"sseq": [[["sense", {"sn": "1", "dt": [["text", "{bc}such as has been specified or suggested {bc}the same "], ["vis", [{"t": "if you have to file a claim, do {wi}so{/wi} as soon as possible"}]]]}]], [["sense", {"sn": "2", "dt": [["uns", [[["text", "used in the phrase {it}or so{/it} to indicate an estimate, approximation, or conjecture "], ["vis", [{"t": "stayed a week or {wi}so{/wi}"}, {"t": "cost $15 or {wi}so{/wi}"}]]]]]]}]]]}], "date": "before 12th century{ds||1||}", "shortdef": ["such as has been specified or suggested : the same", "\u2014used in the phrase or so to indicate an estimate, approximation, or conjecture"]}, {"meta": {"id": "so:5", "uuid": "c7dc3c81-a9d3-445f-9f9c-f3080cfd2038", "sort": "194544200", "src": "collegiate", "section": "alpha", "stems": ["so", "sol"], "offensive": false}, "hom": 5, "hwi": {"hw": "so", "prs": [{"mw": "\u02c8s\u014d", "sound": {"audio": "sol10002", "ref": "c", "stat": "1"}}]}, "fl": "noun", "cxs": [{"cxl": "less common variant of", "cxtis": [{"cxt": "sol"}]}], "def": [{"sseq": [[["sense", {"dt": [["text", "{bc}the fifth note of the major scale in {d_link|solf\u00e8ge|solfege}"]]}]]]}], "shortdef": ["the fifth note of the major scale in solf\u00e8ge"]}, {"meta": {"id": "so:6", "uuid": "83032040-c472-4433-8d89-06309042af4e", "sort": "194544300", "src": "collegiate", "section": "alpha", "stems": ["so"], "offensive": false}, "hom": 6, "hwi": {"hw": "so"}, "fl": "abbreviation", "def": [{"sseq": [[["sense", {"dt": [["text", "south; southern"]]}]]]}], "shortdef": ["south; southern"]}, {"meta": {"id": "SO", "uuid": "acb29734-19f7-4632-8fb9-52fac775f9bb", "sort": "194544400", "src": "collegiate", "section": "alpha", "stems": ["SO"], "offensive": false}, "hwi": {"hw": "SO"}, "fl": "abbreviation", "def": [{"sseq": [[["sense", {"sn": "1", "dt": [["text", "seller's option"]]}]], [["sense", {"sn": "2", "dt": [["text", "strikeout"]]}]]]}], "shortdef": ["seller's option", "strikeout"]}, {"meta": {"id": "sol:1", "uuid": "e8988ffb-f960-431c-b908-49767fc806d6", "sort": "194568200", "src": "collegiate", "section": "alpha", "stems": ["so", "sol", "soles", "sols", "sos"], "offensive": false}, "hom": 1, "hwi": {"hw": "sol", "prs": [{"mw": "\u02c8s\u014dl", "sound": {"audio": "sol10001", "ref": "c", "stat": "1"}}]}, "vrs": [{"vl": "or less commonly", "va": "so", "prs": [{"mw": "\u02c8s\u014d", "sound": {"audio": "sol10002", "ref": "c", "stat": "1"}}]}], "fl": "noun", "def": [{"sseq": [[["sense", {"dt": [["text", "{bc}the fifth note of the major scale in {d_link|solf\u00e8ge|solfege}"]]}]]]}], "et": [["text", "Medieval Latin {it}sol{/it}; from the syllable sung to this note in a medieval hymn to St. John the Baptist"]], "date": "14th century", "shortdef": ["the fifth note of the major scale in solf\u00e8ge"]}, {"meta": {"id": "sol:2", "uuid": "13478b4d-fddb-49bf-921e-19f795903829", "sort": "194568300", "src": "collegiate", "section": "alpha", "stems": ["so", "sol", "soles", "sols", "sos"], "offensive": false}, "hom": 2, "hwi": {"hw": "sol", "prs": [{"mw": "\u02c8s\u00e4l", "sound": {"audio": "sol0001r", "ref": "c", "stat": "1"}}, {"mw": "\u02c8s\u022fl"}]}, "fl": "noun", "def": [{"sseq": [[["sense", {"dt": [["text", "{bc}an old French coin equal to 12 deniers"]], "sdsense": {"sd": "also", "dt": [["text", "{bc}a corresponding unit of value"]]}}]]]}], "et": [["text", "Middle French {ma}{mat|sou|}{/ma}"]], "date": "1583", "shortdef": ["an old French coin equal to 12 deniers; also : a corresponding unit of value"]}, {"meta": {"id": "sol:3", "uuid": "8e7fd037-73b8-4574-a75a-77e11a35a022", "sort": "194568400", "src": "collegiate", "section": "alpha", "stems": ["so", "sol", "soles", "sols", "sos"], "offensive": false}, "hom": 3, "hwi": {"hw": "sol", "prs": [{"mw": "\u02c8s\u00e4l", "sound": {"audio": "sol0001r", "ref": "c", "stat": "1"}}, {"mw": "\u02c8s\u022fl"}]}, "fl": "noun", "ins": [{"il": "plural", "if": "so*les", "prs": [{"mw": "\u02c8s\u014d-(\u02cc)l\u0101s", "sound": {"audio": "sol30002", "ref": "c", "stat": "1"}}]}], "def": [{"sseq": [[["sense", {"dt": [["text", "{bc}the basic monetary unit of Peru from 1930 to 1985 and since 1991 {dx}see {dxt|Money Table|money|table}{/dx}"]]}]]]}], "et": [["text", "American Spanish, from Spanish, sun, from Latin"]], "date": "1883", "shortdef": ["the basic monetary unit of Peru from 1930 to 1985 and since 1991"]}]