[{"meta": {"id": "some", "uuid": "cd4d6d88-a759-424a-b9b4-d798844bf04d", "src": "coll_thes", "section": "alpha", "target": {"tuuid": "84fa91a1-6554-47ab-8f19-a3907f5af578", "tsrc": "collegiate"}, "stems": ["some"], "syns": [["anonymous", "certain", "given", "one", "unidentified", "unnamed", "unspecified"]], "ants": [], "offensive": false}, "hwi": {"hw": "some"}, "fl": "adjective", "def": [{"sseq": [[["sense", {"dt": [["text", "known but not named "], ["vis", [{"t": "{it}some{/it} people won't be able to come"}]]], "syn_list": [[{"wd": "anonymous"}, {"wd": "certain"}, {"wd": "given"}, {"wd": "one"}, {"wd": "unidentified"}, {"wd": "unnamed"}, {"wd": "unspecified"}]], "rel_list": [[{"wd": "particular"}, {"wd": "specific"}]], "near_list": [[{"wd": "known"}, {"wd": "named"}, {"wd": "specified"}]]}]]]}], "shortdef": ["known but not named"]}, {"meta": {"id": "some", "uuid": "4d7501af-112c-4dd5-8965-5399588beaad", "src": "coll_thes", "section": "alpha", "target": {"tuuid": "569825c7-a0b6-4381-be4f-240ce7275c38", "tsrc": "collegiate"}, "stems": ["some"], "syns": [["about", "approximately", "around", "like", "more or less", "much", "near", "plus or minus", "roughly", "say"]], "ants": [["exactly", "precisely"]], "offensive": false}, "hwi": {"hw": "some"}, "fl": "adverb", "def": [{"sseq": [[["sense", {"dt": [["text", "close to but not exactly "], ["vis", [{"t": "{it}some{/it} 300 people showed up for the giveaway"}]]], "syn_list": [[{"wd": "about"}, {"wd": "approximately"}, {"wd": "around"}, {"wd": "like"}, {"wd": "more or less"}, {"wd": "much"}, {"wd": "near"}, {"wd": "plus or minus"}, {"wd": "roughly"}, {"wd": "say"}]], "rel_list": [[{"wd": "generally"}, {"wd": "kind of"}, {"wd": "loosely"}], [{"wd": "nearly"}, {"wd": "nominally"}, {"wd": "practically"}, {"wd": "virtually"}, {"wd": "well-nigh"}]], "phrase_list": [[{"wd": "after a fashion"}, {"wd": "somewhere about"}, {"wd": "somewhere around"}]], "near_list": [[{"wd": "due"}, {"wd": "even"}, {"wd": "just"}, {"wd": "sharp"}, {"wd": "smack-dab"}, {"wd": "squarely"}]], "ant_list": [[{"wd": "exactly"}, {"wd": "precisely"}]]}]]]}], "shortdef": ["close to but not exactly"]}, {"meta": {"id": "help", "uuid": "df98ad17-f27a-4584-943a-2d2b36b1650a", "src": "coll_thes", "section": "alpha", "target": {"tuuid": "aaa04c5f-8b42-42b7-8b1c-bf59107acab4", "tsrc": "collegiate"}, "stems": ["help", "helped", "helping", "helps", "so help me"], "syns": [["abet", "aid", "assist", "back", "backstop", "prop (up)", "support"], ["allay", "alleviate", "assuage", "ease", "mitigate", "mollify", "palliate", "relieve", "soothe"], ["avert", "forestall", "head off", "obviate", "preclude", "prevent", "stave off"], ["advantage", "avail", "benefit", "profit", "serve"], ["ameliorate", "amend", "better", "enhance", "enrich", "improve", "meliorate", "perfect", "refine", "upgrade"]], "ants": [["hinder"], ["aggravate", "exacerbate"], ["worsen"]], "offensive": false}, "hwi": {"hw": "help"}, "fl": "verb", "def": [{"sseq": [[["sense", {"sn": "1", "dt": [["text", "to provide (someone) with what is useful or necessary to achieve an end "], ["vis", [{"t": "offered to {it}help{/it} her widowed father when he moved into an apartment"}]]], "syn_list": [[{"wd": "abet"}, {"wd": "aid"}, {"wd": "assist"}, {"wd": "back"}, {"wd": "backstop"}, {"wd": "prop (up)"}, {"wd": "support"}]], "rel_list": [[{"wd": "advance"}, {"wd": "ease"}, {"wd": "facilitate"}, {"wd": "forward"}, {"wd": "foster"}, {"wd": "further"}, {"wd": "launch"}], [{"wd": "champion"}, {"wd": "endorse", "wvrs": [{"wvl": "also", "wva": "indorse"}]}, {"wd": "patronize"}, {"wd": "promote"}, {"wd": "sponsor"}], [{"wd": "attend"}, {"wd": "care (for)"}, {"wd": "comfort"}, {"wd": "minister (to)"}, {"wd": "succor"}], [{"wd": "sustain"}], [{"wd": "bolster"}, {"wd": "boost"}, {"wd": "buttress"}, {"wd": "reinforce", "wvrs": [{"wvl": "also", "wva": "reenforce"}]}], [{"wd": "advise"}, {"wd": "counsel"}, {"wd": "guide"}, {"wd": "mentor"}, {"wd": "nurture"}], [{"wd": "bail out"}, {"wd": "deliver"}, {"wd": "rescue"}, {"wd": "save"}], [{"wd": "embolden"}, {"wd": "encourage"}, {"wd": "hearten"}], [{"wd": "benefit"}, {"wd": "favor"}, {"wd": "oblige"}, {"wd": "profit"}, {"wd": "serve"}]], "phrase_list": [[{"wd": "bear a hand"}, {"wd": "to stand one in good stead"}]], "near_list": [[{"wd": "balk"}, {"wd": "bar"}, {"wd": "block"}, {"wd": "constrain"}, {"wd": "hamper"}, {"wd": "handicap"}, {"wd": "hold back"}, {"wd": "impede"}, {"wd": "inhibit"}, {"wd": "obstruct"}, {"wd": "restrain"}, {"wd": "strangle"}], [{"wd": "baffle"}, {"wd": "foil"}, {"wd": "frustrate"}, {"wd": "inconvenience"}, {"wd": "interfere"}, {"wd": "oppose"}, {"wd": "sabotage"}, {"wd": "thwart"}], [{"wd": "desert"}, {"wd": "disappoint"}, {"wd": "fail"}, {"wd": "let down"}], [{"wd": "discourage"}, {"wd": "dishearten"}], [{"wd": "repress"}, {"wd": "retard"}, {"wd": "stifle"}, {"wd": "straiten"}, {"wd": "stunt"}], [{"wd": "damage"}, {"wd": "harm"}, {"wd": "hurt"}, {"wd": "injure"}]], "ant_list": [[{"wd": "hinder"}]]}]], [["sense", {"sn": "2", "dt": [["text", "to make more bearable or less severe "], ["vis", [{"t": "the new ointment didn't {it}help{/it} Josh's sunburn one bit"}]]], "syn_list": [[{"wd": "allay"}, {"wd": "alleviate"}, {"wd": "assuage"}, {"wd": "ease"}, {"wd": "mitigate"}, {"wd": "mollify"}, {"wd": "palliate"}, {"wd": "relieve"}, {"wd": "soothe"}]], "rel_list": [[{"wd": "abate"}, {"wd": "lighten"}, {"wd": "moderate"}, {"wd": "soften"}, {"wd": "temper"}], [{"wd": "cure"}, {"wd": "heal"}, {"wd": "remedy"}], [{"wd": "amend"}, {"wd": "correct"}, {"wd": "emend"}, {"wd": "fix"}, {"wd": "mend"}, {"wd": "rectify"}, {"wd": "reform"}, {"wd": "repair"}], [{"wd": "ameliorate"}, {"wd": "better"}, {"wd": "enhance"}, {"wd": "enrich"}, {"wd": "improve"}, {"wd": "meliorate"}, {"wd": "perfect"}, {"wd": "refine"}]], "near_list": [[{"wd": "harm"}, {"wd": "hurt"}, {"wd": "impair"}, {"wd": "injure"}], [{"wd": "heighten"}, {"wd": "intensify"}, {"wd": "sharpen"}]], "ant_list": [[{"wd": "aggravate"}, {"wd": "exacerbate"}]]}]], [["sense", {"sn": "3", "dt": [["text", "to keep from happening by taking action in advance "], ["vis", [{"t": "they couldn't {it}help{/it} the way things turned out"}]]], "syn_list": [[{"wd": "avert"}, {"wd": "forestall"}, {"wd": "head off"}, {"wd": "obviate"}, {"wd": "preclude"}, {"wd": "prevent"}, {"wd": "stave off"}]], "rel_list": [[{"wd": "anticipate"}, {"wd": "provide"}], [{"wd": "negate"}, {"wd": "neutralize"}, {"wd": "nullify"}], [{"wd": "save"}], [{"wd": "baffle"}, {"wd": "balk"}, {"wd": "checkmate"}, {"wd": "deter"}, {"wd": "foil"}, {"wd": "frustrate"}, {"wd": "thwart"}], [{"wd": "bar"}, {"wd": "block"}, {"wd": "hamper"}, {"wd": "hinder"}, {"wd": "impede"}, {"wd": "interfere (with)"}, {"wd": "retard"}, {"wd": "stall"}], [{"wd": "deflect"}, {"wd": "fend (off)"}, {"wd": "stop"}, {"wd": "ward (off)"}], [{"wd": "avoid"}, {"wd": "circumvent"}, {"wd": "dodge"}, {"wd": "duck"}, {"wd": "elude"}, {"wd": "escape"}, {"wd": "eschew"}, {"wd": "evade"}, {"wd": "shake"}, {"wd": "shirk"}, {"wd": "shun"}], [{"wd": "forbid"}, {"wd": "inhibit"}, {"wd": "prohibit"}], [{"wd": "arrest"}, {"wd": "check"}, {"wd": "halt"}, {"wd": "stop"}], [{"wd": "compensate (for)"}, {"wd": "counteract"}, {"wd": "counterbalance"}, {"wd": "make up (for)"}, {"wd": "offset"}]], "near_list": [[{"wd": "abet"}, {"wd": "aid"}, {"wd": "assist"}], [{"wd": "ease"}, {"wd": "facilitate"}, {"wd": "smooth"}, {"wd": "unclog"}], [{"wd": "advance"}, {"wd": "cultivate"}, {"wd": "encourage"}, {"wd": "forward"}, {"wd": "foster"}, {"wd": "further"}, {"wd": "nurture"}, {"wd": "promote"}], [{"wd": "allow"}, {"wd": "leave"}, {"wd": "let"}, {"wd": "permit"}]]}]], [["sense", {"sn": "4", "dt": [["text", "to provide with something useful or desirable "], ["vis", [{"t": "being independently wealthy certainly {it}helped{/it} him during his years as a struggling young artist"}]]], "syn_list": [[{"wd": "advantage"}, {"wd": "avail"}, {"wd": "benefit"}, {"wd": "profit"}, {"wd": "serve"}]], "rel_list": [[{"wd": "succeed"}, {"wd": "work (for)"}], [{"wd": "aid"}, {"wd": "assist"}], [{"wd": "better"}, {"wd": "improve"}], [{"wd": "content"}, {"wd": "delight"}, {"wd": "gladden"}, {"wd": "gratify"}, {"wd": "please"}, {"wd": "satisfy"}], [{"wd": "bless"}]], "near_list": [[{"wd": "hinder"}, {"wd": "impede"}], [{"wd": "damage"}, {"wd": "harm"}, {"wd": "hurt"}, {"wd": "impair"}, {"wd": "injure"}], [{"wd": "afflict"}, {"wd": "distress"}, {"wd": "upset"}]]}]], [["sense", {"sn": "5", "dt": [["text", "to make better "], ["vis", [{"t": "some minor revisions would {it}help{/it} this essay immensely"}]]], "syn_list": [[{"wd": "ameliorate"}, {"wd": "amend"}, {"wd": "better"}, {"wd": "enhance"}, {"wd": "enrich"}, {"wd": "improve"}, {"wd": "meliorate"}, {"wd": "perfect"}, {"wd": "refine"}, {"wd": "upgrade"}]], "rel_list": [[{"wd": "correct"}, {"wd": "emend"}, {"wd": "rectify"}, {"wd": "reform"}, {"wd": "remediate"}, {"wd": "remedy"}], [{"wd": "edit"}, {"wd": "fine-tune"}, {"wd": "redraft"}, {"wd": "refurbish"}, {"wd": "rehab"}, {"wd": "rehabilitate"}, {"wd": "revamp"}, {"wd": "revise"}, {"wd": "rework"}], [{"wd": "beef (up)"}, {"wd": "boost"}, {"wd": "fortify"}, {"wd": "intensify"}, {"wd": "reinforce", "wvrs": [{"wvl": "also", "wva": "reenforce"}]}, {"wd": "strengthen"}], [{"wd": "fine"}, {"wd": "hone"}, {"wd": "polish"}], [{"wd": "retouch"}, {"wd": "touch up"}]], "near_list": [[{"wd": "damage"}, {"wd": "endamage"}, {"wd": "harm"}, {"wd": "hurt"}, {"wd": "impair"}, {"wd": "injure"}, {"wd": "spoil"}, {"wd": "tarnish"}, {"wd": "vitiate"}], [{"wd": "blemish"}, {"wd": "blight"}, {"wd": "deface"}, {"wd": "disfigure"}, {"wd": "flaw"}, {"wd": "mar"}], [{"wd": "diminish"}, {"wd": "lessen"}, {"wd": "lower"}, {"wd": "reduce"}]], "ant_list": [[{"wd": "worsen"}]]}]]]}], "shortdef": ["to provide (someone) with what is useful or necessary to achieve an end", "to make more bearable or less severe", "to keep from happening by taking action in advance"]}, {"meta": {"id": "then", "uuid": "2937980a-0df9-4d8f-bf9c-d078ef6db0b6", "src": "coll_thes", "section": "alpha", "target": {"tuuid": "fca260fe-ff33-459e-8fa7-70885329e892", "tsrc": "collegiate"}, "stems": ["then", "and then some"], "syns": [["additionally", "again", "also", "besides", "either", "further", "furthermore", "likewise", "more", "moreover", "too", "withal", "yet"]], "ants": [], "offensive": false}, "hwi": {"hw": "then"}, "fl": "adverb", "def": [{"sseq": [[["sense", {"dt": [["text", "in addition to what has been said "], ["vis", [{"t": "there's the cost of the car itself, and {it}then{/it} there's the cost of insurance and maintenance"}]]], "syn_list": [[{"wd": "additionally"}, {"wd": "again"}, {"wd": "also"}, {"wd": "besides"}, {"wd": "either"}, {"wd": "further"}, {"wd": "furthermore"}, {"wd": "likewise"}, {"wd": "more"}, {"wd": "moreover"}, {"wd": "too"}, {"wd": "withal"}, {"wd": "yet"}]], "phrase_list": [[{"wd": "as well"}, {"wd": "for good measure"}, {"wd": "in addition to"}, {"wd": "into the bargain", "wvrs": [{"wvl": "also", "wva": "in the bargain"}]}, {"wd": "on top of"}, {"wd": "to boot"}, {"wd": "what's more"}]]}]]]}], "shortdef": ["in addition to what has been said"]}]