[{"meta": {"id": "strife", "uuid": "4999fd98-683e-4c41-ac2e-b42576129ace", "sort": "194857500", "src": "collegiate", "section": "alpha", "stems": ["strife", "strifeless", "strifes"], "offensive": false}, "hwi": {"hw": "strife", "prs": [{"mw": "\u02c8str\u012bf", "sound": {"audio": "strife01", "ref": "c", "stat": "1"}}]}, "fl": "noun", "def": [{"sseq": [[["sense", {"sn": "1 a", "dt": [["text", "{bc}bitter sometimes violent conflict or dissension "], ["vis", [{"t": "political {wi}strife{/wi}"}]]]}], ["sense", {"sn": "b", "dt": [["text", "{bc}an act of contention {bc}{sx|fight||}, {sx|struggle||}"]]}]], [["sense", {"sn": "2", "dt": [["text", "{bc}exertion or contention for superiority"]]}]], [["sense", {"sn": "3", "sls": ["archaic"], "dt": [["text", "{bc}earnest endeavor"]]}]]]}], "uros": [{"ure": "strife*less", "prs": [{"mw": "\u02c8str\u012b-fl\u0259s", "sound": {"audio": "strife02", "ref": "c", "stat": "1"}}], "fl": "adjective"}], "syns": [{"pl": "synonyms", "pt": [["text", "{sc}discord{/sc} {sc}strife{/sc} {sc}conflict{/sc} {sc}contention{/sc} {sc}dissension{/sc} {sc}variance{/sc} mean a state or condition marked by a lack of agreement or harmony. {sc}discord{/sc} implies an intrinsic or essential lack of harmony producing quarreling, factiousness, or antagonism. "], ["vis", [{"t": "a political party long racked by {it}discord{/it}"}]], ["text", " {sc}strife{/sc} emphasizes a struggle for superiority rather than the incongruity or incompatibility of the persons or things involved. "], ["vis", [{"t": "during his brief reign the empire was never free of civil {it}strife{/it}"}]], ["text", " {sc}conflict{/sc} usually stresses the action of forces in opposition but in static applications implies an irreconcilability as of duties or desires. "], ["vis", [{"t": "the {it}conflict{/it} of freedom and responsibility"}]], ["text", " {sc}contention{/sc} applies to strife or competition that shows itself in quarreling, disputing, or controversy. "], ["vis", [{"t": "several points of {it}contention{/it} about the new zoning law"}]], ["text", " {sc}dissension{/sc} implies strife or discord and stresses a division into factions. "], ["vis", [{"t": "religious {it}dissension{/it} threatened to split the colony"}]], ["text", " {sc}variance{/sc} implies a clash between persons or things owing to a difference in nature, opinion, or interest. "], ["vis", [{"t": "cultural {it}variances{/it} that work against a national identity"}]]]}], "et": [["text", "Middle English {it}strif{/it}, from Anglo-French {it}estrif, estri{/it}, of Germanic origin; akin to Middle Dutch {it}striden{/it} to fight, Old High German {it}str\u012btan{/it} to quarrel {ma}{mat|stride|}{/ma}"]], "date": "13th century{ds||1|a|}", "shortdef": ["bitter sometimes violent conflict or dissension", "an act of contention : fight, struggle", "exertion or contention for superiority"]}]