[{"meta": {"id": "strife", "uuid": "d35465a2-9cff-4eba-a4f8-432b95a4e129", "src": "coll_thes", "section": "alpha", "target": {"tuuid": "4999fd98-683e-4c41-ac2e-b42576129ace", "tsrc": "collegiate"}, "stems": ["strife", "strifeless", "strifes"], "syns": [["conflict", "disaccord", "discord", "discordance", "discordancy", "disharmony", "dissension", "dissent", "dissidence", "dissonance", "disunion", "disunity", "division", "friction", "infighting", "inharmony", "schism", "variance", "war", "warfare"], ["ball game", "battle", "combat", "competition", "conflict", "confrontation", "contention", "contest", "dogfight", "duel", "face-off", "grapple", "match", "rivalry", "struggle", "sweepstakes", "tug-of-war", "war", "warfare"]], "ants": [["accord", "agreement", "concord", "concordance", "harmony", "peace"]], "offensive": false}, "hwi": {"hw": "strife"}, "fl": "noun", "def": [{"sseq": [[["sense", {"sn": "1", "dt": [["text", "a lack of agreement or harmony "], ["vis", [{"t": "in order to avoid family {it}strife{/it}, the children spend equal time during the holidays with both of their grandmothers"}]]], "syn_list": [[{"wd": "conflict"}, {"wd": "disaccord"}, {"wd": "discord"}, {"wd": "discordance"}, {"wd": "discordancy"}, {"wd": "disharmony"}, {"wd": "dissension", "wvrs": [{"wvl": "also", "wva": "dissention"}]}, {"wd": "dissent"}, {"wd": "dissidence"}, {"wd": "dissonance"}, {"wd": "disunion"}, {"wd": "disunity"}, {"wd": "division"}, {"wd": "friction"}, {"wd": "infighting"}, {"wd": "inharmony"}, {"wd": "schism"}, {"wd": "variance"}, {"wd": "war"}, {"wd": "warfare"}]], "rel_list": [[{"wd": "clash"}, {"wd": "collision"}, {"wd": "competition"}, {"wd": "contention"}], [{"wd": "altercation"}, {"wd": "argument"}, {"wd": "bicker"}, {"wd": "brawl"}, {"wd": "debate"}, {"wd": "disagreement"}, {"wd": "dispute"}, {"wd": "divide"}, {"wd": "fissure"}], [{"wd": "falling-out"}, {"wd": "fight"}, {"wd": "hassle"}, {"wd": "jar"}, {"wd": "miff"}, {"wd": "mix-up"}, {"wd": "quarrel"}, {"wd": "row"}, {"wd": "run-in"}, {"wd": "scrap"}, {"wd": "spat"}, {"wd": "squabble"}, {"wd": "tiff"}, {"wd": "wrangle"}], [{"wd": "incompatibility"}, {"wd": "incongruence"}, {"wd": "incongruity"}, {"wd": "incongruousness"}, {"wd": "inconsistence"}, {"wd": "inconsistency"}, {"wd": "inconsonance"}, {"wd": "inharmoniousness"}], [{"wd": "animosity"}, {"wd": "antagonism"}, {"wd": "antipathy"}, {"wd": "cold war"}, {"wd": "enmity"}, {"wd": "hostility"}, {"wd": "ill will"}, {"wd": "rancor"}]], "near_list": [[{"wd": "concurrence"}, {"wd": "cooperation"}]], "ant_list": [[{"wd": "accord"}, {"wd": "agreement"}, {"wd": "concord"}, {"wd": "concordance"}, {"wd": "harmony"}, {"wd": "peace"}]]}]], [["sense", {"sn": "2", "dt": [["text", "an earnest effort for superiority or victory over another "], ["vis", [{"t": "bitter {it}strife{/it} between the two political factions"}]]], "syn_list": [[{"wd": "ball game"}, {"wd": "battle"}, {"wd": "combat"}, {"wd": "competition"}, {"wd": "conflict"}, {"wd": "confrontation"}, {"wd": "contention"}, {"wd": "contest"}, {"wd": "dogfight"}, {"wd": "duel"}, {"wd": "face-off"}, {"wd": "grapple"}, {"wd": "match"}, {"wd": "rivalry"}, {"wd": "struggle"}, {"wd": "sweepstakes", "wvrs": [{"wvl": "also", "wva": "sweep-stake"}]}, {"wd": "tug-of-war"}, {"wd": "war"}, {"wd": "warfare"}]], "rel_list": [[{"wd": "horse race"}, {"wd": "nail-biter"}], [{"wd": "showdown"}], [{"wd": "clash"}, {"wd": "collision"}, {"wd": "discord"}, {"wd": "friction"}], [{"wd": "argument"}, {"wd": "controversy"}, {"wd": "debate"}, {"wd": "disagreement"}, {"wd": "disputation"}, {"wd": "dispute"}, {"wd": "dissension", "wvrs": [{"wvl": "also", "wva": "dissention"}]}, {"wd": "quarrel"}, {"wd": "row"}, {"wd": "wrangle"}]], "near_list": [[{"wd": "concord"}, {"wd": "harmony"}, {"wd": "peace"}]]}]]]}], "shortdef": ["a lack of agreement or harmony", "an earnest effort for superiority or victory over another"]}]