[{"meta": {"id": "study:1", "uuid": "1937cca1-ca6c-47c2-8764-b9ceb3e29789", "sort": "194875600", "src": "collegiate", "section": "alpha", "stems": ["studies", "study"], "offensive": false}, "hom": 1, "hwi": {"hw": "study", "prs": [{"mw": "\u02c8st\u0259-d\u0113", "sound": {"audio": "study001", "ref": "c", "stat": "1"}}]}, "fl": "noun", "ins": [{"il": "plural", "if": "stud*ies"}], "def": [{"sseq": [[["sense", {"sn": "1", "dt": [["text", "{bc}a state of contemplation {bc}{sx|reverie||}"]]}]], [["sense", {"sn": "2 a", "dt": [["text", "{bc}application of the mental faculties to the acquisition of knowledge "], ["vis", [{"t": "years of {wi}study{/wi}"}]]]}], ["sense", {"sn": "b", "dt": [["text", "{bc}such application in a particular field or to a specific subject "], ["vis", [{"t": "the {wi}study{/wi} of Latin"}]]]}], ["sense", {"sn": "c", "dt": [["text", "{bc}careful or extended consideration "], ["vis", [{"t": "the proposal is under {wi}study{/wi}"}]]]}], ["pseq", [["sense", {"sn": "d (1)", "dt": [["text", "{bc}a careful examination or analysis of a phenomenon, development, or question"]]}], ["sense", {"sn": "(2)", "dt": [["text", "{bc}the published report of such a study"]]}]]]], [["sense", {"sn": "3", "dt": [["text", "{bc}a building or room devoted to study or literary pursuits"]]}]], [["sense", {"sn": "4", "dt": [["text", "{bc}{sx|purpose||}, {sx|intent||} "], ["vis", [{"t": "it has been the {wi}study{/wi} of my life to avoid those weaknesses", "aq": {"auth": "Jane Austen"}}]]]}]], [["sense", {"sn": "5 a", "dt": [["text", "{bc}a branch or department of learning {bc}{sx|subject||} "], ["uns", [[["text", "often used in plural "], ["vis", [{"t": "American {it}studies{/it}"}]]]]]]}], ["sense", {"sn": "b", "dt": [["text", "{bc}the activity or work of a {a_link|student} "], ["vis", [{"t": "returning to her {it}studies{/it} after vacation"}]]]}], ["sense", {"sn": "c", "dt": [["text", "{bc}an object of study or deliberation "], ["vis", [{"t": "every gesture a careful {wi}study{/wi}", "aq": {"auth": "Marcia Davenport"}}]]]}], ["sense", {"sn": "d", "dt": [["text", "{bc}something attracting close attention or examination"]]}]], [["sense", {"sn": "6", "dt": [["text", "{bc}a person who learns or memorizes something (such as a part in a play) "], ["uns", [[["text", "usually used with a qualifying adjective "], ["vis", [{"t": "he's a quick {wi}study{/wi}"}]]]]]]}]], [["sense", {"sn": "7", "dt": [["text", "{bc}a literary or artistic production intended as a preliminary outline, an experimental interpretation, or an exploratory analysis of specific features or characteristics"]]}]], [["sense", {"sn": "8", "dt": [["text", "{bc}a musical composition for the practice of a point of technique"]]}]]]}], "et": [["text", "Middle English {it}studie{/it}, from Anglo-French {it}estudie{/it}, from Latin {it}studium{/it}, from {it}stud\u0113re{/it} to devote oneself, study; probably akin to Latin {it}tundere{/it} to beat {ma}{mat|contusion|}{/ma}"]], "date": "14th century{ds||1||}", "shortdef": ["a state of contemplation : reverie", "application of the mental faculties to the acquisition of knowledge", "such application in a particular field or to a specific subject"]}, {"meta": {"id": "study:2", "uuid": "82220116-e9c3-4165-9200-8f085303266a", "sort": "194875700", "src": "collegiate", "section": "alpha", "stems": ["studied", "studier", "studiers", "studies", "study", "studying"], "offensive": false}, "hom": 2, "hwi": {"hw": "study"}, "fl": "verb", "ins": [{"if": "stud*ied"}, {"if": "study*ing"}], "def": [{"vd": "intransitive verb", "sseq": [[["sense", {"sn": "1 a", "dt": [["text", "{bc}to engage in study"]]}], ["sense", {"sn": "b", "dt": [["text", "{bc}to undertake formal study of a subject"]]}]], [["sense", {"sn": "2", "sls": ["dialect"], "dt": [["text", "{bc}{sx|meditate||}, {sx|reflect||}"]]}]], [["sense", {"sn": "3", "dt": [["text", "{bc}{sx|endeavor||}, {sx|try||}"]]}]]]}, {"vd": "transitive verb", "sseq": [[["sense", {"sn": "1", "dt": [["text", "{bc}to read in detail especially with the intention of learning"]]}]], [["sense", {"sn": "2", "dt": [["text", "{bc}to engage in the study of "], ["vis", [{"t": "{wi}study{/wi} biology"}]]]}]], [["sense", {"sn": "3", "dt": [["text", "{bc}{sx|plot||}, {sx|design||}"]]}]], [["sense", {"sn": "4", "dt": [["text", "{bc}to consider attentively or in detail "], ["vis", [{"t": "{wi}studying{/wi} his face for a reaction"}]]]}]]]}], "uros": [{"ure": "studi*er", "prs": [{"mw": "\u02c8st\u0259-d\u0113-\u0259r", "sound": {"audio": "study002", "ref": "c", "stat": "1"}}], "fl": "noun"}], "syns": [{"pl": "synonyms", "pt": [["text", "{sc}consider{/sc} {sc}study{/sc} {sc}contemplate{/sc} {sc}weigh{/sc} mean to think about in order to arrive at a judgment or decision. {sc}consider{/sc} may suggest giving thought to in order to reach a suitable conclusion, opinion, or decision. "], ["vis", [{"t": "refused even to {it}consider{/it} my proposal"}]], ["text", " {sc}study{/sc} implies sustained purposeful concentration and attention to details and minutiae. "], ["vis", [{"t": "{it}study{/it} the plan closely"}]], ["text", " {sc}contemplate{/sc} stresses focusing one's thoughts on something but does not imply coming to a conclusion or decision. "], ["vis", [{"t": "{it}contemplate{/it} the consequences of refusing"}]], ["text", " {sc}weigh{/sc} implies attempting to reach the truth or arrive at a decision by balancing conflicting claims or evidence. "], ["vis", [{"t": "{it}weigh{/it} the pros and cons of the case"}]]]}], "date": "13th century{ds||2||}", "shortdef": ["to engage in study", "to undertake formal study of a subject", "meditate, reflect"]}, {"meta": {"id": "study hall", "uuid": "2df65215-1c65-4b50-9ac6-686af346b9bf", "sort": "194875800", "src": "collegiate", "section": "alpha", "stems": ["study hall", "study halls"], "offensive": false}, "hwi": {"hw": "study hall"}, "fl": "noun", "def": [{"sseq": [[["sense", {"sn": "1", "dt": [["text", "{bc}a room in a school set aside for study"]]}]], [["sense", {"sn": "2", "dt": [["text", "{bc}a period in a student's day set aside for study and homework"]]}]]]}], "date": "1813{ds||1||}", "shortdef": ["a room in a school set aside for study", "a period in a student's day set aside for study and homework"]}, {"meta": {"id": "brown study", "uuid": "f4bf619f-5e1c-4286-8734-467a7c554b9e", "sort": "020446600", "src": "collegiate", "section": "alpha", "stems": ["brown studies", "brown study"], "offensive": false}, "hwi": {"hw": "brown study"}, "fl": "noun", "def": [{"sseq": [[["sense", {"dt": [["text", "{bc}a state of serious absorption or abstraction"]]}]]]}], "date": "circa 1555", "shortdef": ["a state of serious absorption or abstraction"]}, {"meta": {"id": "case study", "uuid": "76479c48-3b10-4cc7-88fb-38aad13757ff", "sort": "031216000", "src": "collegiate", "section": "alpha", "stems": ["case studies", "case study"], "offensive": false}, "hwi": {"hw": "case study"}, "fl": "noun", "def": [{"sseq": [[["sense", {"sn": "1", "dt": [["text", "{bc}an intensive analysis of an individual unit (such as a person or community) stressing developmental factors in relation to environment"]]}]], [["sense", {"sn": "2", "dt": [["text", "{bc}{sx|case history||}"]]}]]]}], "date": "1914{ds||1||}", "shortdef": ["an intensive analysis of an individual unit (such as a person or community) stressing developmental factors in relation to environment", "case history"]}, {"meta": {"id": "course of study", "uuid": "a70e97fd-5d46-4aef-826d-1abe0c26c27c", "sort": "035662600", "src": "collegiate", "section": "alpha", "stems": ["course of study", "courses of study"], "offensive": false}, "hwi": {"hw": "course of study"}, "fl": "noun phrase", "def": [{"sseq": [[["sense", {"sn": "1", "dt": [["text", "{bc}{sx|curriculum||}"]]}]], [["sense", {"sn": "2", "dt": [["text", "{bc}{sx|course||4a}"]]}]]]}], "date": "1647{ds||1||}", "shortdef": ["curriculum", "course"]}, {"meta": {"id": "self-study", "uuid": "4353c6da-2cb1-49d1-9b6e-1d5c73686302", "sort": "192491000", "src": "collegiate", "section": "alpha", "stems": ["self-studies", "self-study"], "offensive": false}, "hwi": {"hw": "self-study", "prs": [{"mw": "\u02ccself-\u02c8st\u0259-d\u0113", "sound": {"audio": "selfst08", "ref": "c", "stat": "1"}}]}, "fl": "noun", "def": [{"sseq": [[["sense", {"dt": [["text", "{bc}study of oneself"]], "sdsense": {"sd": "also", "dt": [["text", "{bc}a record of observations from such study"]]}}]]]}], "date": "1547", "shortdef": ["study of oneself; also : a record of observations from such study"]}, {"meta": {"id": "work-study program", "uuid": "70f6a9e4-438c-4124-89ab-75ab387658a8", "sort": "230227400", "src": "collegiate", "section": "alpha", "stems": ["work-study program", "work-study programs"], "offensive": false}, "hwi": {"hw": "work-study program"}, "fl": "noun", "def": [{"sseq": [[["sense", {"dt": [["text", "{bc}a program that offers high school or college students part-time jobs in order to provide financial assistance or work experience"]]}]]]}], "date": "1946", "shortdef": ["a program that offers high school or college students part-time jobs in order to provide financial assistance or work experience"]}, {"meta": {"id": "fast/quick study", "uuid": "d163c6b5-644c-411a-8e8d-de4c081e9c4a", "sort": "3005826000", "src": "ld", "section": "idioms", "stems": ["fast study", "fast/quick study", "quick study"], "offensive": false}, "hwi": {"hw": "fast/quick study"}, "fl": "noun", "def": [{"sls": ["US"], "sseq": [[["sense", {"dt": [["text", "{bc}a person who learns things quickly"]]}]]]}], "shortdef": ["a person who learns things quickly"]}, {"meta": {"id": "feasibility study", "uuid": "0a2dce89-8763-4086-91a5-fd30ec3aef3f", "sort": "3005855000", "src": "ld", "section": "idioms", "stems": ["feasibility study"], "offensive": false}, "hwi": {"hw": "feasibility study"}, "fl": "noun", "def": [{"sseq": [[["sense", {"dt": [["text", "{bc}a study to show if something can be done"]]}]]]}], "shortdef": ["a study to show if something can be done"]}]