[{"meta": {"id": "subject:1", "uuid": "b5e9e513-eaa7-4dc0-940f-7b549ab2baee", "sort": "194894600", "src": "collegiate", "section": "alpha", "stems": ["subject", "subjectless", "subjects"], "offensive": false}, "hom": 1, "hwi": {"hw": "sub*ject", "prs": [{"mw": "\u02c8s\u0259b-jikt", "sound": {"audio": "subjec01", "ref": "c", "stat": "1"}}, {"mw": "-(\u02cc)jekt"}]}, "fl": "noun", "def": [{"sseq": [[["bs", {"sense": {"sn": "1", "dt": [["text", "{bc}one that is placed under authority or control: such as"]]}}], ["sense", {"sn": "a", "dt": [["text", "{bc}{sx|vassal||}"]]}], ["pseq", [["sense", {"sn": "b (1)", "dt": [["text", "{bc}one subject to a monarch and governed by the monarch's law"]]}], ["sense", {"sn": "(2)", "dt": [["text", "{bc}one who lives in the territory of, enjoys the protection of, and owes allegiance to a sovereign power or state"]]}]]]], [["sense", {"sn": "2 a", "dt": [["text", "{bc}that of which a quality, attribute, or relation may be affirmed or in which it may inhere"]]}], ["sense", {"sn": "b", "dt": [["text", "{bc}{sx|substratum||}"]], "sdsense": {"sd": "especially", "dt": [["text", "{bc}material or essential substance"]]}}], ["sense", {"sn": "c", "dt": [["text", "{bc}the mind, ego, or agent of whatever sort that sustains or assumes the form of thought or consciousness"]]}]], [["sense", {"sn": "3 a", "dt": [["text", "{bc}a department of knowledge or learning"]]}], ["sense", {"sn": "b", "dt": [["text", "{bc}{sx|motive||}, {sx|cause||}"]]}], ["pseq", [["sense", {"sn": "c (1)", "dt": [["text", "{bc}one that is acted on "], ["vis", [{"t": "the helpless {wi}subject{/wi} of their cruelty"}]]]}], ["sense", {"sn": "(2)", "dt": [["text", "{bc}an individual whose reactions or responses are studied"]]}], ["sense", {"sn": "(3)", "dt": [["text", "{bc}a dead body for anatomical study and dissection"]]}], ["sense", {"sn": "(4)", "dt": [["text", "{bc}a person who has engaged in activity that a federal prosecutor has identified as being within the scope of a federal grand jury investigation "], ["vis", [{"t": "Most white-collar criminal defendants started out as {wi}subjects{/wi} of a grand jury investigation,{rdquo} said Bruce Green, a former federal prosecutor and a law professor at Fordham.", "aq": {"auth": "Adam Serwer"}}]]]}]]], ["pseq", [["sense", {"sn": "d (1)", "dt": [["text", "{bc}something concerning which something is said or done "], ["vis", [{"t": "the {wi}subject{/wi} of the essay"}]]]}], ["sense", {"sn": "(2)", "dt": [["text", "{bc}something represented or indicated in a work of art"]]}]]], ["pseq", [["sense", {"sn": "e (1)", "dt": [["text", "{bc}the term of a logical proposition that denotes the entity of which something is affirmed or denied"]], "sdsense": {"sd": "also", "dt": [["text", "{bc}the entity denoted"]]}}], ["sense", {"sn": "(2)", "dt": [["text", "{bc}a word or word group denoting that of which something is predicated"]]}]]], ["sense", {"sn": "f", "dt": [["text", "{bc}the principal melodic phrase on which a musical composition or movement is based"]]}]]]}], "uros": [{"ure": "sub*ject*less", "prs": [{"mw": "\u02c8s\u0259b-jikt-l\u0259s", "sound": {"audio": "subjec02", "ref": "c", "stat": "1"}}, {"mw": "-(\u02cc)jekt-"}], "fl": "adjective"}], "syns": [{"pl": "synonyms", "pt": [["text", "{sc}citizen{/sc} {sc}subject{/sc} {sc}national{/sc} mean a person owing allegiance to and entitled to the protection of a sovereign state. {sc}citizen{/sc} is preferred for one owing allegiance to a state in which sovereign power is retained by the people and sharing in the political rights of those people. "], ["vis", [{"t": "the rights of a free {it}citizen{/it}"}]], ["text", " {sc}subject{/sc} implies allegiance to a personal sovereign such as a monarch. "], ["vis", [{"t": "the king's {it}subjects{/it}"}]], ["text", " {sc}national{/sc} designates one who may claim the protection of a state and applies especially to one living or traveling outside that state. "], ["vis", [{"t": "American {it}nationals{/it} working in the Middle East"}]]]}], "et": [["text", "Middle English {it}suget, subget{/it}, from Anglo-French, from Latin {it}subjectus{/it} one under authority & {it}subjectum{/it} subject of a proposition, from masculine & neuter respectively of {it}subjectus{/it}, past participle of {it}subicere{/it} to subject, literally, to throw under, from {it}sub-{/it} + {it}jacere{/it} to throw {ma}{mat|jet|}{/ma}"]], "date": "14th century{ds||1||}", "shortdef": ["one that is placed under authority or control: such as", "vassal", "one subject to a monarch and governed by the monarch's law"]}, {"meta": {"id": "subject:2", "uuid": "bce25534-722f-4907-91f4-f9b4f75b4a15", "sort": "194894700", "src": "collegiate", "section": "alpha", "stems": ["subject"], "offensive": false}, "hom": 2, "hwi": {"hw": "subject"}, "fl": "adjective", "def": [{"sseq": [[["sense", {"sn": "1", "dt": [["text", "{bc}owing obedience or allegiance to the power or dominion of another"]]}]], [["sense", {"sn": "2 a", "dt": [["text", "{bc}suffering a particular liability or exposure "], ["vis", [{"t": "{wi}subject{/wi} to temptation"}]]]}], ["sense", {"sn": "b", "dt": [["text", "{bc}having a tendency or inclination {bc}{sx|prone||} "], ["vis", [{"t": "{wi}subject{/wi} to colds"}]]]}]], [["sense", {"sn": "3", "dt": [["text", "{bc}contingent on or under the influence of some later action "], ["vis", [{"t": "the plan is {wi}subject{/wi} to discussion"}]]]}]]]}], "syns": [{"pl": "synonyms", "pt": [["text", "{sc}liable{/sc} {sc}open{/sc} {sc}exposed{/sc} {sc}subject{/sc} {sc}prone{/sc} {sc}susceptible{/sc} {sc}sensitive{/sc} mean being by nature or through circumstances likely to experience something adverse. {sc}liable{/sc} implies a possibility or probability of incurring something because of position, nature, or particular situation. "], ["vis", [{"t": "{it}liable{/it} to get lost"}]], ["text", " {sc}open{/sc} stresses a lack of barriers preventing incurrence. "], ["vis", [{"t": "a claim {it}open{/it} to question"}]], ["text", " {sc}exposed{/sc} suggests lack of protection or powers of resistance against something actually present or threatening. "], ["vis", [{"t": "{it}exposed{/it} to infection"}]], ["text", " {sc}subject{/sc} implies an openness for any reason to something that must be suffered or undergone. "], ["vis", [{"t": "all reports are {it}subject{/it} to review"}]], ["text", " {sc}prone{/sc} stresses natural tendency or propensity to incur something. "], ["vis", [{"t": "{it}prone{/it} to delay"}]], ["text", " {sc}susceptible{/sc} implies conditions existing in one's nature or individual constitution that make incurrence probable. "], ["vis", [{"t": "very {it}susceptible{/it} to flattery"}]], ["text", " {sc}sensitive{/sc} implies a readiness to respond to or be influenced by forces or stimuli. "], ["vis", [{"t": "unduly {it}sensitive{/it} to criticism"}]]]}], "date": "14th century{ds||1||}", "shortdef": ["owing obedience or allegiance to the power or dominion of another", "suffering a particular liability or exposure", "having a tendency or inclination : prone"]}, {"meta": {"id": "subject:3", "uuid": "ecc8acbf-e3d1-4351-86d0-61900c0499cb", "sort": "194894800", "src": "collegiate", "section": "alpha", "stems": ["subject", "subjected", "subjecting", "subjection", "subjections", "subjects"], "offensive": false}, "hom": 3, "hwi": {"hw": "sub*ject", "prs": [{"mw": "s\u0259b-\u02c8jekt", "sound": {"audio": "subjec03", "ref": "c", "stat": "1"}}, {"mw": "\u02c8s\u0259b-\u02ccjekt"}]}, "fl": "verb", "ins": [{"if": "sub*ject*ed"}, {"if": "sub*ject*ing"}, {"if": "sub*jects"}], "def": [{"vd": "transitive verb", "sseq": [[["sense", {"sn": "1 a", "dt": [["text", "{bc}to bring under control or dominion {bc}{sx|subjugate||}"]]}], ["sense", {"sn": "b", "dt": [["text", "{bc}to make (someone, such as oneself) amenable to the discipline and control of a superior"]]}]], [["sense", {"sn": "2", "dt": [["text", "{bc}to make liable {bc}{sx|predispose||}"]]}]], [["sense", {"sn": "3", "dt": [["text", "{bc}to cause or force to undergo or endure (something unpleasant, inconvenient, or trying) "], ["vis", [{"t": "was {wi}subjected{/wi} to constant verbal abuse"}]]]}]]]}], "uros": [{"ure": "sub*jec*tion", "prs": [{"mw": "s\u0259b-\u02c8jek-sh\u0259n", "sound": {"audio": "subjec04", "ref": "c", "stat": "1"}}], "fl": "noun"}], "date": "14th century{ds||1|a|}", "shortdef": ["to bring under control or dominion : subjugate", "to make (someone, such as oneself) amenable to the discipline and control of a superior", "to make liable : predispose"]}, {"meta": {"id": "subject matter", "uuid": "4ea54d22-f9f3-4ca8-b59f-5e15dc9da736", "sort": "194895500", "src": "collegiate", "section": "alpha", "stems": ["subject matter", "subject matters"], "offensive": false}, "hwi": {"hw": "subject matter"}, "fl": "noun", "def": [{"sseq": [[["sense", {"dt": [["text", "{bc}matter presented for consideration in discussion, thought, or study"]]}]]]}], "date": "1657", "shortdef": ["matter presented for consideration in discussion, thought, or study"]}, {"meta": {"id": "subject to", "uuid": "296526be-93fc-440b-ae37-a3bfa7227fe1", "sort": "3018929000", "src": "ld", "section": "idioms", "stems": ["subject to", "subject to change", "subjected to", "subjecting to", "subjects to"], "offensive": false}, "hwi": {"hw": "subject to"}, "fl": "phrasal verb", "ins": [{"if": "sub*ject*ed to"}, {"if": "sub*ject*ed to"}, {"il": "also", "if": "sub*ject to"}, {"if": "sub*ject*ing to"}, {"if": "sub*jects to"}], "def": [{"sseq": [[["sense", {"sn": "1", "dt": [["text", "{bc}affected by or possibly affected by (something) "], ["vis", [{"t": "The firm is {it}subject to{/it} state law."}, {"t": "The schedule is tentative and {phrase}subject to change{/phrase}."}, {"t": "Clothing purchases over $200 are {it}subject to{/it} tax."}, {"t": "Anyone caught trespassing is {it}subject to{/it} a $500 fine."}]]]}]], [["sense", {"sn": "2", "dt": [["text", "{bc}likely to do, have, or suffer from (something) "], ["vis", [{"t": "My cousin is {it}subject to{/it} panic attacks."}, {"t": "I'd rather not live in an area that is {it}subject to{/it} flooding."}]]]}]], [["sense", {"sn": "3", "dt": [["text", "{bc}dependent on something else to happen or be true "], ["vis", [{"t": "The sale of the property is {it}subject to{/it} approval by the city council."}, {"t": "All rooms are just $100 a night, {it}subject to{/it} availability."}]]]}]]]}], "shortdef": ["affected by or possibly affected by (something)", "likely to do, have, or suffer from (something)", "dependent on something else to happen or be true"]}, {"meta": {"id": "subject to review", "uuid": "cbd3e429-7f43-466d-997e-90f18f79c75e", "sort": "3018930000", "src": "ld", "section": "idioms", "stems": ["subject to review"], "offensive": false}, "hwi": {"hw": "subject to review"}, "fl": "idiom", "def": [{"sseq": [[["sense", {"dt": [["text", "{bc}not final until it has been examined further (by someone else) "], ["vis", [{"t": "The decision is {it}subject to review{/it} by a higher authority."}]]]}]]]}], "shortdef": ["not final until it has been examined further (by someone else)"]}, {"meta": {"id": "short subject", "uuid": "9f792ed2-d498-4d60-ab29-7ff8b0e7f1d3", "sort": "194359800", "src": "collegiate", "section": "alpha", "stems": ["short subject", "short subjects"], "offensive": false}, "hwi": {"hw": "short subject"}, "fl": "noun", "def": [{"sseq": [[["sense", {"dt": [["text", "{bc}a brief often documentary or educational film"]]}]]]}], "date": "1908", "shortdef": ["a brief often documentary or educational film"]}, {"meta": {"id": "tool subject", "uuid": "54030889-7cb5-4760-96d6-24bbf0b950a1", "sort": "200276800", "src": "collegiate", "section": "alpha", "stems": ["tool subject", "tool subjects"], "offensive": false}, "hwi": {"hw": "tool subject"}, "fl": "noun", "def": [{"sseq": [[["sense", {"dt": [["text", "{bc}a subject studied to gain competence in a skill used in other subjects"]]}]]]}], "date": "1925", "shortdef": ["a subject studied to gain competence in a skill used in other subjects"]}, {"meta": {"id": "change the subject", "uuid": "17495c7d-8c1a-48df-8afc-58ef006e43b3", "sort": "3003098000", "src": "ld", "section": "idioms", "stems": ["change the subject"], "offensive": false}, "hwi": {"hw": "change the subject"}, "fl": "idiom", "def": [{"sseq": [[["sense", {"dt": [["text", "{bc}to start a new topic of conversation "], ["vis", [{"t": "I didn't want to talk about work, so I {it}changed the subject{/it}."}]]]}]]]}], "shortdef": ["to start a new topic of conversation"]}, {"meta": {"id": "drop the subject", "uuid": "5b271448-65b0-4a6b-ae28-49ebaae42daa", "sort": "3005214000", "src": "ld", "section": "idioms", "stems": ["drop the subject"], "offensive": false}, "hwi": {"hw": "drop the subject"}, "fl": "idiom", "def": [{"sseq": [[["sense", {"dt": [["text", "{bc}to stop talking about a topic "], ["vis", [{"t": "When he started getting upset, I {it}dropped the subject{/it}."}]]]}]]]}], "shortdef": ["to stop talking about a topic"]}]