[{"meta": {"id": "subject", "uuid": "b8deb9f3-2a65-48e5-a76d-9a5a95013ad6", "src": "coll_thes", "section": "alpha", "target": {"tuuid": "b5e9e513-eaa7-4dc0-940f-7b549ab2baee", "tsrc": "collegiate"}, "stems": ["subject", "subjectless", "subjects"], "syns": [["content", "matter", "motif", "motive", "question", "theme", "topic"], ["citizen", "freeman", "national"], ["account", "authority", "grounds", "motive", "reason", "wherefore", "why"]], "ants": [["alien", "noncitizen"]], "offensive": false}, "hwi": {"hw": "subject"}, "fl": "noun", "def": [{"sseq": [[["sense", {"sn": "1", "dt": [["text", "a major object of interest or concern (as in a discussion or artistic composition) "], ["vis", [{"t": "the {it}subject{/it} of our discussion switched from who would be the next president to who was the greatest president in the nation's history"}]]], "syn_list": [[{"wd": "content"}, {"wd": "matter"}, {"wd": "motif"}, {"wd": "motive"}, {"wd": "question"}, {"wd": "theme"}, {"wd": "topic"}]], "rel_list": [[{"wd": "subject matter"}], [{"wd": "talking point"}], [{"wd": "count"}, {"wd": "idea"}, {"wd": "point"}, {"wd": "purpose"}], [{"wd": "consideration"}, {"wd": "issue"}, {"wd": "problem"}], [{"wd": "body"}, {"wd": "bulk"}, {"wd": "burden"}, {"wd": "centerpiece"}, {"wd": "core"}, {"wd": "crux"}, {"wd": "essence"}, {"wd": "fundamental"}, {"wd": "generality"}, {"wd": "gist"}, {"wd": "grist"}, {"wd": "heart"}, {"wd": "kernel"}, {"wd": "keynote"}, {"wd": "main"}, {"wd": "marrow"}, {"wd": "mass"}, {"wd": "net"}, {"wd": "nub"}, {"wd": "nubbin"}, {"wd": "nucleus"}, {"wd": "pith"}, {"wd": "pivot"}, {"wd": "purport"}, {"wd": "quick"}, {"wd": "staple"}, {"wd": "substance"}, {"wd": "sum"}], [{"wd": "basis"}], [{"wd": "bottom"}, {"wd": "essential"}, {"wd": "essentiality"}], [{"wd": "affair"}, {"wd": "argument"}, {"wd": "debate"}]], "near_list": [[{"wd": "aside"}, {"wd": "digression"}, {"wd": "excursion"}, {"wd": "interjection"}, {"wd": "parenthesis"}, {"wd": "tangent"}]]}]], [["sense", {"sn": "2", "dt": [["text", "a person who owes allegiance to a government and is protected by it "], ["vis", [{"t": "because of the tense situation in that country, British {it}subjects{/it} were advised to return home as soon as possible"}]]], "syn_list": [[{"wd": "citizen"}, {"wd": "freeman"}, {"wd": "national"}]], "rel_list": [[{"wd": "compatriot"}, {"wd": "countryman"}], [{"wd": "inhabitant"}, {"wd": "native"}, {"wd": "nonimmigrant"}, {"wd": "resident"}]], "near_list": [[{"wd": "foreigner"}, {"wd": "stranger"}], [{"wd": "immigrant"}, {"wd": "nonnative"}]], "ant_list": [[{"wd": "alien"}, {"wd": "noncitizen"}]]}]], [["sense", {"sn": "3", "dt": [["text", "something (as a belief) that serves as the basis for another thing "], ["vis", [{"t": "he has no {it}subject{/it} to protest this time, but that's never stopped him before"}]]], "syn_list": [[{"wd": "account"}, {"wd": "authority"}, {"wd": "grounds"}, {"wd": "motive"}, {"wd": "reason"}, {"wd": "wherefore"}, {"wd": "why"}]], "rel_list": [[{"wd": "antecedent"}, {"wd": "cause"}, {"wd": "consideration"}, {"wd": "impetus"}, {"wd": "incentive"}, {"wd": "inspiration"}, {"wd": "instigation"}, {"wd": "occasion"}, {"wd": "stimulus"}]]}]]]}], "shortdef": ["a major object of interest or concern (as in a discussion or artistic composition)", "a person who owes allegiance to a government and is protected by it", "something (as a belief) that serves as the basis for another thing"]}, {"meta": {"id": "subject", "uuid": "a37d2fb0-4474-418c-83ac-4ea7f0d818ff", "src": "coll_thes", "section": "alpha", "target": {"tuuid": "ecc8acbf-e3d1-4351-86d0-61900c0499cb", "tsrc": "collegiate"}, "stems": ["subject", "subjected", "subjecting", "subjection", "subjections", "subjects"], "syns": [["conquer", "dominate", "overpower", "pacify", "subdue", "subjugate", "subordinate", "vanquish"]], "ants": [], "offensive": false}, "hwi": {"hw": "subject"}, "fl": "verb", "def": [{"sseq": [[["sense", {"dt": [["text", "to bring under one's control by force of arms "], ["vis", [{"t": "Attila the Hun {it}subjected{/it} most of Europe to his barbaric pillage"}]]], "syn_list": [[{"wd": "conquer"}, {"wd": "dominate"}, {"wd": "overpower"}, {"wd": "pacify"}, {"wd": "subdue"}, {"wd": "subjugate"}, {"wd": "subordinate"}, {"wd": "vanquish"}]], "rel_list": [[{"wd": "annihilate"}, {"wd": "beat"}, {"wd": "clobber"}, {"wd": "crush"}, {"wd": "defeat"}, {"wd": "drub"}, {"wd": "lick"}, {"wd": "mow (down)"}, {"wd": "overcome"}, {"wd": "prevail (over)"}, {"wd": "reduce"}, {"wd": "rout"}, {"wd": "skunk"}, {"wd": "smash"}, {"wd": "thrash"}, {"wd": "triumph (over)"}, {"wd": "trounce"}, {"wd": "wallop"}, {"wd": "whip"}], [{"wd": "enslave"}], [{"wd": "break"}, {"wd": "clamp down (on)"}, {"wd": "crack down (on)"}, {"wd": "put down"}, {"wd": "quash"}, {"wd": "quell"}, {"wd": "repress"}, {"wd": "silence"}, {"wd": "smother"}, {"wd": "snuff (out)"}, {"wd": "squash"}, {"wd": "squelch"}, {"wd": "suppress"}]], "near_list": [[{"wd": "discharge"}, {"wd": "emancipate"}, {"wd": "enfranchise"}, {"wd": "free"}, {"wd": "liberate"}, {"wd": "manumit"}, {"wd": "release"}, {"wd": "spring"}, {"wd": "unbind"}, {"wd": "uncage"}, {"wd": "unchain"}, {"wd": "unfetter"}]]}]]]}], "shortdef": ["to bring under one's control by force of arms"]}, {"meta": {"id": "subject", "uuid": "8dc1ef7d-9a10-4b66-8a55-5f904c3332ed", "src": "CTcompile", "section": "alpha", "stems": ["subject"], "syns": [["dependent", "nonautonomous", "non-self-governing", "unfree", "bound", "captive", "conquered", "enslaved", "fettered", "subdued", "subjugated", "inferior", "subordinate", "subservient"]], "ants": [["autonomous", "free", "freestanding", "independent", "self-governed", "self-governing", "self-ruling", "separate", "sovereign", "freeborn", "delivered", "emancipated", "freed", "liberated", "manumitted", "redeemed", "released"]], "offensive": false}, "hwi": {"hw": "subject"}, "fl": "adjective", "def": [{"sseq": [[["sense", {"dt": [["text", "as in {it}dependent{/it}, {it}non-self-governing{/it}"]], "sim_list": [[{"wd": "dependent"}, {"wd": "nonautonomous"}, {"wd": "non-self-governing"}, {"wd": "unfree"}], [{"wd": "bound"}, {"wd": "captive"}, {"wd": "conquered"}, {"wd": "enslaved"}, {"wd": "fettered"}, {"wd": "subdued"}, {"wd": "subjugated"}], [{"wd": "inferior"}, {"wd": "subordinate"}, {"wd": "subservient"}]], "opp_list": [[{"wd": "autonomous"}, {"wd": "free"}, {"wd": "freestanding"}, {"wd": "independent"}, {"wd": "self-governed"}, {"wd": "self-governing"}, {"wd": "self-ruling"}, {"wd": "separate"}, {"wd": "sovereign", "wvrs": [{"wvl": "also", "wva": "sovran"}]}], [{"wd": "freeborn"}], [{"wd": "delivered"}, {"wd": "emancipated"}, {"wd": "freed"}, {"wd": "liberated"}, {"wd": "manumitted"}, {"wd": "redeemed"}, {"wd": "released"}]]}]]]}], "shortdef": ["as in dependent, non-self-governing"]}, {"meta": {"id": "subject (to)", "uuid": "5bb95b2b-d7c0-4855-9fd4-09e7f03bdc33", "src": "coll_thes", "section": "alpha", "stems": ["subject (to)", "subject", "subject to"], "syns": [["conditional", "contingent (on or upon)", "dependent", "tentative"], ["endangered", "exposed", "liable", "open", "sensitive", "susceptible", "vulnerable"]], "ants": [["independent", "unconditional"], ["insusceptible", "invulnerable", "unexposed", "unsusceptible"]], "offensive": false}, "hwi": {"hw": "subject (to)"}, "fl": "adjective", "def": [{"sseq": [[["sense", {"sn": "1", "dt": [["text", "determined by something else "], ["vis", [{"t": "your extra piano lesson on Tuesdays is {it}subject to{/it} the availability of the music room"}]]], "syn_list": [[{"wd": "conditional"}, {"wd": "contingent (on or upon)"}, {"wd": "dependent"}, {"wd": "tentative"}]], "rel_list": [[{"wd": "liable"}, {"wd": "open"}, {"wd": "susceptible"}], [{"wd": "limited"}, {"wd": "modified"}, {"wd": "qualified"}, {"wd": "restricted"}], [{"wd": "debatable"}, {"wd": "disputable"}, {"wd": "doubtable"}, {"wd": "doubtful"}, {"wd": "iffy"}, {"wd": "problematic", "wvrs": [{"wvl": "also", "wva": "problematical"}]}, {"wd": "questionable"}, {"wd": "shady"}, {"wd": "shaky"}, {"wd": "suspect"}, {"wd": "uncertain"}]], "near_list": [[{"wd": "absolute"}, {"wd": "all-out"}, {"wd": "arrant"}, {"wd": "categorical", "wvrs": [{"wvl": "also", "wva": "categoric"}]}, {"wd": "complete"}, {"wd": "consummate"}, {"wd": "out-and-out"}, {"wd": "outright"}, {"wd": "perfect"}, {"wd": "simple"}, {"wd": "total"}, {"wd": "ultimate"}, {"wd": "unadulterated"}, {"wd": "unalloyed"}, {"wd": "unconditional"}, {"wd": "unequivocal"}, {"wd": "unmitigated"}, {"wd": "unqualified"}, {"wd": "utter"}], [{"wd": "basal"}, {"wd": "basic"}, {"wd": "fundamental"}, {"wd": "primary"}]], "ant_list": [[{"wd": "independent"}, {"wd": "unconditional"}]]}]], [["sense", {"sn": "2", "dt": [["text", "being in a situation where one is likely to meet with harm "], ["vis", [{"t": "this type of wound is highly {it}subject to{/it} infection"}]]], "syn_list": [[{"wd": "endangered"}, {"wd": "exposed"}, {"wd": "liable"}, {"wd": "open"}, {"wd": "sensitive"}, {"wd": "susceptible"}, {"wd": "vulnerable"}]], "rel_list": [[{"wd": "likely"}, {"wd": "prone"}], [{"wd": "uncovered"}, {"wd": "undefended"}, {"wd": "unguarded"}, {"wd": "unprotected"}, {"wd": "unscreened"}, {"wd": "unsecured"}]], "phrase_list": [[{"wd": "at risk"}, {"wd": "in deep water"}, {"wd": "in jeopardy"}]], "near_list": [[{"wd": "covered"}, {"wd": "guarded"}, {"wd": "protected"}, {"wd": "safeguarded"}, {"wd": "screened"}, {"wd": "secured"}, {"wd": "sheltered"}, {"wd": "shielded"}, {"wd": "warded"}]], "ant_list": [[{"wd": "insusceptible"}, {"wd": "invulnerable"}, {"wd": "unexposed"}, {"wd": "unsusceptible"}]]}]]]}], "shortdef": ["determined by something else", "being in a situation where one is likely to meet with harm"]}, {"meta": {"id": "subject matter", "uuid": "78531ce4-8e70-4797-a9b2-3b10fd7368d2", "src": "CTenhance", "section": "alpha", "stems": ["subject matter", "subject matters"], "syns": [["talking point", "content", "matter", "motif", "motive", "question", "subject", "theme", "topic", "count", "idea", "point", "purpose", "consideration", "issue", "problem", "body", "bulk", "burden", "centerpiece", "core", "crux", "essence", "fundamental", "generality", "gist", "grist", "heart", "kernel", "keynote", "main", "marrow", "mass", "net", "nub", "nubbin", "nucleus", "pith", "pivot", "purport", "quick", "staple", "substance", "sum", "basis", "bottom", "essential", "essentiality", "affair", "argument", "debate"]], "ants": [["aside", "digression", "excursion", "interjection", "parenthesis", "tangent"]], "offensive": false}, "hwi": {"hw": "subject matter"}, "fl": "noun", "def": [{"sseq": [[["sense", {"dt": [["text", "the information or ideas that are discussed or dealt with in a book, movie, etc.; what something is about "], ["vis", [{"t": "I found the film's {it}subject matter{/it} to be quite disturbing."}, {"t": "The magazine's editors care more about style than about {it}subject matter{/it}."}, {"t": "She disapproves of the artist's choice of {it}subject matter{/it}."}]]], "sim_list": [[{"wd": "talking point"}], [{"wd": "content"}, {"wd": "matter"}, {"wd": "motif"}, {"wd": "motive"}, {"wd": "question"}, {"wd": "subject"}, {"wd": "theme"}, {"wd": "topic"}], [{"wd": "count"}, {"wd": "idea"}, {"wd": "point"}, {"wd": "purpose"}], [{"wd": "consideration"}, {"wd": "issue"}, {"wd": "problem"}], [{"wd": "body"}, {"wd": "bulk"}, {"wd": "burden"}, {"wd": "centerpiece"}, {"wd": "core"}, {"wd": "crux"}, {"wd": "essence"}, {"wd": "fundamental"}, {"wd": "generality"}, {"wd": "gist"}, {"wd": "grist"}, {"wd": "heart"}, {"wd": "kernel"}, {"wd": "keynote"}, {"wd": "main"}, {"wd": "marrow"}, {"wd": "mass"}, {"wd": "net"}, {"wd": "nub"}, {"wd": "nubbin"}, {"wd": "nucleus"}, {"wd": "pith"}, {"wd": "pivot"}, {"wd": "purport"}, {"wd": "quick"}, {"wd": "staple"}, {"wd": "substance"}, {"wd": "sum"}], [{"wd": "basis"}], [{"wd": "bottom"}, {"wd": "essential"}, {"wd": "essentiality"}], [{"wd": "affair"}, {"wd": "argument"}, {"wd": "debate"}]], "opp_list": [[{"wd": "aside"}, {"wd": "digression"}, {"wd": "excursion"}, {"wd": "interjection"}, {"wd": "parenthesis"}, {"wd": "tangent"}]]}]]]}], "shortdef": ["the information or ideas that are discussed or dealt with in a book, movie, etc.; what something is about"]}, {"meta": {"id": "subject matters", "uuid": "485b19b2-3bfe-4136-ae4a-ff608cc231fd", "src": "CTenhance", "section": "alpha", "stems": ["subject matters"], "syns": [["talking points", "contents", "matters", "motifs", "motives", "questions", "subjects", "themes", "topics", "counts", "ideas", "points", "purposes", "considerations", "issues", "problems", "bodies", "bulks", "burdens", "centerpieces", "cores", "cruxes", "essences", "fundamentals", "generalities", "gists", "grists", "hearts", "kernels", "keynotes", "mains", "marrows", "masses", "nets", "nubbins", "nubs", "nuclei", "piths", "pivots", "purports", "quicks", "staples", "substances", "sums", "bases", "bottoms", "essentialities", "essentials", "affairs", "arguments", "debates"]], "ants": [["asides", "digressions", "excursions", "interjections", "parentheses", "tangents"]], "offensive": false}, "hwi": {"hw": "subject matters"}, "fl": "noun", "sls": ["plural of {d_link|subject matter|subject matter}"], "def": [{"sseq": [[["sense", {"dt": [["text", "the information or ideas that are discussed or dealt with in a book, movie, etc.; what something is about "], ["vis", [{"t": "I found the film's {it}subject matter{/it} to be quite disturbing."}, {"t": "The magazine's editors care more about style than about {it}subject matter{/it}."}, {"t": "She disapproves of the artist's choice of {it}subject matter{/it}."}]]], "sim_list": [[{"wd": "talking points"}], [{"wd": "contents"}, {"wd": "matters"}, {"wd": "motifs"}, {"wd": "motives"}, {"wd": "questions"}, {"wd": "subjects"}, {"wd": "themes"}, {"wd": "topics"}], [{"wd": "counts"}, {"wd": "ideas"}, {"wd": "points"}, {"wd": "purposes"}], [{"wd": "considerations"}, {"wd": "issues"}, {"wd": "problems"}], [{"wd": "bodies"}, {"wd": "bulks"}, {"wd": "burdens"}, {"wd": "centerpieces"}, {"wd": "cores"}, {"wd": "cruxes", "wvrs": [{"wvl": "also", "wva": "cruces"}]}, {"wd": "essences"}, {"wd": "fundamentals"}, {"wd": "generalities"}, {"wd": "gists"}, {"wd": "grists"}, {"wd": "hearts"}, {"wd": "kernels"}, {"wd": "keynotes"}, {"wd": "mains"}, {"wd": "marrows"}, {"wd": "masses"}, {"wd": "nets"}, {"wd": "nubbins"}, {"wd": "nubs"}, {"wd": "nuclei", "wvrs": [{"wvl": "also", "wva": "nucleuses"}]}, {"wd": "piths"}, {"wd": "pivots"}, {"wd": "purports"}, {"wd": "quicks"}, {"wd": "staples"}, {"wd": "substances"}, {"wd": "sums"}], [{"wd": "bases"}], [{"wd": "bottoms"}, {"wd": "essentialities"}, {"wd": "essentials"}], [{"wd": "affairs"}, {"wd": "arguments"}, {"wd": "debates"}]], "opp_list": [[{"wd": "asides"}, {"wd": "digressions"}, {"wd": "excursions"}, {"wd": "interjections"}, {"wd": "parentheses"}, {"wd": "tangents"}]]}]]]}], "shortdef": ["the information or ideas that are discussed or dealt with in a book, movie, etc.; what something is about"]}, {"meta": {"id": "short subject", "uuid": "86b01386-58c6-46c4-aae0-e797b874de6b", "src": "CTcompile", "section": "alpha", "stems": ["short subject"], "syns": [["animated cartoon", "cartoon", "docudrama", "documentary", "feature", "featurette", "short", "film", "flick", "flicker", "motion picture", "movie", "moving picture", "picture", "silent", "talkie", "B movie", "B picture", "cofeature"]], "ants": [], "offensive": false}, "hwi": {"hw": "short subject"}, "fl": "noun", "def": [{"sseq": [[["sense", {"dt": [["text", "as in {it}documentary{/it}, {it}animated cartoon{/it}"]], "sim_list": [[{"wd": "animated cartoon"}, {"wd": "cartoon"}, {"wd": "docudrama"}, {"wd": "documentary"}, {"wd": "feature"}, {"wd": "featurette"}, {"wd": "short"}], [{"wd": "film"}, {"wd": "flick"}, {"wd": "flicker"}, {"wd": "motion picture"}, {"wd": "movie"}, {"wd": "moving picture"}, {"wd": "picture"}], [{"wd": "silent"}, {"wd": "talkie"}], [{"wd": "B movie"}, {"wd": "B picture"}, {"wd": "cofeature"}]]}]]]}], "shortdef": ["as in documentary, animated cartoon"]}]