[{"meta": {"id": "take:1", "uuid": "da5d2045-2b5e-483b-8d36-47a81db8b027", "sort": "200018600", "src": "collegiate", "section": "alpha", "stems": ["take", "take a back seat", "take a bath", "take a hike", "take a powder", "take a walk", "take account of", "take advantage of", "take after", "take aim at", "take apart", "take care", "take care of", "take charge", "take effect", "take exception", "take five", "take for", "take for a ride", "take for granted", "take heart", "take hold", "take in vain", "take into account", "take issue", "take it on the chin", "take kindly to", "take no prisoners", "take notice of", "take one's time", "take part", "take place", "take root", "take shape", "take ship", "take ten", "take the cake", "take the count", "take the floor", "take the mickey", "take the mickey out of", "take the plunge", "take to", "take to court", "take to task", "take to the cleaners", "take turns", "taken", "taken a back seat", "taken a bath", "taken a hike", "taken a powder", "taken a walk", "taken account of", "taken advantage of", "taken after", "taken aim at", "taken apart", "taken care", "taken care of", "taken charge", "taken effect", "taken exception", "taken five", "taken for", "taken for a ride", "taken for granted", "taken heart", "taken hold", "taken in vain", "taken into account", "taken issue", "taken it on the chin", "taken kindly to", "taken no prisoners", "taken notice of", "taken one's time", "taken part", "taken place", "taken root", "taken shape", "taken ship", "taken ten", "taken the cake", "taken the count", "taken the floor", "taken the mickey", "taken the mickey out of", "taken the plunge", "taken to", "taken to court", "taken to task", "taken to the cleaners", "taken turns", "taker", "takers", "takes", "takes a back seat", "takes a bath", "takes a hike", "takes a powder", "takes a walk", "takes account of", "takes advantage of", "takes after", "takes aim at", "takes apart", "takes care", "takes care of", "takes charge", "takes effect", "takes exception", "takes five", "takes for", "takes for a ride", "takes for granted", "takes heart", "takes hold", "takes in vain", "takes into account", "takes issue", "takes it on the chin", "takes kindly to", "takes no prisoners", "takes notice of", "takes one's time", "takes part", "takes place", "takes root", "takes shape", "takes ship", "takes ten", "takes the cake", "takes the count", "takes the floor", "takes the mickey", "takes the mickey out of", "takes the plunge", "takes to", "takes to court", "takes to task", "takes to the cleaners", "takes turns", "taking", "taking a back seat", "taking a bath", "taking a hike", "taking a powder", "taking a walk", "taking account of", "taking advantage of", "taking after", "taking aim at", "taking apart", "taking care", "taking care of", "taking charge", "taking effect", "taking exception", "taking five", "taking for", "taking for a ride", "taking for granted", "taking heart", "taking hold", "taking in vain", "taking into account", "taking issue", "taking it on the chin", "taking kindly to", "taking no prisoners", "taking notice of", "taking one's time", "taking part", "taking place", "taking root", "taking shape", "taking ship", "taking ten", "taking the cake", "taking the count", "taking the floor", "taking the mickey", "taking the mickey out of", "taking the plunge", "taking to", "taking to court", "taking to task", "taking to the cleaners", "taking turns", "took", "took a back seat", "took a bath", "took a hike", "took a powder", "took a walk", "took account of", "took advantage of", "took after", "took aim at", "took apart", "took care", "took care of", "took charge", "took effect", "took exception", "took five", "took for", "took for a ride", "took for granted", "took heart", "took hold", "took in vain", "took into account", "took issue", "took it on the chin", "took kindly to", "took no prisoners", "took notice of", "took one's time", "took part", "took place", "took root", "took shape", "took ship", "took ten", "took the cake", "took the count", "took the floor", "took the mickey", "took the mickey out of", "took the plunge", "took to", "took to court", "took to task", "took to the cleaners", "took turns"], "offensive": false}, "hom": 1, "hwi": {"hw": "take", "prs": [{"mw": "\u02c8t\u0101k", "sound": {"audio": "take0001", "ref": "c", "stat": "1"}}]}, "fl": "verb", "ins": [{"if": "took", "prs": [{"mw": "\u02c8tu\u0307k", "sound": {"audio": "take0002", "ref": "c", "stat": "1"}}]}, {"if": "tak*en", "prs": [{"mw": "\u02c8t\u0101-k\u0259n", "sound": {"audio": "take0003", "ref": "c", "stat": "1"}}]}, {"if": "tak*ing"}], "def": [{"vd": "transitive verb", "sseq": [[["bs", {"sense": {"sn": "1", "dt": [["text", "{bc}to get into one's hands or into one's possession, power, or control: such as"]]}}], ["sense", {"sn": "a", "dt": [["text", "{bc}to seize or capture physically "], ["vis", [{"t": "{it}took{/it} them as prisoners"}]]]}], ["sense", {"sn": "b", "dt": [["text", "{bc}to get possession of (fish or game) by killing or capturing"]]}], ["pseq", [["sense", {"sn": "c (1)", "dt": [["text", "{bc}to move against (an opponent's piece, as in chess) and remove from play"]]}], ["sense", {"sn": "(2)", "dt": [["text", "{bc}to win in a card game "], ["vis", [{"t": "able to {wi}take{/wi} 12 tricks"}]]]}]]], ["sense", {"sn": "d", "dt": [["text", "{bc}to acquire by eminent domain"]]}]], [["sense", {"sn": "2", "dt": [["text", "{bc}{sx|grasp||}, {sx|grip||} "], ["vis", [{"t": "{wi}take{/wi} the ax by the handle"}]]]}]], [["sense", {"sn": "3 a", "dt": [["text", "{bc}to catch or attack through the effect of a sudden force or influence "], ["vis", [{"t": "{it}taken{/it} with a fit of laughing"}, {"t": "{it}taken{/it} ill"}]]]}], ["sense", {"sn": "b", "dt": [["text", "{bc}to catch or come upon in a particular situation or action "], ["vis", [{"t": "was {it}taken{/it} unawares"}]]]}], ["sense", {"sn": "c", "dt": [["text", "{bc}to gain the approval or liking of {bc}{sx|captivate||}, {sx|delight||} "], ["vis", [{"t": "was quite {it}taken{/it} with her at their first meeting"}]]]}]], [["sense", {"sn": "4 a", "dt": [["text", "{bc}to receive into one's body (as by swallowing, drinking, or inhaling) "], ["vis", [{"t": "{wi}take{/wi} a pill"}]]]}], ["sense", {"sn": "b", "dt": [["text", "{bc}to put oneself into (sun, air, water, etc.) for pleasure or physical benefit"]]}], ["sense", {"sn": "c", "dt": [["text", "{bc}to partake of {bc}{sx|eat||} "], ["vis", [{"t": "{wi}takes{/wi} dinner about seven"}]]]}]], [["sense", {"sn": "5 a", "dt": [["text", "{bc}to bring or receive into a relation or connection "], ["vis", [{"t": "{wi}takes{/wi} just four students a year"}, {"t": "it's time he {it}took{/it} a wife"}]]]}], ["sense", {"sn": "b", "dt": [["text", "{bc}to copulate with"]]}]], [["bs", {"sense": {"sn": "6", "dt": [["text", "{bc}to transfer into one's own keeping:"]]}}], ["sense", {"sn": "a", "dt": [["text", "{bc}{sx|appropriate||} "], ["vis", [{"t": "someone {it}took{/it} my hat"}]]]}], ["sense", {"sn": "b", "dt": [["text", "{bc}to obtain or secure for use (as by lease, subscription, or purchase) "], ["vis", [{"t": "{wi}take{/wi} a cottage for the summer"}, {"t": "I'll {wi}take{/wi} the red one"}, {"t": "{it}took{/it} an ad in the paper"}]]]}]], [["sense", {"sn": "7 a", "dt": [["text", "{bc}{sx|assume||} "], ["vis", [{"t": "gods often {it}took{/it} the likeness of a human being"}, {"t": "when the college {it}took{/it} its present form"}]]]}], ["pseq", [["sense", {"sn": "b (1)", "dt": [["text", "{bc}to enter into or undertake the duties of "], ["vis", [{"t": "{wi}take{/wi} a job"}, {"t": "{wi}take{/wi} office"}]]]}], ["sense", {"sn": "(2)", "dt": [["text", "{bc}to move onto or into {bc}move into position on "], ["vis", [{"t": "the home team {it}took{/it} the field"}, {"t": "{wi}take{/wi} the witness stand"}]]]}]]], ["pseq", [["sense", {"sn": "c (1)", "dt": [["text", "{bc}to bind oneself by "], ["vis", [{"t": "{wi}take{/wi} the oath of office"}]]]}], ["sense", {"sn": "(2)", "dt": [["text", "{bc}to make (a decision) especially with finality or authority"]]}]]], ["sense", {"sn": "d", "dt": [["text", "{bc}to impose upon oneself "], ["vis", [{"t": "{wi}take{/wi} the trouble to do good work"}, {"t": "{wi}take{/wi} pains to make her feel welcome"}]]]}], ["pseq", [["sense", {"sn": "e (1)", "dt": [["text", "{bc}to adopt as one's own "], ["vis", [{"t": "{wi}take{/wi} a stand on the issue"}, {"t": "{wi}take{/wi} an interest"}]]]}], ["sense", {"sn": "(2)", "dt": [["text", "{bc}to align or ally oneself with "], ["vis", [{"t": "mother {it}took{/it} his side"}]]]}]]], ["sense", {"sn": "f", "dt": [["text", "{bc}to assume as if rightfully one's own or as if granted "], ["vis", [{"t": "{wi}take{/wi} the credit"}]]]}], ["sense", {"sn": "g", "dt": [["text", "{bc}to accept the burden or consequences of "], ["vis", [{"t": "{it}took{/it} the blame"}]]]}], ["sense", {"sn": "h", "dt": [["text", "{bc}to have or assume as a proper part of or accompaniment to itself "], ["vis", [{"t": "transitive verbs {wi}take{/wi} an object"}]]]}]], [["sense", {"sn": "8 a", "dt": [["text", "{bc}to secure by winning in competition "], ["vis", [{"t": "{it}took{/it} first place"}]]]}], ["sense", {"sn": "b", "dt": [["text", "{bc}{sx|defeat||}"]]}]], [["sense", {"sn": "9", "dt": [["text", "{bc}to pick out {bc}{sx|choose||}, {sx|select||} "], ["vis", [{"t": "{it}took{/it} the best apple"}]]]}]], [["bs", {"sense": {"sn": "10", "dt": [["text", "{bc}to adopt, choose, or avail oneself of for use: such as"]]}}], ["sense", {"sn": "a", "dt": [["text", "{bc}to have recourse to as an instrument for doing something "], ["vis", [{"t": "{wi}take{/wi} a scythe to the weeds"}]]]}], ["sense", {"sn": "b", "dt": [["text", "{bc}to use as a means of transportation or progression "], ["vis", [{"t": "{wi}take{/wi} the bus"}]]]}], ["sense", {"sn": "c", "dt": [["text", "{bc}to have recourse to for safety or refuge "], ["vis", [{"t": "{wi}take{/wi} shelter"}]]]}], ["sense", {"sn": "d", "dt": [["text", "{bc}to go along, into, or through "], ["vis", [{"t": "{it}took{/it} a different route"}]]]}], ["pseq", [["sense", {"sn": "e (1)", "dt": [["text", "{bc}to proceed to occupy "], ["vis", [{"t": "{wi}take{/wi} a seat in the rear"}]]]}], ["sense", {"sn": "(2)", "dt": [["text", "{bc}to use up (space, time, etc.) "], ["vis", [{"t": "{wi}takes{/wi} a long time to dry"}]]]}], ["sense", {"sn": "(3)", "dt": [["text", "{bc}{sx|need||}, {sx|require||} "], ["vis", [{"t": "{wi}takes{/wi} a size nine shoe"}, {"t": "it {wi}takes{/wi} two to start a fight"}]]]}]]]], [["sense", {"sn": "11 a", "dt": [["text", "{bc}to obtain by deriving from a source {bc}{sx|draw||} "], ["vis", [{"t": "{wi}takes{/wi} its title from the name of the hero"}]]]}], ["pseq", [["sense", {"sn": "b (1)", "dt": [["text", "{bc}to obtain as the result of a special procedure {bc}{sx|ascertain||} "], ["vis", [{"t": "{wi}take{/wi} the temperature"}, {"t": "{wi}take{/wi} a census"}]]]}], ["sense", {"sn": "(2)", "dt": [["text", "{bc}to get in or as if in writing "], ["vis", [{"t": "{wi}take{/wi} notes"}, {"t": "{wi}take{/wi} an inventory"}]]]}], ["sense", {"sn": "(3)", "dt": [["text", "{bc}to get by drawing or painting or by photography "], ["vis", [{"t": "{wi}take{/wi} a snapshot"}]]]}], ["sense", {"sn": "(4)", "dt": [["text", "{bc}to get by transference from one surface to another "], ["vis", [{"t": "{wi}take{/wi} a proof"}, {"t": "{wi}take{/wi} fingerprints"}]]]}]]]], [["pseq", [["bs", {"sense": {"sn": "12", "dt": [["text", "{bc}to receive or accept whether willingly or reluctantly "], ["vis", [{"t": "{wi}take{/wi} a bribe"}, {"t": "will you {wi}take{/wi} this call"}, {"t": "{wi}take{/wi} a bet"}]], ["text", ": such as"]]}}], ["sense", {"sn": "a (1)", "dt": [["text", "{bc}to submit to {bc}{sx|endure||} "], ["vis", [{"t": "{wi}take{/wi} a cut in pay"}]]]}], ["sense", {"sn": "(2)", "dt": [["text", "{bc}{sx|withstand||} "], ["vis", [{"t": "it will {wi}take{/wi} a lot of punishment"}]]]}], ["sense", {"sn": "(3)", "dt": [["text", "{bc}{sx|suffer||} "], ["vis", [{"t": "{it}took{/it} a direct hit"}]]]}]]], ["pseq", [["sense", {"sn": "b (1)", "dt": [["text", "{bc}to accept as true {bc}{sx|believe||} "], ["vis", [{"t": "I'll {wi}take{/wi} your word for it"}]]]}], ["sense", {"sn": "(2)", "dt": [["text", "{bc}{sx|follow||} "], ["vis", [{"t": "{wi}take{/wi} my advice"}]]]}], ["sense", {"sn": "(3)", "dt": [["text", "{bc}to accept or regard with the mind in a specified way "], ["vis", [{"t": "{it}took{/it} the news hard"}, {"t": "you {wi}take{/wi} yourself too seriously"}]]]}]]], ["sense", {"sn": "c", "dt": [["text", "{bc}to indulge in and enjoy "], ["vis", [{"t": "was {it}taking{/it} his ease on the porch"}]]]}], ["sense", {"sn": "d", "dt": [["text", "{bc}to receive or accept as a return (as in payment, compensation, or reparation) "], ["vis", [{"t": "we don't {wi}take{/wi} credit cards"}]]]}], ["sense", {"sn": "e", "dt": [["text", "{bc}to accept in a usually professional relationship "], ["uns", [[["text", "often used with {it}on{/it} "], ["vis", [{"t": "agreed to {wi}take{/wi} him on as a client"}]]]]]]}], ["sense", {"sn": "f", "dt": [["text", "{bc}to refrain from hitting at (a pitched ball) "], ["vis", [{"t": "{wi}take{/wi} a strike"}]]]}]], [["pseq", [["sense", {"sn": "13 a (1)", "dt": [["text", "{bc}to let in {bc}{sx|admit||} "], ["vis", [{"t": "the boat was {it}taking{/it} water fast"}]]]}], ["sense", {"sn": "(2)", "dt": [["text", "{bc}{sx|accommodate||} "], ["vis", [{"t": "the suitcase wouldn't {wi}take{/wi} another thing"}]]]}]]], ["sense", {"sn": "b", "dt": [["text", "{bc}to be affected injuriously by (something, such as a disease) {bc}{sx|contract||} "], ["vis", [{"t": "{wi}take{/wi} cold"}]]], "sdsense": {"sd": "also", "dt": [["text", "{bc}to be seized by "], ["vis", [{"t": "{wi}take{/wi} a fit"}, {"t": "{wi}take{/wi} fright"}]]]}}], ["sense", {"sn": "c", "dt": [["text", "{bc}to absorb or become impregnated with (something, such as dye)"]], "sdsense": {"sd": "also", "dt": [["text", "{bc}to be effectively treated by "], ["vis", [{"t": "a surface that {wi}takes{/wi} a fine polish"}]]]}}]], [["sense", {"sn": "14 a", "dt": [["text", "{bc}{sx|apprehend||}, {sx|understand||} "], ["vis", [{"t": "how should I {wi}take{/wi} your remark"}]]]}], ["sense", {"sn": "b", "dt": [["text", "{bc}{sx|consider||}, {sx|suppose||} "], ["vis", [{"t": "I {wi}take{/wi} it you're not going"}]]]}], ["sense", {"sn": "c", "dt": [["text", "{bc}{sx|reckon||}, {sx|accept||} "], ["vis", [{"t": "{it}taking{/it} a stride at 30 inches"}]]]}], ["sense", {"sn": "d", "dt": [["text", "{bc}{sx|feel||}, {sx|experience||} "], ["vis", [{"t": "{wi}take{/wi} pleasure"}, {"t": "{wi}take{/wi} an instant dislike to someone"}, {"t": "{wi}take{/wi} offense"}]]]}]], [["sense", {"sn": "15 a", "dt": [["text", "{bc}to lead, carry, or cause to go along to another place "], ["vis", [{"t": "this bus will {wi}take{/wi} you into town"}, {"t": "{it}took{/it} an umbrella with her"}]]]}], ["sense", {"sn": "b", "dt": [["text", "{bc}to cause to move to a specified state, condition, or sphere of activity "], ["vis", [{"t": "{it}took{/it} the company public"}, {"t": "{it}took{/it} his team to the finals"}]]]}], ["sense", {"sn": "c", "dt": [["text", "{bc}to invite and accompany (someone) "], ["vis", [{"t": "She {wi}took{/wi} me to the movies."}, {"t": "He {wi}took{/wi} her on a date."}, {"t": "They {wi}took{/wi} the kids to the movies."}]], ["uns", [[["text", " often + {it}out{/it} "], ["vis", [{"t": "He {wi}took{/wi} her out to dinner."}]]]]]]}], ["sense", {"sn": "d", "dt": [["text", "{bc}to stop prescribing a specified regimen to "], ["uns", [[["text", "used with {it}off{/it} "], ["vis", [{"t": "{it}took{/it} him off the medication"}]]]]]]}]], [["sense", {"sn": "16 a", "dt": [["text", "{bc}{sx|remove||} "], ["vis", [{"t": "{wi}take{/wi} eggs from a nest"}]]]}], ["pseq", [["sense", {"sn": "b (1)", "dt": [["text", "{bc}to put an end to (life)"]]}], ["sense", {"sn": "(2)", "dt": [["text", "{bc}to remove by death "], ["vis", [{"t": "was {it}taken{/it} in his prime"}]]]}]]], ["sense", {"sn": "c", "dt": [["text", "{bc}{sx|subtract||} "], ["vis", [{"t": "{wi}take{/wi} two from four"}]]]}], ["sense", {"sn": "d", "dt": [["text", "{bc}{sx|exact||} "], ["vis", [{"t": "the weather {it}took{/it} its toll"}]]]}]], [["sense", {"sn": "17 a", "dt": [["text", "{bc}to undertake and make, do, or perform "], ["vis", [{"t": "{wi}take{/wi} a walk"}, {"t": "{wi}take{/wi} aim"}, {"t": "{wi}take{/wi} legal action"}, {"t": "{wi}take{/wi} a test"}, {"t": "{wi}take{/wi} a look"}]]]}], ["sense", {"sn": "b", "dt": [["text", "{bc}to participate in "], ["vis", [{"t": "{wi}take{/wi} a meeting"}]]]}]], [["sense", {"sn": "18 a", "dt": [["text", "{bc}to deal with "], ["vis", [{"t": "{wi}take{/wi} first things first"}]]]}], ["sense", {"sn": "b", "dt": [["text", "{bc}to consider or view in a particular relation "], ["vis", [{"t": "{it}taken{/it} together, the details were significant"}]]], "sdsense": {"sd": "especially", "dt": [["text", "{bc}to consider as an example "], ["vis", [{"t": "{wi}take{/wi} style, for instance"}]]]}}], ["pseq", [["sense", {"sn": "c (1)", "dt": [["text", "{bc}to apply oneself to the study of "], ["vis", [{"t": "{wi}take{/wi} music lessons"}, {"t": "{wi}take{/wi} French"}]]]}], ["sense", {"sn": "(2)", "dt": [["text", "{bc}to study for especially successfully "], ["vis", [{"t": "{it}taking{/it} a degree in engineering"}, {"t": "{it}took{/it} holy orders"}]]]}]]]], [["sense", {"sn": "19", "dt": [["text", "{bc}to obtain money from especially fraudulently "], ["vis", [{"t": "{it}took{/it} me for all I had"}]]]}]], [["sense", {"sn": "20", "dt": [["text", "{bc}to pass or attempt to pass through, along, or over "], ["vis", [{"t": "{it}took{/it} the curve too fast"}, {"t": "{wi}take{/wi} the stairs two at a time"}]]]}]]]}, {"vd": "intransitive verb", "sseq": [[["bs", {"sense": {"sn": "1", "dt": [["text", "{bc}to obtain possession: such as"]]}}], ["sense", {"sn": "a", "dt": [["text", "{bc}{sx|capture||}"]]}], ["sense", {"sn": "b", "dt": [["text", "{bc}to receive property under law as one's own"]]}]], [["sense", {"sn": "2", "dt": [["text", "{bc}to lay hold {bc}{sx|catch||}, {sx|hold||}"]]}]], [["sense", {"sn": "3", "dt": [["text", "{bc}to establish a take especially by uniting or growing "], ["vis", [{"t": "90 percent of the grafts {wi}take{/wi}"}]]]}]], [["sense", {"sn": "4 a", "dt": [["text", "{bc}to betake oneself {bc}set out {bc}{sx|go||} "], ["vis", [{"t": "{wi}take{/wi} after a purse snatcher"}]]]}], ["sense", {"sn": "b", "sls": ["chiefly dialectal"], "dt": [["uns", [[["text", "used as an intensifier or redundantly with a following verb "], ["vis", [{"t": "{it}took{/it} and swung at the ball"}]]]]]]}]], [["sense", {"sn": "5 a", "dt": [["text", "{bc}to take effect {bc}{sx|act||}, {sx|operate||} "], ["vis", [{"t": "hoped the lesson he taught would {wi}take{/wi}"}]]]}], ["sense", {"sn": "b", "dt": [["text", "{bc}to show the natural or intended effect "], ["vis", [{"t": "dry fuel {wi}takes{/wi} readily"}]]]}]], [["sense", {"sn": "6", "dt": [["text", "{bc}{sx|charm||}, {sx|captivate||} "], ["vis", [{"t": "a {it}taking{/it} smile"}]]]}]], [["sense", {"sn": "7", "dt": [["text", "{bc}{sx|detract||}"]]}]], [["sense", {"sn": "8", "dt": [["text", "{bc}to be seized or attacked in a specified way {bc}{sx|become||} "], ["vis", [{"t": "{it}took{/it} sick"}]]]}]]]}], "uros": [{"ure": "tak*er", "fl": "noun"}], "dros": [{"drp": "take a back seat", "def": [{"sseq": [[["sense", {"dt": [["text", "{bc}to have or assume a secondary position or status"]]}]]]}]}, {"drp": "take a bath", "def": [{"sseq": [[["sense", {"dt": [["text", "{bc}to suffer a heavy financial loss"]]}]]]}]}, {"drp": "take account of", "def": [{"sseq": [[["sense", {"dt": [["text", "{bc}to take into account"]]}]]]}]}, {"drp": "take advantage of", "def": [{"sseq": [[["sense", {"sn": "1", "dt": [["text", "{bc}to use to advantage {bc}profit by"]]}]], [["sense", {"sn": "2", "dt": [["text", "{bc}to impose on {bc}{sx|exploit||}"]], "sdsense": {"sd": "also", "dt": [["text", "{bc}to exploit sexually"]]}}]]]}]}, {"drp": "take after", "def": [{"sseq": [[["sense", {"dt": [["text", "{bc}to resemble in features, build, character, or disposition"]]}]]]}]}, {"drp": "take a hike", "vrs": [{"vl": "or less commonly", "va": "take a walk"}], "def": [{"sseq": [[["sense", {"dt": [["text", "{bc}to go away {bc}{sx|leave||}"]]}]]]}]}, {"drp": "take aim at", "def": [{"sseq": [[["sense", {"dt": [["text", "{bc}{sx|target||1} "], ["vis", [{"t": "new legislation that {it}takes aim at{/it} crime"}]]]}]]]}]}, {"drp": "take apart", "def": [{"sseq": [[["sense", {"sn": "1", "dt": [["text", "{bc}to disconnect the pieces of {bc}{sx|disassemble||}"]]}]], [["sense", {"sn": "2", "dt": [["text", "{bc}to treat roughly or harshly {bc}tear into"]]}]]]}]}, {"drp": "take a powder", "def": [{"sseq": [[["sense", {"dt": [["text", "{bc}to leave hurriedly"]]}]]]}]}, {"drp": "take care", "def": [{"sseq": [[["sense", {"dt": [["text", "{bc}to be careful or watchful {bc}exercise caution or prudence"]]}]]]}]}, {"drp": "take care of", "def": [{"sseq": [[["sense", {"dt": [["text", "{bc}to attend to or provide for the needs, operation, or treatment of"]]}]]]}]}, {"drp": "take charge", "def": [{"sseq": [[["sense", {"dt": [["text", "{bc}to assume care, custody, command, or control"]]}]]]}]}, {"drp": "take effect", "def": [{"sseq": [[["sense", {"sn": "1", "dt": [["text", "{bc}to become operative"]]}]], [["sense", {"sn": "2", "dt": [["text", "{bc}to be effective"]]}]]]}]}, {"drp": "take exception", "def": [{"sseq": [[["sense", {"dt": [["text", "{bc}{sx|object||} "], ["vis", [{"t": "{it}took exception{/it} to the remark"}]]]}]]]}]}, {"drp": "take five", "vrs": [{"vl": "or", "va": "take ten"}], "def": [{"sseq": [[["sense", {"dt": [["text", "{bc}to take a break especially from work"]]}]]]}]}, {"drp": "take for", "def": [{"sseq": [[["sense", {"dt": [["text", "{bc}to suppose to be"]], "sdsense": {"sd": "especially", "dt": [["text", "{bc}to suppose mistakenly to be"]]}}]]]}]}, {"drp": "take for a ride", "def": [{"sseq": [[["sense", {"dt": [["text", "{bc}{sx|trick||}, {sx|cheat||}"]]}]]]}]}, {"drp": "take for granted", "def": [{"sseq": [[["sense", {"sn": "1", "dt": [["text", "{bc}to assume as true, real, or expected"]]}]], [["sense", {"sn": "2", "dt": [["text", "{bc}to value too lightly"]]}]]]}]}, {"drp": "take heart", "def": [{"sseq": [[["sense", {"dt": [["text", "{bc}to gain courage or confidence"]]}]]]}]}, {"drp": "take hold", "def": [{"sseq": [[["sense", {"sn": "1", "dt": [["text", "{bc}{sx|grasp||}, {sx|grip||}, {sx|seize||}"]]}]], [["sense", {"sn": "2", "dt": [["text", "{bc}to become attached or established {bc}take effect"]]}]]]}]}, {"drp": "take into account", "def": [{"sseq": [[["sense", {"dt": [["text", "{bc}to make allowance for"]]}]]]}]}, {"drp": "take in vain", "def": [{"sseq": [[["sense", {"dt": [["text", "{bc}to use (a name) profanely or without proper respect"]]}]]]}]}, {"drp": "take issue", "def": [{"sseq": [[["sense", {"dt": [["text", "{bc}{sx|disagree||}"]]}]]]}]}, {"drp": "take it on the chin", "def": [{"sseq": [[["sense", {"dt": [["text", "{bc}to suffer from the results of a situation"]]}]]]}]}, {"drp": "take kindly to", "def": [{"sseq": [[["sense", {"dt": [["text", "{bc}to show an inclination to accept or approve"]]}]]]}]}, {"drp": "take no prisoners", "def": [{"sseq": [[["sense", {"dt": [["text", "{bc}to be merciless or relentless (as in exploiting an advantage) "], ["vis", [{"t": "a politician who {it}takes no prisoners{/it}"}]]]}]]]}]}, {"drp": "take notice of", "def": [{"sseq": [[["sense", {"dt": [["text", "{bc}to observe or treat with special attention"]]}]]]}]}, {"drp": "take one's time", "def": [{"sseq": [[["sense", {"dt": [["text", "{bc}to be leisurely about doing something"]]}]]]}]}, {"drp": "take part", "def": [{"sseq": [[["sense", {"dt": [["text", "{bc}{sx|join||}, {sx|participate||}, {sx|share||}"]]}]]]}]}, {"drp": "take place", "def": [{"sseq": [[["sense", {"dt": [["text", "{bc}{sx|happen||}, {sx|occur||}"]]}]]]}]}, {"drp": "take root", "def": [{"sseq": [[["sense", {"sn": "1", "dt": [["text", "{bc}to become rooted"]]}]], [["sense", {"sn": "2", "dt": [["text", "{bc}to become fixed or established"]]}]]]}]}, {"drp": "take shape", "def": [{"sseq": [[["sense", {"dt": [["text", "{bc}to assume a definite or distinctive form"]]}]]]}]}, {"drp": "take ship", "def": [{"sseq": [[["sense", {"dt": [["text", "{bc}set out on a voyage by ship"]]}]]]}]}, {"drp": "take the cake", "def": [{"sseq": [[["sense", {"dt": [["text", "{bc}to carry off the prize {bc}rank first"]]}]]]}]}, {"drp": "take the count", "def": [{"sseq": [[["sense", {"sn": "1", "sls": ["of a boxer"], "dt": [["text", "{bc}to be counted out"]]}]], [["sense", {"sn": "2", "dt": [["text", "{bc}to go down in defeat"]]}]]]}]}, {"drp": "take the floor", "def": [{"sseq": [[["sense", {"dt": [["text", "{bc}to rise (as in a meeting or a legislative assembly) to make a formal address"]]}]]]}]}, {"drp": "take the mickey", "def": [{"sls": ["British"], "sseq": [[["sense", {"dt": [["text", "{bc}{sx|joke||}, {sx|kid||}"]]}]]]}]}, {"drp": "take the mickey out of", "def": [{"sls": ["British"], "sseq": [[["sense", {"dt": [["text", "{bc}to make fun of {bc}{sx|tease||}"]]}]]]}]}, {"drp": "take the plunge", "def": [{"sseq": [[["sense", {"dt": [["text", "{bc}to do or undertake something decisively especially after a period of hesitation or uncertainty"]]}]]]}]}, {"drp": "take to", "def": [{"sseq": [[["sense", {"sn": "1", "dt": [["text", "{bc}to go to or into "], ["vis", [{"t": "{it}take to{/it} the woods"}]]]}]], [["sense", {"sn": "2", "dt": [["text", "{bc}to apply or devote oneself to (something, such as a practice, habit, or occupation) "], ["vis", [{"t": "{it}take to{/it} begging"}]]]}]], [["sense", {"sn": "3", "dt": [["text", "{bc}to adapt oneself to {bc}respond to "], ["vis", [{"t": "{it}takes to{/it} water like a duck"}]]]}]], [["sense", {"sn": "4", "dt": [["text", "{bc}to conceive a liking for"]]}]]]}]}, {"drp": "take to court", "def": [{"sseq": [[["sense", {"dt": [["text", "{bc}to bring before a judicial body"]], "sdsense": {"sd": "especially", "dt": [["text", "{bc}{sx|sue||1}"]]}}]]]}]}, {"drp": "take to task", "def": [{"sseq": [[["sense", {"dt": [["text", "{bc}to call to account for a shortcoming {bc}{sx|criticize||}"]]}]]]}]}, {"drp": "take to the cleaners", "def": [{"sseq": [[["sense", {"dt": [["text", "{bc}to deprive of money or possessions {bc}clean out"]]}]]]}]}, {"drp": "take turns", "def": [{"sseq": [[["sense", {"dt": [["text", "{bc}{sx|alternate||}"]]}]]]}]}], "syns": [{"pl": "synonyms", "pt": [["text", "{sc}take{/sc} {sc}seize{/sc} {sc}grasp{/sc} {sc}clutch{/sc} {sc}snatch{/sc} {sc}grab{/sc} mean to get hold of by or as if by catching up with the hand. {sc}take{/sc} is a general term applicable to any manner of getting something into one's possession or control. "], ["vis", [{"t": "{it}take{/it} some salad from the bowl"}]], ["text", " {sc}seize{/sc} implies a sudden and forcible movement in getting hold of something tangible or an apprehending of something fleeting or elusive when intangible. "], ["vis", [{"t": "{it}seized{/it} the suspect"}]], ["text", " {sc}grasp{/sc} stresses a laying hold so as to have firmly in possession. "], ["vis", [{"t": "{it}grasp{/it} the handle and pull"}]], ["text", " {sc}clutch{/sc} suggests avidity or anxiety in seizing or grasping and may imply less success in holding. "], ["vis", [{"t": "{it}clutching{/it} her purse"}]], ["text", " {sc}snatch{/sc} suggests more suddenness or quickness but less force than {sc}seize{/sc}. "], ["vis", [{"t": "{it}snatched{/it} a doughnut and ran"}]], ["text", " {sc}grab{/sc} implies more roughness or rudeness than {sc}snatch{/sc}. "], ["vis", [{"t": "{it}grabbed{/it} roughly by the arm"}]]]}], "et": [["text", "Middle English, from Old English {it}tacan{/it}, from Old Norse {it}taka{/it}; akin to Middle Dutch {it}taken{/it} to take"]], "date": "before 12th century{ds|t|1||}", "shortdef": ["to get into one's hands or into one's possession, power, or control: such as", "to seize or capture physically", "to get possession of (fish or game) by killing or capturing"]}, {"meta": {"id": "take:2", "uuid": "516441d7-c493-4593-ad1a-abc516f05efb", "sort": "200018700", "src": "collegiate", "section": "alpha", "stems": ["on the take", "take", "takes"], "offensive": false}, "hom": 2, "hwi": {"hw": "take"}, "fl": "noun", "def": [{"sseq": [[["sense", {"sn": "1", "dt": [["text", "{bc}a distinct or personal point of view, outlook, or assessment "], ["vis", [{"t": "was asked for her {wi}take{/wi} on recent developments"}]]], "sdsense": {"sd": "also", "dt": [["text", "{bc}a distinct treatment or variation "], ["vis", [{"t": "a new {wi}take{/wi} on an old style"}]]]}}]], [["pseq", [["bs", {"sense": {"sn": "2", "dt": [["text", "{bc}an act or the action of taking: such as"]]}}], ["sense", {"sn": "a (1)", "dt": [["text", "{bc}the uninterrupted photographing or televising of a scene"]]}], ["sense", {"sn": "(2)", "dt": [["text", "{bc}the making of a sound recording"]]}]]], ["sense", {"sn": "b", "dt": [["text", "{bc}the action of killing, capturing, or catching something (such as game or fish)"]]}]], [["bs", {"sense": {"sn": "3", "dt": [["text", "{bc}something that is {a_link|taken}:"]]}}], ["sense", {"sn": "a", "dt": [["text", "{bc}the amount of money received {bc}{sx|proceeds||}, {sx|receipts||}, {sx|income||}"]]}], ["sense", {"sn": "b", "dt": [["text", "{bc}{sx|share||}, {sx|cut||} "], ["vis", [{"t": "wanted a bigger {wi}take{/wi}"}]]]}], ["pseq", [["sense", {"sn": "c (1)", "dt": [["text", "{bc}a scene filmed or televised at one time without stopping the camera"]]}], ["sense", {"sn": "(2)", "dt": [["text", "{bc}a sound recording made during a single recording period"]], "sdsense": {"sd": "especially", "dt": [["text", "{bc}a trial recording"]]}}]]], ["sense", {"sn": "d", "dt": [["text", "{bc}the number or quantity (as of animals, fish, or pelts) taken at one time {bc}{sx|catch||}, {sx|haul||}"]]}], ["sense", {"sn": "e", "dt": [["text", "{bc}a section or installment done as a unit or at one time"]]}]], [["sense", {"sn": "4 a", "dt": [["text", "{bc}a local or systemic reaction indicative of successful vaccination (as against smallpox)"]]}], ["sense", {"sn": "b", "dt": [["text", "{bc}a successful union (as of a graft)"]]}]], [["sense", {"sn": "5", "dt": [["text", "{bc}a visible response or reaction (as to something unexpected) "], ["vis", [{"t": "a delayed {wi}take{/wi}"}]]]}]]]}], "dros": [{"drp": "on the take", "def": [{"sseq": [[["sense", {"dt": [["text", "{bc}illegally paid for favors"]]}]]]}]}], "date": "1589{ds||2|b|}", "shortdef": ["a distinct or personal point of view, outlook, or assessment; also : a distinct treatment or variation", "an act or the action of taking: such as", "the uninterrupted photographing or televising of a scene"]}, {"meta": {"id": "taken", "uuid": "6b5bd742-8fb1-4ea1-8eae-eae5fa820e76", "sort": "200019700", "src": "collegiate", "section": "alpha", "stems": ["take", "taken"], "offensive": false}, "hwi": {"hw": "taken"}, "cxs": [{"cxl": "past participle of", "cxtis": [{"cxt": "take"}]}], "shortdef": []}, {"meta": {"id": "took", "uuid": "aaec4b27-ab6c-407d-934c-058b6a2e04e2", "sort": "200275500", "src": "collegiate", "section": "alpha", "stems": ["take", "took"], "offensive": false}, "hwi": {"hw": "took"}, "cxs": [{"cxl": "past tense of", "cxtis": [{"cxt": "take"}]}], "shortdef": []}, {"meta": {"id": "take back", "uuid": "09d68775-e593-42a0-8c11-6cb012d2fde8", "sort": "200018900", "src": "collegiate", "section": "alpha", "stems": ["take back", "taken back", "takes back", "taking back", "took back"], "offensive": false}, "hwi": {"hw": "take back"}, "fl": "verb", "ins": [{"if": "took back"}, {"if": "tak*en back"}, {"if": "tak*ing back"}, {"if": "takes back"}], "def": [{"vd": "transitive verb", "sseq": [[["sense", {"dt": [["text", "{bc}to make a retraction of {bc}{sx|withdraw||}"]]}]]]}], "date": "1599", "shortdef": ["to make a retraction of : withdraw"]}, {"meta": {"id": "take-charge", "uuid": "17742ad6-9589-4339-902f-34d0fe149ca8", "sort": "200019000", "src": "collegiate", "section": "alpha", "stems": ["take-charge"], "offensive": false}, "hwi": {"hw": "take-charge", "prs": [{"mw": "\u02c8t\u0101k-\u02c8ch\u00e4rj", "sound": {"audio": "takech01", "ref": "c", "stat": "1"}}]}, "fl": "adjective", "def": [{"sseq": [[["sense", {"dt": [["text", "{bc}having the qualities of a forceful leader "], ["vis", [{"t": "a {wi}take-charge{/wi} executive"}]]]}]]]}], "date": "1950", "shortdef": ["having the qualities of a forceful leader"]}, {"meta": {"id": "take down", "uuid": "3f83f33a-7941-4907-9877-4007779ac81c", "sort": "200019300", "src": "collegiate", "section": "alpha", "stems": ["take down", "taken down", "takes down", "taking down", "took down"], "offensive": false}, "hwi": {"hw": "take down"}, "fl": "verb", "ins": [{"if": "took down"}, {"if": "tak*en down"}, {"if": "tak*ing down"}, {"if": "takes down"}], "def": [{"vd": "transitive verb", "sseq": [[["sense", {"sn": "1", "dt": [["text", "{bc}to lower without removing "], ["vis", [{"t": "{it}took down{/it} his pants"}]]]}]], [["sense", {"sn": "2 a", "dt": [["text", "{bc}to pull to pieces "], ["vis", [{"t": "{it}take down{/it} a building"}]]]}], ["sense", {"sn": "b", "dt": [["text", "{bc}{sx|disassemble||} "], ["vis", [{"t": "{it}take{/it} a rifle {it}down{/it}"}]]]}]], [["sense", {"sn": "3", "dt": [["text", "{bc}to lower the spirit or vanity of"]]}]], [["sense", {"sn": "4 a", "dt": [["text", "{bc}to write down "], ["vis", [{"t": "{it}took down{/it} some notes"}]]]}], ["sense", {"sn": "b", "dt": [["text", "{bc}to record by mechanical means"]]}]]]}, {"vd": "intransitive verb", "sseq": [[["sense", {"dt": [["text", "{bc}to become seized or attacked especially by illness"]]}]]]}], "date": "14th century{ds||2|a|}", "shortdef": ["to lower without removing", "to pull to pieces", "disassemble"]}, {"meta": {"id": "take-home pay", "uuid": "3e6ddd7a-f805-4d7a-a94c-8d06d0bd19dc", "sort": "200019400", "src": "collegiate", "section": "alpha", "stems": ["take-home pay", "take-home pays"], "offensive": false}, "hwi": {"hw": "take-home pay", "prs": [{"mw": "\u02c8t\u0101k-\u02cch\u014dm-", "sound": {"audio": "takeho01", "ref": "c", "stat": "1"}}]}, "fl": "noun", "def": [{"sseq": [[["sense", {"dt": [["text", "{bc}income remaining from salary or wages after deductions (as for income-tax withholding)"]]}]]]}], "date": "1942", "shortdef": ["income remaining from salary or wages after deductions (as for income-tax withholding)"]}, {"meta": {"id": "take-in", "uuid": "1dcb016d-78da-4e59-96e0-95ee00143003", "sort": "200019500", "src": "collegiate", "section": "alpha", "stems": ["take-in", "take-ins"], "offensive": false}, "hwi": {"hw": "take-in", "prs": [{"mw": "\u02c8t\u0101-\u02cckin", "sound": {"audio": "takein01", "ref": "c", "stat": "1"}}]}, "fl": "noun", "def": [{"sseq": [[["sense", {"dt": [["text", "{bc}an act of taking in especially by deceiving"]]}]]]}], "date": "1778", "shortdef": ["an act of taking in especially by deceiving"]}, {"meta": {"id": "take in", "uuid": "90d6ce4c-e050-460e-a720-170ded17f60f", "sort": "200019600", "src": "collegiate", "section": "alpha", "stems": ["take in", "taken in", "takes in", "taking in", "took in"], "offensive": false}, "hwi": {"hw": "take in"}, "fl": "verb", "ins": [{"if": "took in"}, {"if": "tak*en in"}, {"if": "tak*ing in"}, {"if": "takes in"}], "def": [{"vd": "transitive verb", "sseq": [[["sense", {"sn": "1 a", "dt": [["text", "{bc}to receive as a guest or lodger"]]}], ["sense", {"sn": "b", "dt": [["text", "{bc}to give shelter to"]]}], ["sense", {"sn": "c", "dt": [["text", "{bc}to take to a police station as a prisoner"]]}]], [["bs", {"sense": {"sn": "2", "dt": [["text", "{bc}to draw into a smaller compass "], ["vis", [{"t": "{it}take in{/it} the slack of a line"}]], ["text", ":"]]}}], ["sense", {"sn": "a", "dt": [["text", "{bc}to make (a garment) smaller by enlarging seams or tucks"]]}], ["sense", {"sn": "b", "dt": [["text", "{bc}{sx|furl||}"]]}]], [["sense", {"sn": "3", "dt": [["text", "{bc}to receive as payment or proceeds"]]}]], [["sense", {"sn": "4", "dt": [["text", "{bc}to receive (work) into one's house to be done for pay "], ["vis", [{"t": "{it}take in{/it} washing"}]]]}]], [["sense", {"sn": "5", "dt": [["text", "{bc}to encompass within its limits"]]}]], [["sense", {"sn": "6 a", "dt": [["text", "{bc}to include in an itinerary"]]}], ["sense", {"sn": "b", "dt": [["text", "{bc}{sx|attend||} "], ["vis", [{"t": "{it}take in{/it} a movie"}]]]}]], [["sense", {"sn": "7", "dt": [["text", "{bc}to receive into the mind {bc}{sx|perceive||} "], ["vis", [{"t": "{it}took in{/it} the view"}]]]}]], [["sense", {"sn": "8", "dt": [["text", "{bc}{sx|deceive||}, {sx|dupe||}"]]}]]]}], "date": "circa 1518{ds||2||}", "shortdef": ["to receive as a guest or lodger", "to give shelter to", "to take to a police station as a prisoner"]}]