[{"meta": {"id": "tall", "uuid": "7ae1313d-7aa0-47e6-858c-e2433d00ba21", "sort": "200024800", "src": "collegiate", "section": "alpha", "stems": ["tall", "taller", "tallest", "tallish", "tallness", "tallnesses"], "offensive": false}, "hwi": {"hw": "tall", "prs": [{"mw": "\u02c8t\u022fl", "sound": {"audio": "tall0001", "ref": "c", "stat": "1"}}]}, "fl": "adjective", "def": [{"sseq": [[["sense", {"sn": "1 a", "dt": [["text", "{bc}high in stature"]]}], ["sense", {"sn": "b", "dt": [["text", "{bc}of a specified height "], ["vis", [{"t": "five feet {wi}tall{/wi}"}]]]}]], [["sense", {"sn": "2 a", "dt": [["text", "{bc}of considerable height "], ["vis", [{"t": "{wi}tall{/wi} trees"}]]]}], ["sense", {"sn": "b", "dt": [["text", "{bc}long from bottom to top "], ["vis", [{"t": "a {wi}tall{/wi} book"}]]]}], ["sense", {"sn": "c", "dt": [["text", "{bc}of a higher growing variety or species of plant"]]}]], [["sense", {"sn": "3 a", "dt": [["text", "{bc}large or formidable in amount, extent, or degree "], ["vis", [{"t": "a {wi}tall{/wi} order to fill"}]]]}], ["sense", {"sn": "b", "dt": [["text", "{bc}{sx|pompous||}, {sx|high-flown||} "], ["vis", [{"t": "{wi}tall{/wi} talk about the vast mysteries of life", "aq": {"auth": "W. A. White"}}]]]}], ["sense", {"sn": "c", "dt": [["text", "{bc}highly exaggerated {bc}{sx|incredible||}, {sx|improbable||} "], ["vis", [{"t": "a {wi}tall{/wi} story"}]]]}]], [["sense", {"sn": "4", "sls": ["obsolete"], "dt": [["text", "{bc}{sx|brave||}, {sx|courageous||}"]]}]]]}], "uros": [{"ure": "tall", "fl": "adverb"}, {"ure": "tall*ish", "prs": [{"mw": "\u02c8t\u022f-lish", "sound": {"audio": "tall0002", "ref": "c", "stat": "1"}}], "fl": "adjective"}, {"ure": "tall*ness", "prs": [{"mw": "\u02c8t\u022fl-n\u0259s", "sound": {"audio": "tall0003", "ref": "c", "stat": "1"}}], "fl": "noun"}], "syns": [{"pl": "synonyms", "pt": [["text", "{sc}high{/sc} {sc}tall{/sc} {sc}lofty{/sc} mean above the average in height. {sc}high{/sc} implies marked extension upward and is applied chiefly to things which rise from a base or foundation or are placed at a conspicuous height above a lower level. "], ["vis", [{"t": "a {it}high{/it} hill"}, {"t": "a {it}high{/it} ceiling"}]], ["text", " {sc}tall{/sc} applies to what grows or rises high by comparison with others of its kind and usually implies relative narrowness. "], ["vis", [{"t": "a {it}tall{/it} thin man"}]], ["text", " {sc}lofty{/sc} suggests great or imposing altitude. "], ["vis", [{"t": "{it}lofty{/it} mountain peaks"}]]]}], "et": [["text", "Middle English {it}tal{/it}, probably from Old English {it}get\u00e6l{/it} quick, ready; akin to Old High German {it}gizal{/it} quick"]], "date": "15th century{ds||4||}", "shortdef": ["high in stature", "of a specified height", "of considerable height"]}, {"meta": {"id": "tall fescue", "uuid": "ca5b9582-5053-4af0-b50c-d63fb3f38547", "sort": "200025100", "src": "collegiate", "section": "alpha", "stems": ["tall fescue", "tall fescue grass", "tall fescues"], "offensive": false}, "hwi": {"hw": "tall fescue"}, "fl": "noun", "def": [{"sseq": [[["sense", {"dt": [["text", "{bc}a European fescue ({it}Festuca arundinacea{/it} synonym {it}Schedonorus arundinaceus{/it}) with erect smooth stems three to four feet (about one meter) high that has been introduced into North America "], ["ca", {"intro": "called also", "cats": [{"cat": "tall fescue grass"}]}], ["text", " {dx}compare {dxt|fescue foot||}{/dx}"]]}]]]}], "date": "circa 1762", "shortdef": ["a European fescue (Festuca arundinacea synonym Schedonorus arundinaceus) with erect smooth stems three to four feet (about one meter) high that has been introduced into North America \u2014called also tall fescue grass"]}, {"meta": {"id": "tall oil", "uuid": "8bc4f5d1-ae1c-4e2a-bd65-09a96e7cba21", "sort": "200025400", "src": "collegiate", "section": "alpha", "stems": ["tall oil", "tall oils"], "offensive": false}, "hwi": {"hw": "tall oil", "prs": [{"mw": "\u02c8t\u00e4l-", "sound": {"audio": "talloi01", "ref": "c", "stat": "1"}}, {"mw": "\u02c8t\u022fl-"}]}, "fl": "noun", "def": [{"sseq": [[["sense", {"dt": [["text", "{bc}a resinous by-product from the manufacture of chemical wood pulp used especially in making soaps, coatings, and oils"]]}]]]}], "et": [["text", "partial translation of German {it}Tall\u00f6l{/it}, partial translation of Swedish {it}tallolja{/it}, from {it}tall{/it} pine + {it}olja{/it} oil"]], "date": "1909", "shortdef": ["a resinous by-product from the manufacture of chemical wood pulp used especially in making soaps, coatings, and oils"]}, {"meta": {"id": "tall ship", "uuid": "18e05e32-85ef-4669-8bba-13274c9dce38", "sort": "200025700", "src": "collegiate", "section": "alpha", "stems": ["tall ship", "tall ships"], "offensive": false}, "hwi": {"hw": "tall ship"}, "fl": "noun", "def": [{"sseq": [[["sense", {"dt": [["text", "{bc}a sailing vessel with at least two masts"]], "sdsense": {"sd": "especially", "dt": [["text", "{bc}{sx|square-rigger||}"]]}}]]]}], "date": "circa 1548", "shortdef": ["a sailing vessel with at least two masts; especially : square-rigger"]}, {"meta": {"id": "tall order", "uuid": "e2cedfdc-dd94-4f78-ad6a-bb2de362f2c7", "sort": "3019502000", "src": "ld", "section": "idioms", "stems": ["tall order", "tall order to fill"], "offensive": false}, "hwi": {"hw": "tall order"}, "fl": "noun", "def": [{"sls": ["informal"], "sseq": [[["sense", {"dt": [["text", "{bc}something that is very difficult to do "], ["vis", [{"t": "Getting the project done on schedule is going to be a {it}tall order{/it}."}, {"t": "That's a {phrase}tall order to fill{/phrase}."}]]]}]]]}], "shortdef": ["something that is very difficult to do"]}, {"meta": {"id": "tall tale/story", "uuid": "3373a675-2c43-4f90-ae37-f812912a6817", "sort": "3019504000", "src": "ld", "section": "idioms", "stems": ["tall story", "tall tale", "tall tale/story"], "offensive": false}, "hwi": {"hw": "tall tale/story"}, "fl": "noun", "def": [{"sseq": [[["sense", {"dt": [["text", "{bc}a story that is very difficult to believe {bc}a greatly exaggerated story"]]}]]]}], "shortdef": ["a story that is very difficult to believe : a greatly exaggerated story"]}, {"meta": {"id": "walk tall", "uuid": "099576ee-d126-4ff5-9be1-f4985bcb52d5", "sort": "3022097000", "src": "ld", "section": "idioms", "stems": ["walk tall"], "offensive": false}, "hwi": {"hw": "walk tall"}, "fl": "idiom", "def": [{"sseq": [[["sense", {"dt": [["text", "{bc}to walk or behave in a way that shows one feels proud and confident "], ["vis", [{"t": "After that winning performance, she can once again {it}walk tall{/it}."}]]]}]]]}], "shortdef": ["to walk or behave in a way that shows one feels proud and confident"]}, {"meta": {"id": "stand:1", "uuid": "8f2bd404-492d-4371-a3a8-440000122f71", "sort": "194744700", "src": "collegiate", "section": "alpha", "stems": ["stand", "stand a chance", "stand for", "stand on", "stand on her own feet", "stand on his own feet", "stand on its own feet", "stand on my own feet", "stand on one's own feet", "stand on our own feet", "stand on their own feet", "stand on your own feet", "stand one's ground", "stand tall", "stand treat", "stander", "standers", "standing", "standing a chance", "standing for", "standing n its own feet", "standing on", "standing on her own feet", "standing on his own feet", "standing on my own feet", "standing on our own feet", "standing on their own feet", "standing on your own feet", "standing tall", "standing treat", "stands", "stands a chance", "stands for", "stands on", "stands on her own feet", "stands on his own feet", "stands on its own feet", "stands tall", "stands treat", "stood", "stood a chance", "stood for", "stood on", "stood on her own feet", "stood on his own feet", "stood on its own feet", "stood on my own feet", "stood on our own feet", "stood on their own feet", "stood on your own feet", "stood tall", "stood treat"], "offensive": false}, "hom": 1, "hwi": {"hw": "stand", "prs": [{"mw": "\u02c8stand", "sound": {"audio": "stand001", "ref": "c", "stat": "1"}}]}, "fl": "verb", "ins": [{"if": "stood", "prs": [{"mw": "\u02c8stu\u0307d", "sound": {"audio": "stand002", "ref": "c", "stat": "1"}}]}, {"if": "stand*ing"}], "def": [{"vd": "intransitive verb", "sseq": [[["sense", {"sn": "1 a", "dt": [["text", "{bc}to support oneself on the feet in an erect position"]]}], ["sense", {"sn": "b", "dt": [["text", "{bc}to be a specified height when fully erect "], ["vis", [{"t": "{wi}stands{/wi} six feet two"}]]]}], ["sense", {"sn": "c", "dt": [["text", "{bc}to rise to an erect position"]]}]], [["sense", {"sn": "2 a", "dt": [["text", "{bc}to take up or maintain a specified position or posture "], ["vis", [{"t": "{wi}stand{/wi} aside"}, {"t": "can you {wi}stand{/wi} on your head"}]]]}], ["sense", {"sn": "b", "dt": [["text", "{bc}to maintain one's position "], ["vis", [{"t": "{wi}stand{/wi} firm"}]]]}]], [["sense", {"sn": "3", "dt": [["text", "{bc}to be in a particular state or situation "], ["vis", [{"t": "{wi}stands{/wi} accused"}]]]}]], [["sense", {"sn": "4", "dt": [["text", "{bc}to hold a course at sea"]]}]], [["sense", {"sn": "5", "sls": ["obsolete"], "dt": [["text", "{bc}{sx|hesitate||}"]]}]], [["sense", {"sn": "6 a", "dt": [["text", "{bc}to have or maintain a relative position in or as if in a graded scale "], ["vis", [{"t": "{wi}stands{/wi} first in the class"}]]]}], ["sense", {"sn": "b", "dt": [["text", "{bc}to be in a position to gain or lose because of an action taken or a commitment made "], ["vis", [{"t": "{wi}stands{/wi} to make quite a profit"}]]]}]], [["sense", {"sn": "7", "sls": ["chiefly British"], "dt": [["text", "{bc}to be a candidate {bc}{sx|run||}"]]}]], [["sense", {"sn": "8 a", "dt": [["text", "{bc}to rest or remain upright on a base or lower end "], ["vis", [{"t": "a clock {it}stood{/it} on the mantle"}]]]}], ["sense", {"sn": "b", "dt": [["text", "{bc}to occupy a place or location "], ["vis", [{"t": "the house {wi}stands{/wi} on a knoll"}]]]}]], [["sense", {"sn": "9 a", "dt": [["text", "{bc}to remain stationary or inactive "], ["vis", [{"t": "the car {it}stood{/it} in the garage for a week"}]]]}], ["sense", {"sn": "b", "dt": [["text", "{bc}to gather slowly and remain "], ["vis", [{"t": "tears {wi}standing{/wi} in her eyes"}]]]}]], [["sense", {"sn": "10", "dt": [["text", "{bc}{sx|agree||}, {sx|accord||} "], ["uns", [[["text", "used chiefly in the expression {it}it stands to reason{/it}"]]]]]}]], [["sense", {"sn": "11 a", "dt": [["text", "{bc}to exist in a definite written or printed form "], ["vis", [{"t": "copy a passage exactly as it {wi}stands{/wi}"}]]]}], ["sense", {"sn": "b", "dt": [["text", "{bc}to remain valid or efficacious "], ["vis", [{"t": "the order given last week still {wi}stands{/wi}"}]]]}]], [["sense", {"sn": "12", "sls": ["of a male animal"], "dt": [["text", "{bc}to be available as a sire "], ["uns", [[["text", "used especially of horses"]]]]]}]], [["sense", {"sn": "13", "dt": [["text", "{bc}to refuse additional cards (as in blackjack)"]]}]]]}, {"vd": "transitive verb", "sseq": [[["sense", {"sn": "1 a", "dt": [["text", "{bc}to endure or undergo successfully "], ["vis", [{"t": "this book will {wi}stand{/wi} the test of time"}]]]}], ["sense", {"sn": "b", "dt": [["text", "{bc}to tolerate without flinching {bc}bear courageously "], ["vis", [{"t": "{wi}stands{/wi} pain well"}]]]}], ["sense", {"sn": "c", "dt": [["text", "{bc}to endure the presence or personality of "], ["vis", [{"t": "can't {wi}stand{/wi} the boss"}]]]}], ["sense", {"sn": "d", "dt": [["text", "{bc}to derive benefit or enjoyment from "], ["vis", [{"t": "you look like you could {wi}stand{/wi} a drink"}]]]}]], [["sense", {"sn": "2", "dt": [["text", "{bc}to remain firm in the face of "], ["vis", [{"t": "{wi}stand{/wi} a siege"}]]]}]], [["sense", {"sn": "3", "dt": [["text", "{bc}to submit to "], ["vis", [{"t": "{wi}stand{/wi} trial"}]]]}]], [["sense", {"sn": "4 a", "dt": [["text", "{bc}to perform the duty of "], ["vis", [{"t": "{wi}stand{/wi} guard"}]]]}], ["sense", {"sn": "b", "dt": [["text", "{bc}to participate in (a military formation)"]]}]], [["sense", {"sn": "5", "dt": [["text", "{bc}to pay the cost of (a treat) {bc}pay for "], ["vis", [{"t": "I'll {wi}stand{/wi} you a dinner"}, {"t": "{wi}stand{/wi} drinks"}]]]}]], [["sense", {"sn": "6", "dt": [["text", "{bc}to cause to stand {bc}set upright"]]}]], [["sense", {"sn": "7", "dt": [["text", "{bc}to make available for breeding "], ["vis", [{"t": "{wi}stand{/wi} a stallion"}]]]}]]]}], "uros": [{"ure": "stand*er", "fl": "noun"}], "dros": [{"drp": "stand a chance", "def": [{"sseq": [[["sense", {"dt": [["text", "{bc}to have a chance"]]}]]]}]}, {"drp": "stand for", "def": [{"sseq": [[["sense", {"sn": "1", "dt": [["text", "{bc}to be a symbol for {bc}{sx|represent||}"]]}]], [["sense", {"sn": "2", "dt": [["text", "{bc}to put up with {bc}{sx|permit||}"]]}]]]}]}, {"drp": "stand on", "def": [{"sseq": [[["sense", {"sn": "1", "dt": [["text", "{bc}to depend on"]]}]], [["sense", {"sn": "2", "dt": [["text", "{bc}to insist on "], ["vis", [{"t": "never {it}stands on{/it} ceremony"}]]]}]]]}]}, {"drp": "stand one's ground", "def": [{"sseq": [[["sense", {"dt": [["text", "{bc}to maintain one's position"]]}]]]}]}, {"drp": "stand on one's own feet", "def": [{"sseq": [[["sense", {"dt": [["text", "{bc}to think or act independently"]]}]]]}]}, {"drp": "stand tall", "def": [{"sseq": [[["sense", {"dt": [["text", "{bc}to exhibit courage, strength, or calm especially in the face of adversity"]]}]]]}]}, {"drp": "stand treat", "def": [{"sseq": [[["sense", {"dt": [["text", "{bc}to pay the cost of food, drink, or entertainment for others in a group"]]}]]]}]}], "syns": [{"pl": "synonyms", "pt": [["text", "{sc}bear{/sc} {sc}suffer{/sc} {sc}endure{/sc} {sc}abide{/sc} {sc}tolerate{/sc} {sc}stand{/sc} mean to put up with something trying or painful. {sc}bear{/sc} usually implies the power to sustain without flinching or breaking. "], ["vis", [{"t": "forced to {it}bear{/it} a tragic loss"}]], ["text", " {sc}suffer{/sc} often suggests acceptance or passivity rather than courage or patience in bearing. "], ["vis", [{"t": "{it}suffering{/it} many insults"}]], ["text", " {sc}endure{/sc} implies continuing firm or resolute through trials and difficulties. "], ["vis", [{"t": "{it}endured{/it} years of rejection"}]], ["text", " {sc}abide{/sc} suggests acceptance without resistance or protest. "], ["vis", [{"t": "cannot {it}abide{/it} their rudeness"}]], ["text", " {sc}tolerate{/sc} suggests overcoming or successfully controlling an impulse to resist, avoid, or resent something injurious or distasteful. "], ["vis", [{"t": "refused to {it}tolerate{/it} such treatment"}]], ["text", " {sc}stand{/sc} emphasizes even more strongly the ability to bear without discomposure or flinching. "], ["vis", [{"t": "unable to {it}stand{/it} teasing"}]]]}], "et": [["text", "Middle English, from Old English {it}standan{/it}; akin to Old High German {it}stantan, st\u0101n{/it} to stand, Latin {it}stare{/it}, Greek {it}histanai{/it} to cause to stand, set, {it}histasthai{/it} to stand, be standing"]], "date": "before 12th century{ds|i|1|a|}", "shortdef": ["to support oneself on the feet in an erect position", "to be a specified height when fully erect", "to rise to an erect position"]}, {"meta": {"id": "tallboy", "uuid": "61b17131-f206-43fe-8249-ba39a565d15e", "sort": "200025000", "src": "collegiate", "section": "alpha", "stems": ["tall boy", "tall boys", "tallboy", "tallboys"], "offensive": false}, "hwi": {"hw": "tall*boy", "prs": [{"mw": "\u02c8t\u022fl-\u02ccb\u022fi", "sound": {"audio": "tallbo01", "ref": "c", "stat": "1"}}]}, "fl": "noun", "def": [{"sseq": [[["sense", {"sn": "1 a", "dt": [["text", "{bc}{sx|highboy||}"]]}], ["sense", {"sn": "b", "dt": [["text", "{bc}a double chest of drawers usually with the upper section slightly smaller than the lower"]]}]], [["sense", {"sn": "2", "sls": ["British"], "dt": [["text", "{bc}{sx|clothes press||}"]]}]], [["sense", {"sn": "3", "vrs": [{"vl": "or", "va": "tall boy"}], "dt": [["text", "{bc}a tall cylindrical can for beverages (such as beer) usually measuring 16 fluid ounces "], ["vis", [{"t": "This terrific beer almost seems designed for crushing, and its presence in 16-ounce {wi}tallboys{/wi} makes it incredibly easy to do so.", "aq": {"auth": "Ned Lannamann"}}, {"t": "Former Netflix creative director Mike Cessario thinks he can capitalize on this with his new product, Liquid Death, water packaged in {wi}tallboy{/wi} cans.", "aq": {"auth": "Madison Malone Kircher"}}]]]}]]]}], "date": "1769{ds||1|a|}", "shortdef": ["highboy", "a double chest of drawers usually with the upper section slightly smaller than the lower", "clothes press"]}]