[{"meta": {"id": "tell:1", "uuid": "598a4d89-0697-49e6-9132-d31eea7072b0", "sort": "200089900", "src": "collegiate", "section": "alpha", "stems": ["tell", "telling", "tells", "told"], "offensive": false}, "hom": 1, "hwi": {"hw": "tell", "prs": [{"mw": "\u02c8tel", "sound": {"audio": "tell0001", "ref": "c", "stat": "1"}}]}, "fl": "verb", "ins": [{"if": "told", "prs": [{"mw": "\u02c8t\u014dld", "sound": {"audio": "tell0002", "ref": "c", "stat": "1"}}]}, {"if": "tell*ing"}], "def": [{"vd": "transitive verb", "sseq": [[["sense", {"sn": "1 a", "dt": [["text", "{bc}to relate in detail {bc}{sx|narrate||} "], ["vis", [{"t": "{it}told{/it} the whole story to us"}]]]}], ["sense", {"sn": "b", "dt": [["text", "{bc}to give utterance to {bc}{sx|say||} "], ["vis", [{"t": "could never {wi}tell{/wi} a lie"}]]]}]], [["sense", {"sn": "2 a", "dt": [["text", "{bc}to make known {bc}{sx|divulge||}, {sx|reveal||} "], ["vis", [{"t": "don't {wi}tell{/wi} your password"}]]]}], ["sense", {"sn": "b", "dt": [["text", "{bc}to express in words "], ["vis", [{"t": "she never {it}told{/it} her love", "aq": {"auth": "William Shakespeare"}}]]]}]], [["sense", {"sn": "3 a", "dt": [["text", "{bc}to give information to {bc}{sx|inform||} "], ["vis", [{"t": "{wi}tell{/wi} us about your job"}]]]}], ["sense", {"sn": "b", "dt": [["text", "{bc}to assure emphatically "], ["vis", [{"t": "they did not do it, I {wi}tell{/wi} you"}]]]}]], [["sense", {"sn": "4", "dt": [["text", "{bc}{sx|order||}, {sx|direct||} "], ["vis", [{"t": "{it}told{/it} me to wait"}]]]}]], [["sense", {"sn": "5", "dt": [["text", "{bc}to find out by observing {bc}{sx|recognize||} "], ["vis", [{"t": "you can {wi}tell{/wi} it's a masterpiece"}]]]}]], [["sense", {"sn": "6", "dt": [["text", "{bc}{sx|count||}, {sx|enumerate||} "], ["vis", [{"t": "{wi}tell{/wi} the stars, if thou be able to number them", "aq": {"source": "Genesis 15:5 (King James Version)"}}]]]}]]]}, {"vd": "intransitive verb", "sseq": [[["sense", {"sn": "1", "dt": [["text", "{bc}to give an account "], ["vis", [{"t": "an article {it}telling{/it} of her experience"}]]]}]], [["sense", {"sn": "2", "dt": [["text", "{bc}to tell someone (such as a parent or other person of authority) about what someone else has done "], ["uns", [[["text", "often used with {it}on{/it} "], ["vis", [{"t": "I'll get even with you if you ever {wi}tell{/wi} on me", "aq": {"source": "{it}Inside Detective{/it}"}}]]]]]]}]], [["sense", {"sn": "3", "dt": [["text", "{bc}to serve as evidence or indication"]]}]], [["sense", {"sn": "4", "dt": [["text", "{bc}to have a marked effect "], ["vis", [{"t": "the pressure was beginning to {wi}tell{/wi} on him"}]]]}]]]}], "syns": [{"pl": "synonyms", "pt": [["text", "{sc}reveal{/sc} {sc}disclose{/sc} {sc}divulge{/sc} {sc}tell{/sc} {sc}betray{/sc} mean to make known what has been or should be concealed. {sc}reveal{/sc} may apply to supernatural or inspired revelation of truths beyond the range of ordinary human vision or reason. "], ["vis", [{"t": "divine will as {it}revealed{/it} in sacred writings"}]], ["text", " {sc}disclose{/sc} may imply a discovering but more often an imparting of information previously kept secret. "], ["vis", [{"t": "candidates must {it}disclose{/it} their financial assets"}]], ["text", " {sc}divulge{/sc} implies a disclosure involving some impropriety or breach of confidence. "], ["vis", [{"t": "refused to {it}divulge{/it} an anonymous source"}]], ["text", " {sc}tell{/sc} implies an imparting of necessary or useful information. "], ["vis", [{"t": "{it}told{/it} them what he had overheard"}]], ["text", " {sc}betray{/sc} implies a divulging that represents a breach of faith or an involuntary or unconscious disclosure. "], ["vis", [{"t": "a blush that {it}betrayed{/it} her embarrassment"}]]]}], "et": [["text", "Middle English, from Old English {it}tellan{/it}; akin to Old High German {it}zellen{/it} to count, tell, Old English {it}talu{/it} tale"]], "date": "before 12th century{ds|t|6||}", "shortdef": ["to relate in detail : narrate", "to give utterance to : say", "to make known : divulge, reveal"]}, {"meta": {"id": "tell:2", "uuid": "78a38c30-a585-409f-8e1a-d739062bda72", "sort": "200089950", "src": "collegiate", "section": "alpha", "stems": ["tell", "tells"], "offensive": false}, "hom": 2, "hwi": {"hw": "tell", "prs": [{"mw": "\u02c8tel", "sound": {"audio": "tell0001", "ref": "c", "stat": "1"}}]}, "fl": "noun", "ins": [{"il": "plural", "if": "tells"}], "def": [{"sseq": [[["sense", {"sn": "1", "dt": [["text", "{bc}an inadvertent behavior or mannerism that betrays a poker player's true thoughts, intentions, or emotions "], ["vis", [{"t": "The World Series of Poker: earth's greatest liars gathered together with millions of dollars on the line \u2026 . It's a blur of action, but the educated spectator ignores these distractions and focuses on the players' mannerisms\u2014it's all part of the science of {wi}tells{/wi}, reflexes a player can't control that, read right, give away his thoughts.", "aq": {"source": "Seth Stevenson"}}]]]}]], [["sense", {"sn": "2", "dt": [["text", "{bc}a revealing gesture, expression, etc., that is likened to a poker player's tell "], ["vis", [{"t": "But his eyes darted fractionally to one side as he said it \u2026; the classic liar's {wi}tell{/wi}.", "aq": {"auth": "Stephen King"}}]]], "sdsense": {"sd": "broadly", "dt": [["text", "{bc}{sx|sign||}, {sx|indication||} "], ["vis", [{"t": "I talked to staffers who said that their bosses had two or three flights booked getting out of town, a big {wi}tell{/wi} that there was not going to be a deal.", "aq": {"auth": "Kelly O'Donnell"}}]]]}}]]]}], "date": "1974{ds||1||}", "shortdef": ["an inadvertent behavior or mannerism that betrays a poker player's true thoughts, intentions, or emotions", "a revealing gesture, expression, etc., that is likened to a poker player's tell; broadly : sign, indication"]}, {"meta": {"id": "tell:3", "uuid": "e15ca00b-0690-468c-864c-de63949b7a60", "sort": "200090000", "src": "collegiate", "section": "alpha", "stems": ["tell", "tells"], "offensive": false}, "hom": 3, "hwi": {"hw": "tell"}, "fl": "noun", "def": [{"sseq": [[["sense", {"dt": [["text", "{bc}{sx|hill||}, {sx|mound||}"]], "sdsense": {"sd": "specifically", "dt": [["text", "{bc}an ancient mound in the Middle East composed of remains of successive settlements"]]}}]]]}], "et": [["text", "Arabic {it}tall{/it}"]], "date": "1840", "shortdef": ["hill, mound; specifically : an ancient mound in the Middle East composed of remains of successive settlements"]}, {"meta": {"id": "told", "uuid": "a509e8ba-359f-49b5-83eb-5fe1fc04030b", "sort": "200262000", "src": "collegiate", "section": "alpha", "stems": ["tell", "told"], "offensive": false}, "hwi": {"hw": "told"}, "cxs": [{"cxl": "past tense and past participle of", "cxtis": [{"cxt": "tell"}]}], "shortdef": []}, {"meta": {"id": "tell-all", "uuid": "5a2aa036-a6fc-4009-829a-d55b3a7d170a", "sort": "200090100", "src": "collegiate", "section": "alpha", "stems": ["tell-all", "tell-alls"], "offensive": false}, "hwi": {"hw": "tell-all", "prs": [{"mw": "\u02c8tel-\u02c8\u022fl", "sound": {"audio": "tellal01", "ref": "c", "stat": "1"}}]}, "fl": "noun", "def": [{"sseq": [[["sense", {"dt": [["text", "{bc}a written account (such as a biography) that contains revealing and often scandalous information"]]}]]]}], "uros": [{"ure": "tell-all", "fl": "adjective"}], "date": "1940", "shortdef": ["a written account (such as a biography) that contains revealing and often scandalous information"]}, {"meta": {"id": "tell off", "uuid": "d6fa834d-5543-44c9-974c-f7b36dbf99f8", "sort": "200090400", "src": "collegiate", "section": "alpha", "stems": ["tell off", "telling off", "tells off", "told off"], "offensive": false}, "hwi": {"hw": "tell off"}, "fl": "verb", "ins": [{"if": "told off"}, {"if": "tell*ing off"}, {"if": "tells off"}], "def": [{"vd": "transitive verb", "sseq": [[["sense", {"sn": "1", "dt": [["text", "{bc}{sx|reprimand||}, {sx|excoriate||} "], ["vis", [{"t": "{it}told{/it} him {it}off{/it} for his arrogance"}]]]}]], [["sense", {"sn": "2", "dt": [["text", "{bc}to number and set apart"]], "sdsense": {"sd": "especially", "dt": [["text", "{bc}to assign to a special duty "], ["vis", [{"t": "{it}told off{/it} a detail and put them to opening a trench", "aq": {"auth": "J. F. Dobie"}}]]]}}]]]}], "date": "1727{ds||2||}", "shortdef": ["reprimand, excoriate", "to number and set apart; especially : to assign to a special duty"]}, {"meta": {"id": "Tell el Amarna:g", "uuid": "7442ac9d-7c0c-4611-858b-45b221cbde1f", "sort": "283460000", "src": "collegiate", "section": "geog", "stems": ["Tell el Amarna"], "offensive": false}, "hwi": {"hw": "Tell el Amar*na", "prs": [{"mw": "\u02c8tel-\u02ccel-\u0259-\u02c8m\u00e4r-n\u0259", "sound": {"audio": "ggtele01", "ref": "c", "stat": "1"}}]}, "fl": "geographical name", "def": [{"sseq": [[["sense", {"dt": [["text", "locality in central Egypt on the east bank of the Nile River northwest of Asy\u00fbt "], ["snote", [["t", "Tell el Amarna is the site of the ruins of an ancient Egyptian city that was both built and abandoned in the 14th century {sc}b.c.{/sc}"]]]]}]]]}], "shortdef": ["locality in central Egypt on the east bank of the Nile River northwest of Asy\u00fbt"]}, {"meta": {"id": "tell a different story", "uuid": "f00b6ed4-66db-4089-806a-e7e073fca7c3", "sort": "3019630000", "src": "ld", "section": "idioms", "stems": ["tell a different story"], "offensive": false}, "hwi": {"hw": "tell a different story"}, "fl": "idiom", "def": [{"sseq": [[["sense", {"dt": [["text", "{bc}to show that something different is true from what someone says is true "], ["vis", [{"t": "He said he wasn't at the scene of the crime, but the fingerprints {it}tell a different story{/it}."}]]]}]]]}], "shortdef": ["to show that something different is true from what someone says is true"]}, {"meta": {"id": "tell against", "uuid": "5e56105c-e730-4407-8f3a-637299c35601", "sort": "3019631000", "src": "ld", "section": "idioms", "stems": ["tell against", "telling against", "tells against", "told against"], "offensive": false}, "hwi": {"hw": "tell against"}, "fl": "phrasal verb", "ins": [{"if": "told against"}, {"if": "tell*ing against"}, {"if": "tells against"}], "def": [{"sls": ["British", "formal"], "sseq": [[["sense", {"dt": [["text", "{bc}to be a disadvantage to (someone) "], ["vis", [{"t": "His unkempt appearance is bound to {it}tell against{/it} him in court."}]]]}]]]}], "shortdef": ["to be a disadvantage to (someone)"]}, {"meta": {"id": "tell apart", "uuid": "302dd29e-dcd5-494c-8882-d795730f729c", "sort": "3019633000", "src": "ld", "section": "idioms", "stems": ["tell apart", "telling apart", "tells apart", "told apart"], "offensive": false}, "hwi": {"hw": "tell apart"}, "fl": "phrasal verb", "ins": [{"if": "told apart"}, {"if": "tell*ing apart"}, {"if": "tells apart"}], "def": [{"sseq": [[["sense", {"dt": [["text", "{bc}to see what the differences are between (people or things) {bc}to identify (people or things that look similar to each other) "], ["vis", [{"t": "It's hard to {it}tell{/it} the twins {it}apart{/it}."}]]]}]]]}], "shortdef": ["to see what the differences are between (people or things) : to identify (people or things that look similar to each other)"]}]