[{"meta": {"id": "than:1", "uuid": "8854be56-3003-4d14-9f6c-cdd9fdda384d", "sort": "200139400", "src": "collegiate", "section": "alpha", "stems": ["than"], "offensive": false}, "hom": 1, "hwi": {"hw": "than", "prs": [{"mw": "t\u035fh\u0259n"}, {"mw": "\u02c8t\u035fhan", "sound": {"audio": "than0001", "ref": "c", "stat": "1"}}]}, "fl": "conjunction", "def": [{"sseq": [[["sense", {"sn": "1 a", "dt": [["uns", [[["text", "used as a function word to indicate the second member or the member taken as the point of departure in a comparison expressive of inequality"]], [["text", "used with comparative adjectives and comparative adverbs "], ["vis", [{"t": "older {wi}than{/wi} I am"}, {"t": "easier said {wi}than{/wi} done"}]]]]]]}], ["sense", {"sn": "b", "dt": [["uns", [[["text", "used as a function word to indicate difference of kind, manner, or identity"]], [["text", "used especially with some adjectives and adverbs that express diversity "], ["vis", [{"t": "anywhere else {wi}than{/wi} at home"}]]]]]]}]], [["sense", {"sn": "2", "dt": [["text", "{bc}rather than "], ["uns", [[["text", "usually used only after {it}prefer, preferable{/it}, and {it}preferably{/it}"]]]]]}]], [["sense", {"sn": "3", "dt": [["text", "{bc}other than"]]}]], [["sense", {"sn": "4", "dt": [["text", "{bc}{sx|when||1b} "], ["uns", [[["text", "used especially after {it}scarcely{/it} and {it}hardly{/it}"]]]]]}]]]}], "et": [["text", "Middle English {it}than, then{/it} then, than {ma}{mat|then:1|}{/ma}"]], "date": "before 12th century{ds||1|a|}", "shortdef": ["\u2014used as a function word to indicate the second member or the member taken as the point of departure in a comparison expressive of inequality\u2014used with comparative adjectives and comparative adverbs", "\u2014used as a function word to indicate difference of kind, manner, or identity\u2014used especially with some adjectives and adverbs that express diversity", "rather than \u2014usually used only after prefer, preferable, and preferably"]}, {"meta": {"id": "than:2", "uuid": "461c21f6-1307-4f7e-b011-aeedcacc75eb", "sort": "200139500", "src": "collegiate", "section": "alpha", "stems": ["than"], "offensive": false}, "hom": 2, "hwi": {"hw": "than"}, "fl": "preposition", "def": [{"sseq": [[["sense", {"dt": [["text", "{bc}in comparison with "], ["vis", [{"t": "you are older {wi}than{/wi} me"}]]]}]]]}], "usages": [{"pl": "Is {parahw}than{/parahw} a conjunction or preposition?", "pt": [["text", "After 200 years of innocent if occasional use, the preposition {it}than{/it} was called into question by 18th century grammarians. Some 200 years of elaborate reasoning have led to these present-day inconsistent conclusions: {it}than whom{/it} is standard but clumsy "], ["vis", [{"t": "T. S. Eliot, {it}than{/it} whom nobody could have been more insularly English", "aq": {"auth": "Anthony Burgess"}}]], ["text", "; {it}than me{/it} may be acceptable in speech "], ["vis", [{"t": "a man no mightier {it}than{/it} thyself or me", "aq": {"auth": "William Shakespeare"}}, {"t": "why should a man be better {it}than{/it} me because he's richer {it}than{/it} me", "aq": {"auth": "William Faulkner", "source": "in a talk to students"}}]], ["text", "; {it}than{/it} followed by a third-person objective pronoun ({it}her, him, them{/it}) is usually frowned upon. Surveyed opinion tends to agree with these conclusions. Our evidence shows that {it}than{/it} is used as a conjunction more commonly than as a preposition, that {it}than whom{/it} is chiefly limited to writing, and that {it}me{/it} is more common after the preposition than the third-person objective pronouns. In short, you can use {it}than{/it} either as a conjunction or as a preposition."]]}], "date": "1560", "shortdef": ["in comparison with"]}, {"meta": {"id": "heavier-than-air", "uuid": "0b52b157-3d0d-4376-9174-79a26646613b", "sort": "080110300", "src": "collegiate", "section": "alpha", "stems": ["heavier-than-air"], "offensive": false}, "hwi": {"hw": "heavier-than-air"}, "fl": "adjective", "def": [{"sseq": [[["sense", {"dt": [["text", "{bc}of greater weight than the air displaced"]]}]]]}], "date": "1903", "shortdef": ["of greater weight than the air displaced"]}, {"meta": {"id": "holier-than-thou", "uuid": "13167a2c-d520-4b38-8744-5d77b2ee47fb", "sort": "080222800", "src": "collegiate", "section": "alpha", "stems": ["holier-than-thou"], "offensive": false}, "hwi": {"hw": "ho*li*er-than-thou", "prs": [{"mw": "\u02cch\u014d-l\u0113-\u0259r-t\u035fh\u0259n-\u02c8t\u035fhau\u0307", "sound": {"audio": "holier01", "ref": "c", "stat": "1"}}]}, "fl": "adjective", "def": [{"sseq": [[["sense", {"dt": [["text", "{bc}marked by an air of superior piety or morality"]]}]]]}], "date": "1859", "shortdef": ["marked by an air of superior piety or morality"]}, {"meta": {"id": "larger-than-life", "uuid": "60fdb19e-8de9-49a6-8d35-89d78517dc86", "sort": "120045400", "src": "collegiate", "section": "alpha", "stems": ["larger-than-life"], "offensive": false}, "hwi": {"hw": "larg*er-than-life"}, "fl": "adjective", "def": [{"sseq": [[["sense", {"dt": [["text", "{bc}of the sort legends are made of "], ["vis", [{"t": "{wi}larger-than-life{/wi} heroes"}]]]}]]]}], "date": "1937", "shortdef": ["of the sort legends are made of"]}, {"meta": {"id": "lighter-than-air", "uuid": "30bf3b4a-10e2-4f4a-b190-5903b6a42e43", "sort": "120155000", "src": "collegiate", "section": "alpha", "stems": ["lighter-than-air"], "offensive": false}, "hwi": {"hw": "ligh*ter-than-air"}, "fl": "adjective", "def": [{"sseq": [[["sense", {"dt": [["text", "{bc}of less weight than the air displaced"]]}]]]}], "date": "1903", "shortdef": ["of less weight than the air displaced"]}, {"meta": {"id": "other than:1", "uuid": "1656cd87-4893-4aac-a796-7addc580741b", "sort": "151455000", "src": "collegiate", "section": "alpha", "stems": ["other than"], "offensive": false}, "hom": 1, "hwi": {"hw": "other than"}, "fl": "preposition", "def": [{"sseq": [[["sense", {"dt": [["text", "{bc}with the exception of {bc}{sx|except for||}, {sx|besides||} "], ["vis", [{"t": "{it}other than{/it} that, nothing happened"}]]]}]]]}], "date": "15th century", "shortdef": ["with the exception of : except for, besides"]}, {"meta": {"id": "other than:2", "uuid": "9fcadc74-41d2-41d9-85ee-ac6f6ea9e920", "sort": "151456000", "src": "collegiate", "section": "alpha", "stems": ["other than"], "offensive": false}, "hom": 2, "hwi": {"hw": "other than"}, "fl": "conjunction", "def": [{"sseq": [[["sense", {"dt": [["text", "{bc}{sx|except||}, {sx|but||} "], ["vis", [{"t": "cannot be changed {it}other than{/it} by judicial order"}]]]}]]]}], "date": "15th century", "shortdef": ["except, but"]}, {"meta": {"id": "rather than:1", "uuid": "39560b0d-8c7c-4159-9bde-e6b1bef652b5", "sort": "180554000", "src": "collegiate", "section": "alpha", "stems": ["rather than"], "offensive": false}, "hom": 1, "hwi": {"hw": "rather than"}, "fl": "conjunction", "def": [{"sseq": [[["sense", {"sn": "1", "dt": [["uns", [[["text", "used with the infinitive form of a verb to indicate negation as a contrary choice or wish "], ["vis", [{"t": "{it}rather than{/it} continue the argument, he walked away"}, {"t": "chose to sing {it}rather than{/it} play violin"}]]]]]]}]], [["sense", {"sn": "2", "dt": [["text", "{bc}and not "], ["vis", [{"t": "obscures {it}rather than{/it} resolves the problem"}, {"t": "why do one thing {it}rather than{/it} another?"}, {"t": "happy {it}rather than{/it} sad"}]]]}]]]}], "date": "14th century{ds||1||}", "shortdef": ["\u2014used with the infinitive form of a verb to indicate negation as a contrary choice or wish", "and not"]}, {"meta": {"id": "rather than:2", "uuid": "41b41cc2-ef7a-4c2f-a8c5-ede69774fdbd", "sort": "180555000", "src": "collegiate", "section": "alpha", "stems": ["rather than"], "offensive": false}, "hom": 2, "hwi": {"hw": "rather than"}, "fl": "preposition", "def": [{"sseq": [[["sense", {"dt": [["text", "{bc}{sx|instead of||} "], ["vis", [{"t": "{it}rather than{/it} being pleased, she was angry"}]]]}]]]}], "date": "1595", "shortdef": ["instead of"]}]