[{"meta": {"id": "that:1", "uuid": "550a2031-b314-430d-9ff3-e3a586274a7f", "sort": "200141000", "src": "collegiate", "section": "alpha", "stems": ["all that", "at that", "that", "those"], "offensive": false}, "hom": 1, "hwi": {"hw": "that", "prs": [{"mw": "\u02c8t\u035fhat", "sound": {"audio": "that0001", "ref": "c", "stat": "1"}}, {"mw": "t\u035fh\u0259t"}]}, "fl": "pronoun", "ins": [{"il": "plural", "if": "those", "prs": [{"mw": "\u02c8t\u035fh\u014dz", "sound": {"audio": "that0002", "ref": "c", "stat": "1"}}]}], "def": [{"sseq": [[["sense", {"sn": "1 a", "dt": [["text", "{bc}the person, thing, or idea indicated, mentioned, or understood from the situation "], ["vis", [{"t": "{wi}that{/wi} is my father"}]]]}], ["sense", {"sn": "b", "dt": [["text", "{bc}the time, action, or event specified "], ["vis", [{"t": "after {wi}that{/wi} I went to bed"}]]]}], ["sense", {"sn": "c", "dt": [["text", "{bc}the kind or thing specified as follows "], ["vis", [{"t": "the purest water is {wi}that{/wi} produced by distillation"}]]]}], ["sense", {"sn": "d", "dt": [["text", "{bc}one or a group of the indicated kind "], ["vis", [{"t": "{wi}that{/wi}'{it}s{/it} a cat\u2014quick and agile"}]]]}]], [["sense", {"sn": "2 a", "dt": [["text", "{bc}the one farther away or less immediately under observation or discussion "], ["vis", [{"t": "{it}those{/it} are maples and these are elms"}]]]}], ["sense", {"sn": "b", "dt": [["text", "{bc}the former one"]]}]], [["sense", {"sn": "3 a", "dt": [["uns", [[["text", "used as a function word after {it}and{/it} to indicate emphatic repetition of the idea expressed by a previous word or phrase "], ["vis", [{"t": "he was helpful, and {wi}that{/wi} to an unusual degree"}]]]]]]}], ["sense", {"sn": "b", "dt": [["uns", [[["text", "used as a function word immediately before or after a word group consisting of a verbal auxiliary or a form of the verb {it}be{/it} preceded by {it}there{/it} or a personal pronoun subject to indicate emphatic repetition of the idea expressed by a previous verb or predicate noun or predicate adjective "], ["vis", [{"t": "is she capable? She is {wi}that{/wi}"}]]]]]]}]], [["sense", {"sn": "4 a", "dt": [["text", "{bc}the one {bc}the thing {bc}the kind {bc}{sx|something||}, {sx|anything||} "], ["vis", [{"t": "the truth of {wi}that{/wi} which is true"}, {"t": "the senses are {wi}that{/wi} whereby we experience the world"}, {"t": "what's {wi}that{/wi} you say"}]]]}], ["sense", {"sn": "b", "ins": [{"if": "those", "spl": "plural"}], "dt": [["text", "{bc}some persons "], ["vis", [{"t": "{it}those{/it} who think the time has come"}]]]}]]]}], "dros": [{"drp": "all that", "def": [{"sseq": [[["sense", {"dt": [["text", "{bc}everything of the kind indicated "], ["vis", [{"t": "tact, discretion, and {it}all that{/it}"}]]]}]]]}]}, {"drp": "at that", "def": [{"sseq": [[["sense", {"sn": "1", "dt": [["text", "{bc}in spite of what has been said or implied"]]}]], [["sense", {"sn": "2", "dt": [["text", "{bc}in addition {bc}{sx|besides:2||}"]]}]]]}]}], "et": [["text", "Middle English, from Old English {it}th\u00e6t{/it}, neuter demonstrative pronoun & definite article; akin to Old High German {it}daz{/it}, neuter demonstrative pronoun & definite article, Greek {it}to{/it}, Latin is{it}tud{/it}, neuter demonstrative pronoun"]], "date": "before 12th century{ds||1|a|}", "shortdef": ["the person, thing, or idea indicated, mentioned, or understood from the situation", "the time, action, or event specified", "the kind or thing specified as follows"]}, {"meta": {"id": "that:2", "uuid": "99bc4d95-c0ca-4410-915e-d1d013b152d4", "sort": "200141100", "src": "collegiate", "section": "alpha", "stems": ["that"], "offensive": false}, "hom": 2, "hwi": {"hw": "that", "prs": [{"mw": "t\u035fh\u0259t"}, {"mw": "\u02c8t\u035fhat", "sound": {"audio": "that0003", "ref": "c", "stat": "1"}}]}, "fl": "conjunction", "def": [{"sseq": [[["pseq", [["sense", {"sn": "1 a (1)", "dt": [["uns", [[["text", "used as a function word to introduce a noun clause that is usually the subject or object of a verb or a predicate nominative "], ["vis", [{"t": "said {wi}that{/wi} he was afraid"}]]]]]]}], ["sense", {"sn": "(2)", "dt": [["uns", [[["text", "used as a function word to introduce a subordinate clause that is anticipated by the expletive {it}it{/it} occurring as subject of the verb "], ["vis", [{"t": "it is unlikely {wi}that{/wi} he'll be in"}]]]]]]}], ["sense", {"sn": "(3)", "dt": [["uns", [[["text", "used as a function word to introduce a subordinate clause that is joined as complement to a noun or adjective "], ["vis", [{"t": "we are certain {wi}that{/wi} this is true"}, {"t": "the fact {wi}that{/wi} you are here"}]]]]]]}], ["sense", {"sn": "(4)", "dt": [["uns", [[["text", "used as a function word to introduce a subordinate clause modifying an adverb or adverbial expression "], ["vis", [{"t": "will go anywhere {wi}that{/wi} he is invited"}]]]]]]}]]], ["sense", {"sn": "b", "dt": [["uns", [[["text", "used as a function word to introduce an exclamatory clause expressing a strong emotion especially of surprise, sorrow, or indignation "], ["vis", [{"t": "{wi}that{/wi} it should come to this!"}]]]]]]}]], [["pseq", [["sense", {"sn": "2 a (1)", "dt": [["uns", [[["text", "used as a function word to introduce a subordinate clause expressing purpose or desired result "], ["vis", [{"t": "cutting down expenses {wi}that{/wi} her son might inherit an unencumbered estate", "aq": {"auth": "W. B. Yeats"}}]]]]]]}], ["sense", {"sn": "(2)", "dt": [["uns", [[["text", "used as a function word to introduce a subordinate clause expressing a reason or cause "], ["vis", [{"t": "rejoice {wi}that{/wi} you are lightened of a load", "aq": {"auth": "Robert Browning"}}]]]]]]}], ["sense", {"sn": "(3)", "dt": [["uns", [[["text", "used as a function word to introduce a subordinate clause expressing consequence, result, or effect "], ["vis", [{"t": "are of sufficient importance {wi}that{/wi} they cannot be neglected", "aq": {"auth": "Hannah Wormington"}}]]]]]]}]]], ["sense", {"sn": "b", "dt": [["uns", [[["text", "used as a function word to introduce an exclamatory clause expressing a wish "], ["vis", [{"t": "oh, {wi}that{/wi} he would come"}]]]]]]}]], [["sense", {"sn": "3", "dt": [["uns", [[["text", "used as a function word after a subordinating conjunction without modifying its meaning "], ["vis", [{"t": "if {wi}that{/wi} thy bent of love be honorable", "aq": {"auth": "William Shakespeare"}}]]]]]]}]]]}], "date": "before 12th century{ds||1|a|1}", "shortdef": ["\u2014used as a function word to introduce a noun clause that is usually the subject or object of a verb or a predicate nominative", "\u2014used as a function word to introduce a subordinate clause that is anticipated by the expletive it occurring as subject of the verb", "\u2014used as a function word to introduce a subordinate clause that is joined as complement to a noun or adjective"]}, {"meta": {"id": "that:3", "uuid": "e3da33a6-0fc2-4706-bfab-2e559b46e309", "sort": "200141200", "src": "collegiate", "section": "alpha", "stems": ["that", "those"], "offensive": false}, "hom": 3, "hwi": {"hw": "that"}, "fl": "adjective", "ins": [{"il": "plural", "if": "those"}], "def": [{"sseq": [[["sense", {"sn": "1 a", "dt": [["text", "{bc}being the person, thing, or idea specified, mentioned, or understood"]]}], ["sense", {"sn": "b", "dt": [["text", "{bc}being the one specified "], ["uns", [[["text", "usually used for emphasis "], ["vis", [{"t": "{wi}that{/wi} rarity among leaders"}, {"t": "{wi}that{/wi} brother of yours"}]]]]]]}], ["sense", {"sn": "c", "dt": [["text", "{bc}so great a {bc}{sx|such||}"]]}]], [["sense", {"sn": "2", "dt": [["text", "{bc}the farther away or less immediately under observation or discussion "], ["vis", [{"t": "this chair or {wi}that{/wi} one"}]]]}]]]}], "date": "12th century{ds||1|a|}", "shortdef": ["being the person, thing, or idea specified, mentioned, or understood", "being the one specified \u2014usually used for emphasis", "so great a : such"]}, {"meta": {"id": "that:4", "uuid": "62054d2b-9e86-4d77-9974-70116ee8c3e0", "sort": "200141300", "src": "collegiate", "section": "alpha", "stems": ["all that", "at that", "that", "those"], "offensive": false}, "hom": 4, "hwi": {"hw": "that", "prs": [{"mw": "t\u035fh\u0259t"}, {"mw": "\u02c8t\u035fhat", "sound": {"audio": "that0004", "ref": "c", "stat": "1"}}]}, "fl": "pronoun", "def": [{"sseq": [[["sense", {"sn": "1", "dt": [["uns", [[["text", "used as a function word to introduce a restrictive relative clause and to serve as a substitute within that clause for the substantive modified by the clause "], ["vis", [{"t": "the house {wi}that{/wi} Jack built"}, {"t": "I'll make a ghost of him {wi}that{/wi} lets me", "aq": {"auth": "William Shakespeare"}}]]]]]]}]], [["sense", {"sn": "2 a", "dt": [["text", "{bc}at which {bc}in which {bc}on which {bc}by which {bc}with which {bc}to which "], ["vis", [{"t": "each year {wi}that{/wi} the lectures are given"}]]]}], ["sense", {"sn": "b", "dt": [["text", "{bc}according to what {bc}to the extent of what "], ["uns", [[["text", "used after a negative "], ["vis", [{"t": "has never been here {wi}that{/wi} I know of"}]]]]]]}]], [["sense", {"sn": "3 a", "sls": ["archaic"], "dt": [["text", "{bc}that which"]]}], ["sense", {"sn": "b", "sls": ["obsolete"], "dt": [["text", "{bc}the person who"]]}]]]}], "usages": [{"pl": "{parahw}that{/parahw}, {parahw}which{/parahw}, or {parahw}who{/parahw}?", "pt": [["text", "In current usage {it}that{/it} refers to persons or things, {it}which{/it} chiefly to things and rarely to subhuman entities, {it}who{/it} chiefly to persons and sometimes to animals. The notion that {it}that{/it} should not be used to refer to persons is without foundation; such use is entirely standard. Because {it}that{/it} has no genitive form or construction, {it}of which{/it} or {it}whose{/it} must be substituted for it in contexts that call for the genitive."]]}, {"pl": "{parahw}that{/parahw} vs. {parahw}which{/parahw}", "pt": [["text", "Although some handbooks say otherwise, {it}that{/it} and {it}which{/it} are both regularly used to introduce restrictive clauses in edited prose. {it}Which{/it} is also used to introduce nonrestrictive clauses. {it}That{/it} was formerly used to introduce nonrestrictive clauses; such use is virtually nonexistent in present-day edited prose, though it may occasionally be found in poetry."]]}], "et": [["text", "Middle English, from Old English {it}th\u00e6t{/it}, neuter relative pronoun, from {it}th\u00e6t{/it}, neuter demonstrative pronoun"]], "date": "before 12th century{ds||1||}", "shortdef": ["\u2014used as a function word to introduce a restrictive relative clause and to serve as a substitute within that clause for the substantive modified by the clause", "at which : in which : on which : by which : with which : to which", "according to what : to the extent of what \u2014used after a negative"]}, {"meta": {"id": "that:5", "uuid": "cecc9b23-3be7-4c49-b743-3ffe86703687", "sort": "200141400", "src": "collegiate", "section": "alpha", "stems": ["that"], "offensive": false}, "hom": 5, "hwi": {"hw": "that", "prs": [{"mw": "\u02c8t\u035fhat", "sound": {"audio": "that0005", "ref": "c", "stat": "1"}}]}, "fl": "adverb", "def": [{"sseq": [[["sense", {"sn": "1", "dt": [["text", "{bc}to such an extent "], ["vis", [{"t": "a nail about {wi}that{/wi} long"}]]]}]], [["sense", {"sn": "2", "dt": [["text", "{bc}{sx|very||}, {sx|extremely||} "], ["uns", [[["text", "usually used with the negative "], ["vis", [{"t": "did not take the festival {wi}that{/wi} seriously", "aq": {"auth": "Eric Goldman"}}]]]]]]}]]]}], "date": "13th century{ds||1||}", "shortdef": ["to such an extent", "very, extremely \u2014usually used with the negative"]}, {"meta": {"id": "those", "uuid": "b64e9143-db9d-4e97-a363-aaf61ff7b436", "sort": "200180000", "src": "collegiate", "section": "alpha", "stems": ["that", "those"], "offensive": false}, "hwi": {"hw": "those"}, "cxs": [{"cxl": "plural of", "cxtis": [{"cxt": "that"}]}], "et": [["text", "Middle English, from {it}those{/it} these, from Old English {it}th\u0101s{/it}, plural of {it}thes{/it} this {ma}{mat|this|}{/ma}"]], "shortdef": []}, {"meta": {"id": "that bites", "uuid": "74f40324-a5b8-4a87-ad28-ab858c623bf0", "sort": "3019705000", "src": "ld", "section": "idioms", "stems": ["that bites"], "offensive": false}, "hwi": {"hw": "that bites"}, "fl": "idiom", "def": [{"sseq": [[["sense", {"dt": [["uns", [[["text", "used to express disappointment or disgust "], ["vis", [{"t": "\"They canceled the concert.\" \"Man, {it}that bites{/it}!\""}]]]]]]}]]]}], "shortdef": ["\u2014used to express disappointment or disgust"]}, {"meta": {"id": "that does it", "uuid": "69bed5ba-ce3d-4502-bc2d-301406e98891", "sort": "3019706000", "src": "ld", "section": "idioms", "stems": ["that does it"], "offensive": false}, "hwi": {"hw": "that does it"}, "fl": "idiom", "def": [{"sseq": [[["sense", {"sn": "1", "dt": [["uns", [[["text", "used to say that one has finished doing something. "], ["vis", [{"t": "I just need to sign one more letter. There, {it}that does it{/it}."}]]]]]]}]], [["sense", {"sn": "2", "dt": [["uns", [[["text", "used in angry speech to say that one will not accept or allow something anymore "], ["vis", [{"t": "\"They say we'll have to wait another hour.\" \"{it}That does it{/it}! We're leaving right now!\""}]]]]]]}]]]}], "shortdef": ["\u2014used to say that one has finished doing something.", "\u2014used in angry speech to say that one will not accept or allow something anymore"]}, {"meta": {"id": "that goes double for", "uuid": "b86e9254-5c76-4484-869a-7353ec026ebc", "sort": "3019707000", "src": "ld", "section": "idioms", "stems": ["that goes double for"], "offensive": false}, "hwi": {"hw": "that goes double for"}, "fl": "idiom", "def": [{"sls": ["informal"], "sseq": [[["sense", {"dt": [["uns", [[["text", "used to say that something one has just said about one person or thing relates even more strongly to another "], ["vis", [{"t": "You're in trouble, Steven. And {it}that goes double for{/it} you, John."}]]]]]]}]]]}], "shortdef": ["\u2014used to say that something one has just said about one person or thing relates even more strongly to another"]}, {"meta": {"id": "that is all", "uuid": "cb7b4824-5dc3-437b-9bc2-7f713339da73", "sort": "3019708000", "src": "ld", "section": "idioms", "stems": ["that is all", "that's all"], "offensive": false}, "hwi": {"hw": "that is all"}, "vrs": [{"vl": "or", "va": "that's all"}], "fl": "idiom", "def": [{"sseq": [[["sense", {"sn": "1", "dt": [["uns", [[["text", "used to say that something is finished, completed, or enough "], ["vis", [{"t": "\"Do you need anything else?\" \"No, thanks, {it}that's all{/it}.\""}, {"t": "They're (just) different, {it}that's all{/it}."}]]]]]]}]], [["sense", {"sn": "2", "dt": [["uns", [[["text", "used to say that something is all that is needed or wanted "], ["vis", [{"t": "I went there to visit friends and {it}that's all{/it}."}]]]]]]}]]]}], "shortdef": ["\u2014used to say that something is finished, completed, or enough", "\u2014used to say that something is all that is needed or wanted"]}]