[{"meta": {"id": "then", "uuid": "2937980a-0df9-4d8f-bf9c-d078ef6db0b6", "src": "coll_thes", "section": "alpha", "target": {"tuuid": "fca260fe-ff33-459e-8fa7-70885329e892", "tsrc": "collegiate"}, "stems": ["then", "and then some"], "syns": [["additionally", "again", "also", "besides", "either", "further", "furthermore", "likewise", "more", "moreover", "too", "withal", "yet"]], "ants": [], "offensive": false}, "hwi": {"hw": "then"}, "fl": "adverb", "def": [{"sseq": [[["sense", {"dt": [["text", "in addition to what has been said "], ["vis", [{"t": "there's the cost of the car itself, and {it}then{/it} there's the cost of insurance and maintenance"}]]], "syn_list": [[{"wd": "additionally"}, {"wd": "again"}, {"wd": "also"}, {"wd": "besides"}, {"wd": "either"}, {"wd": "further"}, {"wd": "furthermore"}, {"wd": "likewise"}, {"wd": "more"}, {"wd": "moreover"}, {"wd": "too"}, {"wd": "withal"}, {"wd": "yet"}]], "phrase_list": [[{"wd": "as well"}, {"wd": "for good measure"}, {"wd": "in addition to"}, {"wd": "into the bargain", "wvrs": [{"wvl": "also", "wva": "in the bargain"}]}, {"wd": "on top of"}, {"wd": "to boot"}, {"wd": "what's more"}]]}]]]}], "shortdef": ["in addition to what has been said"]}, {"meta": {"id": "now and then", "uuid": "7641021f-f1fd-44c4-a451-d4a6347d38cf", "src": "coll_thes", "section": "alpha", "target": {"tuuid": "8df35245-04cf-4c30-80ab-3139f2a1a5e7", "tsrc": "collegiate"}, "stems": ["now and then", "now and again"], "syns": [["here and there", "now", "occasionally", "sometimes"]], "ants": [], "offensive": false}, "hwi": {"hw": "now and then"}, "fl": "adverb", "def": [{"sseq": [[["sense", {"dt": [["text", "on some occasions "], ["vis", [{"t": "we do go to the library {it}now and then{/it}, but not as often as we should"}]]], "syn_list": [[{"wd": "here and there"}, {"wd": "now"}, {"wd": "occasionally"}, {"wd": "sometimes"}]], "rel_list": [[{"wd": "intermittently"}, {"wd": "off and on"}, {"wd": "periodically"}, {"wd": "recurrently"}], [{"wd": "infrequently"}, {"wd": "little"}, {"wd": "rarely"}, {"wd": "seldom"}], [{"wd": "irregularly"}, {"wd": "sporadically"}, {"wd": "variously"}]], "phrase_list": [[{"wd": "at times"}, {"wd": "ever and anon"}, {"wd": "every now and then", "wvrs": [{"wvl": "or", "wva": "every now and again"}, {"wvl": "or", "wva": "every so often"}]}, {"wd": "from time to time"}, {"wd": "once in a while"}, {"wd": "on occasion"}]], "near_list": [[{"wd": "frequently"}, {"wd": "hourly"}, {"wd": "much"}, {"wd": "oft"}, {"wd": "often"}, {"wd": "oftentimes", "wvrs": [{"wvl": "or", "wva": "ofttimes"}]}], [{"wd": "commonly"}, {"wd": "ordinarily"}, {"wd": "regularly"}, {"wd": "routinely"}, {"wd": "usually"}], [{"wd": "always"}, {"wd": "consistently"}, {"wd": "constantly"}, {"wd": "invariably"}], [{"wd": "continually"}, {"wd": "continuingly"}, {"wd": "continuously"}, {"wd": "incessantly"}, {"wd": "perpetually"}, {"wd": "unceasingly"}, {"wd": "uninterruptedly"}], [{"wd": "endlessly"}, {"wd": "ever"}, {"wd": "interminably"}]]}]]]}], "shortdef": ["on some occasions"]}, {"meta": {"id": "every now and then", "uuid": "5368caeb-77c3-4f56-9802-65495f76d03e", "src": "CTenhance", "section": "phrases", "stems": ["every so often", "every now and then"], "syns": [["here and there", "now", "now and then", "occasionally", "sometimes"]], "ants": [], "offensive": false}, "hwi": {"hw": "every now and then"}, "vrs": [{"vl": "or", "va": "every now and again"}, {"vl": "or", "va": "every so often"}], "fl": "phrase", "def": [{"sseq": [[["sense", {"dt": [["text", "on some occasions "], ["vis", [{"t": "The family likes to take a vacation in France {it}every now and then{/it}."}, {"t": "{it}Every now and again{/it} the two friends quarrel but they never hold grudges."}]]], "syn_list": [[{"wd": "here and there"}, {"wd": "now"}, {"wd": "now and then"}, {"wd": "occasionally"}, {"wd": "sometimes"}]], "rel_list": [[{"wd": "intermittently"}, {"wd": "off and on"}, {"wd": "periodically"}, {"wd": "recurrently"}], [{"wd": "infrequently"}, {"wd": "little"}, {"wd": "rarely"}, {"wd": "seldom"}], [{"wd": "irregularly"}, {"wd": "sporadically"}, {"wd": "variously"}]], "phrase_list": [[{"wd": "at times"}, {"wd": "ever and anon"}, {"wd": "from time to time"}, {"wd": "once in a while"}, {"wd": "on occasion"}]], "near_list": [[{"wd": "frequently"}, {"wd": "hourly"}, {"wd": "much"}, {"wd": "oft"}, {"wd": "often"}, {"wd": "oftentimes", "wvrs": [{"wvl": "or", "wva": "ofttimes"}]}], [{"wd": "commonly"}, {"wd": "ordinarily"}, {"wd": "regularly"}, {"wd": "routinely"}, {"wd": "usually"}], [{"wd": "always"}, {"wd": "consistently"}, {"wd": "constantly"}, {"wd": "invariably"}], [{"wd": "continually"}, {"wd": "continuingly"}, {"wd": "continuously"}, {"wd": "incessantly"}, {"wd": "perpetually"}, {"wd": "unceasingly"}, {"wd": "uninterruptedly"}], [{"wd": "endlessly"}, {"wd": "ever"}, {"wd": "interminably"}]]}]]]}], "shortdef": ["on some occasions"]}, {"meta": {"id": "back", "uuid": "469c4aa2-d59c-47dd-b124-78aa2d3615e5", "src": "coll_thes", "section": "alpha", "target": {"tuuid": "ef088978-7e6b-4132-9ace-9c12321d7ba2", "tsrc": "collegiate"}, "stems": ["back", "back then"], "syns": [["ago", "agone", "since", "syne"], ["about", "around", "backward", "round"], ["backward", "rearward"]], "ants": [["hence"], ["ahead", "along", "forth", "forward", "forwards", "on", "onward"]], "offensive": false}, "hwi": {"hw": "back"}, "fl": "adverb", "def": [{"sseq": [[["sense", {"sn": "1", "dt": [["text", "earlier than the present time "], ["vis", [{"t": "that's longer {it}back{/it} than I can remember"}]]], "syn_list": [[{"wd": "ago"}, {"wd": "agone", "wsls": ["archaic"]}, {"wd": "since"}, {"wd": "syne", "wsls": ["chiefly Scottish"]}]], "ant_list": [[{"wd": "hence"}]]}]], [["sense", {"sn": "2", "dt": [["text", "toward the opposite direction "], ["vis", [{"t": "turned {it}back{/it} for one last comment"}]]], "syn_list": [[{"wd": "about"}, {"wd": "around"}, {"wd": "backward", "wvrs": [{"wvl": "or", "wva": "backwards"}]}, {"wd": "round"}]], "rel_list": [[{"wd": "behind"}, {"wd": "down"}, {"wd": "downward", "wvrs": [{"wvl": "or", "wva": "downwards"}]}, {"wd": "rearward", "wvrs": [{"wvl": "also", "wva": "rearwards"}]}], [{"wd": "obversely"}, {"wd": "reversely"}], [{"wd": "across"}, {"wd": "athwart"}, {"wd": "counter"}, {"wd": "counterclockwise"}, {"wd": "widdershins", "wvrs": [{"wvl": "also", "wva": "withershins"}]}]], "near_list": [[{"wd": "clockwise"}, {"wd": "deasil"}]]}]], [["sense", {"sn": "3", "dt": [["text", "toward the rear "], ["vis", [{"t": "concert security asked the crowd to move {it}back{/it}"}]]], "syn_list": [[{"wd": "backward", "wvrs": [{"wvl": "or", "wva": "backwards"}]}, {"wd": "rearward", "wvrs": [{"wvl": "also", "wva": "rearwards"}]}]], "rel_list": [[{"wd": "astern"}, {"wd": "sternforemost"}], [{"wd": "anticlockwise", "wsls": ["chiefly British"]}, {"wd": "counterclockwise"}, {"wd": "left-handed"}, {"wd": "left-handedly"}, {"wd": "retrograde"}, {"wd": "reversely"}, {"wd": "widdershins", "wvrs": [{"wvl": "also", "wva": "withershins"}]}]], "near_list": [[{"wd": "before"}]], "ant_list": [[{"wd": "ahead"}, {"wd": "along"}, {"wd": "forth"}, {"wd": "forward"}, {"wd": "forwards"}, {"wd": "on"}, {"wd": "onward", "wvrs": [{"wvl": "also", "wva": "onwards"}]}]]}]]]}], "shortdef": ["earlier than the present time", "toward the opposite direction", "toward the rear"]}]