[{"meta": {"id": "then:1", "uuid": "fca260fe-ff33-459e-8fa7-70885329e892", "sort": "200146600", "src": "collegiate", "section": "alpha", "stems": ["and then some", "then"], "offensive": false}, "hom": 1, "hwi": {"hw": "then", "prs": [{"mw": "\u02c8t\u035fhen", "sound": {"audio": "then0001", "ref": "c", "stat": "1"}}]}, "fl": "adverb", "def": [{"sseq": [[["sense", {"sn": "1", "dt": [["text", "{bc}at that time"]]}]], [["sense", {"sn": "2 a", "dt": [["text", "{bc}soon after that {bc}next in order of time "], ["vis", [{"t": "walked to the door, {wi}then{/wi} turned"}]]]}], ["sense", {"sn": "b", "dt": [["text", "{bc}following next after in order of position, narration, or enumeration {bc}being next in a series "], ["vis", [{"t": "first came the clowns, and {wi}then{/wi} came the elephants"}]]]}], ["sense", {"sn": "c", "dt": [["text", "{bc}in addition {bc}{sx|besides||} "], ["vis", [{"t": "{wi}then{/wi} there is the interest to be paid"}]]]}]], [["sense", {"sn": "3 a", "dt": [["text", "{bc}as a necessary consequence "], ["vis", [{"t": "if the angles are equal, {wi}then{/wi} the complements are equal"}]]]}], ["pseq", [["sense", {"sn": "b (1)", "dt": [["text", "{bc}in that case "], ["vis", [{"t": "take it, {wi}then{/wi}, if you want it so much"}]]]}], ["sense", {"sn": "(2)", "dt": [["uns", [[["text", "used after {it}but{/it} to qualify or offset a preceding statement "], ["vis", [{"t": "she lost the race, but {wi}then{/wi} she never really expected to win"}]]]]]]}]]], ["sense", {"sn": "c", "dt": [["text", "{bc}according to that {bc}as may be inferred "], ["vis", [{"t": "your mind is made up, {wi}then{/wi}"}]]]}], ["sense", {"sn": "d", "dt": [["text", "{bc}as it appears {bc}by way of summing up "], ["vis", [{"t": "the cause of the accident, {wi}then{/wi}, is established"}]]]}]]]}], "dros": [{"drp": "and then some", "def": [{"sseq": [[["sense", {"dt": [["text", "{bc}with much more in addition "], ["vis", [{"t": "would require all his strength {it}and then some{/it}"}]]]}]]]}]}], "et": [["text", "Middle English {it}than, then{/it} then, than, from Old English {it}thonne, th\u00e6nne{/it}; akin to Old High German {it}denne{/it} then, than, Old English {it}th\u00e6t{/it} that"]], "date": "before 12th century{ds||1||}", "shortdef": ["at that time", "soon after that : next in order of time", "following next after in order of position, narration, or enumeration : being next in a series"]}, {"meta": {"id": "then:2", "uuid": "0c0870cc-12a0-4ee7-ae41-cb150690478d", "sort": "200146700", "src": "collegiate", "section": "alpha", "stems": ["then", "thens"], "offensive": false}, "hom": 2, "hwi": {"hw": "then"}, "fl": "noun", "def": [{"sseq": [[["sense", {"dt": [["text", "{bc}that time "], ["vis", [{"t": "since {wi}then{/wi}, he's been more cautious"}]]]}]]]}], "date": "14th century", "shortdef": ["that time"]}, {"meta": {"id": "then:3", "uuid": "07e8e63e-f556-406f-b921-e1d4a31ece7b", "sort": "200146800", "src": "collegiate", "section": "alpha", "stems": ["then"], "offensive": false}, "hom": 3, "hwi": {"hw": "then"}, "fl": "adjective", "def": [{"sseq": [[["sense", {"dt": [["text", "{bc}existing or acting at or belonging to the time mentioned "], ["vis", [{"t": "the {wi}then{/wi} secretary of state"}]]]}]]]}], "date": "1584", "shortdef": ["existing or acting at or belonging to the time mentioned"]}, {"meta": {"id": "then and there", "uuid": "746949a8-40fd-4a8f-838d-8a88a7c17094", "sort": "200146900", "src": "collegiate", "section": "alpha", "stems": ["then and there"], "offensive": false}, "hwi": {"hw": "then and there"}, "fl": "adverb", "def": [{"sseq": [[["sense", {"dt": [["text", "{bc}on the spot {bc}{sx|immediately||} "], ["vis", [{"t": "wanted the money right {it}then and there{/it}"}]]]}]]]}], "date": "15th century", "shortdef": ["on the spot : immediately"]}, {"meta": {"id": "now and then", "uuid": "8df35245-04cf-4c30-80ab-3139f2a1a5e7", "sort": "142621000", "src": "collegiate", "section": "alpha", "stems": ["now and again", "now and then"], "offensive": false}, "hwi": {"hw": "now and then"}, "fl": "adverb", "def": [{"sseq": [[["sense", {"dt": [["text", "{bc}from time to time {bc}{sx|occasionally||} "], ["vis", [{"t": "{it}now and then{/it} we go off to the country"}]]]}]]]}], "date": "15th century", "shortdef": ["from time to time : occasionally"]}, {"meta": {"id": "but then", "uuid": "4d3b82f7-905e-453f-9720-f75218d4d718", "sort": "3002583000", "src": "ld", "section": "idioms", "stems": ["but then"], "offensive": false}, "hwi": {"hw": "but then"}, "fl": "idiom", "def": [{"sseq": [[["sense", {"sn": "1", "dt": [["uns", [[["text", "used to introduce a statement that adds another and different thought to a preceding statement "], ["vis", [{"t": "I'm surprised to hear that Tom has left the army. {it}But then{/it} I suppose he never was the type to obey orders."}]]], [["text", "sometimes used to introduce an explanation for something "], ["vis", [{"t": "His cakes are amazing\u2014{it}but then{/it} he did study with some of the best pastry chefs in the world."}]]]]]]}]], [["sense", {"sn": "2", "dt": [["uns", [[["text", "used to introduce a statement that tells about something different or surprising that happened next "], ["vis", [{"t": "The team won the first two games, {it}but then{/it} failed to win any of the next five."}]]]]]]}]]]}], "shortdef": ["\u2014used to introduce a statement that adds another and different thought to a preceding statement \u2014sometimes used to introduce an explanation for something", "\u2014used to introduce a statement that tells about something different or surprising that happened next"]}, {"meta": {"id": "since then", "uuid": "7d8c627d-ea97-4fbe-83c6-f21e018cc390", "sort": "3017566000", "src": "ld", "section": "idioms", "stems": ["since then"], "offensive": false}, "hwi": {"hw": "since then"}, "fl": "idiom", "def": [{"sseq": [[["sense", {"dt": [["text", "{bc}within that time "], ["vis", [{"t": "The company started as a small local business 10 years ago and has grown a lot {it}since then{/it}."}]]]}]]]}], "shortdef": ["within that time"]}, {"meta": {"id": "there and then", "uuid": "3488e2cb-a222-4728-9042-06bba4489eac", "sort": "3020455000", "src": "ld", "section": "idioms", "stems": ["there and then"], "offensive": false}, "hwi": {"hw": "there and then"}, "fl": "idiom", "def": [{"sls": ["chiefly British"], "sseq": [[["sense", {"dt": [["text", "{bc}immediately at that place "], ["vis", [{"t": "I decided (right) {it}there and then{/it} that I would accept the offer."}]]]}]]]}], "shortdef": ["immediately at that place"]}, {"meta": {"id": "what then", "uuid": "1ca8238c-46ae-446d-a596-59f9138778c6", "sort": "3022477000", "src": "ld", "section": "idioms", "stems": ["what then"], "offensive": false}, "hwi": {"hw": "what then"}, "fl": "idiom", "def": [{"sseq": [[["sense", {"dt": [["text", "{bc}what will happen in that case "], ["vis", [{"t": "What if there should be a fire? {it}What then{/it}?"}]]]}]]]}], "shortdef": ["what will happen in that case"]}, {"meta": {"id": "back:2", "uuid": "ef088978-7e6b-4132-9ace-9c12321d7ba2", "sort": "020006800", "src": "collegiate", "section": "alpha", "stems": ["back", "back then"], "offensive": false}, "hom": 2, "hwi": {"hw": "back"}, "fl": "adverb", "def": [{"sseq": [[["sense", {"sn": "1 a", "dt": [["text", "{bc}to, toward, or at the rear "], ["vis", [{"t": "asked the crowd to move {wi}back{/wi}"}]]]}], ["sense", {"sn": "b", "dt": [["text", "{bc}in or into the past {bc}{a_link|backward} in time "], ["vis", [{"t": "looking {wi}back{/wi} on her youth"}, {"t": "an event {wi}back{/wi} in the last century"}, {"t": "{phrase}Back then{/phrase}, no one had ever heard of chronic fatigue syndrome."}]]], "sdsense": {"sd": "also", "dt": [["text", "{bc}{sx|ago||} "], ["vis", [{"t": "several years {wi}back{/wi}"}, {"t": "met him in the street two days {wi}back{/wi}"}]]]}}], ["sense", {"sn": "c", "dt": [["text", "{bc}to or at an angle off the vertical "], ["vis", [{"t": "leaned {wi}back{/wi} on his chair"}]]]}], ["pseq", [["sense", {"sn": "d (1)", "dt": [["text", "{bc}under restraint "], ["vis", [{"t": "He wanted to fight but his friends held him {wi}back{/wi}."}, {"t": "holding {wi}back{/wi} a laugh"}]]]}], ["sense", {"sn": "(2)", "dt": [["text", "{bc}in a delayed or {d_link|retarded|retard:1} condition "], ["vis", [{"t": "Bad weather set the launch date {wi}back{/wi} several days."}]]]}]]], ["sense", {"sn": "e", "dt": [["text", "{bc}in an inferior or secondary position"]], "sdsense": {"sd": "especially", "dt": [["text", "{bc}behind a competitor in points or ranking "], ["vis", [{"t": "finished three strokes {wi}back{/wi}"}]]]}}]], [["sense", {"sn": "2 a", "dt": [["text", "{bc}to, toward, or in a place from which a person or thing came "], ["vis", [{"t": "She left home and never went {wi}back{/wi}."}, {"t": "put the book {wi}back{/wi}"}]]]}], ["sense", {"sn": "b", "dt": [["text", "{bc}to or toward a former state "], ["vis", [{"t": "went {wi}back{/wi} to private life"}]]]}], ["sense", {"sn": "c", "dt": [["text", "{bc}in return or reply "], ["vis", [{"t": "forgot to write {wi}back{/wi}"}]]]}]]]}], "et": [["text", "Middle English {it}bac{/it}, aphetic form of {it}abak{/it} {et_link|aback|aback}"]], "date": "13th century{ds||1|a|}", "shortdef": ["to, toward, or at the rear", "in or into the past : backward in time; also : ago", "to or at an angle off the vertical"]}]