[{"meta": {"id": "think:1", "uuid": "4e8357a4-6dd7-4d32-8077-c4ad8d692aa7", "sort": "200168000", "src": "collegiate", "section": "alpha", "stems": ["think", "think better of", "think much of", "thinker", "thinkers", "thinking", "thinking better of", "thinking much of", "thinks", "thinks better of", "thinks much of", "thought", "thought better of", "thought much of"], "offensive": false}, "hom": 1, "hwi": {"hw": "think", "prs": [{"mw": "\u02c8thi\u014bk", "sound": {"audio": "think001", "ref": "c", "stat": "1"}}]}, "fl": "verb", "ins": [{"if": "thought", "prs": [{"mw": "\u02c8th\u022ft", "sound": {"audio": "think002", "ref": "c", "stat": "1"}}]}, {"if": "think*ing"}], "def": [{"vd": "transitive verb", "sseq": [[["sense", {"sn": "1", "dt": [["text", "{bc}to form or have in the mind"]]}]], [["sense", {"sn": "2", "dt": [["text", "{bc}to have as an intention "], ["vis", [{"t": "{it}thought{/it} to return early"}]]]}]], [["sense", {"sn": "3 a", "dt": [["text", "{bc}to have as an opinion "], ["vis", [{"t": "{wi}think{/wi} it's so"}]]]}], ["sense", {"sn": "b", "dt": [["text", "{bc}to regard as {bc}{sx|consider||} "], ["vis", [{"t": "{wi}think{/wi} the rule unfair"}]]]}]], [["sense", {"sn": "4 a", "dt": [["text", "{bc}to reflect on {bc}{sx|ponder||} "], ["vis", [{"t": "{wi}think{/wi} the matter over"}]]]}], ["sense", {"sn": "b", "dt": [["text", "{bc}to determine by reflecting "], ["vis", [{"t": "{wi}think{/wi} what to do next"}]]]}]], [["sense", {"sn": "5", "dt": [["text", "{bc}to call to mind {bc}{sx|remember||} "], ["vis", [{"t": "He never {wi}thinks{/wi} to ask how we are."}]]]}]], [["sense", {"sn": "6", "dt": [["text", "{bc}to devise by {a_link|thinking} "], ["uns", [[["text", "usually used with {it}up{/it} "], ["vis", [{"t": "{it}thought{/it} up a plan to escape"}]]]]]]}]], [["sense", {"sn": "7", "dt": [["text", "{bc}to have as an expectation {bc}{sx|anticipate||} "], ["vis", [{"t": "We didn't {wi}think{/wi} we'd have any trouble."}]]]}]], [["sense", {"sn": "8 a", "dt": [["text", "{bc}to center one's thoughts on "], ["vis", [{"t": "talks and {wi}thinks{/wi} business"}]]]}], ["sense", {"sn": "b", "dt": [["text", "{bc}to form a mental picture of"]]}]], [["sense", {"sn": "9", "dt": [["text", "{bc}to subject to the processes of logical thought "], ["vis", [{"t": "{wi}think{/wi} things out"}]]]}]]]}, {"vd": "intransitive verb", "sseq": [[["sense", {"sn": "1 a", "dt": [["text", "{bc}to exercise the powers of judgment, conception, or inference {bc}{sx|reason||}"]]}], ["sense", {"sn": "b", "dt": [["text", "{bc}to have in the mind or call to mind a thought"]]}]], [["sense", {"sn": "2 a", "dt": [["text", "{bc}to have the mind engaged in reflection {bc}{sx|meditate||}"]]}], ["sense", {"sn": "b", "dt": [["text", "{bc}to consider the suitability "], ["vis", [{"t": "{it}thought{/it} of her for president"}]]]}]], [["sense", {"sn": "3", "dt": [["text", "{bc}to have a view or opinion "], ["vis", [{"t": "{wi}thinks{/wi} of himself as a poet"}]]]}]], [["sense", {"sn": "4", "dt": [["text", "{bc}to have concern "], ["uns", [[["text", "usually used with {it}of{/it} "], ["vis", [{"t": "I must {wi}think{/wi} first of my family."}]]]]]]}]], [["sense", {"sn": "5", "dt": [["text", "{bc}to consider something likely {bc}{sx|suspect||} "], ["vis", [{"t": "may happen sooner than you {wi}think{/wi}"}]]]}]]]}], "uros": [{"ure": "think*er", "fl": "noun"}], "dros": [{"drp": "think better of", "def": [{"sseq": [[["sense", {"dt": [["text", "{bc}to reconsider and make a wiser decision"]]}]]]}]}, {"drp": "think much of", "def": [{"sseq": [[["sense", {"dt": [["text", "{bc}to view with satisfaction {bc}{sx|approve||} "], ["uns", [[["text", "usually used in negative constructions "], ["vis", [{"t": "I didn't {it}think much of{/it} the new car."}]]]]]]}]]]}]}], "syns": [{"pl": "synonyms", "pt": [["text", "{sc}think{/sc} {sc}conceive{/sc} {sc}imagine{/sc} {sc}fancy{/sc} {sc}realize{/sc} {sc}envisage{/sc} {sc}envision{/sc} mean to form an idea of. {sc}think{/sc} implies the entrance of an idea into one's mind with or without deliberate consideration or reflection. "], ["vis", [{"t": "I just {it}thought{/it} of a good joke"}]], ["text", " {sc}conceive{/sc} suggests the forming and bringing forth and usually developing of an idea, plan, or design. "], ["vis", [{"t": "{it}conceived{/it} of a new marketing approach"}]], ["text", " {sc}imagine{/sc} stresses a visualization. "], ["vis", [{"t": "{it}imagine{/it} you're at the beach"}]], ["text", " {sc}fancy{/sc} suggests an imagining often unrestrained by reality but spurred by desires. "], ["vis", [{"t": "{it}fancied{/it} himself a super athlete"}]], ["text", " {sc}realize{/sc} stresses a grasping of the significance of what is conceived or imagined. "], ["vis", [{"t": "{it}realized{/it} the enormity of the task ahead"}]], ["text", " {sc}envisage{/sc} and {sc}envision{/sc} imply a conceiving or imagining that is especially clear or detailed. "], ["vis", [{"t": "{it}envisaged{/it} a totally computerized operation"}, {"t": "{it}envisioned{/it} a cure for the disease"}]]]}, {"pl": "synonyms", "pt": [["text", "{sc}think{/sc} {sc}cogitate{/sc} {sc}reflect{/sc} {sc}reason{/sc} {sc}speculate{/sc} {sc}deliberate{/sc} mean to use one's powers of conception, judgment, or inference. {sc}think{/sc} is general and may apply to any mental activity, but used alone often suggests attainment of clear ideas or conclusions. "], ["vis", [{"t": "teaches students how to {it}think{/it}"}]], ["text", " {sc}cogitate{/sc} implies deep or intent thinking. "], ["vis", [{"t": "{it}cogitated{/it} on the mysteries of nature"}]], ["text", " {sc}reflect{/sc} suggests unhurried consideration of something recalled to the mind. "], ["vis", [{"t": "{it}reflecting{/it} on fifty years of married life"}]], ["text", " {sc}reason{/sc} stresses consecutive logical thinking. "], ["vis", [{"t": "able to {it}reason{/it} brilliantly in debate"}]], ["text", " {sc}speculate{/sc} implies reasoning about things theoretical or problematic. "], ["vis", [{"t": "{it}speculated{/it} on the fate of the lost explorers"}]], ["text", " {sc}deliberate{/sc} suggests slow or careful reasoning before forming an opinion or reaching a conclusion or decision. "], ["vis", [{"t": "the jury {it}deliberated{/it} for five hours"}]]]}], "et": [["text", "Middle English {it}thenken{/it}, from Old English {it}thencan{/it}; akin to Old High German {it}denken{/it} to think, Latin {it}tong\u0113re{/it} to know {ma}{mat|thanks|}{/ma}"]], "date": "before 12th century{ds|t|1||}", "shortdef": ["to form or have in the mind", "to have as an intention", "to have as an opinion"]}, {"meta": {"id": "think:2", "uuid": "270300be-2522-487c-b038-f9f33c72a084", "sort": "200168100", "src": "collegiate", "section": "alpha", "stems": ["another think coming", "has another think coming", "have another think coming", "think", "thinks"], "offensive": false}, "hom": 2, "hwi": {"hw": "think"}, "fl": "noun", "def": [{"sseq": [[["sense", {"dt": [["text", "{bc}an act of {a_link|thinking} "], ["vis", [{"t": "He has to make up his mind, in a deep, hard {wi}think{/wi}, whether he really believes that philanthropy is worth while.", "aq": {"auth": "Jerome Ellison"}}, {"t": "\u2026 returned home for a rest and a good {wi}think{/wi}.", "aq": {"auth": "Richard Corliss"}}, {"t": "If he thinks he can fool me, he {phrase}has another think coming{/phrase}. {gloss}=he is wrong{/gloss}"}]]]}]]]}], "date": "1834", "shortdef": ["an act of thinking"]}, {"meta": {"id": "think:3", "uuid": "7ff48550-207d-4bb5-b6b9-a76680f0a562", "sort": "200168200", "src": "collegiate", "section": "alpha", "stems": ["think"], "offensive": false}, "hom": 3, "hwi": {"hw": "think"}, "fl": "adjective", "def": [{"sseq": [[["sense", {"dt": [["text", "{bc}relating to, requiring, or stimulating {a_link|thinking}"]]}]]]}], "date": "1890", "shortdef": ["relating to, requiring, or stimulating thinking"]}, {"meta": {"id": "thought:2", "uuid": "3eb6a11b-27f0-4f63-b698-315fa15248e9", "sort": "200180700", "src": "collegiate", "section": "alpha", "stems": ["think", "thought"], "offensive": false}, "hom": 2, "hwi": {"hw": "thought"}, "cxs": [{"cxl": "past tense and past participle of", "cxtis": [{"cxt": "think"}]}], "shortdef": []}, {"meta": {"id": "thunk:1", "uuid": "54b82c75-3c70-40aa-b8e0-00e6680556dc", "sort": "200200900", "src": "collegiate", "section": "alpha", "stems": ["think", "thunk"], "offensive": false}, "hom": 1, "hwi": {"hw": "thunk", "prs": [{"mw": "\u02c8th\u0259\u014bk", "sound": {"audio": "thunk001", "ref": "c", "stat": "1"}}]}, "cxs": [{"cxl": "dialectal past tense and past participle of", "cxtis": [{"cxt": "think"}]}], "shortdef": []}, {"meta": {"id": "think piece", "uuid": "b316ac07-5eeb-4412-87fe-008eca8c0e57", "sort": "200168700", "src": "collegiate", "section": "alpha", "stems": ["think piece", "think pieces"], "offensive": false}, "hwi": {"hw": "think piece"}, "fl": "noun", "def": [{"sseq": [[["sense", {"dt": [["text", "{bc}a piece of writing meant to be thought-provoking and speculative that consists chiefly of background material and personal opinion and analysis"]]}]]]}], "date": "1941", "shortdef": ["a piece of writing meant to be thought-provoking and speculative that consists chiefly of background material and personal opinion and analysis"]}, {"meta": {"id": "think tank", "uuid": "c6d78fdb-9708-4d46-b607-b1d6136e447b", "sort": "200168800", "src": "collegiate", "section": "alpha", "stems": ["think tank", "think tanks"], "offensive": false}, "hwi": {"hw": "think tank"}, "fl": "noun", "def": [{"sseq": [[["sense", {"dt": [["text", "{bc}an institute, corporation, or group organized to study a particular subject (such as a policy issue or a scientific problem) and provide information, ideas, and advice "], ["vis", [{"t": "an information technology {wi}think tank{/wi}"}, {"t": "\u2026 was responsible for the armies of new political-action committees, lobbyists and rightward {wi}think tanks{/wi} that poured into Washington to counter the consumer and environmental movements he helped to inspire.", "aq": {"auth": "Jonathan Rowe"}}]]]}]]]}], "date": "1958", "shortdef": ["an institute, corporation, or group organized to study a particular subject (such as a policy issue or a scientific problem) and provide information, ideas, and advice"]}, {"meta": {"id": "think again", "uuid": "04e293e5-05a4-4b65-af40-c6a23cad71c9", "sort": "3020779000", "src": "ld", "section": "idioms", "stems": ["think again"], "offensive": false}, "hwi": {"hw": "think again"}, "fl": "idiom", "def": [{"sls": ["informal"], "sseq": [[["sense", {"dt": [["uns", [[["text", "used to say that what someone believes, expects, etc., is not true or will not happen "], ["vis", [{"t": "If you think you can get away with this, {it}think again{/it}."}]]]]]]}]]]}], "shortdef": ["\u2014used to say that what someone believes, expects, etc., is not true or will not happen"]}, {"meta": {"id": "think ahead", "uuid": "53065886-370f-4e61-b538-6135add65305", "sort": "3020780000", "src": "ld", "section": "idioms", "stems": ["think ahead"], "offensive": false}, "hwi": {"hw": "think ahead"}, "fl": "idiom", "def": [{"sseq": [[["sense", {"dt": [["text", "{bc}to prepare for a future event or situation by thinking about what might happen "], ["vis", [{"t": "We should have {it}thought ahead{/it} and brought an umbrella."}]]]}]]]}], "shortdef": ["to prepare for a future event or situation by thinking about what might happen"]}, {"meta": {"id": "think aloud/out loud", "uuid": "67a2cbc2-dd22-47aa-9bbb-a9e7edb0eb8d", "sort": "3020781000", "src": "ld", "section": "idioms", "stems": ["think aloud loud", "think aloud/out loud", "think out loud"], "offensive": false}, "hwi": {"hw": "think aloud/out loud"}, "fl": "idiom", "def": [{"sseq": [[["sense", {"dt": [["text", "{bc}to say one's thoughts so that other people can hear them "], ["vis", [{"t": "No, I wasn't talking to you. I was just {it}thinking aloud/out loud{/it}."}]]]}]]]}], "shortdef": ["to say one's thoughts so that other people can hear them"]}]