[{"meta": {"id": "times", "uuid": "5dce09d3-3fd2-4a4c-b4a9-efaec24db5b2", "src": "coll_thes", "section": "alpha", "stems": ["times"], "syns": [["moments", "occasions"], ["adventures", "emprises", "experiences", "exploits", "gests", "happenings"], ["ages", "days", "epochs", "eras", "periods"], ["continuances", "dates", "durations", "life spans", "lifetimes", "lives", "runs", "standings"]], "ants": [], "offensive": false}, "hwi": {"hw": "times"}, "fl": "noun", "sls": ["plural of {d_link|time|time}"], "def": [{"sseq": [[["sense", {"sn": "1", "dt": [["text", "a particular point at which an event takes place "], ["vis", [{"t": "remember that one {it}time{/it} you tried to wash the dog in the sink"}]]], "syn_list": [[{"wd": "moments"}, {"wd": "occasions"}]], "rel_list": [[{"wd": "flashes"}, {"wd": "instants"}, {"wd": "jiffies"}, {"wd": "minutes"}, {"wd": "seconds"}, {"wd": "shakes"}, {"wd": "split seconds"}, {"wd": "trices"}, {"wd": "twinkles"}, {"wd": "winks"}], [{"wd": "bits"}, {"wd": "spaces"}, {"wd": "spells"}, {"wd": "stretches"}, {"wd": "whiles"}]]}]], [["sense", {"sn": "2", "dt": [["text", "an exciting or noteworthy event that one experiences firsthand "], ["vis", [{"t": "enjoys telling us about the {it}times{/it} he had while he was in the army"}]]], "syn_list": [[{"wd": "adventures"}, {"wd": "emprises"}, {"wd": "experiences"}, {"wd": "exploits"}, {"wd": "gests", "wvrs": [{"wvl": "or", "wva": "gestes"}]}, {"wd": "happenings"}]], "rel_list": [[{"wd": "escapades"}, {"wd": "larks"}, {"wd": "ploys"}], [{"wd": "actions"}, {"wd": "acts"}, {"wd": "deeds"}, {"wd": "doings"}, {"wd": "feats"}], [{"wd": "episodes"}, {"wd": "occasions"}], [{"wd": "baptisms"}, {"wd": "ordeals"}, {"wd": "tests"}, {"wd": "trials"}, {"wd": "tribulations"}], [{"wd": "enterprises"}, {"wd": "risks"}, {"wd": "ventures"}], [{"wd": "expeditions"}, {"wd": "explorations"}, {"wd": "missions"}, {"wd": "performances"}, {"wd": "quests"}, {"wd": "stunts"}]], "near_list": [[{"wd": "bores"}, {"wd": "bummers"}, {"wd": "busts"}, {"wd": "downers"}, {"wd": "drags"}]]}]], [["sense", {"sn": "3", "dt": [["text", "an extent of time associated with a particular person or thing "], ["vis", [{"t": "back in my parents' {it}time{/it}, families usually had only one car"}]]], "syn_list": [[{"wd": "ages"}, {"wd": "days"}, {"wd": "epochs"}, {"wd": "eras"}, {"wd": "periods"}]], "rel_list": [[{"wd": "cycles"}, {"wd": "generations"}, {"wd": "years"}], [{"wd": "bits"}, {"wd": "spaces"}, {"wd": "spans"}, {"wd": "spells"}, {"wd": "stretches"}, {"wd": "whiles"}], [{"wd": "dates"}, {"wd": "vintages"}]]}]], [["sense", {"sn": "4", "dt": [["text", "the period during which something exists, lasts, or is in progress "], ["vis", [{"t": "how much {it}time{/it} will the project take?"}]]], "syn_list": [[{"wd": "continuances"}, {"wd": "dates"}, {"wd": "durations"}, {"wd": "life spans"}, {"wd": "lifetimes"}, {"wd": "lives"}, {"wd": "runs"}, {"wd": "standings"}]], "rel_list": [[{"wd": "spells"}, {"wd": "stretches"}], [{"wd": "spans"}, {"wd": "tenures"}, {"wd": "terms"}], [{"wd": "hitches"}, {"wd": "tours"}, {"wd": "turns"}], [{"wd": "half-lifes", "wvrs": [{"wvl": "or", "wva": "half-lives"}]}], [{"wd": "ages"}, {"wd": "longevities"}]]}]]]}], "shortdef": ["a particular point at which an event takes place", "an exciting or noteworthy event that one experiences firsthand", "an extent of time associated with a particular person or thing"]}, {"meta": {"id": "time", "uuid": "a2f66f66-1796-4eba-bc70-dc9beead5f70", "src": "coll_thes", "section": "alpha", "target": {"tuuid": "d543ba4f-4856-43da-b42c-b668bcdd5eb0", "tsrc": "collegiate"}, "stems": ["time", "on time", "times"], "syns": [["moment", "occasion"], ["adventure", "emprise", "experience", "exploit", "gest", "happening"], ["age", "day", "epoch", "era", "period"], ["continuance", "date", "duration", "life", "life span", "lifetime", "run", "standing"]], "ants": [], "offensive": false}, "hwi": {"hw": "time"}, "fl": "noun", "def": [{"sseq": [[["sense", {"sn": "1", "dt": [["text", "a particular point at which an event takes place "], ["vis", [{"t": "remember that one {it}time{/it} you tried to wash the dog in the sink"}]]], "syn_list": [[{"wd": "moment"}, {"wd": "occasion"}]], "rel_list": [[{"wd": "flash"}, {"wd": "instant"}, {"wd": "jiffy"}, {"wd": "minute"}, {"wd": "second"}, {"wd": "shake"}, {"wd": "split second"}, {"wd": "trice"}, {"wd": "twinkle"}, {"wd": "wink"}], [{"wd": "bit"}, {"wd": "space"}, {"wd": "spell"}, {"wd": "stretch"}, {"wd": "while"}]]}]], [["sense", {"sn": "2", "dt": [["text", "an exciting or noteworthy event that one experiences firsthand "], ["vis", [{"t": "enjoys telling us about the {it}times{/it} he had while he was in the army"}]]], "syn_list": [[{"wd": "adventure"}, {"wd": "emprise"}, {"wd": "experience"}, {"wd": "exploit"}, {"wd": "gest", "wvrs": [{"wvl": "or", "wva": "geste"}]}, {"wd": "happening"}]], "rel_list": [[{"wd": "escapade"}, {"wd": "lark"}, {"wd": "ploy"}], [{"wd": "act"}, {"wd": "action"}, {"wd": "deed"}, {"wd": "doing"}, {"wd": "feat"}], [{"wd": "episode"}, {"wd": "occasion"}], [{"wd": "baptism"}, {"wd": "ordeal"}, {"wd": "test"}, {"wd": "trial"}, {"wd": "tribulation"}], [{"wd": "enterprise"}, {"wd": "risk"}, {"wd": "venture"}], [{"wd": "expedition"}, {"wd": "exploration"}, {"wd": "mission"}, {"wd": "performance"}, {"wd": "quest"}, {"wd": "stunt"}]], "near_list": [[{"wd": "bore"}, {"wd": "bummer"}, {"wd": "bust"}, {"wd": "downer"}, {"wd": "drag"}]]}]], [["sense", {"sn": "3", "dt": [["text", "an extent of time associated with a particular person or thing "], ["vis", [{"t": "back in my parents' {it}time{/it}, families usually had only one car"}]]], "syn_list": [[{"wd": "age"}, {"wd": "day"}, {"wd": "epoch"}, {"wd": "era"}, {"wd": "period"}]], "rel_list": [[{"wd": "cycle"}, {"wd": "generation"}, {"wd": "year"}], [{"wd": "bit"}, {"wd": "space"}, {"wd": "span"}, {"wd": "spell"}, {"wd": "stretch"}, {"wd": "while"}], [{"wd": "date"}, {"wd": "vintage"}]]}]], [["sense", {"sn": "4", "dt": [["text", "the period during which something exists, lasts, or is in progress "], ["vis", [{"t": "how much {it}time{/it} will the project take?"}]]], "syn_list": [[{"wd": "continuance"}, {"wd": "date"}, {"wd": "duration"}, {"wd": "life"}, {"wd": "life span"}, {"wd": "lifetime"}, {"wd": "run"}, {"wd": "standing"}]], "rel_list": [[{"wd": "spell"}, {"wd": "stretch"}], [{"wd": "span"}, {"wd": "tenure"}, {"wd": "term"}], [{"wd": "hitch"}, {"wd": "tour"}, {"wd": "turn"}], [{"wd": "half-life"}], [{"wd": "age"}, {"wd": "longevity"}]]}]]]}], "shortdef": ["a particular point at which an event takes place", "an exciting or noteworthy event that one experiences firsthand", "an extent of time associated with a particular person or thing"]}, {"meta": {"id": "at times", "uuid": "971a92a6-78db-446f-b170-edd3f4742094", "src": "CTenhance", "section": "phrases", "stems": ["at times"], "syns": [["here and there", "now", "now and then", "occasionally", "sometimes"]], "ants": [], "offensive": false}, "hwi": {"hw": "at times"}, "fl": "phrase", "def": [{"sseq": [[["sense", {"dt": [["text", "on some occasions "], ["vis", [{"t": "That tired old dog still shows a spark of energy {it}at times{/it}."}]]], "syn_list": [[{"wd": "here and there"}, {"wd": "now"}, {"wd": "now and then"}, {"wd": "occasionally"}, {"wd": "sometimes"}]], "rel_list": [[{"wd": "intermittently"}, {"wd": "off and on"}, {"wd": "periodically"}, {"wd": "recurrently"}], [{"wd": "infrequently"}, {"wd": "little"}, {"wd": "rarely"}, {"wd": "seldom"}], [{"wd": "irregularly"}, {"wd": "sporadically"}, {"wd": "variously"}]], "phrase_list": [[{"wd": "ever and anon"}, {"wd": "every now and then", "wvrs": [{"wvl": "or", "wva": "every now and again"}, {"wvl": "or", "wva": "every so often"}]}, {"wd": "from time to time"}, {"wd": "once in a while"}, {"wd": "on occasion"}]], "near_list": [[{"wd": "frequently"}, {"wd": "hourly"}, {"wd": "much"}, {"wd": "oft"}, {"wd": "often"}, {"wd": "oftentimes", "wvrs": [{"wvl": "or", "wva": "ofttimes"}]}], [{"wd": "commonly"}, {"wd": "ordinarily"}, {"wd": "regularly"}, {"wd": "routinely"}, {"wd": "usually"}], [{"wd": "always"}, {"wd": "consistently"}, {"wd": "constantly"}, {"wd": "invariably"}], [{"wd": "continually"}, {"wd": "continuingly"}, {"wd": "continuously"}, {"wd": "incessantly"}, {"wd": "perpetually"}, {"wd": "unceasingly"}, {"wd": "uninterruptedly"}], [{"wd": "endlessly"}, {"wd": "ever"}, {"wd": "interminably"}]]}]]]}], "shortdef": ["on some occasions"]}, {"meta": {"id": "double times", "uuid": "bf1e872d-7001-4b4b-94d1-f29f287bb9b5", "src": "CTcompile", "section": "alpha", "stems": ["double times"], "syns": [["overtimes", "time and a halfs", "living wages", "minimum wages", "nominal wages", "take-home pays", "compensations", "recompenses", "remittances", "remunerations", "requitals", "returns", "emoluments", "hires", "packets", "paychecks", "pay envelopes", "payments", "pays", "salaries", "stipends", "wages", "recoupments", "redresses", "reparations", "restitutions", "reimbursements", "repayments", "earnings", "profits", "takings", "yields"]], "ants": [], "offensive": false}, "hwi": {"hw": "double times"}, "fl": "noun", "sls": ["plural of {d_link|double time|double time}"], "def": [{"sseq": [[["sense", {"dt": [["text", "as in {it}overtimes{/it}, {it}time and a halfs{/it}"]], "sim_list": [[{"wd": "overtimes"}, {"wd": "time and a halfs"}], [{"wd": "living wages"}, {"wd": "minimum wages"}, {"wd": "nominal wages"}, {"wd": "take-home pays"}], [{"wd": "compensations"}, {"wd": "recompenses"}, {"wd": "remittances"}, {"wd": "remunerations"}, {"wd": "requitals"}, {"wd": "returns"}], [{"wd": "emoluments"}, {"wd": "hires"}, {"wd": "packets", "wsls": ["British"]}, {"wd": "paychecks"}, {"wd": "pay envelopes"}, {"wd": "payments"}, {"wd": "pays"}, {"wd": "salaries"}, {"wd": "stipends"}, {"wd": "wages"}], [{"wd": "recoupments"}, {"wd": "redresses"}, {"wd": "reparations"}, {"wd": "restitutions"}], [{"wd": "reimbursements"}, {"wd": "repayments"}], [{"wd": "earnings"}, {"wd": "profits"}, {"wd": "takings"}, {"wd": "yields"}]]}]]]}], "shortdef": ["as in overtimes, time and a halfs"]}, {"meta": {"id": "end-times", "uuid": "059d419d-c34a-44ce-ab10-d06c631aaf15", "src": "CTcompile", "section": "alpha", "stems": ["end-times"], "syns": [["Armageddons", "doomsdays", "apocalypses", "calamities", "cataclysms", "catastrophes", "debacles", "disasters", "tragedies", "bloodbaths", "collapses", "crashes", "meltdowns", "convulsions", "paroxysms", "upheavals", "accidents", "casualties", "fatalities", "misadventures", "mischances", "misfortunes", "mishaps", "blasts", "blows", "double whammies", "one-twos"]], "ants": [["godsends", "mannas", "windfalls"]], "offensive": false}, "hwi": {"hw": "end-times"}, "fl": "noun", "sls": ["plural of {d_link|end-time|end-time}"], "def": [{"sseq": [[["sense", {"dt": [["text", "as in {it}doomsdays{/it}, {it}Armageddons{/it}"]], "sim_list": [[{"wd": "Armageddons"}, {"wd": "doomsdays"}], [{"wd": "apocalypses"}, {"wd": "calamities"}, {"wd": "cataclysms"}, {"wd": "catastrophes"}, {"wd": "debacles", "wvrs": [{"wvl": "also", "wva": "d\u00e9b\u00e2cles"}]}, {"wd": "disasters"}, {"wd": "tragedies"}], [{"wd": "bloodbaths"}, {"wd": "collapses"}, {"wd": "crashes"}, {"wd": "meltdowns"}], [{"wd": "convulsions"}, {"wd": "paroxysms"}, {"wd": "upheavals"}], [{"wd": "accidents"}, {"wd": "casualties"}, {"wd": "fatalities"}], [{"wd": "misadventures"}, {"wd": "mischances"}, {"wd": "misfortunes"}, {"wd": "mishaps"}], [{"wd": "blasts"}, {"wd": "blows"}, {"wd": "double whammies"}, {"wd": "one-twos", "wvrs": [{"wvl": "or", "wva": "one-two punches"}]}]], "opp_list": [[{"wd": "godsends"}, {"wd": "mannas"}, {"wd": "windfalls"}]]}]]]}], "shortdef": ["as in doomsdays, Armageddons"]}, {"meta": {"id": "big times", "uuid": "2373489a-e1ad-4e01-a650-526f90169abf", "src": "coll_thes", "section": "alpha", "stems": ["big times"], "syns": [["big leagues", "bigs", "major leagues"]], "ants": [], "offensive": false}, "hwi": {"hw": "big times"}, "fl": "noun", "sls": ["plural of {d_link|big time|big time}"], "def": [{"sseq": [[["sense", {"dt": [["text", "the highest level of a field of endeavor "], ["vis", [{"t": "the young ad execs knew that their agency had hit the {it}big time{/it} when major corporations came calling"}]]], "syn_list": [[{"wd": "big leagues"}, {"wd": "bigs"}, {"wd": "major leagues"}]], "rel_list": [[{"wd": "establishments"}, {"wd": "old guards"}]]}]]]}], "shortdef": ["the highest level of a field of endeavor"]}, {"meta": {"id": "crunch times", "uuid": "733936b8-99c0-47b9-813e-4402bdd0e829", "src": "coll_thes", "section": "alpha", "stems": ["crunch times"], "syns": [["boiling points", "breaking points", "clutches", "conjunctures", "crises", "crossroads", "crunches", "Dunkirks", "emergencies", "exigencies", "extremities", "flash points", "heads", "junctures", "tinderboxes", "zero hours"]], "ants": [], "offensive": false}, "hwi": {"hw": "crunch times"}, "fl": "noun", "sls": ["plural of {d_link|crunch time|crunch time}"], "def": [{"sseq": [[["sense", {"dt": [["text", "a time or state of affairs requiring prompt or decisive action "], ["vis", [{"t": "with only three minutes left in the game, it was definitely {it}crunch time{/it}"}]]], "syn_list": [[{"wd": "boiling points"}, {"wd": "breaking points"}, {"wd": "clutches"}, {"wd": "conjunctures"}, {"wd": "crises"}, {"wd": "crossroads"}, {"wd": "crunches"}, {"wd": "Dunkirks"}, {"wd": "emergencies"}, {"wd": "exigencies"}, {"wd": "extremities"}, {"wd": "flash points"}, {"wd": "heads"}, {"wd": "junctures"}, {"wd": "tinderboxes"}, {"wd": "zero hours"}]], "rel_list": [[{"wd": "contingencies"}, {"wd": "possibilities"}], [{"wd": "climaxes"}, {"wd": "turning points"}], [{"wd": "happenings"}, {"wd": "landmarks"}, {"wd": "milestones"}], [{"wd": "conditions"}, {"wd": "passes"}, {"wd": "situations"}, {"wd": "straits"}], [{"wd": "deadlocks"}, {"wd": "impasses"}, {"wd": "stalemates"}], [{"wd": "corners"}, {"wd": "fixes"}, {"wd": "holes"}, {"wd": "hot waters"}, {"wd": "jams"}, {"wd": "last ditches"}, {"wd": "pinches"}, {"wd": "predicaments"}, {"wd": "scrapes"}, {"wd": "spots"}], [{"wd": "eleventh hours"}, {"wd": "last minutes"}]], "phrase_list": [[{"wd": "moments of truth"}, {"wd": "points of no return"}]]}]]]}], "shortdef": ["a time or state of affairs requiring prompt or decisive action"]}, {"meta": {"id": "two-times", "uuid": "35be916e-4ba2-45b6-9024-012ab77b1ccf", "src": "coll_thes", "section": "alpha", "stems": ["two-times"], "syns": [["backstabs", "betrays", "crosses", "double-crosses", "sells (out)"]], "ants": [["stands by"]], "offensive": false}, "hwi": {"hw": "two-times"}, "fl": "verb", "sls": ["present tense third-person singular of {d_link|two-time|two-time}"], "def": [{"sseq": [[["sense", {"dt": [["text", "to be unfaithful or disloyal to "], ["vis", [{"t": "an entrepreneur who's supposedly {it}two-timed{/it} every business partner she's ever had"}]]], "syn_list": [[{"wd": "backstabs"}, {"wd": "betrays"}, {"wd": "crosses"}, {"wd": "double-crosses"}, {"wd": "sells (out)"}]], "rel_list": [[{"wd": "gives away"}], [{"wd": "informs (on)"}, {"wd": "peaches"}, {"wd": "rats (on)"}, {"wd": "shops", "wsls": ["British"]}, {"wd": "snitches (on)"}, {"wd": "splits (on)", "wsls": ["British"]}, {"wd": "tells (on)"}, {"wd": "turns in"}]], "phrase_list": [[{"wd": "goes back on"}, {"wd": "sells down the river"}, {"wd": "stabs in the back"}]], "near_list": [[{"wd": "defends"}, {"wd": "guards"}, {"wd": "protects"}, {"wd": "safeguards"}, {"wd": "saves"}, {"wd": "shields"}]], "ant_list": [[{"wd": "stands by"}]]}]]]}], "shortdef": ["to be unfaithful or disloyal to"]}, {"meta": {"id": "big time", "uuid": "23daf370-eee7-4089-abf3-a3544ced26fc", "src": "coll_thes", "section": "alpha", "target": {"tuuid": "f64a1000-0ab9-4363-9bc3-3d71728bc64d", "tsrc": "collegiate"}, "stems": ["big time", "big times", "big-timer", "big-timers"], "syns": [["big(s)", "big league(s)", "major league"]], "ants": [], "offensive": false}, "hwi": {"hw": "big time"}, "fl": "noun", "def": [{"sseq": [[["sense", {"dt": [["text", "the highest level of a field of endeavor "], ["vis", [{"t": "the young ad execs knew that their agency had hit the {it}big time{/it} when major corporations came calling"}]]], "syn_list": [[{"wd": "big(s)"}, {"wd": "big league(s)"}, {"wd": "major league"}]], "rel_list": [[{"wd": "establishment"}, {"wd": "old guard"}]]}]]]}], "shortdef": ["the highest level of a field of endeavor"]}, {"meta": {"id": "crunch time", "uuid": "98b2a596-20fd-4472-8d25-f492a14a7e99", "src": "coll_thes", "section": "alpha", "target": {"tuuid": "5b3ab451-f2bb-490c-b32e-61632deeca4a", "tsrc": "collegiate"}, "stems": ["crunch time", "crunch times"], "syns": [["boiling point", "breaking point", "clutch", "conjuncture", "crisis", "crossroad(s)", "crunch", "Dunkirk", "emergency", "exigency", "extremity", "flash point", "head", "juncture", "tinderbox", "zero hour"]], "ants": [], "offensive": false}, "hwi": {"hw": "crunch time"}, "fl": "noun", "def": [{"sseq": [[["sense", {"dt": [["text", "a time or state of affairs requiring prompt or decisive action "], ["vis", [{"t": "with only three minutes left in the game, it was definitely {it}crunch time{/it}"}]]], "syn_list": [[{"wd": "boiling point"}, {"wd": "breaking point"}, {"wd": "clutch"}, {"wd": "conjuncture"}, {"wd": "crisis"}, {"wd": "crossroad(s)"}, {"wd": "crunch"}, {"wd": "Dunkirk"}, {"wd": "emergency"}, {"wd": "exigency"}, {"wd": "extremity"}, {"wd": "flash point"}, {"wd": "head"}, {"wd": "juncture"}, {"wd": "tinderbox"}, {"wd": "zero hour"}]], "rel_list": [[{"wd": "contingency"}, {"wd": "possibility"}], [{"wd": "climax"}, {"wd": "turning point"}], [{"wd": "happening"}, {"wd": "landmark"}, {"wd": "milestone"}], [{"wd": "condition"}, {"wd": "pass"}, {"wd": "situation"}, {"wd": "strait"}], [{"wd": "deadlock"}, {"wd": "impasse"}, {"wd": "stalemate"}], [{"wd": "corner"}, {"wd": "fix"}, {"wd": "hole"}, {"wd": "hot water"}, {"wd": "jam"}, {"wd": "last ditch"}, {"wd": "pinch"}, {"wd": "predicament"}, {"wd": "scrape"}, {"wd": "spot"}], [{"wd": "eleventh hour"}, {"wd": "last minute"}]], "phrase_list": [[{"wd": "moment of truth"}, {"wd": "point of no return"}]]}]]]}], "shortdef": ["a time or state of affairs requiring prompt or decisive action"]}]