[{"meta": {"id": "too", "uuid": "ca837e41-3f07-4059-970d-41d373db31ce", "src": "coll_thes", "section": "alpha", "target": {"tuuid": "377e4337-5e6c-41b8-a4b7-80a99ecd319f", "tsrc": "collegiate"}, "stems": ["too"], "syns": [["devilishly", "excessively", "exorbitantly", "inordinately", "intolerably", "monstrously", "overly", "overmuch", "unacceptably", "unduly"], ["additionally", "again", "also", "besides", "either", "further", "furthermore", "likewise", "more", "moreover", "then", "withal", "yet"], ["achingly", "almighty", "archly", "awful", "awfully", "badly", "beastly", "blisteringly", "bone", "colossally", "corking", "cracking", "damn", "damned", "dang", "deadly", "desperately", "eminently", "enormously", "especially", "ever", "exceedingly", "extra", "extremely", "fabulously", "fantastically", "far", "fiercely", "filthy", "frightfully", "full", "greatly", "heavily", "highly", "hugely", "immensely", "incredibly", "intensely", "jolly", "majorly", "mightily", "mighty", "monstrous", "mortally", "most", "much", "particularly", "passing", "rattling", "real", "really", "right", "roaring", "roaringly", "seriously", "severely", "so", "sore", "sorely", "spanking", "specially", "stinking", "such", "super", "supremely", "surpassingly", "terribly", "that", "thumping", "unco", "uncommonly", "vastly", "very", "vitally", "way", "whacking", "wicked", "wildly"]], "ants": [["deficiently", "inadequately", "insufficiently"], ["little", "negligibly", "nominally", "slightly", "somewhat"]], "offensive": false}, "hwi": {"hw": "too"}, "fl": "adverb", "def": [{"sseq": [[["sense", {"sn": "1", "dt": [["text", "beyond a normal or acceptable limit "], ["vis", [{"t": "ticket prices for the rock concert are simply {it}too{/it} high"}]]], "syn_list": [[{"wd": "devilishly"}, {"wd": "excessively"}, {"wd": "exorbitantly"}, {"wd": "inordinately"}, {"wd": "intolerably"}, {"wd": "monstrously"}, {"wd": "overly"}, {"wd": "overmuch"}, {"wd": "unacceptably"}, {"wd": "unduly"}]], "rel_list": [[{"wd": "extravagantly"}, {"wd": "immoderately"}, {"wd": "intemperately"}], [{"wd": "extortionately"}, {"wd": "inexcusably"}, {"wd": "obscenely"}, {"wd": "unbearably"}, {"wd": "unconscionably"}, {"wd": "unreasonably"}], [{"wd": "improperly"}, {"wd": "inappropriately"}], [{"wd": "abnormally"}, {"wd": "extraordinarily"}, {"wd": "freakishly"}, {"wd": "singularly"}, {"wd": "uncommonly"}, {"wd": "uncustomarily"}, {"wd": "unusually"}], [{"wd": "astronomically"}, {"wd": "considerably"}, {"wd": "deadly"}, {"wd": "eminently"}, {"wd": "especially"}, {"wd": "exceedingly", "wvrs": [{"wvl": "also", "wva": "exceeding"}]}, {"wd": "exceptionally"}, {"wd": "extensively"}, {"wd": "extra"}, {"wd": "extremely"}, {"wd": "greatly"}, {"wd": "highly"}, {"wd": "hugely"}, {"wd": "incredibly"}, {"wd": "mightily"}, {"wd": "remarkably"}, {"wd": "significantly"}, {"wd": "substantially"}, {"wd": "super"}, {"wd": "terribly"}, {"wd": "very"}, {"wd": "whacking"}]], "phrase_list": [[{"wd": "to a fault"}, {"wd": "to death"}, {"wd": "with a vengeance"}]], "near_list": [[{"wd": "acceptably"}, {"wd": "moderately"}, {"wd": "modestly"}, {"wd": "reasonably"}, {"wd": "temperately"}], [{"wd": "barely"}, {"wd": "hardly"}, {"wd": "just"}, {"wd": "marginally"}, {"wd": "meagerly"}, {"wd": "minimally"}, {"wd": "scantily"}, {"wd": "scarcely"}, {"wd": "slightly"}]], "ant_list": [[{"wd": "deficiently"}, {"wd": "inadequately"}, {"wd": "insufficiently"}]]}]], [["sense", {"sn": "2", "dt": [["text", "in addition to what has been said "], ["vis", [{"t": "I want to buy this sweater\u2014and that sweater {it}too{/it}!"}]]], "syn_list": [[{"wd": "additionally"}, {"wd": "again"}, {"wd": "also"}, {"wd": "besides"}, {"wd": "either"}, {"wd": "further"}, {"wd": "furthermore"}, {"wd": "likewise"}, {"wd": "more"}, {"wd": "moreover"}, {"wd": "then"}, {"wd": "withal"}, {"wd": "yet"}]], "phrase_list": [[{"wd": "as well"}, {"wd": "for good measure"}, {"wd": "in addition to"}, {"wd": "into the bargain", "wvrs": [{"wvl": "also", "wva": "in the bargain"}]}, {"wd": "on top of"}, {"wd": "to boot"}, {"wd": "what's more"}]]}]], [["sense", {"sn": "3", "dt": [["text", "to a great degree "], ["vis", [{"t": "the audience didn't seem {it}too{/it} interested in what the speaker had to say"}]]], "syn_list": [[{"wd": "achingly"}, {"wd": "almighty"}, {"wd": "archly"}, {"wd": "awful"}, {"wd": "awfully"}, {"wd": "badly"}, {"wd": "beastly"}, {"wd": "blisteringly"}, {"wd": "bone"}, {"wd": "colossally"}, {"wd": "corking"}, {"wd": "cracking"}, {"wd": "damn"}, {"wd": "damned"}, {"wd": "dang"}, {"wd": "deadly"}, {"wd": "desperately"}, {"wd": "eminently"}, {"wd": "enormously"}, {"wd": "especially"}, {"wd": "ever"}, {"wd": "exceedingly", "wvrs": [{"wvl": "also", "wva": "exceeding"}]}, {"wd": "extra"}, {"wd": "extremely"}, {"wd": "fabulously"}, {"wd": "fantastically"}, {"wd": "far"}, {"wd": "fiercely"}, {"wd": "filthy"}, {"wd": "frightfully"}, {"wd": "full"}, {"wd": "greatly"}, {"wd": "heavily"}, {"wd": "highly"}, {"wd": "hugely"}, {"wd": "immensely"}, {"wd": "incredibly"}, {"wd": "intensely"}, {"wd": "jolly"}, {"wd": "majorly"}, {"wd": "mightily"}, {"wd": "mighty"}, {"wd": "monstrous", "wsls": ["chiefly dialect"]}, {"wd": "mortally"}, {"wd": "most"}, {"wd": "much"}, {"wd": "particularly"}, {"wd": "passing"}, {"wd": "rattling"}, {"wd": "real"}, {"wd": "really"}, {"wd": "right"}, {"wd": "roaring"}, {"wd": "roaringly"}, {"wd": "seriously"}, {"wd": "severely"}, {"wd": "so"}, {"wd": "sore"}, {"wd": "sorely"}, {"wd": "spanking"}, {"wd": "specially"}, {"wd": "stinking"}, {"wd": "such"}, {"wd": "super"}, {"wd": "supremely"}, {"wd": "surpassingly"}, {"wd": "terribly"}, {"wd": "that"}, {"wd": "thumping"}, {"wd": "unco"}, {"wd": "uncommonly"}, {"wd": "vastly"}, {"wd": "very"}, {"wd": "vitally"}, {"wd": "way"}, {"wd": "whacking"}, {"wd": "wicked"}, {"wd": "wildly"}]], "rel_list": [[{"wd": "absolutely"}, {"wd": "altogether"}, {"wd": "completely"}, {"wd": "downright"}, {"wd": "entirely"}, {"wd": "flat-out"}, {"wd": "fully"}, {"wd": "positively"}, {"wd": "purely"}, {"wd": "radically"}, {"wd": "thoroughly"}, {"wd": "totally"}, {"wd": "utterly"}, {"wd": "wholly"}], [{"wd": "deeply"}, {"wd": "profoundly"}], [{"wd": "exceptionally"}, {"wd": "notably"}, {"wd": "remarkably"}], [{"wd": "considerably"}, {"wd": "extensively"}, {"wd": "significantly"}, {"wd": "substantially"}], [{"wd": "appreciably"}, {"wd": "discernibly"}, {"wd": "markedly"}, {"wd": "noticeably"}, {"wd": "obviously"}, {"wd": "palpably"}, {"wd": "plainly"}, {"wd": "visibly"}], [{"wd": "abundantly"}, {"wd": "plentifully"}], [{"wd": "astronomically"}, {"wd": "grandly"}, {"wd": "monstrously"}, {"wd": "monumentally"}], [{"wd": "excessively"}, {"wd": "obscenely"}, {"wd": "overmuch"}], [{"wd": "amazingly"}, {"wd": "astonishingly"}, {"wd": "staggeringly"}]], "phrase_list": [[{"wd": "a lot"}, {"wd": "as all get-out"}, {"wd": "good and"}]], "near_list": [[{"wd": "meagerly"}, {"wd": "scantily"}], [{"wd": "barely"}, {"wd": "hardly"}, {"wd": "just"}, {"wd": "marginally"}, {"wd": "minimally"}, {"wd": "scarcely"}]], "ant_list": [[{"wd": "little"}, {"wd": "negligibly"}, {"wd": "nominally"}, {"wd": "slightly"}, {"wd": "somewhat"}]]}]]]}], "shortdef": ["beyond a normal or acceptable limit", "in addition to what has been said", "to a great degree"]}, {"meta": {"id": "too much", "uuid": "d4cd265d-cea2-40d7-97c8-368e709bc08b", "src": "CTenhance", "section": "phrases", "stems": ["too much"], "syns": [["A-OK", "A1", "awesome", "bang-up", "banner", "beautiful", "blue-chip", "blue-ribbon", "boffo", "bonny", "boss", "brag", "brave", "bully", "bumper", "capital", "choice", "classic", "cool", "corking", "crackerjack", "cracking", "dandy", "divine", "dope", "down", "dynamite", "excellent", "fab", "fabulous", "famous", "fantabulous", "fantastic", "fine", "first-class", "first-rate", "first-string", "five-star", "four-star", "frontline", "gangbusters", "gilt-edged", "gone", "grand", "great", "groovy", "heavenly", "high-class", "hot", "hype", "immense", "jim-dandy", "keen", "lovely", "marvelous", "mean", "neat", "nifty", "noble", "number one", "numero uno", "out-of-sight", "par excellence", "peachy", "peachy keen", "phat", "prime", "primo", "prize", "prizewinning", "quality", "radical", "righteous", "sensational", "slick", "splendid", "stellar", "sterling", "superb", "superior", "superlative", "supernal", "swell", "terrific", "tip-top", "top", "topflight", "top-notch", "top-of-the-line", "topping", "top-shelf", "unsurpassed", "wizard", "wonderful"]], "ants": [["atrocious", "awful", "execrable", "lousy", "pathetic", "poor", "rotten", "terrible", "vile", "wretched"]], "offensive": false}, "hwi": {"hw": "too much"}, "fl": "phrase", "def": [{"sseq": [[["sense", {"dt": [["text", "of the very best kind "], ["vis", [{"t": "\"Your jokes are just {it}too much{/it},\" he said, laughing."}]]], "syn_list": [[{"wd": "A-OK"}, {"wd": "A1"}, {"wd": "awesome"}, {"wd": "bang-up"}, {"wd": "banner"}, {"wd": "beautiful"}, {"wd": "blue-chip"}, {"wd": "blue-ribbon"}, {"wd": "boffo"}, {"wd": "bonny", "wvrs": [{"wvl": "also", "wva": "bonnie"}], "wsls": ["chiefly British"]}, {"wd": "boss", "wsls": ["slang"]}, {"wd": "brag"}, {"wd": "brave"}, {"wd": "bully"}, {"wd": "bumper"}, {"wd": "capital"}, {"wd": "choice"}, {"wd": "classic"}, {"wd": "cool", "wsls": ["slang"]}, {"wd": "corking"}, {"wd": "crackerjack"}, {"wd": "cracking"}, {"wd": "dandy"}, {"wd": "divine"}, {"wd": "dope", "wsls": ["slang"]}, {"wd": "down", "wsls": ["slang"]}, {"wd": "dynamite"}, {"wd": "excellent"}, {"wd": "fab"}, {"wd": "fabulous"}, {"wd": "famous"}, {"wd": "fantabulous", "wsls": ["slang"]}, {"wd": "fantastic"}, {"wd": "fine"}, {"wd": "first-class"}, {"wd": "first-rate"}, {"wd": "first-string"}, {"wd": "five-star"}, {"wd": "four-star"}, {"wd": "frontline"}, {"wd": "gangbusters", "wvrs": [{"wvl": "also", "wva": "gangbuster"}]}, {"wd": "gilt-edged", "wvrs": [{"wvl": "or", "wva": "gilt-edge"}]}, {"wd": "gone", "wsls": ["slang"]}, {"wd": "grand"}, {"wd": "great"}, {"wd": "groovy"}, {"wd": "heavenly"}, {"wd": "high-class"}, {"wd": "hot"}, {"wd": "hype", "wsls": ["slang"]}, {"wd": "immense"}, {"wd": "jim-dandy"}, {"wd": "keen"}, {"wd": "lovely"}, {"wd": "marvelous", "wvrs": [{"wvl": "or", "wva": "marvellous"}]}, {"wd": "mean"}, {"wd": "neat"}, {"wd": "nifty"}, {"wd": "noble"}, {"wd": "number one", "wvrs": [{"wvl": "also", "wva": "No. 1"}]}, {"wd": "numero uno"}, {"wd": "out-of-sight", "wsls": ["slang"]}, {"wd": "par excellence"}, {"wd": "peachy"}, {"wd": "peachy keen"}, {"wd": "phat", "wsls": ["slang"]}, {"wd": "prime"}, {"wd": "primo", "wsls": ["slang"]}, {"wd": "prize"}, {"wd": "prizewinning"}, {"wd": "quality"}, {"wd": "radical", "wsls": ["slang"]}, {"wd": "righteous", "wsls": ["slang"]}, {"wd": "sensational"}, {"wd": "slick"}, {"wd": "splendid"}, {"wd": "stellar"}, {"wd": "sterling"}, {"wd": "superb"}, {"wd": "superior"}, {"wd": "superlative"}, {"wd": "supernal"}, {"wd": "swell"}, {"wd": "terrific"}, {"wd": "tip-top"}, {"wd": "top"}, {"wd": "topflight"}, {"wd": "top-notch"}, {"wd": "top-of-the-line"}, {"wd": "topping", "wsls": ["chiefly British"]}, {"wd": "top-shelf"}, {"wd": "unsurpassed"}, {"wd": "wizard", "wsls": ["chiefly British"]}, {"wd": "wonderful"}]], "rel_list": [[{"wd": "acceptable"}, {"wd": "adequate"}, {"wd": "all right"}, {"wd": "decent"}, {"wd": "good"}, {"wd": "OK", "wvrs": [{"wvl": "or", "wva": "okay"}]}, {"wd": "passable"}, {"wd": "satisfactory"}, {"wd": "tolerable"}], [{"wd": "better"}, {"wd": "exceptional"}, {"wd": "fancy"}, {"wd": "high-grade"}, {"wd": "high-test"}, {"wd": "premium"}, {"wd": "select"}, {"wd": "special"}, {"wd": "superfine"}], [{"wd": "classical"}, {"wd": "standard"}, {"wd": "traditional"}]], "phrase_list": [[{"wd": "out of this world"}]], "near_list": [[{"wd": "bad"}, {"wd": "inferior"}, {"wd": "low-grade"}, {"wd": "substandard"}, {"wd": "unsatisfactory"}], [{"wd": "mediocre"}, {"wd": "middling"}, {"wd": "second-class"}, {"wd": "second-rate"}]], "ant_list": [[{"wd": "atrocious"}, {"wd": "awful"}, {"wd": "execrable"}, {"wd": "lousy"}, {"wd": "pathetic"}, {"wd": "poor"}, {"wd": "rotten"}, {"wd": "terrible"}, {"wd": "vile"}, {"wd": "wretched"}]]}]]]}], "shortdef": ["of the very best kind"]}, {"meta": {"id": "me-too", "uuid": "2a7cc456-f281-44d3-874d-a9e1d5c178d9", "src": "CTcompile", "section": "alpha", "stems": ["me-too"], "syns": [["approaching", "approximating", "close", "coextensive", "coincident", "conformable", "conforming", "consistent", "consonant", "duplicate", "equal", "fungible", "interchangeable", "redundant", "selfsame", "substitutable", "twin", "cognate", "connate", "ditto", "resemblant", "resembling", "coequal", "duplicate", "equal", "even", "identical", "indistinguishable", "same", "akin", "alike", "analogous", "comparable", "coordinate", "correspondent", "corresponding", "equivalent", "like", "look-alike", "matching", "parallel", "similar", "such", "suchlike", "synonymous", "tantamount"]], "ants": [["antonymic", "antonymous", "different", "disparate", "dissimilar", "distant", "distinct", "distinctive", "distinguishable", "diverse", "nonidentical", "other", "unalike", "unlike", "antipodal", "antipodean", "antithetical", "contradictory", "contrary", "diametric", "opposite", "polar", "differentiable", "discriminable"]], "offensive": false}, "hwi": {"hw": "me-too"}, "fl": "adjective", "def": [{"sseq": [[["sense", {"dt": [["text", "as in {it}substitutable{/it}, {it}selfsame{/it}"]], "sim_list": [[{"wd": "approaching"}, {"wd": "approximating"}, {"wd": "close"}, {"wd": "coextensive"}, {"wd": "coincident"}, {"wd": "conformable"}, {"wd": "conforming"}, {"wd": "consistent"}, {"wd": "consonant"}, {"wd": "duplicate"}, {"wd": "equal"}, {"wd": "fungible"}, {"wd": "interchangeable"}, {"wd": "redundant"}, {"wd": "selfsame"}, {"wd": "substitutable"}, {"wd": "twin"}], [{"wd": "cognate"}, {"wd": "connate"}, {"wd": "ditto"}, {"wd": "resemblant"}, {"wd": "resembling"}], [{"wd": "coequal"}, {"wd": "duplicate"}, {"wd": "equal"}, {"wd": "even"}, {"wd": "identical"}, {"wd": "indistinguishable"}, {"wd": "same"}], [{"wd": "akin"}, {"wd": "alike"}, {"wd": "analogous"}, {"wd": "comparable"}, {"wd": "coordinate"}, {"wd": "correspondent"}, {"wd": "corresponding"}, {"wd": "equivalent"}, {"wd": "like"}, {"wd": "look-alike"}, {"wd": "matching"}, {"wd": "parallel"}, {"wd": "similar"}, {"wd": "such"}, {"wd": "suchlike"}, {"wd": "synonymous"}, {"wd": "tantamount"}]], "opp_list": [[{"wd": "antonymic"}, {"wd": "antonymous"}], [{"wd": "different"}, {"wd": "disparate"}, {"wd": "dissimilar"}, {"wd": "distant"}, {"wd": "distinct"}, {"wd": "distinctive"}, {"wd": "distinguishable"}, {"wd": "diverse"}, {"wd": "nonidentical"}, {"wd": "other"}, {"wd": "unalike"}, {"wd": "unlike"}], [{"wd": "antipodal"}, {"wd": "antipodean"}, {"wd": "antithetical"}, {"wd": "contradictory"}, {"wd": "contrary"}, {"wd": "diametric", "wvrs": [{"wvl": "or", "wva": "diametrical"}]}, {"wd": "opposite"}, {"wd": "polar"}], [{"wd": "differentiable"}, {"wd": "discriminable"}]]}]]]}], "shortdef": ["as in substitutable, selfsame"]}]