[{"meta": {"id": "took", "uuid": "03b1dce0-3230-44f1-9850-e036db529b8f", "src": "coll_thes", "section": "alpha", "stems": ["took"], "syns": [["clasped", "grasped", "gripped", "held"], ["accepted", "had"], ["came down (with)", "caught", "contracted", "got", "sickened (with)", "went down (with)"], ["cherry-picked", "chose", "culled", "elected", "handpicked", "named", "opted (for)", "picked", "preferred", "selected", "singled (out)", "tagged"], ["bought", "copped", "picked up", "purchased"], ["bore", "challenged", "claimed", "demanded", "necessitated", "needed", "required", "wanted", "warranted"], ["accommodated", "fitted", "held"], ["acted", "operated", "performed", "worked"], ["abided", "absorbed", "accepted", "bode", "bore", "brooked", "countenanced", "endured", "hacked", "handled", "met", "pocketed", "stomached", "stood", "stuck out", "supported", "sustained", "sweat out", "tolerated", "went", "wore"], ["accepted", "believed", "bought", "credited", "swallowed", "trusted"], ["beat", "bested", "conquered", "defeated", "did down", "dispatched", "got", "got around", "licked", "mastered", "overbore", "overcame", "overmatched", "prevailed (over)", "skunked", "stopped", "subdued", "surmounted", "trimmed", "triumphed (over)", "upended", "won (against)", "worsted"], ["addressed", "contended (with)", "coped (with)", "fielded", "grappled (with)", "hacked", "handled", "managed", "maneuvered", "manipulated", "negotiated", "played", "swung", "treated"], ["admitted", "entered", "received"], ["carried off", "claimed", "croaked", "destroyed", "did in", "dispatched", "felled", "killed", "slew"]], "ants": [["declined", "denied", "disallowed", "disapproved", "negatived", "refused", "rejected", "spurned", "turned down", "vetoed"], ["declined", "refused", "rejected", "turned down"], ["had", "held"], ["disbelieved", "discredited", "rejected"], ["lost (to)"], ["banned", "barred"], ["animated"]], "offensive": false}, "hwi": {"hw": "took"}, "fl": "verb", "sls": ["past tense of {d_link|take|take}"], "def": [{"sseq": [[["sense", {"sn": "1", "dt": [["text", "to reach for and take hold of by embracing with the fingers or arms "], ["vis", [{"t": "{it}take{/it} my hand, or we'll get separated in this crowd"}]]], "syn_list": [[{"wd": "clasped"}, {"wd": "grasped"}, {"wd": "gripped"}, {"wd": "held"}]], "rel_list": [[{"wd": "clenched"}, {"wd": "clung (to)"}, {"wd": "clutched"}, {"wd": "held on (to)"}], [{"wd": "caught"}, {"wd": "nabbed"}, {"wd": "seized"}, {"wd": "snatched"}]], "phrase_list": [[{"wd": "hung on to"}, {"wd": "laid hold of"}]], "near_list": [[{"wd": "discharged"}, {"wd": "dropped"}, {"wd": "freed"}, {"wd": "liberated"}, {"wd": "released"}], [{"wd": "delivered"}, {"wd": "entrusted", "wvrs": [{"wvl": "also", "wva": "intrusted"}]}, {"wd": "gave"}, {"wd": "handed"}, {"wd": "handed over"}, {"wd": "passed"}, {"wd": "relinquished"}, {"wd": "transferred"}, {"wd": "transmitted"}, {"wd": "turned over"}, {"wd": "unhanded"}]]}]], [["sense", {"sn": "2", "dt": [["text", "to agree to receive whether willingly or reluctantly "], ["vis", [{"t": "will you {it}take{/it} that call?"}, {"t": "{it}took{/it} a cut in pay"}]]], "syn_list": [[{"wd": "accepted"}, {"wd": "had"}]], "rel_list": [[{"wd": "acceded (to)"}, {"wd": "assented (to)"}, {"wd": "conceded (to)"}, {"wd": "confirmed"}, {"wd": "consented (to)"}, {"wd": "OK'd", "wvrs": [{"wvl": "or", "wva": "okayed"}]}, {"wd": "ratified"}, {"wd": "sanctioned"}, {"wd": "warranted"}], [{"wd": "acquiesced (to)"}, {"wd": "bowed (to)"}, {"wd": "capitulated (to)"}, {"wd": "gave in (to)"}, {"wd": "submitted (to)"}, {"wd": "succumbed (to)"}, {"wd": "surrendered (to)"}, {"wd": "yielded (to)"}], [{"wd": "abided", "wvrs": [{"wvl": "also", "wva": "abode"}]}, {"wd": "bore"}, {"wd": "brooked"}, {"wd": "countenanced"}, {"wd": "endured"}, {"wd": "shouldered"}, {"wd": "stomached"}, {"wd": "stood"}, {"wd": "stuck out"}, {"wd": "supported"}, {"wd": "sustained"}, {"wd": "swallowed"}, {"wd": "sweat out", "wvrs": [{"wvl": "or", "wva": "sweated out"}]}, {"wd": "tolerated"}], [{"wd": "adopted"}, {"wd": "embraced"}, {"wd": "welcomed"}]], "near_list": [[{"wd": "dissented (to)"}, {"wd": "objected (to)"}, {"wd": "opposed"}, {"wd": "protested"}], [{"wd": "held off"}, {"wd": "resisted"}, {"wd": "withstood"}], [{"wd": "combated", "wvrs": [{"wvl": "or", "wva": "combatted"}]}, {"wd": "contested"}, {"wd": "fought"}]], "ant_list": [[{"wd": "declined"}, {"wd": "denied"}, {"wd": "disallowed"}, {"wd": "disapproved"}, {"wd": "negatived"}, {"wd": "refused"}, {"wd": "rejected"}, {"wd": "spurned"}, {"wd": "turned down"}, {"wd": "vetoed"}]]}]], [["sense", {"sn": "3", "dt": [["text", "to become affected with (a disease or disorder) "], ["vis", [{"t": "if you don't cover your head in this weather, you'll {it}take{/it} cold and be stuck inside all weekend"}]]], "syn_list": [[{"wd": "came down (with)"}, {"wd": "caught"}, {"wd": "contracted"}, {"wd": "got"}, {"wd": "sickened (with)"}, {"wd": "went down (with)", "wsls": ["chiefly British"]}]], "rel_list": [[{"wd": "broke out (with)"}], [{"wd": "died (from)"}, {"wd": "succumbed (to)"}], [{"wd": "failed"}, {"wd": "languished"}, {"wd": "sank", "wvrs": [{"wvl": "or", "wva": "sunk"}]}, {"wd": "wasted (away)"}, {"wd": "weakened"}, {"wd": "wilted"}, {"wd": "withered"}, {"wd": "worsened"}]], "near_list": [[{"wd": "came back"}, {"wd": "gained"}, {"wd": "healed"}, {"wd": "mended"}, {"wd": "recouped"}, {"wd": "recovered"}, {"wd": "recuperated"}, {"wd": "snapped back"}], [{"wd": "rallied"}, {"wd": "rebounded"}, {"wd": "recovered (from)"}, {"wd": "shook (off)"}]]}]], [["sense", {"sn": "4", "dt": [["text", "to decide to accept (someone or something) from a group of possibilities "], ["vis", [{"t": "you can {it}take{/it} the white side this time, since I got to be white for our last chess game"}]]], "syn_list": [[{"wd": "cherry-picked"}, {"wd": "chose"}, {"wd": "culled"}, {"wd": "elected"}, {"wd": "handpicked"}, {"wd": "named"}, {"wd": "opted (for)"}, {"wd": "picked"}, {"wd": "preferred"}, {"wd": "selected"}, {"wd": "singled (out)"}, {"wd": "tagged"}]], "rel_list": [[{"wd": "preselected"}], [{"wd": "appointed"}, {"wd": "designated"}, {"wd": "fixed"}, {"wd": "marked"}, {"wd": "nominated"}, {"wd": "set"}, {"wd": "tabbed"}, {"wd": "tapped"}], [{"wd": "accepted"}, {"wd": "adopted"}, {"wd": "embraced"}, {"wd": "espoused"}], [{"wd": "settled (on or upon)"}]], "near_list": [[{"wd": "disapproved"}, {"wd": "negatived"}, {"wd": "repudiated"}, {"wd": "spurned"}], [{"wd": "discarded"}, {"wd": "jettisoned"}, {"wd": "threw away"}, {"wd": "threw out"}]], "ant_list": [[{"wd": "declined"}, {"wd": "refused"}, {"wd": "rejected"}, {"wd": "turned down"}]]}]], [["sense", {"sn": "5", "dt": [["text", "to get possession of (something) by giving money in exchange for "], ["vis", [{"t": "I'll {it}take{/it} two cheeseburgers to go, please"}]]], "syn_list": [[{"wd": "bought"}, {"wd": "copped", "wsls": ["slang"]}, {"wd": "picked up"}, {"wd": "purchased"}]], "rel_list": [[{"wd": "acquired"}, {"wd": "gained"}, {"wd": "garnered"}, {"wd": "got"}, {"wd": "obtained"}, {"wd": "procured"}, {"wd": "secured"}, {"wd": "won"}], [{"wd": "financed"}, {"wd": "paid (for)"}, {"wd": "sprang (for)", "wvrs": [{"wvl": "or", "wva": "sprung (for)"}]}], [{"wd": "bartered (for)"}, {"wd": "dealt (for)"}, {"wd": "dickered (over)"}, {"wd": "exchanged (for)"}, {"wd": "haggled (for)"}, {"wd": "negotiated (about)"}, {"wd": "traded (for)"}], [{"wd": "bargained (with)"}, {"wd": "chaffered (with)"}, {"wd": "horse-traded (with)"}, {"wd": "paltered (with)"}], [{"wd": "bade", "wvrs": [{"wvl": "or", "wva": "bid"}]}, {"wd": "offered"}], [{"wd": "rebought"}, {"wd": "repurchased"}]], "near_list": [[{"wd": "dealt (in)"}, {"wd": "marketed"}, {"wd": "merchandised", "wvrs": [{"wvl": "also", "wva": "merchandized"}]}, {"wd": "retailed"}, {"wd": "sold"}, {"wd": "vended"}]]}]], [["sense", {"sn": "6", "dt": [["text", "to have as a requirement "], ["vis", [{"t": "it will {it}take{/it} a lot of courage to stand up for what is right"}]]], "syn_list": [[{"wd": "bore"}, {"wd": "challenged"}, {"wd": "claimed"}, {"wd": "demanded"}, {"wd": "necessitated"}, {"wd": "needed"}, {"wd": "required"}, {"wd": "wanted"}, {"wd": "warranted"}]], "rel_list": [[{"wd": "entailed"}, {"wd": "involved"}], [{"wd": "asked"}, {"wd": "begged"}, {"wd": "clamored (for)"}, {"wd": "cried (for)"}], [{"wd": "hurt (for)"}, {"wd": "lacked"}], [{"wd": "commanded"}, {"wd": "enjoined"}, {"wd": "exacted"}, {"wd": "insisted"}, {"wd": "pressed"}, {"wd": "quested"}, {"wd": "stipulated"}]], "phrase_list": [[{"wd": "called for"}]], "near_list": [[{"wd": "owned"}, {"wd": "possessed"}]], "ant_list": [[{"wd": "had"}, {"wd": "held"}]]}]], [["sense", {"sn": "7", "dt": [["text", "to make or have room for "], ["vis", [{"t": "I think we can {it}take{/it} two more in this elevator"}]]], "syn_list": [[{"wd": "accommodated"}, {"wd": "fitted", "wvrs": [{"wvl": "or", "wva": "fit"}]}, {"wd": "held"}]], "rel_list": [[{"wd": "carried"}, {"wd": "contained"}, {"wd": "seated"}], [{"wd": "enclosed", "wvrs": [{"wvl": "also", "wva": "inclosed"}]}, {"wd": "encompassed"}, {"wd": "enfolded"}], [{"wd": "harbored"}, {"wd": "housed"}]]}]], [["sense", {"sn": "8", "dt": [["text", "to produce a desired effect "], ["vis", [{"t": "it will be a few hours before this medication {it}takes{/it}"}]]], "syn_list": [[{"wd": "acted"}, {"wd": "operated"}, {"wd": "performed"}, {"wd": "worked", "wvrs": [{"wvl": "or", "wva": "wrought"}]}]], "rel_list": [[{"wd": "behaved"}, {"wd": "reacted"}, {"wd": "responded"}], [{"wd": "affected"}, {"wd": "influenced"}, {"wd": "swayed"}], [{"wd": "panned out"}, {"wd": "redounded"}, {"wd": "resulted"}]], "phrase_list": [[{"wd": "took effect"}, {"wd": "took hold"}]], "near_list": [[{"wd": "backfired"}], [{"wd": "fizzled"}]]}]], [["sense", {"sn": "9", "dt": [["text", "to put up with (something painful or difficult) "], ["vis", [{"t": "I can't {it}take{/it} anymore of your whining about your former boyfriend"}]]], "syn_list": [[{"wd": "abided", "wvrs": [{"wvl": "also", "wva": "abode"}]}, {"wd": "absorbed"}, {"wd": "accepted"}, {"wd": "bode", "wvrs": [{"wvl": "or", "wva": "bided"}], "wsls": ["chiefly dialect"]}, {"wd": "bore"}, {"wd": "brooked"}, {"wd": "countenanced"}, {"wd": "endured"}, {"wd": "hacked"}, {"wd": "handled"}, {"wd": "met"}, {"wd": "pocketed"}, {"wd": "stomached"}, {"wd": "stood"}, {"wd": "stuck out"}, {"wd": "supported"}, {"wd": "sustained"}, {"wd": "sweat out", "wvrs": [{"wvl": "or", "wva": "sweated out"}]}, {"wd": "tolerated"}, {"wd": "went"}, {"wd": "wore", "wsls": ["British"]}]], "rel_list": [[{"wd": "allowed"}, {"wd": "permitted"}, {"wd": "suffered"}, {"wd": "swallowed"}], [{"wd": "reconciled (to)"}], [{"wd": "acquiesced"}, {"wd": "agreed (with or to)"}, {"wd": "assented (to)"}, {"wd": "capitulated"}, {"wd": "consented (to)"}, {"wd": "respected"}, {"wd": "submitted (to)"}, {"wd": "yielded (to)"}]], "phrase_list": [[{"wd": "lived with"}, {"wd": "lumped (it)"}, {"wd": "stood for"}, {"wd": "toughed it out"}]], "near_list": [[{"wd": "declined"}, {"wd": "dismissed"}, {"wd": "refused"}, {"wd": "rejected"}, {"wd": "repudiated"}, {"wd": "spurned"}, {"wd": "turned down"}], [{"wd": "combated", "wvrs": [{"wvl": "or", "wva": "combatted"}]}, {"wd": "contested"}, {"wd": "fought"}, {"wd": "opposed"}, {"wd": "resisted"}], [{"wd": "avoided"}, {"wd": "bypassed"}, {"wd": "circumvented"}, {"wd": "dodged"}, {"wd": "eluded"}, {"wd": "escaped"}, {"wd": "evaded"}, {"wd": "missed"}], [{"wd": "abstained (from)"}, {"wd": "forbore"}, {"wd": "refrained (from)"}]]}]], [["sense", {"sn": "10", "dt": [["text", "to regard as right or true "], ["vis", [{"t": "I think we can {it}take{/it} his word for it"}]]], "syn_list": [[{"wd": "accepted"}, {"wd": "believed"}, {"wd": "bought"}, {"wd": "credited"}, {"wd": "swallowed"}, {"wd": "trusted"}]], "rel_list": [[{"wd": "accounted"}, {"wd": "accredited"}, {"wd": "understood"}], [{"wd": "assumed"}, {"wd": "presumed"}, {"wd": "supposed"}], [{"wd": "concluded"}, {"wd": "deduced"}, {"wd": "inferred"}]], "phrase_list": [[{"wd": "set store by", "wvrs": [{"wvl": "or", "wva": "set store on"}]}]], "near_list": [[{"wd": "distrusted"}, {"wd": "doubted"}, {"wd": "misdoubted"}, {"wd": "mistrusted"}, {"wd": "questioned"}, {"wd": "suspected"}], [{"wd": "challenged"}, {"wd": "disputed"}]], "ant_list": [[{"wd": "disbelieved"}, {"wd": "discredited"}, {"wd": "rejected"}]]}]], [["sense", {"sn": "11", "dt": [["text", "to achieve a victory over "], ["vis", [{"t": "I know we can {it}take{/it} that team"}]]], "syn_list": [[{"wd": "beat"}, {"wd": "bested"}, {"wd": "conquered"}, {"wd": "defeated"}, {"wd": "did down", "wsls": ["British"]}, {"wd": "dispatched"}, {"wd": "got"}, {"wd": "got around"}, {"wd": "licked"}, {"wd": "mastered"}, {"wd": "overbore"}, {"wd": "overcame"}, {"wd": "overmatched"}, {"wd": "prevailed (over)"}, {"wd": "skunked"}, {"wd": "stopped"}, {"wd": "subdued"}, {"wd": "surmounted"}, {"wd": "trimmed"}, {"wd": "triumphed (over)"}, {"wd": "upended"}, {"wd": "won (against)"}, {"wd": "worsted"}]], "rel_list": [[{"wd": "swept"}], [{"wd": "edged (out)"}, {"wd": "nosed out"}, {"wd": "pipped", "wsls": ["British"]}], [{"wd": "annihilated"}, {"wd": "blew away"}, {"wd": "blew out"}, {"wd": "bombed"}, {"wd": "broke"}, {"wd": "buried"}, {"wd": "clobbered"}, {"wd": "creamed"}, {"wd": "crushed"}, {"wd": "drubbed"}, {"wd": "finished"}, {"wd": "flattened"}, {"wd": "overwhelmed"}, {"wd": "routed"}, {"wd": "shellacked"}, {"wd": "skinned"}, {"wd": "slaughtered"}, {"wd": "smoked", "wsls": ["slang"]}, {"wd": "snowed under"}, {"wd": "thrashed"}, {"wd": "trounced"}, {"wd": "upset"}, {"wd": "walloped"}, {"wd": "waxed", "wsls": ["slang"]}, {"wd": "whipped"}], [{"wd": "capped"}, {"wd": "excelled"}, {"wd": "flourished"}, {"wd": "scored"}, {"wd": "succeeded"}], [{"wd": "knocked off"}, {"wd": "knocked over"}, {"wd": "overpowered"}, {"wd": "overthrew"}, {"wd": "subjugated"}, {"wd": "unseated"}, {"wd": "vanquished"}], [{"wd": "aced (out)"}, {"wd": "bettered"}, {"wd": "eclipsed"}, {"wd": "exceeded"}, {"wd": "excelled"}, {"wd": "outdid"}, {"wd": "outdistanced"}, {"wd": "outfought"}, {"wd": "outshone", "wvrs": [{"wvl": "or", "wva": "outshined"}]}, {"wd": "outstripped"}, {"wd": "overtopped"}, {"wd": "surpassed"}, {"wd": "topped"}, {"wd": "transcended"}]], "phrase_list": [[{"wd": "got the better of"}, {"wd": "knocked for a loop"}]], "near_list": [[{"wd": "fell"}, {"wd": "gave up"}, {"wd": "went down"}, {"wd": "went under"}], [{"wd": "collapsed"}, {"wd": "failed"}, {"wd": "flopped"}, {"wd": "flunked"}, {"wd": "folded"}, {"wd": "washed out"}]], "ant_list": [[{"wd": "lost (to)"}]]}]], [["sense", {"sn": "12", "dt": [["text", "to deal with (something) usually skillfully or efficiently "], ["vis", [{"t": "let's {it}take{/it} each problem separately"}]]], "syn_list": [[{"wd": "addressed"}, {"wd": "contended (with)"}, {"wd": "coped (with)"}, {"wd": "fielded"}, {"wd": "grappled (with)"}, {"wd": "hacked"}, {"wd": "handled"}, {"wd": "managed"}, {"wd": "maneuvered"}, {"wd": "manipulated"}, {"wd": "negotiated"}, {"wd": "played"}, {"wd": "swung"}, {"wd": "treated"}]], "rel_list": [[{"wd": "engineered"}, {"wd": "finessed"}, {"wd": "jockeyed"}], [{"wd": "brought off"}, {"wd": "carried off"}, {"wd": "carried out"}, {"wd": "got off"}, {"wd": "pulled"}], [{"wd": "commanded"}, {"wd": "directed"}, {"wd": "guided"}, {"wd": "steered"}], [{"wd": "controlled"}, {"wd": "micromanaged"}, {"wd": "ran", "wvrs": [{"wvl": "also chiefly dialectal", "wva": "run"}]}, {"wd": "regulated"}], [{"wd": "reacted (to)"}, {"wd": "responded (to)"}]], "phrase_list": [[{"wd": "came to grips with"}, {"wd": "had a grip on"}]], "near_list": [[{"wd": "botched"}, {"wd": "bungled"}, {"wd": "foozled"}, {"wd": "fumbled"}, {"wd": "goofed (up)"}, {"wd": "loused up"}, {"wd": "messed (up)"}, {"wd": "mishandled"}, {"wd": "muffed"}, {"wd": "scamped"}]]}]], [["sense", {"sn": "13", "dt": [["text", "to offer entrance (as to a place, school, or privilege) to "], ["vis", [{"t": "the school {it}takes{/it} only a small percentage of the thousands of applicants"}]]], "syn_list": [[{"wd": "admitted"}, {"wd": "entered"}, {"wd": "received"}]], "rel_list": [[{"wd": "entertained"}, {"wd": "welcomed"}], [{"wd": "fellowshipped", "wvrs": [{"wvl": "also", "wva": "fellowshiped"}]}], [{"wd": "confirmed"}, {"wd": "ratified"}]], "near_list": [[{"wd": "declined"}, {"wd": "disallowed"}, {"wd": "disapproved"}, {"wd": "dismissed"}, {"wd": "refused"}, {"wd": "rejected"}], [{"wd": "blackballed"}, {"wd": "blacklisted"}, {"wd": "ostracized"}], [{"wd": "banished"}, {"wd": "deported"}, {"wd": "exiled"}, {"wd": "expelled"}, {"wd": "ousted"}, {"wd": "threw out"}]], "ant_list": [[{"wd": "banned"}, {"wd": "barred"}]]}]], [["sense", {"sn": "14", "dt": [["text", "to deprive of life "], ["vis", [{"t": "I never thought heart disease would {it}take{/it} such an athletic and health-conscious person"}]]], "syn_list": [[{"wd": "carried off"}, {"wd": "claimed"}, {"wd": "croaked", "wsls": ["slang"]}, {"wd": "destroyed"}, {"wd": "did in"}, {"wd": "dispatched"}, {"wd": "felled"}, {"wd": "killed"}, {"wd": "slew"}]], "rel_list": [[{"wd": "bumped off"}, {"wd": "butchered"}, {"wd": "cut down"}, {"wd": "finished"}, {"wd": "got"}, {"wd": "iced", "wsls": ["slang"]}, {"wd": "knocked off"}, {"wd": "murdered"}, {"wd": "neutralized"}, {"wd": "offed", "wsls": ["slang"]}, {"wd": "put away"}, {"wd": "rubbed out"}, {"wd": "scragged"}, {"wd": "snuffed"}, {"wd": "took out"}, {"wd": "wasted"}, {"wd": "whacked", "wsls": ["slang"]}], [{"wd": "annihilated"}, {"wd": "blotted out"}, {"wd": "decimated"}, {"wd": "killed off"}, {"wd": "massacred"}, {"wd": "mowed"}, {"wd": "slaughtered"}, {"wd": "smote"}], [{"wd": "assassinated"}, {"wd": "executed"}, {"wd": "martyred"}, {"wd": "terminated"}], [{"wd": "euthanized", "wvrs": [{"wvl": "also", "wva": "euthanatized"}]}, {"wd": "put down"}], [{"wd": "suicided"}]], "phrase_list": [[{"wd": "did away with"}, {"wd": "did for", "wsls": ["chiefly British"]}, {"wd": "made away with"}]], "near_list": [[{"wd": "raised"}, {"wd": "restored"}, {"wd": "resurrected"}, {"wd": "resuscitated"}, {"wd": "revived"}], [{"wd": "nurtured"}]], "ant_list": [[{"wd": "animated"}]]}]]]}], "shortdef": ["to reach for and take hold of by embracing with the fingers or arms", "to agree to receive whether willingly or reluctantly", "to become affected with (a disease or disorder)"]}, {"meta": {"id": "take", "uuid": "aa7d776f-3ef0-4ce1-ab1f-1754708a4ec3", "src": "coll_thes", "section": "alpha", "target": {"tuuid": "da5d2045-2b5e-483b-8d36-47a81db8b027", "tsrc": "collegiate"}, "stems": ["take", "take a back seat", "take a bath", "take advantage of", "take after", "take aim at", "take care", "take charge", "take five", "take heart", "take in vain", "take it on the chin", "take no prisoners", "take notice of", "take one's time", "take part", "take place", "take root", "take shape", "take ten", "take the cake", "take the mickey", "take the plunge", "take to court", "take turns", "taken", "taker", "takers", "takes", "taking", "took"], "syns": [["clasp", "grasp", "grip", "hold"], ["accept", "have"], ["catch", "come down (with)", "contract", "get", "go down (with)", "sicken (with)"], ["cherry-pick", "choose", "cull", "elect", "handpick", "name", "opt (for)", "pick", "prefer", "select", "single (out)", "tag"], ["buy", "cop", "pick up", "purchase"], ["bear", "challenge", "claim", "demand", "necessitate", "need", "require", "want", "warrant"], ["accommodate", "fit", "hold"], ["act", "operate", "perform", "work"], ["abide", "absorb", "accept", "bear", "bide", "brook", "countenance", "endure", "go", "hack", "handle", "meet", "pocket", "stand", "stick out", "stomach", "support", "sustain", "sweat out", "tolerate", "wear"], ["accept", "believe", "buy", "credit", "swallow", "trust"], ["beat", "best", "conquer", "defeat", "dispatch", "do down", "get", "get around", "lick", "master", "overbear", "overcome", "overmatch", "prevail (over)", "skunk", "stop", "subdue", "surmount", "trim", "triumph (over)", "upend", "win (against)", "worst"], ["address", "contend (with)", "cope (with)", "field", "grapple (with)", "hack", "handle", "manage", "maneuver", "manipulate", "negotiate", "play", "swing", "treat"], ["admit", "enter", "receive"], ["carry off", "claim", "croak", "destroy", "dispatch", "do in", "fell", "kill", "slay"]], "ants": [["decline", "deny", "disallow", "disapprove", "negative", "refuse", "reject", "spurn", "turn down", "veto"], ["decline", "refuse", "reject", "turn down"], ["have", "hold"], ["disbelieve", "discredit", "reject"], ["lose (to)"], ["ban", "bar"], ["animate"]], "offensive": false}, "hwi": {"hw": "take"}, "fl": "verb", "def": [{"sseq": [[["sense", {"sn": "1", "dt": [["text", "to reach for and take hold of by embracing with the fingers or arms "], ["vis", [{"t": "{it}take{/it} my hand, or we'll get separated in this crowd"}]]], "syn_list": [[{"wd": "clasp"}, {"wd": "grasp"}, {"wd": "grip"}, {"wd": "hold"}]], "rel_list": [[{"wd": "clench"}, {"wd": "cling (to)"}, {"wd": "clutch"}, {"wd": "hold on (to)"}], [{"wd": "catch"}, {"wd": "nab"}, {"wd": "seize"}, {"wd": "snatch"}]], "phrase_list": [[{"wd": "hang on to"}, {"wd": "lay hold of"}]], "near_list": [[{"wd": "discharge"}, {"wd": "drop"}, {"wd": "free"}, {"wd": "liberate"}, {"wd": "release"}], [{"wd": "deliver"}, {"wd": "entrust", "wvrs": [{"wvl": "also", "wva": "intrust"}]}, {"wd": "give"}, {"wd": "hand"}, {"wd": "hand over"}, {"wd": "pass"}, {"wd": "relinquish"}, {"wd": "transfer"}, {"wd": "transmit"}, {"wd": "turn over"}, {"wd": "unhand"}]]}]], [["sense", {"sn": "2", "dt": [["text", "to agree to receive whether willingly or reluctantly "], ["vis", [{"t": "will you {it}take{/it} that call?"}, {"t": "{it}took{/it} a cut in pay"}]]], "syn_list": [[{"wd": "accept"}, {"wd": "have"}]], "rel_list": [[{"wd": "accede (to)"}, {"wd": "assent (to)"}, {"wd": "concede (to)"}, {"wd": "confirm"}, {"wd": "consent (to)"}, {"wd": "OK", "wvrs": [{"wvl": "or", "wva": "okay"}]}, {"wd": "ratify"}, {"wd": "sanction"}, {"wd": "warrant"}], [{"wd": "acquiesce (to)"}, {"wd": "bow (to)"}, {"wd": "capitulate (to)"}, {"wd": "give in (to)"}, {"wd": "submit (to)"}, {"wd": "succumb (to)"}, {"wd": "surrender (to)"}, {"wd": "yield (to)"}], [{"wd": "abide"}, {"wd": "bear"}, {"wd": "brook"}, {"wd": "countenance"}, {"wd": "endure"}, {"wd": "shoulder"}, {"wd": "stand"}, {"wd": "stick out"}, {"wd": "stomach"}, {"wd": "support"}, {"wd": "sustain"}, {"wd": "swallow"}, {"wd": "sweat out"}, {"wd": "tolerate"}], [{"wd": "adopt"}, {"wd": "embrace"}, {"wd": "welcome"}]], "near_list": [[{"wd": "dissent (to)"}, {"wd": "object (to)"}, {"wd": "oppose"}, {"wd": "protest"}], [{"wd": "hold off"}, {"wd": "resist"}, {"wd": "withstand"}], [{"wd": "combat"}, {"wd": "contest"}, {"wd": "fight"}]], "ant_list": [[{"wd": "decline"}, {"wd": "deny"}, {"wd": "disallow"}, {"wd": "disapprove"}, {"wd": "negative"}, {"wd": "refuse"}, {"wd": "reject"}, {"wd": "spurn"}, {"wd": "turn down"}, {"wd": "veto"}]]}]], [["sense", {"sn": "3", "dt": [["text", "to become affected with (a disease or disorder) "], ["vis", [{"t": "if you don't cover your head in this weather, you'll {it}take{/it} cold and be stuck inside all weekend"}]]], "syn_list": [[{"wd": "catch"}, {"wd": "come down (with)"}, {"wd": "contract"}, {"wd": "get"}, {"wd": "go down (with)", "wsls": ["chiefly British"]}, {"wd": "sicken (with)"}]], "rel_list": [[{"wd": "break out (with)"}], [{"wd": "die (from)"}, {"wd": "succumb (to)"}], [{"wd": "fail"}, {"wd": "languish"}, {"wd": "sink"}, {"wd": "waste (away)"}, {"wd": "weaken"}, {"wd": "wilt"}, {"wd": "wither"}, {"wd": "worsen"}]], "near_list": [[{"wd": "come back"}, {"wd": "gain"}, {"wd": "heal"}, {"wd": "mend"}, {"wd": "recoup"}, {"wd": "recover"}, {"wd": "recuperate"}, {"wd": "snap back"}], [{"wd": "rally"}, {"wd": "rebound"}, {"wd": "recover (from)"}, {"wd": "shake (off)"}]]}]], [["sense", {"sn": "4", "dt": [["text", "to decide to accept (someone or something) from a group of possibilities "], ["vis", [{"t": "you can {it}take{/it} the white side this time, since I got to be white for our last chess game"}]]], "syn_list": [[{"wd": "cherry-pick"}, {"wd": "choose"}, {"wd": "cull"}, {"wd": "elect"}, {"wd": "handpick"}, {"wd": "name"}, {"wd": "opt (for)"}, {"wd": "pick"}, {"wd": "prefer"}, {"wd": "select"}, {"wd": "single (out)"}, {"wd": "tag"}]], "rel_list": [[{"wd": "preselect"}], [{"wd": "appoint"}, {"wd": "designate"}, {"wd": "fix"}, {"wd": "mark"}, {"wd": "nominate"}, {"wd": "set"}, {"wd": "tab"}, {"wd": "tap"}], [{"wd": "accept"}, {"wd": "adopt"}, {"wd": "embrace"}, {"wd": "espouse"}], [{"wd": "settle (on or upon)"}]], "near_list": [[{"wd": "disapprove"}, {"wd": "negative"}, {"wd": "repudiate"}, {"wd": "spurn"}], [{"wd": "discard"}, {"wd": "jettison"}, {"wd": "throw away"}, {"wd": "throw out"}]], "ant_list": [[{"wd": "decline"}, {"wd": "refuse"}, {"wd": "reject"}, {"wd": "turn down"}]]}]], [["sense", {"sn": "5", "dt": [["text", "to get possession of (something) by giving money in exchange for "], ["vis", [{"t": "I'll {it}take{/it} two cheeseburgers to go, please"}]]], "syn_list": [[{"wd": "buy"}, {"wd": "cop", "wsls": ["slang"]}, {"wd": "pick up"}, {"wd": "purchase"}]], "rel_list": [[{"wd": "acquire"}, {"wd": "gain"}, {"wd": "garner"}, {"wd": "get"}, {"wd": "obtain"}, {"wd": "procure"}, {"wd": "secure"}, {"wd": "win"}], [{"wd": "finance"}, {"wd": "pay (for)"}, {"wd": "spring (for)"}], [{"wd": "barter (for)"}, {"wd": "deal (for)"}, {"wd": "dicker (over)"}, {"wd": "exchange (for)"}, {"wd": "haggle (for)"}, {"wd": "negotiate (about)"}, {"wd": "trade (for)"}], [{"wd": "bargain (with)"}, {"wd": "chaffer (with)"}, {"wd": "horse-trade (with)"}, {"wd": "palter (with)"}], [{"wd": "bid"}, {"wd": "offer"}], [{"wd": "rebuy"}, {"wd": "repurchase"}]], "near_list": [[{"wd": "deal (in)"}, {"wd": "market"}, {"wd": "merchandise", "wvrs": [{"wvl": "also", "wva": "merchandize"}]}, {"wd": "retail"}, {"wd": "sell"}, {"wd": "vend"}]]}]], [["sense", {"sn": "6", "dt": [["text", "to have as a requirement "], ["vis", [{"t": "it will {it}take{/it} a lot of courage to stand up for what is right"}]]], "syn_list": [[{"wd": "bear"}, {"wd": "challenge"}, {"wd": "claim"}, {"wd": "demand"}, {"wd": "necessitate"}, {"wd": "need"}, {"wd": "require"}, {"wd": "want"}, {"wd": "warrant"}]], "rel_list": [[{"wd": "entail"}, {"wd": "involve"}], [{"wd": "ask"}, {"wd": "beg"}, {"wd": "clamor (for)"}, {"wd": "cry (for)"}], [{"wd": "hurt (for)"}, {"wd": "lack"}], [{"wd": "command"}, {"wd": "enjoin"}, {"wd": "exact"}, {"wd": "insist"}, {"wd": "press"}, {"wd": "quest"}, {"wd": "stipulate"}]], "phrase_list": [[{"wd": "call for"}]], "near_list": [[{"wd": "own"}, {"wd": "possess"}]], "ant_list": [[{"wd": "have"}, {"wd": "hold"}]]}]], [["sense", {"sn": "7", "dt": [["text", "to make or have room for "], ["vis", [{"t": "I think we can {it}take{/it} two more in this elevator"}]]], "syn_list": [[{"wd": "accommodate"}, {"wd": "fit"}, {"wd": "hold"}]], "rel_list": [[{"wd": "carry"}, {"wd": "contain"}, {"wd": "seat"}], [{"wd": "enclose", "wvrs": [{"wvl": "also", "wva": "inclose"}]}, {"wd": "encompass"}, {"wd": "enfold"}], [{"wd": "harbor"}, {"wd": "house"}]]}]], [["sense", {"sn": "8", "dt": [["text", "to produce a desired effect "], ["vis", [{"t": "it will be a few hours before this medication {it}takes{/it}"}]]], "syn_list": [[{"wd": "act"}, {"wd": "operate"}, {"wd": "perform"}, {"wd": "work"}]], "rel_list": [[{"wd": "behave"}, {"wd": "react"}, {"wd": "respond"}], [{"wd": "affect"}, {"wd": "influence"}, {"wd": "sway"}], [{"wd": "pan out"}, {"wd": "redound"}, {"wd": "result"}]], "phrase_list": [[{"wd": "take effect"}, {"wd": "take hold"}]], "near_list": [[{"wd": "backfire"}], [{"wd": "fizzle"}]]}]], [["sense", {"sn": "9", "dt": [["text", "to put up with (something painful or difficult) "], ["vis", [{"t": "I can't {it}take{/it} anymore of your whining about your former boyfriend"}]]], "syn_list": [[{"wd": "abide"}, {"wd": "absorb"}, {"wd": "accept"}, {"wd": "bear"}, {"wd": "bide", "wsls": ["chiefly dialect"]}, {"wd": "brook"}, {"wd": "countenance"}, {"wd": "endure"}, {"wd": "go"}, {"wd": "hack"}, {"wd": "handle"}, {"wd": "meet"}, {"wd": "pocket"}, {"wd": "stand"}, {"wd": "stick out"}, {"wd": "stomach"}, {"wd": "support"}, {"wd": "sustain"}, {"wd": "sweat out"}, {"wd": "tolerate"}, {"wd": "wear", "wsls": ["British"]}]], "rel_list": [[{"wd": "allow"}, {"wd": "permit"}, {"wd": "suffer"}, {"wd": "swallow"}], [{"wd": "reconcile (to)"}], [{"wd": "acquiesce"}, {"wd": "agree (with or to)"}, {"wd": "assent (to)"}, {"wd": "capitulate"}, {"wd": "consent (to)"}, {"wd": "respect"}, {"wd": "submit (to)"}, {"wd": "yield (to)"}]], "phrase_list": [[{"wd": "live with"}, {"wd": "lump (it)"}, {"wd": "stand for"}, {"wd": "tough it out"}]], "near_list": [[{"wd": "decline"}, {"wd": "dismiss"}, {"wd": "refuse"}, {"wd": "reject"}, {"wd": "repudiate"}, {"wd": "spurn"}, {"wd": "turn down"}], [{"wd": "combat"}, {"wd": "contest"}, {"wd": "fight"}, {"wd": "oppose"}, {"wd": "resist"}], [{"wd": "avoid"}, {"wd": "bypass"}, {"wd": "circumvent"}, {"wd": "dodge"}, {"wd": "elude"}, {"wd": "escape"}, {"wd": "evade"}, {"wd": "miss"}], [{"wd": "abstain (from)"}, {"wd": "forbear"}, {"wd": "refrain (from)"}]]}]], [["sense", {"sn": "10", "dt": [["text", "to regard as right or true "], ["vis", [{"t": "I think we can {it}take{/it} his word for it"}]]], "syn_list": [[{"wd": "accept"}, {"wd": "believe"}, {"wd": "buy"}, {"wd": "credit"}, {"wd": "swallow"}, {"wd": "trust"}]], "rel_list": [[{"wd": "account"}, {"wd": "accredit"}, {"wd": "understand"}], [{"wd": "assume"}, {"wd": "presume"}, {"wd": "suppose"}], [{"wd": "conclude"}, {"wd": "deduce"}, {"wd": "infer"}]], "phrase_list": [[{"wd": "set store by", "wvrs": [{"wvl": "or", "wva": "set store on"}]}]], "near_list": [[{"wd": "distrust"}, {"wd": "doubt"}, {"wd": "misdoubt"}, {"wd": "mistrust"}, {"wd": "question"}, {"wd": "suspect"}], [{"wd": "challenge"}, {"wd": "dispute"}]], "ant_list": [[{"wd": "disbelieve"}, {"wd": "discredit"}, {"wd": "reject"}]]}]], [["sense", {"sn": "11", "dt": [["text", "to achieve a victory over "], ["vis", [{"t": "I know we can {it}take{/it} that team"}]]], "syn_list": [[{"wd": "beat"}, {"wd": "best"}, {"wd": "conquer"}, {"wd": "defeat"}, {"wd": "dispatch"}, {"wd": "do down", "wsls": ["British"]}, {"wd": "get"}, {"wd": "get around"}, {"wd": "lick"}, {"wd": "master"}, {"wd": "overbear"}, {"wd": "overcome"}, {"wd": "overmatch"}, {"wd": "prevail (over)"}, {"wd": "skunk"}, {"wd": "stop"}, {"wd": "subdue"}, {"wd": "surmount"}, {"wd": "trim"}, {"wd": "triumph (over)"}, {"wd": "upend"}, {"wd": "win (against)"}, {"wd": "worst"}]], "rel_list": [[{"wd": "sweep"}], [{"wd": "edge (out)"}, {"wd": "nose out"}, {"wd": "pip", "wsls": ["British"]}], [{"wd": "annihilate"}, {"wd": "blow away"}, {"wd": "blow out"}, {"wd": "bomb"}, {"wd": "break"}, {"wd": "bury"}, {"wd": "clobber"}, {"wd": "cream"}, {"wd": "crush"}, {"wd": "drub"}, {"wd": "finish"}, {"wd": "flatten"}, {"wd": "overwhelm"}, {"wd": "rout"}, {"wd": "shellac"}, {"wd": "skin"}, {"wd": "slaughter"}, {"wd": "smoke", "wsls": ["slang"]}, {"wd": "snow under"}, {"wd": "thrash"}, {"wd": "trounce"}, {"wd": "upset"}, {"wd": "wallop"}, {"wd": "wax", "wsls": ["slang"]}, {"wd": "whip"}], [{"wd": "cap"}, {"wd": "excel"}, {"wd": "flourish"}, {"wd": "score"}, {"wd": "succeed"}], [{"wd": "knock off"}, {"wd": "knock over"}, {"wd": "overpower"}, {"wd": "overthrow"}, {"wd": "subjugate"}, {"wd": "unseat"}, {"wd": "vanquish"}], [{"wd": "ace (out)"}, {"wd": "better"}, {"wd": "eclipse"}, {"wd": "exceed"}, {"wd": "excel"}, {"wd": "outdistance"}, {"wd": "outdo"}, {"wd": "outfight"}, {"wd": "outshine"}, {"wd": "outstrip"}, {"wd": "overtop"}, {"wd": "surpass"}, {"wd": "top"}, {"wd": "transcend"}]], "phrase_list": [[{"wd": "get the better of"}, {"wd": "knock for a loop"}]], "near_list": [[{"wd": "fall"}, {"wd": "give up"}, {"wd": "go down"}, {"wd": "go under"}], [{"wd": "collapse"}, {"wd": "fail"}, {"wd": "flop"}, {"wd": "flunk"}, {"wd": "fold"}, {"wd": "wash out"}]], "ant_list": [[{"wd": "lose (to)"}]]}]], [["sense", {"sn": "12", "dt": [["text", "to deal with (something) usually skillfully or efficiently "], ["vis", [{"t": "let's {it}take{/it} each problem separately"}]]], "syn_list": [[{"wd": "address"}, {"wd": "contend (with)"}, {"wd": "cope (with)"}, {"wd": "field"}, {"wd": "grapple (with)"}, {"wd": "hack"}, {"wd": "handle"}, {"wd": "manage"}, {"wd": "maneuver"}, {"wd": "manipulate"}, {"wd": "negotiate"}, {"wd": "play"}, {"wd": "swing"}, {"wd": "treat"}]], "rel_list": [[{"wd": "engineer"}, {"wd": "finesse"}, {"wd": "jockey"}], [{"wd": "bring off"}, {"wd": "carry off"}, {"wd": "carry out"}, {"wd": "get off"}, {"wd": "pull"}], [{"wd": "command"}, {"wd": "direct"}, {"wd": "guide"}, {"wd": "steer"}], [{"wd": "control"}, {"wd": "micromanage"}, {"wd": "regulate"}, {"wd": "run"}], [{"wd": "react (to)"}, {"wd": "respond (to)"}]], "phrase_list": [[{"wd": "come to grips with"}, {"wd": "have a grip on"}]], "near_list": [[{"wd": "botch"}, {"wd": "bungle"}, {"wd": "foozle"}, {"wd": "fumble"}, {"wd": "goof (up)"}, {"wd": "louse up"}, {"wd": "mess (up)"}, {"wd": "mishandle"}, {"wd": "muff"}, {"wd": "scamp"}]]}]], [["sense", {"sn": "13", "dt": [["text", "to offer entrance (as to a place, school, or privilege) to "], ["vis", [{"t": "the school {it}takes{/it} only a small percentage of the thousands of applicants"}]]], "syn_list": [[{"wd": "admit"}, {"wd": "enter"}, {"wd": "receive"}]], "rel_list": [[{"wd": "entertain"}, {"wd": "welcome"}], [{"wd": "fellowship"}], [{"wd": "confirm"}, {"wd": "ratify"}]], "near_list": [[{"wd": "decline"}, {"wd": "disallow"}, {"wd": "disapprove"}, {"wd": "dismiss"}, {"wd": "refuse"}, {"wd": "reject"}], [{"wd": "blackball"}, {"wd": "blacklist"}, {"wd": "ostracize"}], [{"wd": "banish"}, {"wd": "deport"}, {"wd": "exile"}, {"wd": "expel"}, {"wd": "oust"}, {"wd": "throw out"}]], "ant_list": [[{"wd": "ban"}, {"wd": "bar"}]]}]], [["sense", {"sn": "14", "dt": [["text", "to deprive of life "], ["vis", [{"t": "I never thought heart disease would {it}take{/it} such an athletic and health-conscious person"}]]], "syn_list": [[{"wd": "carry off"}, {"wd": "claim"}, {"wd": "croak", "wsls": ["slang"]}, {"wd": "destroy"}, {"wd": "dispatch"}, {"wd": "do in"}, {"wd": "fell"}, {"wd": "kill"}, {"wd": "slay"}]], "rel_list": [[{"wd": "bump off"}, {"wd": "butcher"}, {"wd": "cut down"}, {"wd": "finish"}, {"wd": "get"}, {"wd": "ice", "wsls": ["slang"]}, {"wd": "knock off"}, {"wd": "murder"}, {"wd": "neutralize"}, {"wd": "off", "wsls": ["slang"]}, {"wd": "put away"}, {"wd": "rub out"}, {"wd": "scrag"}, {"wd": "snuff"}, {"wd": "take out"}, {"wd": "waste"}, {"wd": "whack", "wsls": ["slang"]}], [{"wd": "annihilate"}, {"wd": "blot out"}, {"wd": "decimate"}, {"wd": "kill off"}, {"wd": "massacre"}, {"wd": "mow"}, {"wd": "slaughter"}, {"wd": "smite"}], [{"wd": "assassinate"}, {"wd": "execute"}, {"wd": "martyr"}, {"wd": "terminate"}], [{"wd": "euthanize", "wvrs": [{"wvl": "also", "wva": "euthanatize"}]}, {"wd": "put down"}], [{"wd": "suicide"}]], "phrase_list": [[{"wd": "do away with"}, {"wd": "do for", "wsls": ["chiefly British"]}, {"wd": "make away with"}]], "near_list": [[{"wd": "raise"}, {"wd": "restore"}, {"wd": "resurrect"}, {"wd": "resuscitate"}, {"wd": "revive"}], [{"wd": "nurture"}]], "ant_list": [[{"wd": "animate"}]]}]]]}], "shortdef": ["to reach for and take hold of by embracing with the fingers or arms", "to agree to receive whether willingly or reluctantly", "to become affected with (a disease or disorder)"]}, {"meta": {"id": "took (away)", "uuid": "7ec8f80c-a8f8-49a5-b0f6-e7b3b8b47d71", "src": "CTcompile", "section": "alpha", "stems": ["took (away)", "took away"], "syns": [["eliminated", "removed", "cleared", "emptied", "deprived", "divested", "stripped"]], "ants": [["endued", "imbued", "inculcated", "infused", "ingrained", "inoculated", "invested", "steeped", "suffused", "animated", "charged", "enlivened", "invigorated", "leavened", "implanted", "instilled", "planted"]], "offensive": false}, "hwi": {"hw": "took (away)"}, "fl": "verb", "sls": ["past tense of {d_link|take (away)|take (away)}"], "def": [{"sseq": [[["sense", {"dt": [["text", "as in {it}removed{/it}, {it}eliminated{/it}"]], "sim_list": [[{"wd": "eliminated"}, {"wd": "removed"}], [{"wd": "cleared"}, {"wd": "emptied"}], [{"wd": "deprived"}, {"wd": "divested"}, {"wd": "stripped", "wvrs": [{"wvl": "also", "wva": "stript"}]}]], "opp_list": [[{"wd": "endued", "wvrs": [{"wvl": "or", "wva": "indued"}]}, {"wd": "imbued"}, {"wd": "inculcated"}, {"wd": "infused"}, {"wd": "ingrained", "wvrs": [{"wvl": "also", "wva": "engrained"}]}, {"wd": "inoculated"}, {"wd": "invested"}, {"wd": "steeped"}, {"wd": "suffused"}], [{"wd": "animated"}, {"wd": "charged"}, {"wd": "enlivened"}, {"wd": "invigorated"}, {"wd": "leavened"}], [{"wd": "implanted"}, {"wd": "instilled"}, {"wd": "planted"}]]}]]]}], "shortdef": ["as in removed, eliminated"]}, {"meta": {"id": "took off (from)", "uuid": "a0122847-3d4b-45a7-aa6a-59ffa2f12c1d", "src": "CTcompile", "section": "alpha", "stems": ["took off (from)", "took off from"], "syns": [["escaped", "retreated (from)", "vacated", "withdrew (from)", "delivered", "gave up", "handed over", "relinquished", "surrendered", "yielded", "abjured", "cut off", "disowned", "rejected", "renounced", "repudiated", "separated (from)", "discarded", "ditched", "dumped", "flung", "jettisoned", "junked", "scrapped", "shed", "shucked (off)", "threw away", "threw out", "sacrificed", "abandoned", "deserted", "forsook", "left", "marooned", "quit", "stranded", "distanced", "disregarded", "forgot", "ignored", "neglected"]], "ants": [["reclaimed", "had", "harbored", "held", "kept", "owned", "possessed", "reserved", "retained", "withheld", "redeemed", "rescued", "saved"]], "offensive": false}, "hwi": {"hw": "took off (from)"}, "fl": "verb", "sls": ["past tense of {d_link|take off (from)|take off (from)}"], "def": [{"sseq": [[["sense", {"dt": [["text", "as in {it}withdrew (from){/it}, {it}escaped{/it}"]], "sim_list": [[{"wd": "escaped"}, {"wd": "retreated (from)"}, {"wd": "vacated"}, {"wd": "withdrew (from)"}], [{"wd": "delivered"}, {"wd": "gave up"}, {"wd": "handed over"}, {"wd": "relinquished"}, {"wd": "surrendered"}, {"wd": "yielded"}], [{"wd": "abjured"}, {"wd": "cut off"}, {"wd": "disowned"}, {"wd": "rejected"}, {"wd": "renounced"}, {"wd": "repudiated"}, {"wd": "separated (from)"}], [{"wd": "discarded"}, {"wd": "ditched"}, {"wd": "dumped"}, {"wd": "flung"}, {"wd": "jettisoned"}, {"wd": "junked"}, {"wd": "scrapped"}, {"wd": "shed"}, {"wd": "shucked (off)"}, {"wd": "threw away"}, {"wd": "threw out"}], [{"wd": "sacrificed"}], [{"wd": "abandoned"}, {"wd": "deserted"}, {"wd": "forsook"}, {"wd": "left"}, {"wd": "marooned"}, {"wd": "quit", "wvrs": [{"wvl": "also", "wva": "quitted"}]}, {"wd": "stranded"}], [{"wd": "distanced"}], [{"wd": "disregarded"}, {"wd": "forgot"}, {"wd": "ignored"}, {"wd": "neglected"}]], "opp_list": [[{"wd": "reclaimed"}], [{"wd": "had"}, {"wd": "harbored"}, {"wd": "held"}, {"wd": "kept"}, {"wd": "owned"}, {"wd": "possessed"}, {"wd": "reserved"}, {"wd": "retained"}, {"wd": "withheld"}], [{"wd": "redeemed"}, {"wd": "rescued"}, {"wd": "saved"}]]}]]]}], "shortdef": ["as in withdrew (from), escaped"]}, {"meta": {"id": "took off (on)", "uuid": "96aa5100-baeb-4b10-908a-cab6eff7cf2f", "src": "CTcompile", "section": "alpha", "stems": ["took off (on)", "took off on"], "syns": [["aped", "burlesqued", "caricatured", "imitated", "lampooned", "mimicked", "parodied", "parroted", "pilloried", "satirized", "travestied", "baited", "barracked", "bugged", "catcalled", "harassed", "harried", "hassled", "heckled", "needled", "pestered", "ragged", "targeted", "taunted", "tormented", "chaffed", "jived", "joshed", "kidded", "quizzed", "rallied", "razzed", "ribbed", "rode", "teased", "tweaked", "twitted", "bad-mouthed", "belittled", "decried", "disparaged", "pooh-poohed", "put down", "scoffed (at)", "scorned", "sneered (at)", "derided", "gibed", "jeered", "laughed (at)", "mocked", "ridiculed", "scouted", "shot down", "skewered"]], "ants": [["applauded", "approved", "commended", "endorsed", "sanctioned"]], "offensive": false}, "hwi": {"hw": "took off (on)"}, "fl": "verb", "sls": ["past tense of {d_link|take off (on)|take off (on)}"], "def": [{"sseq": [[["sense", {"dt": [["text", "as in {it}mimicked{/it}, {it}imitated{/it}"]], "sim_list": [[{"wd": "aped"}, {"wd": "burlesqued"}, {"wd": "caricatured"}, {"wd": "imitated"}, {"wd": "lampooned"}, {"wd": "mimicked"}, {"wd": "parodied"}, {"wd": "parroted"}, {"wd": "pilloried"}, {"wd": "satirized"}, {"wd": "travestied"}], [{"wd": "baited"}, {"wd": "barracked", "wsls": ["chiefly British"]}, {"wd": "bugged"}, {"wd": "catcalled"}, {"wd": "harassed"}, {"wd": "harried"}, {"wd": "hassled"}, {"wd": "heckled"}, {"wd": "needled"}, {"wd": "pestered"}, {"wd": "ragged"}, {"wd": "targeted"}, {"wd": "taunted"}, {"wd": "tormented"}], [{"wd": "chaffed"}, {"wd": "jived"}, {"wd": "joshed"}, {"wd": "kidded"}, {"wd": "quizzed"}, {"wd": "rallied"}, {"wd": "razzed"}, {"wd": "ribbed"}, {"wd": "rode", "wvrs": [{"wvl": "or chiefly dialectal", "wva": "rid"}]}, {"wd": "teased"}, {"wd": "tweaked"}, {"wd": "twitted"}], [{"wd": "bad-mouthed"}, {"wd": "belittled"}, {"wd": "decried"}, {"wd": "disparaged"}, {"wd": "pooh-poohed", "wvrs": [{"wvl": "also", "wva": "poohed"}]}, {"wd": "put down"}], [{"wd": "scoffed (at)"}, {"wd": "scorned"}, {"wd": "sneered (at)"}], [{"wd": "derided"}, {"wd": "gibed", "wvrs": [{"wvl": "or", "wva": "jibed"}]}, {"wd": "jeered"}, {"wd": "laughed (at)"}, {"wd": "mocked"}, {"wd": "ridiculed"}, {"wd": "scouted"}, {"wd": "shot down"}, {"wd": "skewered"}]], "opp_list": [[{"wd": "applauded"}, {"wd": "approved"}, {"wd": "commended"}, {"wd": "endorsed", "wvrs": [{"wvl": "also", "wva": "indorsed"}]}, {"wd": "sanctioned"}]]}]]]}], "shortdef": ["as in mimicked, imitated"]}, {"meta": {"id": "took back", "uuid": "e941a04b-756c-4bcb-a95b-faf3c2bc29eb", "src": "coll_thes", "section": "alpha", "stems": ["took back"], "syns": [["abjured", "abnegated", "forswore", "recanted", "reneged", "renounced", "repealed", "repudiated", "retracted", "unsaid", "withdrew"]], "ants": [["adhered (to)"]], "offensive": false}, "hwi": {"hw": "took back"}, "fl": "verb", "sls": ["past tense of {d_link|take back|take back}"], "def": [{"sseq": [[["sense", {"dt": [["text", "to solemnly or formally reject or go back on (as something formerly adhered to) "], ["vis", [{"t": "I {it}take back{/it} what I said about her: she's not the fool I thought she was"}]]], "syn_list": [[{"wd": "abjured"}, {"wd": "abnegated"}, {"wd": "forswore", "wvrs": [{"wvl": "also", "wva": "foreswore"}]}, {"wd": "recanted"}, {"wd": "reneged"}, {"wd": "renounced"}, {"wd": "repealed"}, {"wd": "repudiated"}, {"wd": "retracted"}, {"wd": "unsaid"}, {"wd": "withdrew"}]], "rel_list": [[{"wd": "contradicted"}, {"wd": "denied"}, {"wd": "disavowed"}, {"wd": "disclaimed"}, {"wd": "disowned"}, {"wd": "gainsaid"}, {"wd": "negated"}, {"wd": "negatived"}], [{"wd": "abandoned"}, {"wd": "bolted"}, {"wd": "forsook"}, {"wd": "gave up"}, {"wd": "relinquished"}, {"wd": "spurned"}, {"wd": "surrendered"}], [{"wd": "controverted"}, {"wd": "disagreed (with)"}, {"wd": "disproved"}, {"wd": "disputed"}, {"wd": "rebutted"}, {"wd": "refuted"}], [{"wd": "backed down"}, {"wd": "backed off"}, {"wd": "backtracked"}], [{"wd": "disallowed"}, {"wd": "recalled"}, {"wd": "revoked"}]], "near_list": [[{"wd": "acknowledged"}, {"wd": "admitted"}, {"wd": "affirmed"}, {"wd": "asserted"}, {"wd": "avowed"}, {"wd": "claimed"}, {"wd": "contended"}, {"wd": "declared"}, {"wd": "maintained"}, {"wd": "proclaimed"}, {"wd": "professed"}, {"wd": "stated"}, {"wd": "vouched"}, {"wd": "vowed"}], [{"wd": "backed"}, {"wd": "confirmed"}, {"wd": "defended"}, {"wd": "endorsed", "wvrs": [{"wvl": "also", "wva": "indorsed"}]}, {"wd": "espoused"}, {"wd": "maintained"}, {"wd": "supported"}, {"wd": "upheld"}], [{"wd": "accepted"}, {"wd": "adopted"}, {"wd": "embraced"}]], "ant_list": [[{"wd": "adhered (to)"}]]}]]]}], "shortdef": ["to solemnly or formally reject or go back on (as something formerly adhered to)"]}, {"meta": {"id": "took down", "uuid": "73ee33e6-9ece-4e30-a166-147562b2233a", "src": "coll_thes", "section": "alpha", "stems": ["took down"], "syns": [["abased", "chastened", "cheapened", "debased", "degraded", "demeaned", "discredited", "disgraced", "dishonored", "fouled", "humbled", "humiliated", "lowered", "sank", "shamed", "smirched"], ["broke down", "demounted", "disassembled", "dismantled", "dismembered", "dismounted", "knocked down", "struck"], ["jotted (down)", "logged", "marked", "noted", "put down", "recorded", "registered", "reported", "set down", "wrote down"]], "ants": [["aggrandized", "canonized", "deified", "elevated", "exalted"], ["assembled", "constructed"]], "offensive": false}, "hwi": {"hw": "took down"}, "fl": "verb", "sls": ["past tense of {d_link|take down|take down}"], "def": [{"sseq": [[["sense", {"sn": "1", "dt": [["text", "to reduce to a lower standing in one's own eyes or in others' eyes "], ["vis", [{"t": "there's no need to {it}take{/it} us {it}down{/it} by making fun of our clothes"}]]], "syn_list": [[{"wd": "abased"}, {"wd": "chastened"}, {"wd": "cheapened"}, {"wd": "debased"}, {"wd": "degraded"}, {"wd": "demeaned"}, {"wd": "discredited"}, {"wd": "disgraced"}, {"wd": "dishonored"}, {"wd": "fouled"}, {"wd": "humbled"}, {"wd": "humiliated"}, {"wd": "lowered"}, {"wd": "sank", "wvrs": [{"wvl": "or", "wva": "sunk"}]}, {"wd": "shamed"}, {"wd": "smirched"}]], "rel_list": [[{"wd": "abashed"}, {"wd": "confounded"}, {"wd": "confused"}, {"wd": "discomfited"}, {"wd": "disconcerted"}, {"wd": "discountenanced"}, {"wd": "embarrassed"}, {"wd": "fazed"}, {"wd": "flustered"}, {"wd": "mortified"}, {"wd": "nonplussed", "wvrs": [{"wvl": "also", "wva": "nonplused"}]}, {"wd": "rattled"}], [{"wd": "belittled"}, {"wd": "castigated"}, {"wd": "cried down"}, {"wd": "criticized"}, {"wd": "decried"}, {"wd": "depreciated"}, {"wd": "detracted"}, {"wd": "diminished"}, {"wd": "discounted"}, {"wd": "disparaged"}, {"wd": "minimized"}, {"wd": "put down"}, {"wd": "ridiculed"}, {"wd": "wrote off"}], [{"wd": "bad-mouthed"}, {"wd": "defamed"}, {"wd": "defiled"}, {"wd": "libeled", "wvrs": [{"wvl": "or", "wva": "libelled"}]}, {"wd": "maligned"}, {"wd": "slandered"}], [{"wd": "affronted"}, {"wd": "insulted"}], [{"wd": "censured"}, {"wd": "condemned"}, {"wd": "damned"}, {"wd": "denounced"}, {"wd": "execrated"}, {"wd": "reprehended"}, {"wd": "reprobated"}]], "near_list": [[{"wd": "acclaimed"}, {"wd": "applauded"}, {"wd": "boasted"}, {"wd": "celebrated"}, {"wd": "cheered"}, {"wd": "cited"}, {"wd": "commended"}, {"wd": "complimented"}, {"wd": "congratulated"}, {"wd": "decorated"}, {"wd": "eulogized"}, {"wd": "extolled"}, {"wd": "feted", "wvrs": [{"wvl": "or", "wva": "f\u00eated"}]}, {"wd": "hailed"}, {"wd": "honored"}, {"wd": "lauded"}, {"wd": "praised"}, {"wd": "saluted"}, {"wd": "touted"}], [{"wd": "acknowledged"}, {"wd": "recognized"}], [{"wd": "highlighted"}, {"wd": "played up"}, {"wd": "spotlighted", "wvrs": [{"wvl": "or", "wva": "spotlit"}]}], [{"wd": "dignified"}, {"wd": "ennobled"}, {"wd": "enshrined"}, {"wd": "enskied"}, {"wd": "enthroned"}, {"wd": "glorified"}, {"wd": "magnified"}], [{"wd": "advanced"}, {"wd": "boosted"}, {"wd": "lifted"}, {"wd": "promoted"}, {"wd": "raised"}, {"wd": "upgraded"}, {"wd": "uplifted"}], [{"wd": "idealized"}, {"wd": "romanticized"}]], "ant_list": [[{"wd": "aggrandized"}, {"wd": "canonized"}, {"wd": "deified"}, {"wd": "elevated"}, {"wd": "exalted"}]]}]], [["sense", {"sn": "2", "dt": [["text", "to take apart "], ["vis", [{"t": "electricians will {it}take down{/it} all the lights for the set after the play has finished its run"}]]], "syn_list": [[{"wd": "broke down"}, {"wd": "demounted"}, {"wd": "disassembled"}, {"wd": "dismantled"}, {"wd": "dismembered"}, {"wd": "dismounted"}, {"wd": "knocked down"}, {"wd": "struck"}]], "rel_list": [[{"wd": "detached"}, {"wd": "disengaged"}], [{"wd": "broke up"}, {"wd": "disaggregated"}, {"wd": "disarticulated"}, {"wd": "disconnected"}, {"wd": "disjoined"}, {"wd": "disjointed"}, {"wd": "dissevered"}, {"wd": "disunited"}, {"wd": "divided"}, {"wd": "separated"}]], "near_list": [[{"wd": "built"}, {"wd": "erected"}, {"wd": "pitched"}], [{"wd": "combined"}, {"wd": "united"}]], "ant_list": [[{"wd": "assembled"}, {"wd": "constructed"}]]}]], [["sense", {"sn": "3", "dt": [["text", "to make a written note of "], ["vis", [{"t": "{it}took down{/it} the customer's contact information"}]]], "syn_list": [[{"wd": "jotted (down)"}, {"wd": "logged"}, {"wd": "marked"}, {"wd": "noted"}, {"wd": "put down"}, {"wd": "recorded"}, {"wd": "registered"}, {"wd": "reported"}, {"wd": "set down"}, {"wd": "wrote down"}]], "rel_list": [[{"wd": "chronicled"}, {"wd": "minuted"}, {"wd": "transcribed"}], [{"wd": "enregistered"}, {"wd": "entered"}, {"wd": "inscribed"}], [{"wd": "chalked (up)"}, {"wd": "notched"}, {"wd": "scored"}]]}]]]}], "shortdef": ["to reduce to a lower standing in one's own eyes or in others' eyes", "to take apart", "to make a written note of"]}, {"meta": {"id": "took in", "uuid": "07d8004a-3943-4a37-83c5-32c2e631d8b7", "src": "coll_thes", "section": "alpha", "stems": ["took in"], "syns": [["bamboozled", "beguiled", "bluffed", "buffaloed", "burned", "caught", "conned", "cozened", "deceived", "deluded", "duped", "faked out", "fooled", "gaffed", "gammoned", "gulled", "had", "had on", "hoaxed", "hoodwinked", "hornswoggled", "humbugged", "juggled", "misguided", "misinformed", "misled", "snookered", "snowed", "spoofed", "strung along", "sucked in", "suckered", "tricked"], ["carried", "comprehended", "contained", "embraced", "encompassed", "entailed", "included", "involved", "numbered", "subsumed"], ["accommodated", "bestowed", "billeted", "bivouacked", "boarded", "bunked", "camped", "chambered", "domiciled", "encamped", "harbored", "housed", "lodged", "put up", "quartered", "roofed", "roomed", "sheltered"]], "ants": [["undeceived"], ["excluded", "left (out)", "missed out", "omitted"]], "offensive": false}, "hwi": {"hw": "took in"}, "fl": "verb", "sls": ["past tense of {d_link|take in|take in}"], "def": [{"sseq": [[["sense", {"sn": "1", "dt": [["text", "to cause to believe what is untrue "], ["vis", [{"t": "a fellow passenger on the cruise completely {it}took{/it} me {it}in{/it} when he claimed to be the owner of a major software company"}]]], "syn_list": [[{"wd": "bamboozled"}, {"wd": "beguiled"}, {"wd": "bluffed"}, {"wd": "buffaloed"}, {"wd": "burned", "wvrs": [{"wvl": "or", "wva": "burnt"}]}, {"wd": "caught"}, {"wd": "conned"}, {"wd": "cozened"}, {"wd": "deceived"}, {"wd": "deluded"}, {"wd": "duped"}, {"wd": "faked out"}, {"wd": "fooled"}, {"wd": "gaffed"}, {"wd": "gammoned"}, {"wd": "gulled"}, {"wd": "had"}, {"wd": "had on", "wsls": ["chiefly British"]}, {"wd": "hoaxed"}, {"wd": "hoodwinked"}, {"wd": "hornswoggled"}, {"wd": "humbugged"}, {"wd": "juggled"}, {"wd": "misguided"}, {"wd": "misinformed"}, {"wd": "misled"}, {"wd": "snookered"}, {"wd": "snowed"}, {"wd": "spoofed"}, {"wd": "strung along"}, {"wd": "sucked in"}, {"wd": "suckered"}, {"wd": "tricked"}]], "rel_list": [[{"wd": "kidded"}, {"wd": "put on"}, {"wd": "teased"}], [{"wd": "bled"}, {"wd": "cheated"}, {"wd": "chiseled", "wvrs": [{"wvl": "or", "wva": "chiselled"}]}, {"wd": "defrauded"}, {"wd": "diddled"}, {"wd": "euchred"}, {"wd": "fleeced"}, {"wd": "flimflammed"}, {"wd": "hustled"}, {"wd": "mulcted"}, {"wd": "rooked"}, {"wd": "shortchanged"}, {"wd": "skinned"}, {"wd": "squeezed"}, {"wd": "stuck"}, {"wd": "stung"}, {"wd": "swindled"}]], "phrase_list": [[{"wd": "did a number on"}, {"wd": "led one down the garden path", "wvrs": [{"wvl": "also", "wva": "led one up the garden path"}]}, {"wd": "pulled one's leg"}, {"wd": "pulled the wool over one's eyes"}]], "near_list": [[{"wd": "debunked"}, {"wd": "exposed"}, {"wd": "revealed"}, {"wd": "showed up"}, {"wd": "uncloaked"}, {"wd": "uncovered"}, {"wd": "unmasked"}], [{"wd": "disclosed"}, {"wd": "divulged"}, {"wd": "told"}, {"wd": "unveiled"}], [{"wd": "disabused"}, {"wd": "disenchanted"}, {"wd": "disillusioned"}]], "ant_list": [[{"wd": "undeceived"}]]}]], [["sense", {"sn": "2", "dt": [["text", "to have as part of a whole "], ["vis", [{"t": "this report {it}takes in{/it} all the latest information on the subject"}]]], "syn_list": [[{"wd": "carried"}, {"wd": "comprehended"}, {"wd": "contained"}, {"wd": "embraced"}, {"wd": "encompassed"}, {"wd": "entailed"}, {"wd": "included"}, {"wd": "involved"}, {"wd": "numbered"}, {"wd": "subsumed"}]], "rel_list": [[{"wd": "comprised"}, {"wd": "consisted (of)"}], [{"wd": "bracketed"}], [{"wd": "had"}, {"wd": "held"}, {"wd": "owned"}, {"wd": "possessed"}], [{"wd": "admitted"}, {"wd": "received"}], [{"wd": "composed"}, {"wd": "constituted"}, {"wd": "formed"}, {"wd": "made"}], [{"wd": "assimilated"}, {"wd": "embodied"}, {"wd": "incorporated"}, {"wd": "integrated"}]], "near_list": [[{"wd": "banned"}, {"wd": "barred"}, {"wd": "debarred"}, {"wd": "precluded"}, {"wd": "prevented"}, {"wd": "prohibited"}], [{"wd": "denied"}, {"wd": "refused"}, {"wd": "rejected"}], [{"wd": "eliminated"}, {"wd": "excepted"}, {"wd": "ruled out"}], [{"wd": "lost"}, {"wd": "mislaid"}, {"wd": "misplaced"}]], "ant_list": [[{"wd": "excluded"}, {"wd": "left (out)"}, {"wd": "missed out", "wsls": ["British"]}, {"wd": "omitted"}]]}]], [["sense", {"sn": "3", "dt": [["text", "to provide with living quarters or shelter "], ["vis", [{"t": "{it}took in{/it} the stray dog"}]]], "syn_list": [[{"wd": "accommodated"}, {"wd": "bestowed"}, {"wd": "billeted"}, {"wd": "bivouacked"}, {"wd": "boarded"}, {"wd": "bunked"}, {"wd": "camped"}, {"wd": "chambered"}, {"wd": "domiciled"}, {"wd": "encamped"}, {"wd": "harbored"}, {"wd": "housed"}, {"wd": "lodged"}, {"wd": "put up"}, {"wd": "quartered"}, {"wd": "roofed"}, {"wd": "roomed"}, {"wd": "sheltered"}]], "rel_list": [[{"wd": "ensconced"}, {"wd": "homed"}, {"wd": "roosted"}, {"wd": "secured"}, {"wd": "shedded"}, {"wd": "stabled"}, {"wd": "tented"}], [{"wd": "barracked"}], [{"wd": "bedded (down)"}]], "near_list": [[{"wd": "ejected"}, {"wd": "evicted"}]]}]]]}], "shortdef": ["to cause to believe what is untrue", "to have as part of a whole", "to provide with living quarters or shelter"]}, {"meta": {"id": "took off", "uuid": "5095ff24-876b-44b4-aaa9-bc3bff7efd04", "src": "coll_thes", "section": "alpha", "stems": ["took off"], "syns": [["bailed", "bailed out", "booked", "bugged off", "bugged out", "buggered off", "buzzed (off)", "cleared off", "cleared out", "cut out", "departed", "dug out", "exited", "got", "got off", "moved", "packed (up or off)", "parted", "peeled off", "piked (out or off)", "pulled out", "pushed off", "pushed on", "quit", "ran along", "sallied (forth)", "scarpered", "shoved (off)", "stepped (along)", "vamoosed", "walked out", "went", "went off"], ["doffed", "doused", "peeled (off)", "put off", "removed", "shrugged off"], ["abated", "deducted", "knocked off", "subtracted"], ["burglarized", "burgled", "knocked off", "knocked over", "ripped off", "robbed", "stole (from)"]], "ants": [["arrived", "came", "showed up", "turned up"], ["donned", "put on", "slipped (into)", "threw (on)"], ["added", "tacked (on)"]], "offensive": false}, "hwi": {"hw": "took off"}, "fl": "verb", "sls": ["past tense of {d_link|take off|take off}"], "def": [{"sseq": [[["sense", {"sn": "1", "dt": [["text", "to leave a place often for another "], ["vis", [{"t": "I can only stay for a few minutes, and then I'll need to {it}take off{/it} again"}]]], "syn_list": [[{"wd": "bailed"}, {"wd": "bailed out"}, {"wd": "booked", "wsls": ["slang"]}, {"wd": "bugged off"}, {"wd": "bugged out"}, {"wd": "buggered off", "wsls": ["British slang"]}, {"wd": "buzzed (off)"}, {"wd": "cleared off", "wsls": ["chiefly British"]}, {"wd": "cleared out"}, {"wd": "cut out"}, {"wd": "departed"}, {"wd": "dug out"}, {"wd": "exited"}, {"wd": "got"}, {"wd": "got off"}, {"wd": "moved"}, {"wd": "packed (up or off)"}, {"wd": "parted"}, {"wd": "peeled off"}, {"wd": "piked (out or off)"}, {"wd": "pulled out"}, {"wd": "pushed off"}, {"wd": "pushed on"}, {"wd": "quit", "wvrs": [{"wvl": "also", "wva": "quitted"}]}, {"wd": "ran along"}, {"wd": "sallied (forth)"}, {"wd": "scarpered", "wsls": ["British"]}, {"wd": "shoved (off)"}, {"wd": "stepped (along)"}, {"wd": "vamoosed"}, {"wd": "walked out"}, {"wd": "went"}, {"wd": "went off"}]], "rel_list": [[{"wd": "set out"}, {"wd": "started"}, {"wd": "struck out"}], [{"wd": "absconded"}, {"wd": "decamped"}, {"wd": "escaped"}, {"wd": "evacuated"}, {"wd": "fled"}, {"wd": "flew"}, {"wd": "got out"}, {"wd": "mizzled", "wsls": ["chiefly British"]}, {"wd": "ran away"}, {"wd": "scatted"}, {"wd": "scrammed"}, {"wd": "skipped"}], [{"wd": "lit", "wvrs": [{"wvl": "or", "wva": "lighted out"}]}, {"wd": "stepped out"}, {"wd": "went out"}], [{"wd": "abandoned"}, {"wd": "deserted"}, {"wd": "forsook"}, {"wd": "vacated"}], [{"wd": "emigrated"}], [{"wd": "adjourned"}, {"wd": "removed"}, {"wd": "retired"}, {"wd": "retreated"}, {"wd": "withdrew"}]], "phrase_list": [[{"wd": "beat it"}, {"wd": "hit the road"}, {"wd": "pulled stakes", "wvrs": [{"wvl": "or", "wva": "pulled up stakes"}]}, {"wd": "took a hike", "wvrs": [{"wvl": "also", "wva": "took a walk"}]}, {"wd": "took a powder"}]], "near_list": [[{"wd": "abided", "wvrs": [{"wvl": "also", "wva": "abode"}]}, {"wd": "dwelled", "wvrs": [{"wvl": "or", "wva": "dwelt"}]}, {"wd": "lodged"}, {"wd": "remained"}, {"wd": "settled"}, {"wd": "stayed"}, {"wd": "tarried"}], [{"wd": "approached"}, {"wd": "closed"}, {"wd": "neared"}], [{"wd": "hit"}, {"wd": "landed"}, {"wd": "reached"}]], "ant_list": [[{"wd": "arrived"}, {"wd": "came"}, {"wd": "showed up"}, {"wd": "turned up"}]]}]], [["sense", {"sn": "2", "dt": [["text", "to rid oneself of (a garment) "], ["vis", [{"t": "{it}take off{/it} your coat and stay awhile"}]]], "syn_list": [[{"wd": "doffed"}, {"wd": "doused"}, {"wd": "peeled (off)"}, {"wd": "put off"}, {"wd": "removed"}, {"wd": "shrugged off"}]], "rel_list": [[{"wd": "husked"}, {"wd": "shed"}], [{"wd": "kicked (off)"}], [{"wd": "disrobed"}, {"wd": "stripped", "wvrs": [{"wvl": "also", "wva": "stript"}]}, {"wd": "undressed"}]], "near_list": [[{"wd": "wore"}], [{"wd": "appareled", "wvrs": [{"wvl": "or", "wva": "apparelled"}]}, {"wd": "arrayed"}, {"wd": "attired"}, {"wd": "bedecked"}, {"wd": "clothed", "wvrs": [{"wvl": "or", "wva": "clad"}]}, {"wd": "dressed"}, {"wd": "garbed"}, {"wd": "rigged"}, {"wd": "robed"}, {"wd": "suited"}]], "ant_list": [[{"wd": "donned"}, {"wd": "put on"}, {"wd": "slipped (into)"}, {"wd": "threw (on)"}]]}]], [["sense", {"sn": "3", "dt": [["text", "to take away (an amount or number) from a total "], ["vis", [{"t": "the store will {it}take{/it} an additional 20% {it}off{/it} if you bring in this coupon"}]]], "syn_list": [[{"wd": "abated"}, {"wd": "deducted"}, {"wd": "knocked off"}, {"wd": "subtracted"}]], "rel_list": [[{"wd": "decreased"}, {"wd": "diminished"}, {"wd": "discounted"}, {"wd": "downsized"}, {"wd": "dwindled"}, {"wd": "knocked down"}, {"wd": "lessened"}, {"wd": "lowered"}, {"wd": "reduced"}], [{"wd": "abbreviated"}, {"wd": "abridged"}, {"wd": "clipped"}, {"wd": "cropped"}, {"wd": "curtailed"}, {"wd": "cut"}, {"wd": "cut back"}, {"wd": "cut down"}, {"wd": "docked"}, {"wd": "pared"}, {"wd": "pruned"}, {"wd": "retrenched"}, {"wd": "shortened"}, {"wd": "slashed"}, {"wd": "trimmed"}, {"wd": "truncated"}, {"wd": "whittled"}]], "near_list": [[{"wd": "adjoined"}, {"wd": "annexed"}, {"wd": "appended"}], [{"wd": "complemented"}, {"wd": "supplemented"}], [{"wd": "enhanced"}, {"wd": "heightened"}, {"wd": "intensified"}, {"wd": "magnified"}], [{"wd": "aggrandized"}, {"wd": "amplified"}, {"wd": "augmented"}, {"wd": "beefed (up)"}, {"wd": "boosted"}, {"wd": "compounded"}, {"wd": "enlarged"}, {"wd": "escalated"}, {"wd": "expanded"}, {"wd": "increased"}, {"wd": "multiplied"}, {"wd": "raised"}]], "ant_list": [[{"wd": "added"}, {"wd": "tacked (on)"}]]}]], [["sense", {"sn": "4", "sls": ["slang"], "dt": [["text", "to remove valuables from (a place) unlawfully "], ["vis", [{"t": "a gangbanger who decided to {it}take off{/it} some fast-food joint"}]]], "syn_list": [[{"wd": "burglarized"}, {"wd": "burgled"}, {"wd": "knocked off"}, {"wd": "knocked over"}, {"wd": "ripped off"}, {"wd": "robbed"}, {"wd": "stole (from)"}]], "rel_list": [[{"wd": "ransacked"}, {"wd": "rifled"}], [{"wd": "despoiled"}, {"wd": "looted"}, {"wd": "pillaged"}, {"wd": "plundered"}, {"wd": "ravished"}, {"wd": "sacked"}, {"wd": "spoiled", "wvrs": [{"wvl": "or chiefly British", "wva": "spoilt"}]}, {"wd": "stripped", "wvrs": [{"wvl": "also", "wva": "stript"}]}], [{"wd": "bled"}, {"wd": "broke in"}, {"wd": "cheated"}, {"wd": "chiseled", "wvrs": [{"wvl": "or", "wva": "chiselled"}]}, {"wd": "cozened"}, {"wd": "defrauded"}, {"wd": "exploited"}, {"wd": "fleeced"}, {"wd": "hustled"}, {"wd": "mulcted"}, {"wd": "plucked"}, {"wd": "rooked"}, {"wd": "shortchanged"}, {"wd": "skinned"}, {"wd": "squeezed"}, {"wd": "stuck"}, {"wd": "stung"}, {"wd": "swindled"}], [{"wd": "held up"}, {"wd": "mugged"}, {"wd": "rolled"}, {"wd": "stuck up"}]]}]]]}], "shortdef": ["to leave a place often for another", "to rid oneself of (a garment)", "to take away (an amount or number) from a total"]}, {"meta": {"id": "took on", "uuid": "ceb27560-dc1f-45ee-b34e-a0d13dbe74c7", "src": "coll_thes", "section": "alpha", "stems": ["took on"], "syns": [["battled", "encountered", "engaged", "faced", "met"], ["assumed", "employed", "engaged", "feed", "hired", "laid on", "paid", "placed", "recruited", "retained", "signed (up or on)"], ["adopted", "borrowed", "embraced", "espoused", "took up"]], "ants": [["axed", "canned", "discharged", "dismissed", "fired", "sacked"]], "offensive": false}, "hwi": {"hw": "took on"}, "fl": "verb", "sls": ["past tense of {d_link|take on|take on}"], "def": [{"sseq": [[["sense", {"sn": "1", "dt": [["text", "to enter into contest or conflict with "], ["vis", [{"t": "will {it}take on{/it} his chief opponent in the next political debate"}]]], "syn_list": [[{"wd": "battled"}, {"wd": "encountered"}, {"wd": "engaged"}, {"wd": "faced"}, {"wd": "met"}]], "rel_list": [[{"wd": "emulated"}, {"wd": "rivaled", "wvrs": [{"wvl": "or", "wva": "rivalled"}]}], [{"wd": "contended"}, {"wd": "fought"}, {"wd": "opposed"}]], "near_list": [[{"wd": "eluded"}, {"wd": "escaped"}, {"wd": "evaded"}], [{"wd": "retreated"}]]}]], [["sense", {"sn": "2", "dt": [["text", "to provide with a paying job "], ["vis", [{"t": "decided to {it}take{/it} her {it}on{/it} as store manager"}]]], "syn_list": [[{"wd": "assumed"}, {"wd": "employed"}, {"wd": "engaged"}, {"wd": "feed", "wsls": ["chiefly Scottish"]}, {"wd": "hired"}, {"wd": "laid on", "wsls": ["chiefly British"]}, {"wd": "paid"}, {"wd": "placed"}, {"wd": "recruited"}, {"wd": "retained"}, {"wd": "signed (up or on)"}]], "rel_list": [[{"wd": "reemployed", "wvrs": [{"wvl": "or", "wva": "re-employed"}]}, {"wd": "reengaged", "wvrs": [{"wvl": "or", "wva": "re-engaged"}]}, {"wd": "rehired"}], [{"wd": "apprenticed"}, {"wd": "contracted"}, {"wd": "jobbed"}, {"wd": "partnered"}, {"wd": "subcontracted"}], [{"wd": "enlisted"}], [{"wd": "advanced"}, {"wd": "promoted"}, {"wd": "upgraded"}], [{"wd": "kept (on)"}], [{"wd": "headhunted"}, {"wd": "scouted"}]], "near_list": [[{"wd": "furloughed"}, {"wd": "laid off"}, {"wd": "locked out"}]], "ant_list": [[{"wd": "axed"}, {"wd": "canned"}, {"wd": "discharged"}, {"wd": "dismissed"}, {"wd": "fired"}, {"wd": "sacked"}]]}]], [["sense", {"sn": "3", "dt": [["text", "to take for one's own use (something originated by another) "], ["vis", [{"t": "recently arrived immigrants who are eager to {it}take on{/it} the language and culture of their adopted homeland"}]]], "syn_list": [[{"wd": "adopted"}, {"wd": "borrowed"}, {"wd": "embraced"}, {"wd": "espoused"}, {"wd": "took up"}]], "rel_list": [[{"wd": "domesticated"}, {"wd": "naturalized"}], [{"wd": "appropriated"}, {"wd": "arrogated"}, {"wd": "took over"}, {"wd": "usurped"}], [{"wd": "absorbed"}, {"wd": "assimilated"}, {"wd": "incorporated"}, {"wd": "quoted"}], [{"wd": "cherished"}, {"wd": "prized"}, {"wd": "treasured"}], [{"wd": "cultivated"}, {"wd": "followed"}, {"wd": "heeded"}, {"wd": "honored"}], [{"wd": "used"}, {"wd": "utilized"}], [{"wd": "brought up"}, {"wd": "fostered"}, {"wd": "nurtured"}, {"wd": "raised"}, {"wd": "reared"}], [{"wd": "affected"}, {"wd": "assumed"}, {"wd": "copied"}, {"wd": "imitated"}, {"wd": "pretended"}, {"wd": "put on"}, {"wd": "simulated"}]], "phrase_list": [[{"wd": "picked up on"}]], "near_list": [[{"wd": "abandoned"}, {"wd": "forsook"}, {"wd": "gave up"}, {"wd": "relinquished"}, {"wd": "surrendered"}], [{"wd": "abjured"}, {"wd": "abnegated"}, {"wd": "disowned"}], [{"wd": "rejected"}, {"wd": "renounced"}, {"wd": "repudiated"}, {"wd": "spurned"}], [{"wd": "discarded"}, {"wd": "jettisoned"}, {"wd": "junked"}, {"wd": "threw away"}, {"wd": "threw out"}]]}]]]}], "shortdef": ["to enter into contest or conflict with", "to provide with a paying job", "to take for one's own use (something originated by another)"]}]