[{"meta": {"id": "took", "uuid": "aaec4b27-ab6c-407d-934c-058b6a2e04e2", "sort": "200275500", "src": "collegiate", "section": "alpha", "stems": ["take", "took"], "offensive": false}, "hwi": {"hw": "took"}, "cxs": [{"cxl": "past tense of", "cxtis": [{"cxt": "take"}]}], "shortdef": []}, {"meta": {"id": "take:1", "uuid": "da5d2045-2b5e-483b-8d36-47a81db8b027", "sort": "200018600", "src": "collegiate", "section": "alpha", "stems": ["take", "take a back seat", "take a bath", "take a hike", "take a powder", "take a walk", "take account of", "take advantage of", "take after", "take aim at", "take apart", "take care", "take care of", "take charge", "take effect", "take exception", "take five", "take for", "take for a ride", "take for granted", "take heart", "take hold", "take in vain", "take into account", "take issue", "take it on the chin", "take kindly to", "take no prisoners", "take notice of", "take one's time", "take part", "take place", "take root", "take shape", "take ship", "take ten", "take the cake", "take the count", "take the floor", "take the mickey", "take the mickey out of", "take the plunge", "take to", "take to court", "take to task", "take to the cleaners", "take turns", "taken", "taken a back seat", "taken a bath", "taken a hike", "taken a powder", "taken a walk", "taken account of", "taken advantage of", "taken after", "taken aim at", "taken apart", "taken care", "taken care of", "taken charge", "taken effect", "taken exception", "taken five", "taken for", "taken for a ride", "taken for granted", "taken heart", "taken hold", "taken in vain", "taken into account", "taken issue", "taken it on the chin", "taken kindly to", "taken no prisoners", "taken notice of", "taken one's time", "taken part", "taken place", "taken root", "taken shape", "taken ship", "taken ten", "taken the cake", "taken the count", "taken the floor", "taken the mickey", "taken the mickey out of", "taken the plunge", "taken to", "taken to court", "taken to task", "taken to the cleaners", "taken turns", "taker", "takers", "takes", "takes a back seat", "takes a bath", "takes a hike", "takes a powder", "takes a walk", "takes account of", "takes advantage of", "takes after", "takes aim at", "takes apart", "takes care", "takes care of", "takes charge", "takes effect", "takes exception", "takes five", "takes for", "takes for a ride", "takes for granted", "takes heart", "takes hold", "takes in vain", "takes into account", "takes issue", "takes it on the chin", "takes kindly to", "takes no prisoners", "takes notice of", "takes one's time", "takes part", "takes place", "takes root", "takes shape", "takes ship", "takes ten", "takes the cake", "takes the count", "takes the floor", "takes the mickey", "takes the mickey out of", "takes the plunge", "takes to", "takes to court", "takes to task", "takes to the cleaners", "takes turns", "taking", "taking a back seat", "taking a bath", "taking a hike", "taking a powder", "taking a walk", "taking account of", "taking advantage of", "taking after", "taking aim at", "taking apart", "taking care", "taking care of", "taking charge", "taking effect", "taking exception", "taking five", "taking for", "taking for a ride", "taking for granted", "taking heart", "taking hold", "taking in vain", "taking into account", "taking issue", "taking it on the chin", "taking kindly to", "taking no prisoners", "taking notice of", "taking one's time", "taking part", "taking place", "taking root", "taking shape", "taking ship", "taking ten", "taking the cake", "taking the count", "taking the floor", "taking the mickey", "taking the mickey out of", "taking the plunge", "taking to", "taking to court", "taking to task", "taking to the cleaners", "taking turns", "took", "took a back seat", "took a bath", "took a hike", "took a powder", "took a walk", "took account of", "took advantage of", "took after", "took aim at", "took apart", "took care", "took care of", "took charge", "took effect", "took exception", "took five", "took for", "took for a ride", "took for granted", "took heart", "took hold", "took in vain", "took into account", "took issue", "took it on the chin", "took kindly to", "took no prisoners", "took notice of", "took one's time", "took part", "took place", "took root", "took shape", "took ship", "took ten", "took the cake", "took the count", "took the floor", "took the mickey", "took the mickey out of", "took the plunge", "took to", "took to court", "took to task", "took to the cleaners", "took turns"], "offensive": false}, "hom": 1, "hwi": {"hw": "take", "prs": [{"mw": "\u02c8t\u0101k", "sound": {"audio": "take0001", "ref": "c", "stat": "1"}}]}, "fl": "verb", "ins": [{"if": "took", "prs": [{"mw": "\u02c8tu\u0307k", "sound": {"audio": "take0002", "ref": "c", "stat": "1"}}]}, {"if": "tak*en", "prs": [{"mw": "\u02c8t\u0101-k\u0259n", "sound": {"audio": "take0003", "ref": "c", "stat": "1"}}]}, {"if": "tak*ing"}], "def": [{"vd": "transitive verb", "sseq": [[["bs", {"sense": {"sn": "1", "dt": [["text", "{bc}to get into one's hands or into one's possession, power, or control: such as"]]}}], ["sense", {"sn": "a", "dt": [["text", "{bc}to seize or capture physically "], ["vis", [{"t": "{it}took{/it} them as prisoners"}]]]}], ["sense", {"sn": "b", "dt": [["text", "{bc}to get possession of (fish or game) by killing or capturing"]]}], ["pseq", [["sense", {"sn": "c (1)", "dt": [["text", "{bc}to move against (an opponent's piece, as in chess) and remove from play"]]}], ["sense", {"sn": "(2)", "dt": [["text", "{bc}to win in a card game "], ["vis", [{"t": "able to {wi}take{/wi} 12 tricks"}]]]}]]], ["sense", {"sn": "d", "dt": [["text", "{bc}to acquire by eminent domain"]]}]], [["sense", {"sn": "2", "dt": [["text", "{bc}{sx|grasp||}, {sx|grip||} "], ["vis", [{"t": "{wi}take{/wi} the ax by the handle"}]]]}]], [["sense", {"sn": "3 a", "dt": [["text", "{bc}to catch or attack through the effect of a sudden force or influence "], ["vis", [{"t": "{it}taken{/it} with a fit of laughing"}, {"t": "{it}taken{/it} ill"}]]]}], ["sense", {"sn": "b", "dt": [["text", "{bc}to catch or come upon in a particular situation or action "], ["vis", [{"t": "was {it}taken{/it} unawares"}]]]}], ["sense", {"sn": "c", "dt": [["text", "{bc}to gain the approval or liking of {bc}{sx|captivate||}, {sx|delight||} "], ["vis", [{"t": "was quite {it}taken{/it} with her at their first meeting"}]]]}]], [["sense", {"sn": "4 a", "dt": [["text", "{bc}to receive into one's body (as by swallowing, drinking, or inhaling) "], ["vis", [{"t": "{wi}take{/wi} a pill"}]]]}], ["sense", {"sn": "b", "dt": [["text", "{bc}to put oneself into (sun, air, water, etc.) for pleasure or physical benefit"]]}], ["sense", {"sn": "c", "dt": [["text", "{bc}to partake of {bc}{sx|eat||} "], ["vis", [{"t": "{wi}takes{/wi} dinner about seven"}]]]}]], [["sense", {"sn": "5 a", "dt": [["text", "{bc}to bring or receive into a relation or connection "], ["vis", [{"t": "{wi}takes{/wi} just four students a year"}, {"t": "it's time he {it}took{/it} a wife"}]]]}], ["sense", {"sn": "b", "dt": [["text", "{bc}to copulate with"]]}]], [["bs", {"sense": {"sn": "6", "dt": [["text", "{bc}to transfer into one's own keeping:"]]}}], ["sense", {"sn": "a", "dt": [["text", "{bc}{sx|appropriate||} "], ["vis", [{"t": "someone {it}took{/it} my hat"}]]]}], ["sense", {"sn": "b", "dt": [["text", "{bc}to obtain or secure for use (as by lease, subscription, or purchase) "], ["vis", [{"t": "{wi}take{/wi} a cottage for the summer"}, {"t": "I'll {wi}take{/wi} the red one"}, {"t": "{it}took{/it} an ad in the paper"}]]]}]], [["sense", {"sn": "7 a", "dt": [["text", "{bc}{sx|assume||} "], ["vis", [{"t": "gods often {it}took{/it} the likeness of a human being"}, {"t": "when the college {it}took{/it} its present form"}]]]}], ["pseq", [["sense", {"sn": "b (1)", "dt": [["text", "{bc}to enter into or undertake the duties of "], ["vis", [{"t": "{wi}take{/wi} a job"}, {"t": "{wi}take{/wi} office"}]]]}], ["sense", {"sn": "(2)", "dt": [["text", "{bc}to move onto or into {bc}move into position on "], ["vis", [{"t": "the home team {it}took{/it} the field"}, {"t": "{wi}take{/wi} the witness stand"}]]]}]]], ["pseq", [["sense", {"sn": "c (1)", "dt": [["text", "{bc}to bind oneself by "], ["vis", [{"t": "{wi}take{/wi} the oath of office"}]]]}], ["sense", {"sn": "(2)", "dt": [["text", "{bc}to make (a decision) especially with finality or authority"]]}]]], ["sense", {"sn": "d", "dt": [["text", "{bc}to impose upon oneself "], ["vis", [{"t": "{wi}take{/wi} the trouble to do good work"}, {"t": "{wi}take{/wi} pains to make her feel welcome"}]]]}], ["pseq", [["sense", {"sn": "e (1)", "dt": [["text", "{bc}to adopt as one's own "], ["vis", [{"t": "{wi}take{/wi} a stand on the issue"}, {"t": "{wi}take{/wi} an interest"}]]]}], ["sense", {"sn": "(2)", "dt": [["text", "{bc}to align or ally oneself with "], ["vis", [{"t": "mother {it}took{/it} his side"}]]]}]]], ["sense", {"sn": "f", "dt": [["text", "{bc}to assume as if rightfully one's own or as if granted "], ["vis", [{"t": "{wi}take{/wi} the credit"}]]]}], ["sense", {"sn": "g", "dt": [["text", "{bc}to accept the burden or consequences of "], ["vis", [{"t": "{it}took{/it} the blame"}]]]}], ["sense", {"sn": "h", "dt": [["text", "{bc}to have or assume as a proper part of or accompaniment to itself "], ["vis", [{"t": "transitive verbs {wi}take{/wi} an object"}]]]}]], [["sense", {"sn": "8 a", "dt": [["text", "{bc}to secure by winning in competition "], ["vis", [{"t": "{it}took{/it} first place"}]]]}], ["sense", {"sn": "b", "dt": [["text", "{bc}{sx|defeat||}"]]}]], [["sense", {"sn": "9", "dt": [["text", "{bc}to pick out {bc}{sx|choose||}, {sx|select||} "], ["vis", [{"t": "{it}took{/it} the best apple"}]]]}]], [["bs", {"sense": {"sn": "10", "dt": [["text", "{bc}to adopt, choose, or avail oneself of for use: such as"]]}}], ["sense", {"sn": "a", "dt": [["text", "{bc}to have recourse to as an instrument for doing something "], ["vis", [{"t": "{wi}take{/wi} a scythe to the weeds"}]]]}], ["sense", {"sn": "b", "dt": [["text", "{bc}to use as a means of transportation or progression "], ["vis", [{"t": "{wi}take{/wi} the bus"}]]]}], ["sense", {"sn": "c", "dt": [["text", "{bc}to have recourse to for safety or refuge "], ["vis", [{"t": "{wi}take{/wi} shelter"}]]]}], ["sense", {"sn": "d", "dt": [["text", "{bc}to go along, into, or through "], ["vis", [{"t": "{it}took{/it} a different route"}]]]}], ["pseq", [["sense", {"sn": "e (1)", "dt": [["text", "{bc}to proceed to occupy "], ["vis", [{"t": "{wi}take{/wi} a seat in the rear"}]]]}], ["sense", {"sn": "(2)", "dt": [["text", "{bc}to use up (space, time, etc.) "], ["vis", [{"t": "{wi}takes{/wi} a long time to dry"}]]]}], ["sense", {"sn": "(3)", "dt": [["text", "{bc}{sx|need||}, {sx|require||} "], ["vis", [{"t": "{wi}takes{/wi} a size nine shoe"}, {"t": "it {wi}takes{/wi} two to start a fight"}]]]}]]]], [["sense", {"sn": "11 a", "dt": [["text", "{bc}to obtain by deriving from a source {bc}{sx|draw||} "], ["vis", [{"t": "{wi}takes{/wi} its title from the name of the hero"}]]]}], ["pseq", [["sense", {"sn": "b (1)", "dt": [["text", "{bc}to obtain as the result of a special procedure {bc}{sx|ascertain||} "], ["vis", [{"t": "{wi}take{/wi} the temperature"}, {"t": "{wi}take{/wi} a census"}]]]}], ["sense", {"sn": "(2)", "dt": [["text", "{bc}to get in or as if in writing "], ["vis", [{"t": "{wi}take{/wi} notes"}, {"t": "{wi}take{/wi} an inventory"}]]]}], ["sense", {"sn": "(3)", "dt": [["text", "{bc}to get by drawing or painting or by photography "], ["vis", [{"t": "{wi}take{/wi} a snapshot"}]]]}], ["sense", {"sn": "(4)", "dt": [["text", "{bc}to get by transference from one surface to another "], ["vis", [{"t": "{wi}take{/wi} a proof"}, {"t": "{wi}take{/wi} fingerprints"}]]]}]]]], [["pseq", [["bs", {"sense": {"sn": "12", "dt": [["text", "{bc}to receive or accept whether willingly or reluctantly "], ["vis", [{"t": "{wi}take{/wi} a bribe"}, {"t": "will you {wi}take{/wi} this call"}, {"t": "{wi}take{/wi} a bet"}]], ["text", ": such as"]]}}], ["sense", {"sn": "a (1)", "dt": [["text", "{bc}to submit to {bc}{sx|endure||} "], ["vis", [{"t": "{wi}take{/wi} a cut in pay"}]]]}], ["sense", {"sn": "(2)", "dt": [["text", "{bc}{sx|withstand||} "], ["vis", [{"t": "it will {wi}take{/wi} a lot of punishment"}]]]}], ["sense", {"sn": "(3)", "dt": [["text", "{bc}{sx|suffer||} "], ["vis", [{"t": "{it}took{/it} a direct hit"}]]]}]]], ["pseq", [["sense", {"sn": "b (1)", "dt": [["text", "{bc}to accept as true {bc}{sx|believe||} "], ["vis", [{"t": "I'll {wi}take{/wi} your word for it"}]]]}], ["sense", {"sn": "(2)", "dt": [["text", "{bc}{sx|follow||} "], ["vis", [{"t": "{wi}take{/wi} my advice"}]]]}], ["sense", {"sn": "(3)", "dt": [["text", "{bc}to accept or regard with the mind in a specified way "], ["vis", [{"t": "{it}took{/it} the news hard"}, {"t": "you {wi}take{/wi} yourself too seriously"}]]]}]]], ["sense", {"sn": "c", "dt": [["text", "{bc}to indulge in and enjoy "], ["vis", [{"t": "was {it}taking{/it} his ease on the porch"}]]]}], ["sense", {"sn": "d", "dt": [["text", "{bc}to receive or accept as a return (as in payment, compensation, or reparation) "], ["vis", [{"t": "we don't {wi}take{/wi} credit cards"}]]]}], ["sense", {"sn": "e", "dt": [["text", "{bc}to accept in a usually professional relationship "], ["uns", [[["text", "often used with {it}on{/it} "], ["vis", [{"t": "agreed to {wi}take{/wi} him on as a client"}]]]]]]}], ["sense", {"sn": "f", "dt": [["text", "{bc}to refrain from hitting at (a pitched ball) "], ["vis", [{"t": "{wi}take{/wi} a strike"}]]]}]], [["pseq", [["sense", {"sn": "13 a (1)", "dt": [["text", "{bc}to let in {bc}{sx|admit||} "], ["vis", [{"t": "the boat was {it}taking{/it} water fast"}]]]}], ["sense", {"sn": "(2)", "dt": [["text", "{bc}{sx|accommodate||} "], ["vis", [{"t": "the suitcase wouldn't {wi}take{/wi} another thing"}]]]}]]], ["sense", {"sn": "b", "dt": [["text", "{bc}to be affected injuriously by (something, such as a disease) {bc}{sx|contract||} "], ["vis", [{"t": "{wi}take{/wi} cold"}]]], "sdsense": {"sd": "also", "dt": [["text", "{bc}to be seized by "], ["vis", [{"t": "{wi}take{/wi} a fit"}, {"t": "{wi}take{/wi} fright"}]]]}}], ["sense", {"sn": "c", "dt": [["text", "{bc}to absorb or become impregnated with (something, such as dye)"]], "sdsense": {"sd": "also", "dt": [["text", "{bc}to be effectively treated by "], ["vis", [{"t": "a surface that {wi}takes{/wi} a fine polish"}]]]}}]], [["sense", {"sn": "14 a", "dt": [["text", "{bc}{sx|apprehend||}, {sx|understand||} "], ["vis", [{"t": "how should I {wi}take{/wi} your remark"}]]]}], ["sense", {"sn": "b", "dt": [["text", "{bc}{sx|consider||}, {sx|suppose||} "], ["vis", [{"t": "I {wi}take{/wi} it you're not going"}]]]}], ["sense", {"sn": "c", "dt": [["text", "{bc}{sx|reckon||}, {sx|accept||} "], ["vis", [{"t": "{it}taking{/it} a stride at 30 inches"}]]]}], ["sense", {"sn": "d", "dt": [["text", "{bc}{sx|feel||}, {sx|experience||} "], ["vis", [{"t": "{wi}take{/wi} pleasure"}, {"t": "{wi}take{/wi} an instant dislike to someone"}, {"t": "{wi}take{/wi} offense"}]]]}]], [["sense", {"sn": "15 a", "dt": [["text", "{bc}to lead, carry, or cause to go along to another place "], ["vis", [{"t": "this bus will {wi}take{/wi} you into town"}, {"t": "{it}took{/it} an umbrella with her"}]]]}], ["sense", {"sn": "b", "dt": [["text", "{bc}to cause to move to a specified state, condition, or sphere of activity "], ["vis", [{"t": "{it}took{/it} the company public"}, {"t": "{it}took{/it} his team to the finals"}]]]}], ["sense", {"sn": "c", "dt": [["text", "{bc}to invite and accompany (someone) "], ["vis", [{"t": "She {wi}took{/wi} me to the movies."}, {"t": "He {wi}took{/wi} her on a date."}, {"t": "They {wi}took{/wi} the kids to the movies."}]], ["uns", [[["text", " often + {it}out{/it} "], ["vis", [{"t": "He {wi}took{/wi} her out to dinner."}]]]]]]}], ["sense", {"sn": "d", "dt": [["text", "{bc}to stop prescribing a specified regimen to "], ["uns", [[["text", "used with {it}off{/it} "], ["vis", [{"t": "{it}took{/it} him off the medication"}]]]]]]}]], [["sense", {"sn": "16 a", "dt": [["text", "{bc}{sx|remove||} "], ["vis", [{"t": "{wi}take{/wi} eggs from a nest"}]]]}], ["pseq", [["sense", {"sn": "b (1)", "dt": [["text", "{bc}to put an end to (life)"]]}], ["sense", {"sn": "(2)", "dt": [["text", "{bc}to remove by death "], ["vis", [{"t": "was {it}taken{/it} in his prime"}]]]}]]], ["sense", {"sn": "c", "dt": [["text", "{bc}{sx|subtract||} "], ["vis", [{"t": "{wi}take{/wi} two from four"}]]]}], ["sense", {"sn": "d", "dt": [["text", "{bc}{sx|exact||} "], ["vis", [{"t": "the weather {it}took{/it} its toll"}]]]}]], [["sense", {"sn": "17 a", "dt": [["text", "{bc}to undertake and make, do, or perform "], ["vis", [{"t": "{wi}take{/wi} a walk"}, {"t": "{wi}take{/wi} aim"}, {"t": "{wi}take{/wi} legal action"}, {"t": "{wi}take{/wi} a test"}, {"t": "{wi}take{/wi} a look"}]]]}], ["sense", {"sn": "b", "dt": [["text", "{bc}to participate in "], ["vis", [{"t": "{wi}take{/wi} a meeting"}]]]}]], [["sense", {"sn": "18 a", "dt": [["text", "{bc}to deal with "], ["vis", [{"t": "{wi}take{/wi} first things first"}]]]}], ["sense", {"sn": "b", "dt": [["text", "{bc}to consider or view in a particular relation "], ["vis", [{"t": "{it}taken{/it} together, the details were significant"}]]], "sdsense": {"sd": "especially", "dt": [["text", "{bc}to consider as an example "], ["vis", [{"t": "{wi}take{/wi} style, for instance"}]]]}}], ["pseq", [["sense", {"sn": "c (1)", "dt": [["text", "{bc}to apply oneself to the study of "], ["vis", [{"t": "{wi}take{/wi} music lessons"}, {"t": "{wi}take{/wi} French"}]]]}], ["sense", {"sn": "(2)", "dt": [["text", "{bc}to study for especially successfully "], ["vis", [{"t": "{it}taking{/it} a degree in engineering"}, {"t": "{it}took{/it} holy orders"}]]]}]]]], [["sense", {"sn": "19", "dt": [["text", "{bc}to obtain money from especially fraudulently "], ["vis", [{"t": "{it}took{/it} me for all I had"}]]]}]], [["sense", {"sn": "20", "dt": [["text", "{bc}to pass or attempt to pass through, along, or over "], ["vis", [{"t": "{it}took{/it} the curve too fast"}, {"t": "{wi}take{/wi} the stairs two at a time"}]]]}]]]}, {"vd": "intransitive verb", "sseq": [[["bs", {"sense": {"sn": "1", "dt": [["text", "{bc}to obtain possession: such as"]]}}], ["sense", {"sn": "a", "dt": [["text", "{bc}{sx|capture||}"]]}], ["sense", {"sn": "b", "dt": [["text", "{bc}to receive property under law as one's own"]]}]], [["sense", {"sn": "2", "dt": [["text", "{bc}to lay hold {bc}{sx|catch||}, {sx|hold||}"]]}]], [["sense", {"sn": "3", "dt": [["text", "{bc}to establish a take especially by uniting or growing "], ["vis", [{"t": "90 percent of the grafts {wi}take{/wi}"}]]]}]], [["sense", {"sn": "4 a", "dt": [["text", "{bc}to betake oneself {bc}set out {bc}{sx|go||} "], ["vis", [{"t": "{wi}take{/wi} after a purse snatcher"}]]]}], ["sense", {"sn": "b", "sls": ["chiefly dialectal"], "dt": [["uns", [[["text", "used as an intensifier or redundantly with a following verb "], ["vis", [{"t": "{it}took{/it} and swung at the ball"}]]]]]]}]], [["sense", {"sn": "5 a", "dt": [["text", "{bc}to take effect {bc}{sx|act||}, {sx|operate||} "], ["vis", [{"t": "hoped the lesson he taught would {wi}take{/wi}"}]]]}], ["sense", {"sn": "b", "dt": [["text", "{bc}to show the natural or intended effect "], ["vis", [{"t": "dry fuel {wi}takes{/wi} readily"}]]]}]], [["sense", {"sn": "6", "dt": [["text", "{bc}{sx|charm||}, {sx|captivate||} "], ["vis", [{"t": "a {it}taking{/it} smile"}]]]}]], [["sense", {"sn": "7", "dt": [["text", "{bc}{sx|detract||}"]]}]], [["sense", {"sn": "8", "dt": [["text", "{bc}to be seized or attacked in a specified way {bc}{sx|become||} "], ["vis", [{"t": "{it}took{/it} sick"}]]]}]]]}], "uros": [{"ure": "tak*er", "fl": "noun"}], "dros": [{"drp": "take a back seat", "def": [{"sseq": [[["sense", {"dt": [["text", "{bc}to have or assume a secondary position or status"]]}]]]}]}, {"drp": "take a bath", "def": [{"sseq": [[["sense", {"dt": [["text", "{bc}to suffer a heavy financial loss"]]}]]]}]}, {"drp": "take account of", "def": [{"sseq": [[["sense", {"dt": [["text", "{bc}to take into account"]]}]]]}]}, {"drp": "take advantage of", "def": [{"sseq": [[["sense", {"sn": "1", "dt": [["text", "{bc}to use to advantage {bc}profit by"]]}]], [["sense", {"sn": "2", "dt": [["text", "{bc}to impose on {bc}{sx|exploit||}"]], "sdsense": {"sd": "also", "dt": [["text", "{bc}to exploit sexually"]]}}]]]}]}, {"drp": "take after", "def": [{"sseq": [[["sense", {"dt": [["text", "{bc}to resemble in features, build, character, or disposition"]]}]]]}]}, {"drp": "take a hike", "vrs": [{"vl": "or less commonly", "va": "take a walk"}], "def": [{"sseq": [[["sense", {"dt": [["text", "{bc}to go away {bc}{sx|leave||}"]]}]]]}]}, {"drp": "take aim at", "def": [{"sseq": [[["sense", {"dt": [["text", "{bc}{sx|target||1} "], ["vis", [{"t": "new legislation that {it}takes aim at{/it} crime"}]]]}]]]}]}, {"drp": "take apart", "def": [{"sseq": [[["sense", {"sn": "1", "dt": [["text", "{bc}to disconnect the pieces of {bc}{sx|disassemble||}"]]}]], [["sense", {"sn": "2", "dt": [["text", "{bc}to treat roughly or harshly {bc}tear into"]]}]]]}]}, {"drp": "take a powder", "def": [{"sseq": [[["sense", {"dt": [["text", "{bc}to leave hurriedly"]]}]]]}]}, {"drp": "take care", "def": [{"sseq": [[["sense", {"dt": [["text", "{bc}to be careful or watchful {bc}exercise caution or prudence"]]}]]]}]}, {"drp": "take care of", "def": [{"sseq": [[["sense", {"dt": [["text", "{bc}to attend to or provide for the needs, operation, or treatment of"]]}]]]}]}, {"drp": "take charge", "def": [{"sseq": [[["sense", {"dt": [["text", "{bc}to assume care, custody, command, or control"]]}]]]}]}, {"drp": "take effect", "def": [{"sseq": [[["sense", {"sn": "1", "dt": [["text", "{bc}to become operative"]]}]], [["sense", {"sn": "2", "dt": [["text", "{bc}to be effective"]]}]]]}]}, {"drp": "take exception", "def": [{"sseq": [[["sense", {"dt": [["text", "{bc}{sx|object||} "], ["vis", [{"t": "{it}took exception{/it} to the remark"}]]]}]]]}]}, {"drp": "take five", "vrs": [{"vl": "or", "va": "take ten"}], "def": [{"sseq": [[["sense", {"dt": [["text", "{bc}to take a break especially from work"]]}]]]}]}, {"drp": "take for", "def": [{"sseq": [[["sense", {"dt": [["text", "{bc}to suppose to be"]], "sdsense": {"sd": "especially", "dt": [["text", "{bc}to suppose mistakenly to be"]]}}]]]}]}, {"drp": "take for a ride", "def": [{"sseq": [[["sense", {"dt": [["text", "{bc}{sx|trick||}, {sx|cheat||}"]]}]]]}]}, {"drp": "take for granted", "def": [{"sseq": [[["sense", {"sn": "1", "dt": [["text", "{bc}to assume as true, real, or expected"]]}]], [["sense", {"sn": "2", "dt": [["text", "{bc}to value too lightly"]]}]]]}]}, {"drp": "take heart", "def": [{"sseq": [[["sense", {"dt": [["text", "{bc}to gain courage or confidence"]]}]]]}]}, {"drp": "take hold", "def": [{"sseq": [[["sense", {"sn": "1", "dt": [["text", "{bc}{sx|grasp||}, {sx|grip||}, {sx|seize||}"]]}]], [["sense", {"sn": "2", "dt": [["text", "{bc}to become attached or established {bc}take effect"]]}]]]}]}, {"drp": "take into account", "def": [{"sseq": [[["sense", {"dt": [["text", "{bc}to make allowance for"]]}]]]}]}, {"drp": "take in vain", "def": [{"sseq": [[["sense", {"dt": [["text", "{bc}to use (a name) profanely or without proper respect"]]}]]]}]}, {"drp": "take issue", "def": [{"sseq": [[["sense", {"dt": [["text", "{bc}{sx|disagree||}"]]}]]]}]}, {"drp": "take it on the chin", "def": [{"sseq": [[["sense", {"dt": [["text", "{bc}to suffer from the results of a situation"]]}]]]}]}, {"drp": "take kindly to", "def": [{"sseq": [[["sense", {"dt": [["text", "{bc}to show an inclination to accept or approve"]]}]]]}]}, {"drp": "take no prisoners", "def": [{"sseq": [[["sense", {"dt": [["text", "{bc}to be merciless or relentless (as in exploiting an advantage) "], ["vis", [{"t": "a politician who {it}takes no prisoners{/it}"}]]]}]]]}]}, {"drp": "take notice of", "def": [{"sseq": [[["sense", {"dt": [["text", "{bc}to observe or treat with special attention"]]}]]]}]}, {"drp": "take one's time", "def": [{"sseq": [[["sense", {"dt": [["text", "{bc}to be leisurely about doing something"]]}]]]}]}, {"drp": "take part", "def": [{"sseq": [[["sense", {"dt": [["text", "{bc}{sx|join||}, {sx|participate||}, {sx|share||}"]]}]]]}]}, {"drp": "take place", "def": [{"sseq": [[["sense", {"dt": [["text", "{bc}{sx|happen||}, {sx|occur||}"]]}]]]}]}, {"drp": "take root", "def": [{"sseq": [[["sense", {"sn": "1", "dt": [["text", "{bc}to become rooted"]]}]], [["sense", {"sn": "2", "dt": [["text", "{bc}to become fixed or established"]]}]]]}]}, {"drp": "take shape", "def": [{"sseq": [[["sense", {"dt": [["text", "{bc}to assume a definite or distinctive form"]]}]]]}]}, {"drp": "take ship", "def": [{"sseq": [[["sense", {"dt": [["text", "{bc}set out on a voyage by ship"]]}]]]}]}, {"drp": "take the cake", "def": [{"sseq": [[["sense", {"dt": [["text", "{bc}to carry off the prize {bc}rank first"]]}]]]}]}, {"drp": "take the count", "def": [{"sseq": [[["sense", {"sn": "1", "sls": ["of a boxer"], "dt": [["text", "{bc}to be counted out"]]}]], [["sense", {"sn": "2", "dt": [["text", "{bc}to go down in defeat"]]}]]]}]}, {"drp": "take the floor", "def": [{"sseq": [[["sense", {"dt": [["text", "{bc}to rise (as in a meeting or a legislative assembly) to make a formal address"]]}]]]}]}, {"drp": "take the mickey", "def": [{"sls": ["British"], "sseq": [[["sense", {"dt": [["text", "{bc}{sx|joke||}, {sx|kid||}"]]}]]]}]}, {"drp": "take the mickey out of", "def": [{"sls": ["British"], "sseq": [[["sense", {"dt": [["text", "{bc}to make fun of {bc}{sx|tease||}"]]}]]]}]}, {"drp": "take the plunge", "def": [{"sseq": [[["sense", {"dt": [["text", "{bc}to do or undertake something decisively especially after a period of hesitation or uncertainty"]]}]]]}]}, {"drp": "take to", "def": [{"sseq": [[["sense", {"sn": "1", "dt": [["text", "{bc}to go to or into "], ["vis", [{"t": "{it}take to{/it} the woods"}]]]}]], [["sense", {"sn": "2", "dt": [["text", "{bc}to apply or devote oneself to (something, such as a practice, habit, or occupation) "], ["vis", [{"t": "{it}take to{/it} begging"}]]]}]], [["sense", {"sn": "3", "dt": [["text", "{bc}to adapt oneself to {bc}respond to "], ["vis", [{"t": "{it}takes to{/it} water like a duck"}]]]}]], [["sense", {"sn": "4", "dt": [["text", "{bc}to conceive a liking for"]]}]]]}]}, {"drp": "take to court", "def": [{"sseq": [[["sense", {"dt": [["text", "{bc}to bring before a judicial body"]], "sdsense": {"sd": "especially", "dt": [["text", "{bc}{sx|sue||1}"]]}}]]]}]}, {"drp": "take to task", "def": [{"sseq": [[["sense", {"dt": [["text", "{bc}to call to account for a shortcoming {bc}{sx|criticize||}"]]}]]]}]}, {"drp": "take to the cleaners", "def": [{"sseq": [[["sense", {"dt": [["text", "{bc}to deprive of money or possessions {bc}clean out"]]}]]]}]}, {"drp": "take turns", "def": [{"sseq": [[["sense", {"dt": [["text", "{bc}{sx|alternate||}"]]}]]]}]}], "syns": [{"pl": "synonyms", "pt": [["text", "{sc}take{/sc} {sc}seize{/sc} {sc}grasp{/sc} {sc}clutch{/sc} {sc}snatch{/sc} {sc}grab{/sc} mean to get hold of by or as if by catching up with the hand. {sc}take{/sc} is a general term applicable to any manner of getting something into one's possession or control. "], ["vis", [{"t": "{it}take{/it} some salad from the bowl"}]], ["text", " {sc}seize{/sc} implies a sudden and forcible movement in getting hold of something tangible or an apprehending of something fleeting or elusive when intangible. "], ["vis", [{"t": "{it}seized{/it} the suspect"}]], ["text", " {sc}grasp{/sc} stresses a laying hold so as to have firmly in possession. "], ["vis", [{"t": "{it}grasp{/it} the handle and pull"}]], ["text", " {sc}clutch{/sc} suggests avidity or anxiety in seizing or grasping and may imply less success in holding. "], ["vis", [{"t": "{it}clutching{/it} her purse"}]], ["text", " {sc}snatch{/sc} suggests more suddenness or quickness but less force than {sc}seize{/sc}. "], ["vis", [{"t": "{it}snatched{/it} a doughnut and ran"}]], ["text", " {sc}grab{/sc} implies more roughness or rudeness than {sc}snatch{/sc}. "], ["vis", [{"t": "{it}grabbed{/it} roughly by the arm"}]]]}], "et": [["text", "Middle English, from Old English {it}tacan{/it}, from Old Norse {it}taka{/it}; akin to Middle Dutch {it}taken{/it} to take"]], "date": "before 12th century{ds|t|1||}", "shortdef": ["to get into one's hands or into one's possession, power, or control: such as", "to seize or capture physically", "to get possession of (fish or game) by killing or capturing"]}, {"meta": {"id": "attendance", "uuid": "a6301921-3a13-42b7-ba8b-2ab14b4a6dc6", "sort": "014607000", "src": "collegiate", "section": "alpha", "stems": ["attendance", "attendances", "perfect attendance", "took attendance"], "offensive": false}, "hwi": {"hw": "at*ten*dance", "prs": [{"mw": "\u0259-\u02c8ten-d\u0259n(t)s", "sound": {"audio": "attend02", "ref": "c", "stat": "1"}}]}, "fl": "noun", "def": [{"sseq": [[["sense", {"sn": "1", "dt": [["text", "{bc}the act or fact of {d_link|attending|attend} something or someone "], ["vis", [{"t": "a physician in {wi}attendance{/wi}"}, {"t": "{wi}Attendance{/wi} at the meeting is mandatory."}]]]}]], [["sense", {"sn": "2 a", "dt": [["text", "{bc}the persons or number of persons attending something "], ["vis", [{"t": "{it}Attendance{/it} at the soccer games has been increasing."}]]], "sdsense": {"sd": "also", "dt": [["text", "{bc}an account of persons attending "], ["vis", [{"t": "The teacher {phrase}took attendance{/phrase} {gloss}=made a record of who was present{/gloss} before starting class."}]]]}}], ["sense", {"sn": "b", "dt": [["text", "{bc}the number of times a person attends "], ["vis", [{"t": "a student who has {phrase}perfect attendance{/phrase} {gloss}=a student who has been present at every class{/gloss}"}]]]}]]]}], "et": [["text", "{dx_ety}see {dxt|attend||}{/dx_ety}"]], "date": "14th century{ds||1||}", "shortdef": ["the act or fact of attending something or someone", "the persons or number of persons attending something; also : an account of persons attending", "the number of times a person attends"]}, {"meta": {"id": "battering", "uuid": "02059851-ce07-4305-ade9-daf54f295df6", "sort": "020099350", "src": "collegiate", "section": "alpha", "stems": ["battering", "batterings", "took a battering"], "offensive": false}, "hwi": {"hw": "bat*ter*ing", "prs": [{"mw": "\u02c8ba-t\u0259-ri\u014b", "sound": {"audio": "battering_1", "ref": "u", "stat": "1"}}]}, "fl": "noun", "def": [{"sseq": [[["sense", {"sn": "1", "dt": [["text", "{bc}violent physical abuse that usually involves the act of striking someone repeatedly or heavily in order to cause injury "], ["vis", [{"t": "Feminists turned violence against women, previously a well-kept secret, into a public political issue; made rape, incest, {wi}battering{/wi} and sexual harassment understood as crimes; and got public funding for shelters for battered women.", "aq": {"source": "{it}The Nation{/it}"}}]]]}]], [["sense", {"sn": "2", "dt": [["text", "{bc}a damaging experience or situation {bc}an injury, setback, or defeat "], ["vis", [{"t": "That was the year Canada rebounded from a 28\u20134 {wi}battering{/wi} in the round-robin to beat the U.S. 17\u201316 in the championship final \u2026", "aq": {"auth": "Bob Kravitz"}}, {"t": "While her confidence {phrase}took a battering{/phrase} {gloss}=was damaged{/gloss}, she kept a game face throughout the season.", "aq": {"auth": "Sally Bedell Smith"}}]]]}]]]}], "date": "1542{ds||1||}", "shortdef": ["violent physical abuse that usually involves the act of striking someone repeatedly or heavily in order to cause injury", "a damaging experience or situation : an injury, setback, or defeat"]}, {"meta": {"id": "biscuit", "uuid": "647ea2b7-8aa6-443a-9cfd-22aee68dbb64", "sort": "020240800", "src": "collegiate", "section": "alpha", "stems": ["biscuit", "biscuits", "biscuity", "had taken the biscuit", "take the biscuit", "takes the biscuit", "taking the biscuit", "took the biscuit"], "offensive": false}, "hwi": {"hw": "bis*cuit", "prs": [{"mw": "\u02c8bi-sk\u0259t", "sound": {"audio": "biscui01", "ref": "c", "stat": "1"}}]}, "fl": "noun", "ins": [{"il": "plural", "if": "bis*cuits"}, {"il": "also", "if": "biscuit"}], "def": [{"sseq": [[["sense", {"sn": "1 a", "sls": ["US"], "dt": [["text", "{bc}a small quick bread made from dough that has been rolled out and cut or dropped from a spoon "], ["vis", [{"t": "While both types of {wi}biscuit{/wi} use the same handful of ingredients and are quick to prepare, drop {wi}biscuits{/wi} don't rely on any of the finicky steps rolled {wi}biscuits{/wi} require to get them just right.", "aq": {"auth": "Sandra Wu"}}]]]}], ["sense", {"sn": "b", "sls": ["British"], "dt": [["text", "{bc}{sx|cookie||} "], ["vis", [{"t": "The children were divided into groups of five seated round a table and each one was given a chocolate {wi}biscuit{/wi}.", "aq": {"auth": "H. Colin Davis"}}]]]}]], [["sense", {"sn": "2", "dt": [["text", "{bc}earthenware or porcelain after the first firing and before glazing "], ["vis", [{"t": "{wi}biscuit{/wi} china"}]], ["ca", {"intro": "called also", "cats": [{"cat": "bisque"}]}]]}]], [["sense", {"sn": "3 a", "dt": [["text", "{bc}a light grayish-yellowish brown"]]}], ["sense", {"sn": "b", "dt": [["text", "{bc}a grayish yellow"]]}]], [["sense", {"sn": "4", "sls": ["woodworking"], "dt": [["text", "{bc}a small, flat oval of compressed wood that is glued into slots cut into the sides of two boards which are to be joined in order to increase the strength of the resulting bond "], ["vis", [{"t": "Have several clamps at the ready; then add glue to the {wi}biscuits{/wi}, push them into the maple slots, and clamp the maple in place. The dry, compressed {wi}biscuits{/wi} swell once glue is applied, so you have to work quickly.", "aq": {"auth": "Mike McClintock"}}]], ["text", " {dx}compare {dxt|tenon:1||}{/dx}"]]}]], [["sense", {"sn": "5", "sls": ["slang"], "dt": [["text", "{bc}a hockey puck "], ["vis", [{"t": "To control the {wi}biscuit{/wi}, you've got to win faceoffs.", "aq": {"auth": "Lindsay Berra"}}]]]}]]]}], "uros": [{"ure": "bis*cuity", "prs": [{"mw": "\u02c8bi-sk\u0259-t\u0113", "sound": {"audio": "biscu01v", "ref": "c", "stat": "1"}}], "fl": "adjective"}], "dros": [{"drp": "take the biscuit", "def": [{"sls": ["British", "informal"], "sseq": [[["sense", {"dt": [["text", "{bc}to win the prize {bc}to rank first "], ["uns", [[["text", "often used to describe something that is extremely surprising, annoying, etc. "], ["vis", [{"t": "When he was quite sure that the narrative had ended he laughed noiselessly for fully half a minute. Then he said: \"Well! \u2026 That {wi}takes the biscuit{/wi}!\" {gloss}=(US) takes the cake{/gloss}", "aq": {"auth": "James Joyce"}}]]]]]]}]]]}]}], "et": [["text", "Middle English {it}bisquite{/it}, from Anglo-French {it}besquit{/it}, from ({it}pain{/it}) {it}besquit{/it} twice-cooked bread"]], "date": "14th century{ds||1|b|}", "shortdef": ["a small quick bread made from dough that has been rolled out and cut or dropped from a spoon", "cookie", "earthenware or porcelain after the first firing and before glazing \u2014called also bisque"]}, {"meta": {"id": "grain of salt", "uuid": "be1e9617-55e8-4bee-96da-ba4aa6018c9d", "sort": "072037000", "src": "collegiate", "section": "alpha", "stems": ["grain of salt", "grains of salt", "pinch of salt", "pinches of salt", "take (something) with a grain/pinch of salt", "take something with a grain of salt", "take something with a pinch of salt", "take with a grain of salt", "take with a pinch of salt", "taken something with a grain of salt", "taken something with a pinch of salt", "taken with a grain of salt", "taken with a pinch of salt", "takes something with a grain of salt", "takes something with a pinch of salt", "takes with a grain of salt", "takes with a pinch of salt", "taking something with a grain of salt", "taking something with a pinch of salt", "taking with a grain of salt", "taking with a pinch of salt", "took something with a grain of salt", "took something with a pinch of salt", "took with a grain of salt", "took with a pinch of salt", "with a grain of salt", "with a pinch of salt"], "offensive": false}, "hwi": {"hw": "grain of salt"}, "vrs": [{"vl": "or less commonly", "va": "pinch of salt"}], "fl": "noun phrase", "def": [{"sseq": [[["sense", {"dt": [["text", "{bc}a skeptical attitude"], ["uns", [[["text", "used in the phrase {phrase}take (something) with a grain/pinch of salt{/phrase} "], ["vis", [{"t": "I {wi}take the guidebooks with a grain of salt{/wi}, preferring to follow my instincts.", "aq": {"auth": "Daisann McLane"}}, {"t": "The malleability of memory \u2026 is the first reason why autobiographies should be {wi}taken with a grain of salt{/wi}.", "aq": {"auth": "Judith Rich Harris"}}]]]]]]}]]]}], "date": "1647", "shortdef": ["a skeptical attitude\u2014used in the phrase take (something) with a grain/pinch of salt"]}, {"meta": {"id": "hard pass", "uuid": "5232ae30-243a-401a-beef-909ec5c05619", "sort": "080062550", "src": "collegiate", "section": "alpha", "stems": ["hard pass", "hard passes", "take a hard pass", "taking a hard pass", "takes a hard pass", "took a hard pass"], "offensive": false}, "hwi": {"hw": "hard pass"}, "fl": "noun", "def": [{"sseq": [[["sense", {"dt": [["text", "{bc}a firm refusal or rejection of something (such as an offer) "], ["vis", [{"t": "Then poor Gendry asks Arya to be his lady, but Arya gives him a {wi}hard pass{/wi}.", "aq": {"auth": "Rob Bricken"}}, {"t": "\u2026 the residents of Gunbarrel speak with a unified and unwavering voice: {ldquo}No thank you, Mr. Mayor! {wi}Hard pass{/wi}.{rdquo}", "aq": {"auth": "R. M. O'Dea"}}, {"t": "That disclaimer was disregarded by some who found Turner's suggestion too extreme. A home run derby in a regular season game? Is this hockey and its penalty shootouts? {wi}Hard pass{/wi}.", "aq": {"auth": "Jorge Castillo"}}, {"t": "{phrase}Take a hard pass{/phrase} on the house cocktails, and stick with beer or wine. Or skip the booze altogether \u2026", "aq": {"auth": "Greg Cox"}}]]]}]]]}], "date": "2014", "shortdef": ["a firm refusal or rejection of something (such as an offer)"]}, {"meta": {"id": "pass:3", "uuid": "da7b91c2-d3e4-42d3-afe5-eb2013151d82", "sort": "160093600", "src": "collegiate", "section": "alpha", "stems": ["pass", "passes", "take a pass", "took a pass", "taking a pass", "takes a pass"], "offensive": false}, "hom": 3, "hwi": {"hw": "pass"}, "fl": "noun", "ins": [{"il": "plural", "if": "passes"}], "def": [{"sseq": [[["sense", {"sn": "1", "dt": [["text", "{bc}{sx|realization||} "], ["vis", [{"t": "brought his dream to {wi}pass{/wi}"}]]]}]], [["sense", {"sn": "2", "dt": [["text", "{bc}the act or an instance of {a_link|passing} {bc}{sx|passage||}"]]}]], [["sense", {"sn": "3", "dt": [["text", "{bc}a usually distressing or bad state of affairs "], ["vis", [{"t": "what has brought you to such a {wi}pass{/wi}?"}]]]}]], [["sense", {"sn": "4 a", "dt": [["text", "{bc}a written permission to move about freely in a place or to leave or enter it"]]}], ["sense", {"sn": "b", "dt": [["text", "{bc}a written leave of absence from a military post or station for a brief period"]]}], ["sense", {"sn": "c", "dt": [["text", "{bc}a permit or ticket allowing free transportation or free admission"]]}]], [["sense", {"sn": "5", "sls": ["archaic"], "dt": [["text", "{bc}a thrust or lunge in fencing"]]}]], [["sense", {"sn": "6 a", "dt": [["text", "{bc}a transference of objects by sleight of hand or other deceptive means"]]}], ["sense", {"sn": "b", "dt": [["text", "{bc}a moving of the hands over or along something"]]}]], [["sense", {"sn": "7", "sls": ["archaic"], "dt": [["text", "{bc}an ingenious sally (as of wit)"]]}]], [["sense", {"sn": "8", "dt": [["text", "{bc}the passing of an examination or course of study"]], "sdsense": {"sd": "also", "dt": [["text", "{bc}the mark or certification of such passing"]]}}]], [["sense", {"sn": "9", "dt": [["text", "{bc}a single complete mechanical operation"]], "sdsense": {"sd": "also", "dt": [["text", "{bc}a single complete cycle of operations (as for processing, manufacturing, or printing)"]]}}]], [["pseq", [["sense", {"sn": "10 a (1)", "dt": [["text", "{bc}a transfer of a ball or a puck from one player to another on the same team"]]}], ["sense", {"sn": "(2)", "dt": [["text", "{bc}a ball or puck so transferred"]]}]]], ["sense", {"sn": "b", "dt": [["text", "{bc}{sx|passing shot||}"]]}]], [["sense", {"sn": "11", "dt": [["text", "{bc}{sx|base on balls||}"]]}]], [["sense", {"sn": "12 a", "dt": [["text", "{bc}an instance of letting something (such as an offer or opportunity) go by without accepting or taking advantage of it "], ["vis", [{"t": "Jackson toured the place with top designers, and execs looked over his \u2026 toy that resembled an animal. Mattel {phrase}took a pass{/phrase} {gloss}=turned down the offer{/gloss} and Jackson took the rejection well.", "aq": {"auth": "Pamela Lansden"}}, {"t": "President Donald Trump is expected to {phrase}take a pass{/phrase} on handing out this year's National Teacher of the Year award honors\u2014forgoing a tradition that dates to President Harry Truman.", "aq": {"auth": "Kimberly Hefling"}}]]]}], ["sense", {"sn": "b", "dt": [["text", "{bc}an election not to bid, bet, or draw an additional card in a card game"]]}]], [["sense", {"sn": "13", "dt": [["text", "{bc}a throw of dice in the game of craps that wins the bet for the shooter {dx}compare {dxt|crap:3||2}, {dxt|missout||}{/dx}"]]}]], [["sense", {"sn": "14", "dt": [["text", "{bc}a single {a_link|passage} or movement (as of an airplane) over a place or toward a target"]]}]], [["sense", {"sn": "15 a", "dt": [["text", "{bc}{sx|effort||}, {sx|try||}"]]}], ["sense", {"sn": "b", "dt": [["text", "{bc}a sexually inviting gesture or approach"]]}]], [["sense", {"sn": "16", "dt": [["text", "{bc}{sx|pase||}"]]}]]]}], "et": [["text", "{et_link|pass:1|pass:1}"]], "date": "15th century{ds||1||}", "shortdef": ["realization", "the act or an instance of passing : passage", "a usually distressing or bad state of affairs"]}, {"meta": {"id": "take back", "uuid": "09d68775-e593-42a0-8c11-6cb012d2fde8", "sort": "200018900", "src": "collegiate", "section": "alpha", "stems": ["take back", "taken back", "takes back", "taking back", "took back"], "offensive": false}, "hwi": {"hw": "take back"}, "fl": "verb", "ins": [{"if": "took back"}, {"if": "tak*en back"}, {"if": "tak*ing back"}, {"if": "takes back"}], "def": [{"vd": "transitive verb", "sseq": [[["sense", {"dt": [["text", "{bc}to make a retraction of {bc}{sx|withdraw||}"]]}]]]}], "date": "1599", "shortdef": ["to make a retraction of : withdraw"]}, {"meta": {"id": "take down", "uuid": "3f83f33a-7941-4907-9877-4007779ac81c", "sort": "200019300", "src": "collegiate", "section": "alpha", "stems": ["take down", "taken down", "takes down", "taking down", "took down"], "offensive": false}, "hwi": {"hw": "take down"}, "fl": "verb", "ins": [{"if": "took down"}, {"if": "tak*en down"}, {"if": "tak*ing down"}, {"if": "takes down"}], "def": [{"vd": "transitive verb", "sseq": [[["sense", {"sn": "1", "dt": [["text", "{bc}to lower without removing "], ["vis", [{"t": "{it}took down{/it} his pants"}]]]}]], [["sense", {"sn": "2 a", "dt": [["text", "{bc}to pull to pieces "], ["vis", [{"t": "{it}take down{/it} a building"}]]]}], ["sense", {"sn": "b", "dt": [["text", "{bc}{sx|disassemble||} "], ["vis", [{"t": "{it}take{/it} a rifle {it}down{/it}"}]]]}]], [["sense", {"sn": "3", "dt": [["text", "{bc}to lower the spirit or vanity of"]]}]], [["sense", {"sn": "4 a", "dt": [["text", "{bc}to write down "], ["vis", [{"t": "{it}took down{/it} some notes"}]]]}], ["sense", {"sn": "b", "dt": [["text", "{bc}to record by mechanical means"]]}]]]}, {"vd": "intransitive verb", "sseq": [[["sense", {"dt": [["text", "{bc}to become seized or attacked especially by illness"]]}]]]}], "date": "14th century{ds||2|a|}", "shortdef": ["to lower without removing", "to pull to pieces", "disassemble"]}]