[{"meta": {"id": "touched", "uuid": "e82fd8fe-4901-4cdd-9973-75908e58a211", "sort": "200301400", "src": "collegiate", "section": "alpha", "stems": ["touched"], "offensive": false}, "hwi": {"hw": "touched", "prs": [{"mw": "\u02c8t\u0259cht", "sound": {"audio": "touche02", "ref": "c", "stat": "1"}}]}, "fl": "adjective", "def": [{"sseq": [[["sense", {"sn": "1", "dt": [["text", "{bc}emotionally stirred (as with gratitude)"]]}]], [["sense", {"sn": "2", "dt": [["text", "{bc}slightly unbalanced mentally"]]}]]]}], "date": "1595{ds||1||}", "shortdef": ["emotionally stirred (as with gratitude)", "slightly unbalanced mentally"]}, {"meta": {"id": "touch:1", "uuid": "e04b7f60-8e22-497c-9a92-ad1e7f368870", "sort": "200300600", "src": "collegiate", "section": "alpha", "stems": ["touch", "touch base", "touchable", "touched", "touched base", "toucher", "touchers", "touches", "touches base", "touching", "touching base"], "offensive": false}, "hom": 1, "hwi": {"hw": "touch", "prs": [{"mw": "\u02c8t\u0259ch", "sound": {"audio": "touch001", "ref": "c", "stat": "1"}}]}, "fl": "verb", "ins": [{"if": "touched"}, {"if": "touch*ing"}, {"if": "touch*es"}], "def": [{"vd": "transitive verb", "sseq": [[["sense", {"sn": "1", "dt": [["text", "{bc}to bring a bodily part into contact with especially so as to perceive through the tactile sense {bc}handle or feel gently usually with the intent to understand or appreciate "], ["vis", [{"t": "loved to {wi}touch{/wi} the soft silk"}]]]}]], [["sense", {"sn": "2 a", "dt": [["text", "{bc}to put hands upon in any way or degree "], ["vis", [{"t": "don't {wi}touch{/wi} anything before the police come"}]]], "sdsense": {"sd": "especially", "dt": [["text", "{bc}to commit violence upon "], ["vis", [{"t": "swears he never {wi}touched{/wi} the child"}]]]}}], ["sense", {"sn": "b", "dt": [["text", "{bc}to take into the hands or mouth "], ["vis", [{"t": "never {wi}touches{/wi} alcohol"}]]]}]], [["sense", {"sn": "3", "dt": [["text", "{bc}to strike or push lightly especially with the hand or foot or an implement"]]}]], [["sense", {"sn": "4", "dt": [["text", "{bc}to cause to be briefly in contact or conjunction with something "], ["vis", [{"t": "{wi}touched{/wi} her spurs to the horse"}, {"t": "{wi}touched{/wi} his hand to his hat"}]]]}]], [["sense", {"sn": "5", "dt": [["text", "{bc}to deal with {bc}become involved with "], ["vis", [{"t": "a sticky situation and I wouldn't {wi}touch{/wi} it with a 10-foot pole"}]]]}]], [["pseq", [["sense", {"sn": "6 a (1)", "dt": [["text", "{bc}to meet without overlapping or penetrating {bc}{sx|adjoin||}"]]}], ["sense", {"sn": "(2)", "dt": [["text", "{bc}to get to {bc}{sx|reach||} "], ["vis", [{"t": "the speedometer needle {wi}touched{/wi} 80"}]]]}]]], ["sense", {"sn": "b", "dt": [["text", "{bc}to rival in quality or value "], ["vis", [{"t": "nothing can {wi}touch{/wi} that cloth for durability"}]]]}], ["sense", {"sn": "c", "dt": [["text", "{bc}to be tangent to"]]}]], [["sense", {"sn": "7", "dt": [["text", "{bc}to speak or tell of especially in passing "], ["vis", [{"t": "barely {wi}touched{/wi} the incident in the speech"}]]]}]], [["sense", {"sn": "8 a", "dt": [["text", "{bc}to relate to {bc}{sx|concern||}"]]}], ["sense", {"sn": "b", "dt": [["text", "{bc}to have an influence on {bc}{sx|affect||}"]]}]], [["sense", {"sn": "9 a", "dt": [["text", "{bc}to move to sympathetic feeling"]]}], ["sense", {"sn": "b", "dt": [["text", "{bc}to hurt the feelings of {bc}{sx|wound||}"]]}]], [["sense", {"sn": "10 a", "dt": [["text", "{bc}to leave a mark or impression on "], ["vis", [{"t": "few reagents will {wi}touch{/wi} gold"}]]], "sdsense": {"sd": "also", "dt": [["text", "{bc}{sx|tinge||}"]]}}], ["sense", {"sn": "b", "dt": [["text", "{bc}to harm slightly by or as if by contact {bc}{sx|taint||}, {sx|blemish||} "], ["vis", [{"t": "fruit {wi}touched{/wi} by frost"}]]]}], ["sense", {"sn": "c", "dt": [["text", "{bc}to give a delicate tint, line, or expression to "], ["vis", [{"t": "a smile {wi}touched{/wi} her lips"}]]]}], ["sense", {"sn": "d", "dt": [["text", "{bc}to get a hit off or score a run against "], ["vis", [{"t": "{wi}touched{/wi} him for three runs"}]]]}]], [["sense", {"sn": "11", "dt": [["text", "{bc}to draw or delineate with light strokes"]]}]], [["sense", {"sn": "12", "dt": [["text", "{bc}to induce to give or lend "], ["vis", [{"t": "{wi}touched{/wi} him for ten dollars"}]]]}]], [["sense", {"sn": "13", "dt": [["text", "{bc}to lay hands upon (one afflicted with scrofula) with intent to heal"]]}]], [["sen", {"sn": "14", "sls": ["archaic"]}], ["sense", {"sn": "a", "dt": [["text", "{bc}to play on (a stringed instrument)"]]}], ["sense", {"sn": "b", "dt": [["text", "{bc}to perform (a melody) by playing or singing"]]}]]]}, {"vd": "intransitive verb", "sseq": [[["sense", {"sn": "1 a", "dt": [["text", "{bc}to feel something with a body part (such as the hand or foot)"]]}], ["sense", {"sn": "b", "dt": [["text", "{bc}to lay hand or finger on a person to cure disease (such as scrofula)"]]}]], [["sense", {"sn": "2", "dt": [["text", "{bc}to be in contact"]]}]], [["sense", {"sn": "3", "dt": [["text", "{bc}to come close {bc}{sx|verge||} "], ["vis", [{"t": "your actions {wi}touch{/wi} on treason"}]]]}]], [["sense", {"sn": "4 a", "dt": [["text", "{bc}to treat a topic in a brief or casual manner "], ["uns", [[["text", "used with {it}on{/it} or {it}upon{/it} "], ["vis", [{"t": "{wi}touched{/wi} upon many points"}]]]]]]}], ["sense", {"sn": "b", "dt": [["text", "{bc}to make a brief or incidental stop on shore during a trip by water "], ["vis", [{"t": "{wi}touched{/wi} at several ports"}]]]}]], [["sense", {"sn": "5", "dt": [["text", "{bc}to have a bearing {bc}{sx|relate||} "], ["uns", [[["text", "used with {it}on{/it} or {it}upon{/it}"]]]]]}]]]}], "uros": [{"ure": "touch*able", "prs": [{"mw": "\u02c8t\u0259-ch\u0259-b\u0259l", "sound": {"audio": "touch002", "ref": "c", "stat": "1"}}], "fl": "adjective"}, {"ure": "touch*er", "fl": "noun"}], "dros": [{"drp": "touch base", "def": [{"sseq": [[["sense", {"dt": [["text", "{bc}to come in contact or communication "], ["vis", [{"t": "coming in from the cold to {it}touch base{/it} with civilization", "aq": {"auth": "Carla Hunt"}}]]]}]]]}]}], "syns": [{"pl": "synonyms", "pt": [["text", "{sc}affect{/sc} {sc}influence{/sc} {sc}touch{/sc} {sc}impress{/sc} {sc}strike{/sc} {sc}sway{/sc} mean to produce or have an effect upon. {sc}affect{/sc} implies the action of a stimulus that can produce a response or reaction. "], ["vis", [{"t": "the sight {it}affected{/it} her to tears"}]], ["text", " {sc}influence{/sc} implies a force that brings about a change (as in nature or behavior). "], ["vis", [{"t": "our beliefs are {it}influenced{/it} by our upbringing"}]], ["text", " {sc}touch{/sc} may carry a vivid suggestion of close contact and may connote stirring, arousing, or harming. "], ["vis", [{"t": "plants {it}touched{/it} by frost"}, {"t": "his emotions were {it}touched{/it} by her distress"}]], ["text", " {sc}impress{/sc} stresses the depth and persistence of the effect. "], ["vis", [{"t": "only one of the plans {it}impressed{/it} him"}]], ["text", " {sc}strike{/sc}, similar to but weaker than {it}impress{/it}, may convey the notion of sudden sharp perception or appreciation. "], ["vis", [{"t": "{it}struck{/it} by the solemnity of the occasion"}]], ["text", " {sc}sway{/sc} implies the acting of influences that are not resisted or are irresistible, with resulting change in character or course of action. "], ["vis", [{"t": "politicians who are {it}swayed{/it} by popular opinion"}]]]}], "et": [["text", "Middle English, from Anglo-French {it}tucher, tuchier{/it}, from Vulgar Latin {it}*toccare{/it} to knock, strike a bell, touch, probably of imitative origin"]], "date": "14th century{ds|t|1||}", "shortdef": ["to bring a bodily part into contact with especially so as to perceive through the tactile sense : handle or feel gently usually with the intent to understand or appreciate", "to put hands upon in any way or degree; especially : to commit violence upon", "to take into the hands or mouth"]}, {"meta": {"id": "base:1", "uuid": "cde55691-6c1a-4d36-a60b-0ec7a9ef884d", "sort": "020081100", "src": "collegiate", "section": "alpha", "stems": ["base", "baseless", "bases", "cover all the bases", "cover every base", "covered all the bases", "covered every base", "covering all the bases", "covering every base", "covers all the bases", "covers every base", "had all her bases covered", "had all his bases covered", "had all its bases covered", "had all my bases covered", "had all one's bases covered", "had all our bases covered", "had all their bases covered", "had all your bases covered", "had her bases covered", "had his bases covered", "had its bases covered", "had my bases covered", "had one's bases covered", "had our bases covered", "had their bases covered", "had your bases covered", "has all her bases covered", "has all his bases covered", "has all its bases covered", "has all one's bases covered", "has her bases covered", "has his bases covered", "has its bases covered", "has one's bases covered", "have all my bases covered", "have all one's bases covered", "have all our bases covered", "have all their bases covered", "have all your bases covered", "have my bases covered", "have one's bases covered", "have our bases covered", "have their bases covered", "have your bases covered", "having all her bases covered", "having all his bases covered", "having all its bases covered", "having all my bases covered", "having all our bases covered", "having all their bases covered", "having all your bases covered", "having her bases covered", "having his bases covered", "having its bases covered", "having my bases covered", "having our bases covered", "having their bases covered", "having your bases covered", "off base", "touch all the bases", "touch every base", "touched all the bases", "touched every base", "touches all the bases", "touches every base", "touching all the bases", "touching every base"], "offensive": false}, "hom": 1, "hwi": {"hw": "base", "prs": [{"mw": "\u02c8b\u0101s", "sound": {"audio": "base0001", "ref": "c", "stat": "1"}}]}, "fl": "noun", "ins": [{"il": "plural", "if": "bas*es", "prs": [{"mw": "\u02c8b\u0101-s\u0259z", "sound": {"audio": "base0002", "ref": "c", "stat": "1"}}]}], "def": [{"sseq": [[["sense", {"sn": "1 a", "dt": [["text", "{bc}the bottom of something considered as its support {bc}{sx|foundation||} "], ["vis", [{"t": "the {wi}base{/wi} of the mountain"}, {"t": "the lamp's heavy {wi}base{/wi}"}]]]}], ["sense", {"sn": "b", "sls": ["biology"], "dt": [["text", "{bc}that part of a bodily organ by which it is attached to another more central structure of the organism "], ["vis", [{"t": "the {wi}base{/wi} of the thumb"}]]]}], ["sen", {"sn": "c", "sls": ["architecture"]}], ["pseq", [["sense", {"sn": "(1)", "dt": [["text", "{bc}the lower part of a wall, pier, or column considered as a separate architectural feature"]]}], ["sense", {"sn": "(2)", "dt": [["text", "{bc}the lower part of a complete architectural design (as of a monument)"]]}]]], ["sen", {"sn": "d", "sls": ["mathematics"]}], ["pseq", [["sense", {"sn": "(1)", "dt": [["text", "{bc}a side or face {dx_def}see {dxt|face:1||5a(5)}{/dx_def} of a geometrical figure from which an altitude {dx_def}see {dxt|altitude||1c(1)}{/dx_def} can be constructed"]], "sdsense": {"sd": "especially", "dt": [["text", "{bc}a side or face on which the figure stands "], ["vis", [{"t": "the {wi}base{/wi} of a triangle"}]]]}}], ["sense", {"sn": "(2)", "dt": [["text", "{bc}the length of a base "], ["vis", [{"t": "determining the triangle's {wi}base{/wi}"}]]]}]]]], [["sense", {"sn": "2 a", "dt": [["text", "{bc}a main ingredient "], ["vis", [{"t": "paint having a latex {wi}base{/wi}"}]]]}], ["sense", {"sn": "b", "dt": [["text", "{bc}a supporting or carrying ingredient (as of a medicine)"]]}], ["sense", {"sn": "c", "dt": [["text", "{bc}a first or bottom layer of something on which other elements are added "], ["vis", [{"t": "Overnight, Utah's famous snow has freshly blanketed both runs, adding to a solid {wi}base{/wi} of three feet \u2026", "aq": {"auth": "Abby Carroll"}}]]]}]], [["sense", {"sn": "3 a", "dt": [["text", "{bc}the fundamental part of something {bc}{sx|groundwork||}, {sx|basis||} "], ["vis", [{"t": "the book's theoretical {wi}base{/wi}"}, {"t": "her broad {wi}base{/wi} of knowledge"}]]]}], ["sense", {"sn": "b", "dt": [["text", "{bc}something (as a group of people) that reliably provides support (such as for a business or political candidate) "], ["uns", [[["text", "usually singular "], ["vis", [{"t": "efforts to expand their customer {wi}base{/wi}"}, {"t": "the band's fan {wi}base{/wi}"}, {"t": "But I do believe that that's a very sore point with many Democrats and could be used to energize their {wi}base{/wi}.", "aq": {"auth": "John McCain"}}]]]]]]}], ["sense", {"sn": "c", "sls": ["Marxism"], "dt": [["text", "{bc}the economic factors on which all legal, social, and political relations are formed"]]}]], [["sense", {"sn": "4 a", "dt": [["text", "{bc}the starting point or line for an action or undertaking "], ["vis", [{"t": "plans to make this city his {wi}base{/wi} of operation", "aq": {"auth": "J. A. Loftus"}}]]]}], ["sense", {"sn": "b", "dt": [["text", "{bc}a {d_link|baseline|baseline} in {d_link|surveying|surveying}"]]}], ["pseq", [["bs", {"sense": {"sn": "c", "dt": [["text", "{bc}a center or area of operations "], ["vis", [{"t": "The company has its {wi}base{/wi} in London."}]], ["text", ": such as"]]}}], ["sense", {"sn": "(1)", "dt": [["text", "{bc}a permanent military installation "], ["vis", [{"t": "a naval {wi}base{/wi}"}, {"t": "The troops were ordered back to {wi}base{/wi}."}]]]}], ["sense", {"sn": "(2)", "dt": [["text", "{bc}the place from which a military force draws supplies"]]}], ["sense", {"sn": "(3)", "dt": [["text", "{bc}a place where military operations begin"]]}]]], ["sense", {"sn": "d", "sls": ["linguistics"], "dt": [["text", "{bc}{sx|root||6} "], ["vis", [{"t": "\"Leave\" is the {wi}base{/wi} of the verb \"left.\""}]]]}], ["sen", {"sn": "e", "sls": ["mathematics"]}], ["pseq", [["sense", {"sn": "(1)", "dt": [["text", "{bc}a number (such as 5 in 5{sup}6.44{/sup} or 5{sup}7{/sup}) that is raised to a power {dx_def}see {dxt|power:1||5a}{/dx_def}"]], "sdsense": {"sd": "especially", "dt": [["text", "{bc}the number that when raised to a power equal to the logarithm of a number yields the number itself "], ["vis", [{"t": "The logarithm of 100 to the {wi}base{/wi} 10 is 2 since 10{sup}2{/sup} = 100."}]]]}}], ["sense", {"sn": "(2)", "dt": [["text", "{bc}a number equal to the number of units in a given digit's place {dx_def}see {dxt|place:1||8}{/dx_def} that for a given system of writing numbers is required to give the numeral 1 in the next higher place "], ["vis", [{"t": "The decimal system uses a {wi}base{/wi} of 10."}]]], "sdsense": {"sd": "also", "dt": [["text", "{bc}such a system of writing numbers using an indicated base "], ["vis", [{"t": "Convert from {wi}base{/wi} 10 to {wi}base{/wi} 2."}]]]}}], ["sense", {"sn": "(3)", "dt": [["text", "{bc}a number that is multiplied by a rate or of which a percentage or fraction is calculated "], ["vis", [{"t": "To find the interest on $90 at 10 percent multiply the {wi}base{/wi} 90 by .10."}]]]}]]]], [["sense", {"sn": "5 a", "dt": [["text", "{bc}any one of the four stations at the corners of a baseball or softball {d_link|infield|infield} "], ["vis", [{"t": "allowing the batter to reach {wi}base{/wi}"}]]]}], ["sense", {"sn": "b", "sls": ["in various games"], "dt": [["text", "{bc}the starting place or goal"]]}], ["sense", {"sn": "c", "dt": [["text", "{bc}a point to be considered "], ["vis", [{"t": "His opening remarks touched every {wi}base{/wi}."}]]]}]], [["sen", {"sn": "6", "sls": ["chemistry"]}], ["sense", {"sn": "a", "dt": [["text", "{bc}any of various typically water-soluble and bitter tasting compounds that in solution have a pH greater than 7, are capable of reacting with an {d_link|acid|acid:1} to form a salt, and are molecules or ions able to take up a proton from an acid or able to give up an unshared pair of electrons to an acid"]]}], ["sense", {"sn": "b", "dt": [["text", "{bc}any of the five {d_link|purine|purine} or {d_link|pyrimidine|pyrimidine} bases of DNA and RNA that include cytosine, guanine, adenine, thymine, and uracil"]]}]], [["sense", {"sn": "7", "sls": ["finance"], "dt": [["text", "{bc}a price level at which a security {dx_def}see {dxt|security||3}{/dx_def} previously declining in price resists further decline"]]}]], [["sense", {"sn": "8", "sls": ["heraldry"], "dt": [["text", "{bc}the lower part of a heraldic field {dx_def}see {dxt|field:1||3c}{/dx_def}"]]}]], [["sense", {"sn": "9", "sls": ["linguistics"], "dt": [["text", "{bc}the part of a {d_link|transformational grammar|transformational grammar} that consists of rules and a lexicon and generates the {d_link|deep structures|deep structure} of a language"]]}]], [["sense", {"sn": "10", "dt": [["text", "{bc}an electrode that modulates the current flowing through a {d_link|bipolar|bipolar} junction transistor according to the voltage applied to the electrode "], ["vis", [{"t": "This gate, which is called a grid in a tube and a {wi}base{/wi} in a transistor, enables a small \"controlling\" voltage to turn on and off a much larger voltage between the cathode and the anode.", "aq": {"auth": "Thom Hartmann"}}]], ["text", " {dx}compare {dxt|gate:1|gate:1|5b}{/dx}"]]}]]]}], "uros": [{"ure": "base*less", "prs": [{"mw": "\u02c8b\u0101-sl\u0259s", "sound": {"audio": "base0004", "ref": "c", "stat": "1"}}], "fl": "adjective"}], "dros": [{"drp": "cover all the bases", "vrs": [{"vl": "or less commonly", "va": "cover every base"}, {"vl": "or", "va": "have (all) one's bases covered"}], "def": [{"sseq": [[["sense", {"dt": [["text", "{bc}to do or include everything that needs to be done or included {bc}to fulfill all requirements or necessities "], ["vis", [{"t": "The well rounded menu {wi}covers all the bases{/wi}\u2014pork or duck breast and always a grilled chicken with complementary sauces and relishes \u2026", "aq": {"auth": "Caroline Bates"}}, {"t": "In other words, we need to {wi}cover every base{/wi}. Too often, something is remembered at the last minute and we find ourselves waiting for the stores to open on sale day so we can purchase a much-needed item.", "aq": {"auth": "Sue Story"}}, {"t": "In your e-mail, let the company know that, for their convenience, you're e-mailing the resume and letter, but that the original documents will arrive by postal service. This way you've {wi}got all your bases covered{/wi}.", "aq": {"auth": "Peter Post"}}]]]}]]]}]}, {"drp": "off base", "def": [{"sseq": [[["sense", {"sn": "1", "dt": [["text", "{bc}{sx|wrong||}, {sx|mistaken||} "], ["vis", [{"t": "Estimates were way {wi}off base{/wi}."}]]]}]], [["sense", {"sn": "2", "dt": [["text", "{bc}{sx|unawares||} "], ["vis", [{"t": "caught {it}off base{/it} by the charges"}]]]}]]]}]}, {"drp": "touch all the bases", "vrs": [{"vl": "or less commonly", "va": "touch every base"}], "def": [{"sseq": [[["sense", {"sn": "1", "dt": [["text", "{bc}to mention every subject that needs to be considered "], ["vis", [{"t": "a speech that {wi}touches all the bases{/wi}"}]]]}]], [["sense", {"sn": "2", "dt": [["text", "{bc}to do or include everything that needs to be done or included {bc}to fulfill all requirements or necessities "], ["vis", [{"t": "need to {wi}touch all the bases{/wi} when applying for a mortgage"}, {"t": "The owner of the Utah Stars is in Salt Lake City, working 24 hours a day in an effort to {wi}touch every base{/wi} to keep his club in Utah's capital city.", "aq": {"auth": "Dan Pattison"}}]]]}]]]}]}], "art": {"artid": "base", "capt": "base of a column: {it}1{/it} upper torus, {it}2{/it} scotia, {it}3{/it} lower torus, {it}4{/it} plinth, {it}5{/it} shaft, {it}6{/it} fillets"}, "et": [["text", "Middle English, from Anglo-French, from Latin {it}basis{/it}, from Greek, step, base, from {it}bainein{/it} to go {ma}{mat|come|}{/ma}"]], "date": "14th century{ds||1|c|1}", "shortdef": ["the bottom of something considered as its support : foundation", "that part of a bodily organ by which it is attached to another more central structure of the organism", "the lower part of a wall, pier, or column considered as a separate architectural feature"]}, {"meta": {"id": "touch down", "uuid": "efa7ee1c-2853-4788-8356-3e863bf18bd9", "sort": "200301200", "src": "collegiate", "section": "alpha", "stems": ["touch down", "touched down", "touches down", "touching down"], "offensive": false}, "hwi": {"hw": "touch down"}, "fl": "verb", "ins": [{"if": "touched down"}, {"if": "touch*ing down"}, {"if": "touch*es down"}], "def": [{"vd": "intransitive verb", "sseq": [[["sense", {"dt": [["text", "{bc}to reach the ground {bc}{sx|land||}"]]}]]]}, {"vd": "transitive verb", "sseq": [[["sense", {"dt": [["text", "{bc}to place (the ball in rugby) by hand on the ground on or over an opponent's goal line in scoring a try or behind one's own goal line as a defensive measure"]]}]]]}], "date": "1859{ds|t|||}", "shortdef": ["to reach the ground : land", "to place (the ball in rugby) by hand on the ground on or over an opponent's goal line in scoring a try or behind one's own goal line as a defensive measure"]}, {"meta": {"id": "touch off", "uuid": "4f9c3920-4c09-4917-9f70-e8872e836171", "sort": "200302200", "src": "collegiate", "section": "alpha", "stems": ["touch off", "touched off", "touches off", "touching off"], "offensive": false}, "hwi": {"hw": "touch off"}, "fl": "verb", "ins": [{"if": "touched off"}, {"if": "touch*ing off"}, {"if": "touch*es off"}], "def": [{"vd": "transitive verb", "sseq": [[["sense", {"sn": "1 a", "dt": [["text", "{bc}to provoke or initiate with sudden intensity "], ["vis", [{"t": "the verdict {it}touched off{/it} local riots"}]]]}], ["sense", {"sn": "b", "dt": [["text", "{bc}to cause to explode by or as if by touching with fire"]]}]], [["sense", {"sn": "2", "dt": [["text", "{bc}to describe or characterize with precision"]]}]]]}], "date": "1694{ds||2||}", "shortdef": ["to provoke or initiate with sudden intensity", "to cause to explode by or as if by touching with fire", "to describe or characterize with precision"]}, {"meta": {"id": "touch up", "uuid": "fe206db2-d330-4a68-9e81-63c0af9ea9d1", "sort": "200303000", "src": "collegiate", "section": "alpha", "stems": ["touch up", "touched up", "touches up", "touching up"], "offensive": false}, "hwi": {"hw": "touch up"}, "fl": "verb", "ins": [{"if": "touched up"}, {"if": "touch*ing up"}, {"if": "touch*es up"}], "def": [{"vd": "transitive verb", "sseq": [[["sense", {"sn": "1", "dt": [["text", "{bc}to improve or perfect by small additional strokes or alterations {bc}fix the minor and usually visible defects or damages of"]]}]], [["sense", {"sn": "2", "dt": [["text", "{bc}to stimulate by or as if by a flick of a whip"]]}]]]}], "date": "1656{ds||1||}", "shortdef": ["to improve or perfect by small additional strokes or alterations : fix the minor and usually visible defects or damages of", "to stimulate by or as if by a flick of a whip"]}]