[{"meta": {"id": "tough:1", "uuid": "d2c96b42-b44e-49d9-9c9d-aa5a67df2136", "sort": "200303400", "src": "collegiate", "section": "alpha", "stems": ["tough", "tougher", "toughest", "toughly"], "offensive": false}, "hom": 1, "hwi": {"hw": "tough", "prs": [{"mw": "\u02c8t\u0259f", "sound": {"audio": "tough001", "ref": "c", "stat": "1"}}]}, "fl": "adjective", "def": [{"sseq": [[["sense", {"sn": "1", "dt": [["text", "{bc}difficult to accomplish, {d_link|resolve|resolve:1}, endure, or deal with "], ["vis", [{"t": "a {wi}tough{/wi} question"}, {"t": "{wi}tough{/wi} luck"}]]]}]], [["sense", {"sn": "2", "dt": [["text", "{bc}capable of enduring strain, hardship, or severe labor "], ["vis", [{"t": "{wi}tough{/wi} soldiers"}]]]}]], [["sense", {"sn": "3", "dt": [["text", "{bc}{sx|unruly||}, {sx|rowdyish||} "], ["vis", [{"t": "a {wi}tough{/wi} gang"}]]]}]], [["sense", {"sn": "4 a", "dt": [["text", "{bc}strong or firm in texture but flexible and not {d_link|brittle|brittle:1}"]]}], ["sense", {"sn": "b", "dt": [["text", "{bc}not easily chewed "], ["vis", [{"t": "{wi}tough{/wi} meat"}]]]}]], [["sense", {"sn": "5", "dt": [["text", "{bc}characterized by severity or {d_link|uncompromising|uncompromising} determination "], ["vis", [{"t": "{wi}tough{/wi} laws"}, {"t": "{wi}tough{/wi} discipline"}]]]}]], [["sense", {"sn": "6", "dt": [["text", "{bc}very hard to influence {bc}{sx|stubborn||} "], ["vis", [{"t": "a {wi}tough{/wi} negotiator"}]]]}]], [["sense", {"sn": "7", "dt": [["text", "{bc}stubbornly fought "], ["vis", [{"t": "a {wi}tough{/wi} contest"}]]]}]], [["sense", {"sn": "8", "dt": [["text", "{bc}marked by {d_link|absence|absence} of softness or sentimentality "], ["vis", [{"t": "a {wi}tough{/wi} critic"}]]]}]], [["sense", {"sn": "9", "dt": [["text", "{bc}{sx|glutinous||}, {sx|sticky||}"]]}]]]}], "uros": [{"ure": "tough*ly", "fl": "adverb"}], "syns": [{"pl": "synonyms", "pt": [["text", "{sc}strong{/sc} {sc}stout{/sc} {sc}sturdy{/sc} {sc}stalwart{/sc} {sc}tough{/sc} {sc}tenacious{/sc} mean showing power to resist or to endure. {sc}strong{/sc} may imply power derived from muscular vigor, large size, structural soundness, intellectual or spiritual resources. "], ["vis", [{"t": "{it}strong{/it} arms"}, {"t": "the defense has a {it}strong{/it} case"}]], ["text", " {sc}stout{/sc} suggests an ability to endure stress, pain, or hard use without giving way. "], ["vis", [{"t": "{it}stout{/it} hiking boots"}]], ["text", " {sc}sturdy{/sc} implies strength derived from vigorous growth, determination of spirit, solidity of construction. "], ["vis", [{"t": "a {it}sturdy{/it} table"}, {"t": "people of {it}sturdy{/it} independence"}]], ["text", " {sc}stalwart{/sc} suggests an unshakable dependability. "], ["vis", [{"t": "{it}stalwart{/it} environmentalists"}]], ["text", " {sc}tough{/sc} implies great firmness and resiliency. "], ["vis", [{"t": "a {it}tough{/it} political opponent"}]], ["text", " {sc}tenacious{/sc} suggests strength in seizing, retaining, clinging to, or holding together. "], ["vis", [{"t": "{it}tenacious{/it} farmers clinging to an age-old way of life"}]]]}], "quotes": [{"t": "I have a {qword}tough{/qword} constitution, and my profession taught me how to compete against long odds and big obstacles.", "aq": {"auth": "Lance Armstrong", "source": "{it}It's Not About The Bike{/it}", "aqdate": "(2000) 2001"}}, {"t": "He had on the other hand to preserve his own reputation as a {qword}tough{/qword} D.A. who dealt handily with the criminal classes.", "aq": {"auth": "E. L. Doctorow", "source": "{it}Ragtime{/it}", "aqdate": "(1974) 1975"}}, {"t": " \u2026 this wiry, {qword}tough{/qword}, frenetic Algerian with the beneficent smile, who could vault over the bar and stiff-arm a drunk out into the night in less time than it takes to say Edgar Poe, and return, bland as butter, to take up where he left off \u2026", "aq": {"auth": "William Styron", "source": "\"The {it}Paris Review{/it}\"", "aqdate": "August 1953", "subsource": {"source": "in William Styron, {it}This Quiet Dust And Other Writings{/it}", "aqdate": "(1953) 1982"}}}, {"t": " \u2026 Pelletreau had firsthand experience in dealing with Israelis as well as with Arabs and had a reputation for being bold, analytical, and {qword}tough{/qword} as nails.", "aq": {"auth": "Robert D. Kaplan", "source": "{it}The Arabists{/it}", "aqdate": "1993"}}], "et": [["text", "Middle English, from Old English {it}t\u014dh{/it}; akin to Old High German {it}z\u0101hi{/it} tough"]], "date": "before 12th century{ds||4|a|}", "shortdef": ["difficult to accomplish, resolve, endure, or deal with", "capable of enduring strain, hardship, or severe labor", "unruly, rowdyish"]}, {"meta": {"id": "tough:2", "uuid": "31bb968d-45ae-49d2-86af-2dc1f38fe0c3", "sort": "200303500", "src": "collegiate", "section": "alpha", "stems": ["tough"], "offensive": false}, "hom": 2, "hwi": {"hw": "tough"}, "fl": "adverb", "def": [{"sseq": [[["sense", {"dt": [["text", "{bc}in a tough manner {dx_def}see {dxt|tough:1||}{/dx_def} "], ["vis", [{"t": "talking {wi}tough{/wi}"}]]]}]]]}], "et": [["text", "{dx_ety}see {dxt|tough:1||}{/dx_ety}"]], "date": "14th century", "shortdef": ["in a tough manner"]}, {"meta": {"id": "tough:3", "uuid": "7909e5bd-8dae-4ca5-b2f5-2bebeefda4f6", "sort": "200303600", "src": "collegiate", "section": "alpha", "stems": ["tough", "toughs"], "offensive": false}, "hom": 3, "hwi": {"hw": "tough"}, "fl": "noun", "def": [{"sseq": [[["sense", {"dt": [["text", "{bc}a tough and violent person {bc}{sx|rowdy||}"]]}]]]}], "quotes": [{"t": "One night, after antagonizing a gang of older {qword}toughs{/qword}, he had his face smashed in with a hockey stick.", "aq": {"auth": "John Harris", "source": "{it}Rolling Stone{/it}", "aqdate": "14 Nov. 2002"}}, {"t": "They weren't strong enough to fight Sankoh and his hopped-up young {qword}toughs{/qword}, who number in the thousands.", "aq": {"auth": "Tom Masland et al.", "source": "{it}Newsweek{/it}", "aqdate": "15 May 2000"}}, {"t": "The subways provided fine service, except that lately there had been a problem. Packs of young {qword}toughs{/qword} had taken to roaming the cars.", "aq": {"auth": "Tom Wolf", "source": "{it}Harper's{/it}", "aqdate": "November 1989"}}], "et": [["text", "{dx_ety}see {dxt|tough:1||}{/dx_ety}"]], "date": "1801", "shortdef": ["a tough and violent person : rowdy"]}, {"meta": {"id": "tough:4", "uuid": "9e4113a6-0cea-4ee6-aaa1-cd2c8fa204ef", "sort": "200303700", "src": "collegiate", "section": "alpha", "stems": ["tough", "tough it out", "toughed", "toughed it out", "toughing", "toughing it out", "toughs", "toughs it out"], "offensive": false}, "hom": 4, "hwi": {"hw": "tough"}, "fl": "verb", "ins": [{"if": "toughed"}, {"if": "tough*ing"}, {"if": "toughs"}], "def": [{"vd": "transitive verb", "sseq": [[["sense", {"dt": [["text", "{bc}to bear unflinchingly {bc}{sx|endure||} "], ["uns", [[["text", "usually used with {it}out{/it} especially in the phrase {it}tough it out{/it}"]]]]]}]]]}], "quotes": [{"t": " \u2026 they were {qword}toughing{/qword} it out with the help of the greatest ally a macho young cop ever had, booze.", "aq": {"auth": "Joseph Wambaugh", "source": "{it}Lines and Shadows{/it}", "aqdate": "1984"}}, {"t": "Summer in New York is coasting the dairy aisle at Safeway.\u00a0 \u2026 It's finding the spot in a subway car where the vent blows strongest and staying there past your stop, {qword}toughing{/qword} it out when the \"excuse me, ladies and gentlemen\" hard-luck stories blow through.", "aq": {"auth": "Guy Trebay", "source": "{it}Village Voice{/it}", "aqdate": "30 July 1991"}}], "et": [["text", "{dx_ety}see {dxt|tough:1||}{/dx_ety}"]], "date": "1830", "shortdef": ["to bear unflinchingly : endure \u2014usually used with out especially in the phrase tough it out"]}, {"meta": {"id": "tough love", "uuid": "3ba4528e-dbc3-4278-ac6a-e9ef7c388c44", "sort": "200304000", "src": "collegiate", "section": "alpha", "stems": ["tough love"], "offensive": false}, "hwi": {"hw": "tough love"}, "fl": "noun", "def": [{"sseq": [[["sense", {"dt": [["text", "{bc}love or affectionate concern expressed in a stern or unsentimental manner (as through discipline) especially to promote responsible behavior"]]}]]]}], "date": "1968", "shortdef": ["love or affectionate concern expressed in a stern or unsentimental manner (as through discipline) especially to promote responsible behavior"]}, {"meta": {"id": "tough-minded", "uuid": "98ae33d6-0c13-475b-ad90-8cd17180cd04", "sort": "200304100", "src": "collegiate", "section": "alpha", "stems": ["tough-minded", "tough-mindedness", "tough-mindednesses"], "offensive": false}, "hwi": {"hw": "tough-mind*ed", "prs": [{"mw": "\u02c8t\u0259f-\u02ccm\u012bn-d\u0259d", "sound": {"audio": "toughm01", "ref": "c", "stat": "1"}}]}, "fl": "adjective", "def": [{"sseq": [[["sense", {"dt": [["text", "{bc}realistic or unsentimental in temper or outlook "], ["vis", [{"t": "{wi}tough-minded{/wi} survivors"}]]]}]]]}], "uros": [{"ure": "tough-mind*ed*ness", "fl": "noun"}], "date": "1907", "shortdef": ["realistic or unsentimental in temper or outlook"]}, {"meta": {"id": "tough cookie", "uuid": "637c5df2-59a8-43b6-91f3-c40c23c06d17", "sort": "3021318000", "src": "ld", "section": "idioms", "stems": ["tough cookie"], "offensive": false}, "hwi": {"hw": "tough cookie"}, "fl": "noun", "def": [{"sseq": [[["sense", {"dt": [["text", "{bc}a person who is physically and emotionally strong "], ["vis", [{"t": "Don't worry about her\u2014she's a {it}tough cookie{/it}."}]]]}]]]}], "shortdef": ["a person who is physically and emotionally strong"]}, {"meta": {"id": "tough luck", "uuid": "fa2f344d-c800-4653-a093-1f39bcb4dd3d", "sort": "3021321000", "src": "ld", "section": "idioms", "stems": ["tough luck"], "offensive": false}, "hwi": {"hw": "tough luck"}, "fl": "idiom", "def": [{"sls": ["informal"], "sseq": [[["sense", {"dt": [["uns", [[["text", "used in speech to show sympathy for someone who has failed or has been disappointed "], ["vis", [{"t": "You lost your job? Oh, {it}tough luck{/it}."}]]], [["text", "often used in an ironic way to show that one does not feel sympathy for someone "], ["vis", [{"t": "\"I need more time to finish the job.\" \"{it}Tough luck{/it}. You knew the job was supposed to be done by today.\""}]]]]]]}]]]}], "shortdef": ["\u2014used in speech to show sympathy for someone who has failed or has been disappointed \u2014often used in an ironic way to show that one does not feel sympathy for someone"]}, {"meta": {"id": "(as) tough as old boots", "uuid": "4ad5c746-82b2-4bda-9048-010f1aadb794", "sort": "3000957000", "src": "ld", "section": "idioms", "stems": ["(as) tough as old boots", "as tough as old boots", "tough as old boots"], "offensive": false}, "hwi": {"hw": "(as) tough as old boots"}, "fl": "idiom", "def": [{"sls": ["British", "informal"], "sseq": [[["sense", {"dt": [["text", "{bc}very tough "], ["vis", [{"t": "This steak is {it}as tough as old boots{/it}."}, {"t": "Don't worry about her\u2014she's {it}as tough as old boots{/it}."}]]]}]]]}], "shortdef": ["very tough"]}, {"meta": {"id": "be tough on", "uuid": "5aba02a4-df1f-4f65-8161-1759794f087e", "sort": "3001794000", "src": "ld", "section": "idioms", "stems": ["be tough on"], "offensive": false}, "hwi": {"hw": "be tough on"}, "fl": "idiom", "def": [{"sseq": [[["sense", {"dt": [["text", "{bc}causing stress or worry to (someone) "], ["vis", [{"t": "This year has {it}been tough on{/it} our family."}]]]}]]]}], "shortdef": ["causing stress or worry to (someone)"]}]