[{"meta": {"id": "track", "uuid": "8963e5c3-7617-4a9d-832c-c7915d25d2eb", "src": "coll_thes", "section": "alpha", "target": {"tuuid": "cec22ad1-e3e3-4db7-8259-a7199c45aa6c", "tsrc": "collegiate"}, "stems": ["track", "in one's tracks", "on track", "trackless", "tracks"], "syns": [["imprint", "trace", "trail"], ["footpath", "path", "pathway", "trace", "trail"], ["course", "line", "path", "pathway", "route", "routeway", "steps", "way"]], "ants": [], "offensive": false}, "hwi": {"hw": "track"}, "fl": "noun", "def": [{"sseq": [[["sense", {"sn": "1", "dt": [["text", "a mark or series of marks left on a surface by something that has passed along it "], ["vis", [{"t": "a muddy {it}track{/it} across the kitchen floor"}]]], "syn_list": [[{"wd": "imprint"}, {"wd": "trace"}, {"wd": "trail"}]], "rel_list": [[{"wd": "footmark"}, {"wd": "footprint"}, {"wd": "footstep"}, {"wd": "hoofprint"}, {"wd": "path"}, {"wd": "print"}, {"wd": "pug"}, {"wd": "rut"}, {"wd": "step"}, {"wd": "tread"}], [{"wd": "artifact"}, {"wd": "evidence"}, {"wd": "leavings"}, {"wd": "relic"}, {"wd": "remain(s)"}, {"wd": "remainder"}, {"wd": "reminder"}, {"wd": "remnant"}, {"wd": "residual"}, {"wd": "residue"}, {"wd": "sign"}, {"wd": "spoor"}, {"wd": "telltale"}, {"wd": "token"}, {"wd": "vestige"}], [{"wd": "clue"}, {"wd": "cue"}, {"wd": "hint"}, {"wd": "indication"}, {"wd": "inkling"}, {"wd": "intimation"}, {"wd": "lead"}, {"wd": "suggestion"}], [{"wd": "scent"}, {"wd": "shadow"}, {"wd": "whiff"}]]}]], [["sense", {"sn": "2", "dt": [["text", "a rough course or way formed by or as if by repeated footsteps "], ["vis", [{"t": "there was still a faint {it}track{/it} through the underbrush that indicated where the path used to be"}]]], "syn_list": [[{"wd": "footpath"}, {"wd": "path"}, {"wd": "pathway"}, {"wd": "trace"}, {"wd": "trail"}]], "rel_list": [[{"wd": "bridle path"}], [{"wd": "towpath"}], [{"wd": "alley"}, {"wd": "alleyway"}, {"wd": "bypath"}, {"wd": "byroad"}, {"wd": "bystreet"}, {"wd": "byway"}, {"wd": "passageway"}, {"wd": "walkway"}], [{"wd": "cutoff"}, {"wd": "shortcut"}], [{"wd": "lane"}, {"wd": "pass"}, {"wd": "passage"}, {"wd": "road"}, {"wd": "roadway"}, {"wd": "route"}, {"wd": "row"}, {"wd": "run"}, {"wd": "runway"}, {"wd": "street"}, {"wd": "thoroughfare"}]]}]], [["sense", {"sn": "3", "dt": [["text", "the direction along which something or someone moves "], ["vis", [{"t": "I followed the {it}track{/it} of the thief's eyes as he watched the woman put the money into her purse and walk away"}]]], "syn_list": [[{"wd": "course"}, {"wd": "line"}, {"wd": "path"}, {"wd": "pathway"}, {"wd": "route"}, {"wd": "routeway", "wsls": ["chiefly British"]}, {"wd": "steps"}, {"wd": "way"}]], "rel_list": [[{"wd": "circle"}, {"wd": "circuit"}, {"wd": "loop"}, {"wd": "orbit"}], [{"wd": "arc"}, {"wd": "flight path"}, {"wd": "trajectory"}], [{"wd": "ascent"}, {"wd": "descent"}]]}]]]}], "shortdef": ["a mark or series of marks left on a surface by something that has passed along it", "a rough course or way formed by or as if by repeated footsteps", "the direction along which something or someone moves"]}, {"meta": {"id": "track", "uuid": "d3f6306c-d48a-4ad8-9e5e-d3209268da51", "src": "coll_thes", "section": "alpha", "target": {"tuuid": "42a720bf-cf05-490e-8a9d-c7f5cd994eef", "tsrc": "collegiate"}, "stems": ["track", "tracked", "tracker", "trackers", "tracking", "tracks"], "syns": [["bird-dog", "chase", "course", "dog", "follow", "hound", "pursue", "run", "shadow", "tag", "tail", "trace", "trail"], ["course", "cover", "cross", "cut (across)", "follow", "go", "navigate", "pass (over)", "perambulate", "peregrinate", "proceed (along)", "transit", "travel", "traverse"]], "ants": [["guide", "lead", "pilot"]], "offensive": false}, "hwi": {"hw": "track"}, "fl": "verb", "def": [{"sseq": [[["sense", {"sn": "1", "dt": [["text", "to go after or on the track of "], ["vis", [{"t": "predators stealthily {it}tracking{/it} their prey"}]]], "syn_list": [[{"wd": "bird-dog"}, {"wd": "chase"}, {"wd": "course"}, {"wd": "dog"}, {"wd": "follow"}, {"wd": "hound"}, {"wd": "pursue"}, {"wd": "run"}, {"wd": "shadow"}, {"wd": "tag"}, {"wd": "tail"}, {"wd": "trace"}, {"wd": "trail"}]], "rel_list": [[{"wd": "accompany"}, {"wd": "chaperone", "wvrs": [{"wvl": "or", "wva": "chaperon"}]}, {"wd": "escort"}], [{"wd": "hunt"}, {"wd": "search (for)"}, {"wd": "seek"}], [{"wd": "eye"}, {"wd": "observe"}, {"wd": "watch"}]], "phrase_list": [[{"wd": "run after"}]], "near_list": [[{"wd": "head"}]], "ant_list": [[{"wd": "guide"}, {"wd": "lead"}, {"wd": "pilot"}]]}]], [["sense", {"sn": "2", "dt": [["text", "to make one's way through, across, or over "], ["vis", [{"t": "once upon a time, millions of buffalo {it}tracked{/it} the wide open plains"}]]], "syn_list": [[{"wd": "course"}, {"wd": "cover"}, {"wd": "cross"}, {"wd": "cut (across)"}, {"wd": "follow"}, {"wd": "go"}, {"wd": "navigate"}, {"wd": "pass (over)"}, {"wd": "perambulate"}, {"wd": "peregrinate"}, {"wd": "proceed (along)"}, {"wd": "transit"}, {"wd": "travel"}, {"wd": "traverse"}]], "rel_list": [[{"wd": "hike"}, {"wd": "traipse"}, {"wd": "tramp"}, {"wd": "tread"}, {"wd": "walk"}], [{"wd": "ride"}, {"wd": "run"}], [{"wd": "crisscross"}]]}]]]}], "shortdef": ["to go after or on the track of", "to make one's way through, across, or over"]}, {"meta": {"id": "track (down)", "uuid": "6010dd58-b416-484b-913b-c94fa93388ba", "src": "coll_thes", "section": "alpha", "stems": ["track (down)", "track", "track down", "tracked", "tracker", "trackers", "tracking", "tracks"], "syns": [["ascertain", "descry", "detect", "determine", "dig out", "dig up", "discover", "dredge (up)", "ferret (out)", "find", "find out", "get", "hit (on or upon)", "hunt (down or up)", "learn", "locate", "nose out", "root (out)", "rout (out)", "rummage", "run down", "scare up", "scout (up)", "turn up"]], "ants": [["miss", "overlook", "pass over"]], "offensive": false}, "hwi": {"hw": "track (down)"}, "fl": "verb", "def": [{"sseq": [[["sense", {"dt": [["text", "to come upon after searching, study, or effort "], ["vis", [{"t": "I'll try to {it}track down{/it} his last known address"}]]], "syn_list": [[{"wd": "ascertain"}, {"wd": "descry"}, {"wd": "detect"}, {"wd": "determine"}, {"wd": "dig out"}, {"wd": "dig up"}, {"wd": "discover"}, {"wd": "dredge (up)"}, {"wd": "ferret (out)"}, {"wd": "find"}, {"wd": "find out"}, {"wd": "get"}, {"wd": "hit (on or upon)"}, {"wd": "hunt (down or up)"}, {"wd": "learn"}, {"wd": "locate"}, {"wd": "nose out"}, {"wd": "root (out)"}, {"wd": "rout (out)"}, {"wd": "rummage"}, {"wd": "run down"}, {"wd": "scare up"}, {"wd": "scout (up)"}, {"wd": "turn up"}]], "rel_list": [[{"wd": "espy"}, {"wd": "sight"}, {"wd": "spot"}], [{"wd": "look for"}, {"wd": "search (for or out)"}, {"wd": "seek"}]], "near_list": [[{"wd": "lose"}, {"wd": "mislay"}, {"wd": "misplace"}, {"wd": "misset"}]], "ant_list": [[{"wd": "miss"}, {"wd": "overlook"}, {"wd": "pass over"}]]}]]]}], "shortdef": ["to come upon after searching, study, or effort"]}, {"meta": {"id": "fast-track", "uuid": "cbfbc25c-29b8-4799-8249-b98f19b2923a", "src": "coll_thes", "section": "alpha", "target": {"tuuid": "94e97c49-706c-468e-b0b6-d4cf03de0704", "tsrc": "collegiate"}, "stems": ["fast-track", "fast track", "fast-tracked", "fast-tracker", "fast-trackers", "fast-tracking", "fast-tracks"], "syns": [["accelerate", "bundle", "hasten", "hurry", "quicken", "rush", "speed (up)", "whisk"]], "ants": [["brake", "decelerate", "retard", "slow (down)"]], "offensive": false}, "hwi": {"hw": "fast-track"}, "fl": "verb", "def": [{"sseq": [[["sense", {"dt": [["text", "to cause to move or proceed fast or faster "], ["vis", [{"t": "we're going to {it}fast-track{/it} this project so that the product is in the stores for the holiday shopping season"}]]], "syn_list": [[{"wd": "accelerate"}, {"wd": "bundle"}, {"wd": "hasten"}, {"wd": "hurry"}, {"wd": "quicken"}, {"wd": "rush"}, {"wd": "speed (up)"}, {"wd": "whisk"}]], "rel_list": [[{"wd": "drive"}, {"wd": "goad"}, {"wd": "prod"}, {"wd": "propel"}, {"wd": "push"}, {"wd": "race"}, {"wd": "spur"}, {"wd": "stir"}, {"wd": "urge"}], [{"wd": "aid"}, {"wd": "dispatch"}, {"wd": "ease"}, {"wd": "encourage"}, {"wd": "expedite"}, {"wd": "facilitate"}]], "near_list": [[{"wd": "delay"}, {"wd": "encumber"}, {"wd": "fetter"}, {"wd": "hamper"}, {"wd": "hinder"}, {"wd": "hobble"}, {"wd": "hold back"}, {"wd": "hold up"}, {"wd": "impede"}, {"wd": "interfere (with)"}, {"wd": "manacle"}, {"wd": "rein (in)"}, {"wd": "restrain"}, {"wd": "shackle"}, {"wd": "tie up"}, {"wd": "trammel"}], [{"wd": "arrest"}, {"wd": "check"}, {"wd": "stall"}, {"wd": "stay"}, {"wd": "still"}, {"wd": "stop"}]], "ant_list": [[{"wd": "brake"}, {"wd": "decelerate"}, {"wd": "retard"}, {"wd": "slow (down)"}]]}]]]}], "shortdef": ["to cause to move or proceed fast or faster"]}, {"meta": {"id": "inside track", "uuid": "e7625501-1fcc-48ee-9df5-dc006426f7eb", "src": "coll_thes", "section": "alpha", "target": {"tuuid": "b0b6a12a-be09-49f1-a6ba-b7cf418d11a5", "tsrc": "collegiate"}, "stems": ["inside track", "inside tracks"], "syns": [["advantage", "better", "bulge", "catbird seat", "drop", "edge", "high ground", "jump", "pull", "stead", "upper hand", "vantage", "whip hand"]], "ants": [["disadvantage", "drawback", "handicap", "liability", "minus", "penalty", "strike"]], "offensive": false}, "hwi": {"hw": "inside track"}, "fl": "noun", "def": [{"sseq": [[["sense", {"dt": [["text", "the more favorable condition or position in a competition "], ["vis", [{"t": "the applicant with actual experience in pharmaceutical sales will definitely have the {it}inside track{/it} for the job"}]]], "syn_list": [[{"wd": "advantage"}, {"wd": "better"}, {"wd": "bulge"}, {"wd": "catbird seat"}, {"wd": "drop"}, {"wd": "edge"}, {"wd": "high ground"}, {"wd": "jump"}, {"wd": "pull"}, {"wd": "stead"}, {"wd": "upper hand"}, {"wd": "vantage"}, {"wd": "whip hand"}]], "rel_list": [[{"wd": "allowance"}, {"wd": "head start"}, {"wd": "lead"}, {"wd": "leg up"}, {"wd": "margin"}, {"wd": "odds"}, {"wd": "start"}], [{"wd": "ascendancy", "wvrs": [{"wvl": "also", "wva": "ascendency"}]}, {"wd": "command"}, {"wd": "dominance"}, {"wd": "mastery"}, {"wd": "predominance"}, {"wd": "superiority"}, {"wd": "supremacy"}, {"wd": "transcendence"}, {"wd": "transcendency"}], [{"wd": "precedence"}, {"wd": "preference"}, {"wd": "prerogative"}, {"wd": "privilege"}, {"wd": "seniority"}], [{"wd": "break"}, {"wd": "foothold"}, {"wd": "opportunity"}], [{"wd": "benefit"}, {"wd": "blessing"}, {"wd": "boon"}, {"wd": "felicity"}, {"wd": "godsend"}, {"wd": "manna"}, {"wd": "windfall"}]], "phrase_list": [[{"wd": "coign of vantage"}]], "near_list": [[{"wd": "detriment"}, {"wd": "stranglehold"}], [{"wd": "disparity"}, {"wd": "imbalance"}, {"wd": "inequality"}, {"wd": "unevenness"}], [{"wd": "disability"}, {"wd": "failing"}, {"wd": "impairment"}, {"wd": "shortcoming"}], [{"wd": "bar"}, {"wd": "catch"}, {"wd": "check"}, {"wd": "clog"}, {"wd": "crimp"}, {"wd": "embarrassment"}, {"wd": "hindrance"}, {"wd": "hitch"}, {"wd": "hurdle"}, {"wd": "impediment"}, {"wd": "interference"}, {"wd": "let"}, {"wd": "manacle"}, {"wd": "obstacle"}, {"wd": "obstruction"}, {"wd": "rub"}, {"wd": "shackle"}, {"wd": "stop"}, {"wd": "trammel"}], [{"wd": "lurch"}, {"wd": "setback"}]], "ant_list": [[{"wd": "disadvantage"}, {"wd": "drawback"}, {"wd": "handicap"}, {"wd": "liability"}, {"wd": "minus"}, {"wd": "penalty"}, {"wd": "strike"}]]}]]]}], "shortdef": ["the more favorable condition or position in a competition"]}, {"meta": {"id": "hen track", "uuid": "f934f03b-e6af-4cee-982d-9101f3e0fc29", "src": "CTcompile", "section": "alpha", "stems": ["hen track"], "syns": [["cacography", "hen scratch", "scratch", "scrawl", "scribble", "hand", "handwriting", "penmanship", "script", "backhand", "copperplate", "cursive", "print", "running hand", "autograph", "John Hancock", "John Henry", "signature"]], "ants": [], "offensive": false}, "hwi": {"hw": "hen track"}, "fl": "noun", "def": [{"sseq": [[["sense", {"dt": [["text", "as in {it}scratch{/it}, {it}hen scratch{/it}"]], "sim_list": [[{"wd": "cacography"}, {"wd": "hen scratch"}, {"wd": "scratch"}, {"wd": "scrawl"}, {"wd": "scribble"}], [{"wd": "hand"}, {"wd": "handwriting"}, {"wd": "penmanship"}, {"wd": "script"}], [{"wd": "backhand"}, {"wd": "copperplate"}, {"wd": "cursive"}, {"wd": "print"}, {"wd": "running hand"}], [{"wd": "autograph"}, {"wd": "John Hancock"}, {"wd": "John Henry"}, {"wd": "signature"}]]}]]]}], "shortdef": ["as in scratch, hen scratch"]}, {"meta": {"id": "beaten", "uuid": "febf70e9-6a86-49e5-ba7c-b77a3e7faccc", "src": "coll_thes", "section": "alpha", "target": {"tuuid": "439f5404-2903-415d-8d0f-7e734c10c1ec", "tsrc": "collegiate"}, "stems": ["beaten", "off the beaten path", "off the beaten track"], "syns": [["all in", "aweary", "beat", "bleary", "burned-out", "bushed", "dead", "done", "drained", "exhausted", "fatigued", "jaded", "knackered", "limp", "logy", "played out", "pooped", "prostrate", "spent", "tapped out", "tired", "tuckered (out)", "washed-out", "wearied", "weary", "wiped out", "worn", "worn-out"]], "ants": [["unwearied"]], "offensive": false}, "hwi": {"hw": "beaten"}, "fl": "adjective", "def": [{"sseq": [[["sense", {"dt": [["text", "depleted in strength, energy, or freshness "], ["vis", [{"t": "felt {it}beaten{/it} after three months of 90-hour workweeks"}]]], "syn_list": [[{"wd": "all in"}, {"wd": "aweary", "wsls": ["archaic"]}, {"wd": "beat"}, {"wd": "bleary"}, {"wd": "burned-out", "wvrs": [{"wvl": "or", "wva": "burnt-out"}]}, {"wd": "bushed"}, {"wd": "dead"}, {"wd": "done"}, {"wd": "drained"}, {"wd": "exhausted"}, {"wd": "fatigued"}, {"wd": "jaded"}, {"wd": "knackered", "wsls": ["British"]}, {"wd": "limp"}, {"wd": "logy", "wvrs": [{"wvl": "also", "wva": "loggy"}]}, {"wd": "played out"}, {"wd": "pooped", "wsls": ["slang"]}, {"wd": "prostrate"}, {"wd": "spent"}, {"wd": "tapped out"}, {"wd": "tired"}, {"wd": "tuckered (out)"}, {"wd": "washed-out"}, {"wd": "wearied"}, {"wd": "weary"}, {"wd": "wiped out"}, {"wd": "worn"}, {"wd": "worn-out"}]], "rel_list": [[{"wd": "overfatigued"}, {"wd": "overtaxed"}, {"wd": "overworked"}], [{"wd": "broken-down"}, {"wd": "run-down"}], [{"wd": "debilitated"}, {"wd": "enervate"}, {"wd": "enervated"}, {"wd": "enfeebled"}, {"wd": "sapped"}, {"wd": "weakened"}], [{"wd": "drowsy"}, {"wd": "heavy"}, {"wd": "sleepy"}], [{"wd": "lethargic"}, {"wd": "sluggish"}]], "phrase_list": [[{"wd": "worn to a frazzle"}]], "near_list": [[{"wd": "fresh"}, {"wd": "refreshed"}, {"wd": "rejuvenated"}, {"wd": "relaxed"}, {"wd": "rested"}, {"wd": "revitalized"}], [{"wd": "active"}, {"wd": "energetic"}, {"wd": "invigorated"}, {"wd": "peppy"}, {"wd": "strengthened"}, {"wd": "strong"}, {"wd": "tireless"}, {"wd": "vitalized"}, {"wd": "weariless"}]], "ant_list": [[{"wd": "unwearied"}]]}]]]}], "shortdef": ["depleted in strength, energy, or freshness"]}, {"meta": {"id": "trackless", "uuid": "790df31b-1bbf-4888-b3b9-c205d235e460", "src": "coll_thes", "section": "alpha", "stems": ["trackless", "in one's tracks", "on track"], "syns": [["pathless", "untraveled", "untraversed", "untrodden"]], "ants": [["traveled", "trod"]], "offensive": false}, "hwi": {"hw": "trackless"}, "fl": "adjective", "def": [{"sseq": [[["sense", {"dt": [["text", "not having been traveled over or through "], ["vis", [{"t": "the {it}trackless{/it} desert is no place for unequipped, unprepared travelers"}]]], "syn_list": [[{"wd": "pathless"}, {"wd": "untraveled"}, {"wd": "untraversed"}, {"wd": "untrodden", "wvrs": [{"wvl": "also", "wva": "untrod"}]}]], "rel_list": [[{"wd": "pristine"}, {"wd": "virgin"}], [{"wd": "undiscovered"}, {"wd": "unexplored"}]], "near_list": [[{"wd": "bustling"}, {"wd": "busy"}, {"wd": "crowded"}], [{"wd": "swarming"}, {"wd": "teeming"}, {"wd": "thronging"}]], "ant_list": [[{"wd": "traveled", "wvrs": [{"wvl": "or", "wva": "travelled"}]}, {"wd": "trod", "wvrs": [{"wvl": "or", "wva": "trodden"}]}]]}]]]}], "shortdef": ["not having been traveled over or through"]}]