[{"meta": {"id": "try:1", "uuid": "c82f0376-c087-4c5b-b3e3-c1edd7d2ac01", "sort": "200427400", "src": "collegiate", "section": "alpha", "stems": ["tried", "tried her hand", "tried his hand", "tried its hand", "tried my hand", "tried one's hand", "tried one's hand (at)", "tried our hand", "tried our hands", "tried their hand", "tried their hands", "tried your hand", "tried your hands", "tries", "tries her hand", "tries his hand", "tries its hand", "tries one's hand", "tries one's hand (at)", "try", "try her hand", "try his hand", "try its hand", "try my hand", "try one's hand", "try our hand", "try our hands", "try their hand", "try their hands", "try your hand", "try your hands", "trying", "trying her hand", "trying his hand", "trying its hand", "trying my hand", "trying one's hand", "trying one's hand (at)", "trying our hand", "trying our hands", "trying their hand", "trying their hands", "trying your hand", "trying your hands"], "offensive": false}, "hom": 1, "hwi": {"hw": "try", "prs": [{"mw": "\u02c8tr\u012b", "sound": {"audio": "try00001", "ref": "c", "stat": "1"}}]}, "fl": "verb", "ins": [{"if": "tried"}, {"if": "try*ing"}], "def": [{"vd": "intransitive verb", "sseq": [[["sense", {"dt": [["text", "{bc}to make an attempt "], ["vis", [{"t": "you can do it if you {wi}try{/wi}"}]]]}]]]}, {"vd": "transitive verb", "sseq": [[["sense", {"sn": "1", "dt": [["text", "{bc}to make an attempt at "], ["uns", [[["text", "often used with an infinitive "], ["vis", [{"t": "{wi}try{/wi} to fix the car"}]]]]]]}]], [["sense", {"sn": "2 a", "dt": [["text", "{bc}to put to test or trial "], ["vis", [{"t": "{wi}try{/wi} one's luck"}]], ["uns", [[["text", "often used with {it}out{/it} "], ["vis", [{"t": "{wi}try{/wi} out a new method"}]]]]]]}], ["sense", {"sn": "b", "dt": [["text", "{bc}to subject to something (such as undue strain or excessive hardship or provocation) that tests the powers of endurance"]]}], ["sense", {"sn": "c", "dt": [["text", "{bc}{sx|demonstrate||}, {sx|prove||}"]]}]], [["sense", {"sn": "3 a", "dt": [["text", "{bc}to examine or investigate judicially "], ["vis", [{"t": "{wi}try{/wi} a case"}]]]}], ["pseq", [["sense", {"sn": "b (1)", "dt": [["text", "{bc}to conduct the trial of"]]}], ["sense", {"sn": "(2)", "dt": [["text", "{bc}to participate as counsel in the judicial examination of"]]}]]]], [["sense", {"sn": "4 a", "dt": [["text", "{bc}to melt down and procure in a pure state {bc}{sx|render||} "], ["vis", [{"t": "{wi}try{/wi} out whale oil from blubber"}]]]}], ["sense", {"sn": "b", "sls": ["obsolete"], "dt": [["text", "{bc}{sx|purify||}, {sx|refine||}"]]}]], [["sense", {"sn": "5", "dt": [["text", "{bc}to fit or finish with accuracy"]]}]]]}], "dros": [{"drp": "try one's hand", "def": [{"sseq": [[["sense", {"dt": [["text", "{bc}to attempt something for the first time"]]}]]]}]}], "syns": [{"pl": "synonyms", "pt": [["text", "{sc}afflict{/sc} {sc}try{/sc} {sc}torment{/sc} {sc}torture{/sc} {sc}rack{/sc} mean to inflict on a person something that is hard to bear. {sc}afflict{/sc} is a general term and applies to the causing of pain or suffering or of acute annoyance, embarrassment, or any distress. "], ["vis", [{"t": "ills that {it}afflict{/it} the elderly"}]], ["text", " {sc}try{/sc} suggests imposing something that strains the powers of endurance or of self-control. "], ["vis", [{"t": "children often {it}try{/it} their parents' patience"}]], ["text", " {sc}torment{/sc} suggests persecution or the repeated inflicting of suffering or annoyance. "], ["vis", [{"t": "a horse {it}tormented{/it} by flies"}]], ["text", " {sc}torture{/sc} adds the implication of causing unbearable pain or suffering. "], ["vis", [{"t": "{it}tortured{/it} by a sense of guilt"}]], ["text", " {sc}rack{/sc} stresses straining or wrenching. "], ["vis", [{"t": "a body {it}racked{/it} by pain"}]]]}, {"pl": "synonyms", "pt": [["text", "{sc}attempt{/sc} {sc}try{/sc} {sc}endeavor{/sc} {sc}essay{/sc} {sc}strive{/sc} mean to make an effort to accomplish an end. {sc}attempt{/sc} stresses the initiation or beginning of an effort. "], ["vis", [{"t": "will {it}attempt{/it} to photograph the rare bird"}]], ["text", " {sc}try{/sc} is often close to {sc}attempt{/sc} but may stress effort or experiment made in the hope of testing or proving something. "], ["vis", [{"t": "{it}tried{/it} to determine which was the better procedure"}]], ["text", " {sc}endeavor{/sc} heightens the implications of exertion and difficulty. "], ["vis", [{"t": "{it}endeavored{/it} to find crash survivors in the mountains"}]], ["text", " {sc}essay{/sc} implies difficulty but also suggests tentative trying or experimenting. "], ["vis", [{"t": "will {it}essay{/it} a dramatic role for the first time"}]], ["text", " {sc}strive{/sc} implies great exertion against great difficulty and specifically suggests persistent effort. "], ["vis", [{"t": "continues to {it}strive{/it} for peace"}]]]}], "et": [["text", "Middle English {it}trien{/it}, from Anglo-French {it}trier{/it} to select, sort, examine, determine, probably from Late Latin {it}tritare{/it} to grind, frequentative of Latin {it}terere{/it} to rub {ma}{mat|throw:1|}{/ma}"]], "date": "14th century{ds|t|3|a|}", "shortdef": ["to make an attempt", "to make an attempt at \u2014often used with an infinitive", "to put to test or trial \u2014often used with out"]}, {"meta": {"id": "try:2", "uuid": "6d12373c-f02d-4650-8da1-894a1020675f", "sort": "200427500", "src": "collegiate", "section": "alpha", "stems": ["tries", "try"], "offensive": false}, "hom": 2, "hwi": {"hw": "try"}, "fl": "noun", "ins": [{"il": "plural", "if": "tries"}], "def": [{"sseq": [[["sense", {"sn": "1", "dt": [["text", "{bc}an experimental trial {bc}{sx|attempt||} "], ["vis", [{"t": "succeeded on the first {wi}try{/wi}"}]]]}]], [["sense", {"sn": "2", "dt": [["text", "{bc}a play in rugby that is similar to a touchdown in football, scores usually five points, and entitles the scoring side to attempt a placekick at the goal for additional points"]], "sdsense": {"sd": "also", "dt": [["text", "{bc}the score made on a try"]]}}]]]}], "date": "1832{ds||1||}", "shortdef": ["an experimental trial : attempt", "a play in rugby that is similar to a touchdown in football, scores usually five points, and entitles the scoring side to attempt a placekick at the goal for additional points; also : the score made on a try"]}, {"meta": {"id": "try for point", "uuid": "fc3163f0-e76c-488b-9a0b-1d3bc2bd96fe", "sort": "200427600", "src": "collegiate", "section": "alpha", "stems": ["tries for point", "try for point", "try for points"], "offensive": false}, "hwi": {"hw": "try for point"}, "fl": "noun phrase", "def": [{"sseq": [[["sense", {"dt": [["text", "{bc}an attempt made after scoring a touchdown in football to score one or two additional points by kicking the ball over the crossbar or again carrying it into the opponents' end zone"]]}]]]}], "date": "1929", "shortdef": ["an attempt made after scoring a touchdown in football to score one or two additional points by kicking the ball over the crossbar or again carrying it into the opponents' end zone"]}, {"meta": {"id": "try on", "uuid": "aa225db3-0ef9-45f7-9a98-86217c8f6dc3", "sort": "200427800", "src": "collegiate", "section": "alpha", "stems": ["tried on", "tries on", "try on", "try-on", "try-ons", "trying on"], "offensive": false}, "hwi": {"hw": "try on"}, "fl": "verb", "ins": [{"if": "tried on"}, {"if": "try*ing on"}, {"if": "tries on"}], "def": [{"vd": "transitive verb", "sseq": [[["sense", {"sn": "1", "dt": [["text", "{bc}to put on (a garment) in order to test the fit"]]}]], [["sense", {"sn": "2", "dt": [["text", "{bc}to use or test experimentally"]]}]]]}], "uros": [{"ure": "try-on", "prs": [{"mw": "\u02c8tr\u012b-\u02cc\u022fn", "sound": {"audio": "tryon001", "ref": "c", "stat": "1"}}, {"mw": "-\u02cc\u00e4n"}], "fl": "noun"}], "date": "1664{ds||1||}", "shortdef": ["to put on (a garment) in order to test the fit", "to use or test experimentally"]}, {"meta": {"id": "try out", "uuid": "9f97db45-4e62-4f65-a7b0-c2743bfc9568", "sort": "200428000", "src": "collegiate", "section": "alpha", "stems": ["tried out", "tries out", "try out", "trying out"], "offensive": false}, "hwi": {"hw": "try out"}, "fl": "verb", "ins": [{"if": "tried out"}, {"if": "try*ing out"}, {"if": "tries out"}], "def": [{"vd": "intransitive verb", "sseq": [[["sense", {"dt": [["text", "{bc}to compete for a position especially on an athletic team or for a part in a play"]]}]]]}], "date": "1909", "shortdef": ["to compete for a position especially on an athletic team or for a part in a play"]}, {"meta": {"id": "try-pot", "uuid": "61b6389d-a3a6-4bf4-939e-d47494aa9fa6", "sort": "200428300", "src": "collegiate", "section": "alpha", "stems": ["try-pot", "try-pots"], "offensive": false}, "hwi": {"hw": "try-pot", "prs": [{"mw": "\u02c8tr\u012b-\u02ccp\u00e4t", "sound": {"audio": "trypot01", "ref": "c", "stat": "1"}}]}, "fl": "noun", "def": [{"sseq": [[["sense", {"dt": [["text", "{bc}a metallic pot used on a whaler or on shore to render whale oil from blubber"]]}]]]}], "date": "1795", "shortdef": ["a metallic pot used on a whaler or on shore to render whale oil from blubber"]}, {"meta": {"id": "try square", "uuid": "beb1be38-ae31-4a18-a3ca-3eef100b3203", "sort": "200429000", "src": "collegiate", "section": "alpha", "stems": ["try square", "try squares"], "offensive": false}, "hwi": {"hw": "try square"}, "fl": "noun", "def": [{"sseq": [[["sense", {"dt": [["text", "{bc}an instrument consisting of two straightedges fixed at right angles to each other and used for laying off right angles and testing whether work is square"]]}]]]}], "date": "circa 1877", "shortdef": ["an instrument consisting of two straightedges fixed at right angles to each other and used for laying off right angles and testing whether work is square"]}, {"meta": {"id": "try as one might", "uuid": "d686d278-308d-4652-be3a-b880b1f1685b", "sort": "3021517000", "src": "ld", "section": "idioms", "stems": ["try as one might"], "offensive": false}, "hwi": {"hw": "try as one might"}, "fl": "idiom", "def": [{"sseq": [[["sense", {"dt": [["text", "{bc}no matter how hard one tries "], ["vis", [{"t": "{it}Try as he might{/it}, he couldn't do it."}]]]}]]]}], "shortdef": ["no matter how hard one tries"]}, {"meta": {"id": "try for a baby", "uuid": "ac666349-80ed-4122-9692-2821f894a93e", "sort": "3021518000", "src": "ld", "section": "idioms", "stems": ["try for a baby"], "offensive": false}, "hwi": {"hw": "try for a baby"}, "fl": "idiom", "def": [{"sseq": [[["sense", {"dt": [["text", "{bc}to try to have a baby {bc}to try to become pregnant "], ["vis", [{"t": "They have been {it}trying for a baby{/it} for several years."}]]]}]]]}], "shortdef": ["to try to have a baby : to try to become pregnant"]}, {"meta": {"id": "try for", "uuid": "c4b2806b-e3f9-437e-aad2-e01780d27c81", "sort": "3021519000", "src": "ld", "section": "idioms", "stems": ["tried for", "tries for", "try for", "trying for"], "offensive": false}, "hwi": {"hw": "try for"}, "fl": "phrasal verb", "ins": [{"if": "tried for"}, {"if": "try*ing for"}, {"if": "tries for"}], "def": [{"sseq": [[["sense", {"dt": [["text", "{bc}to make an attempt or effort to get (something) "], ["vis", [{"t": "He {it}tried for{/it} second place but finished third instead."}]]]}]]]}], "shortdef": ["to make an attempt or effort to get (something)"]}]