[{"meta": {"id": "try", "uuid": "27940ac7-14b3-467c-ab77-e8f32340fe64", "src": "coll_thes", "section": "alpha", "target": {"tuuid": "c82f0376-c087-4c5b-b3e3-c1edd7d2ac01", "tsrc": "collegiate"}, "stems": ["try", "tried", "tries", "try one's hand", "trying"], "syns": [["strain", "stretch", "tax", "test"], ["assay", "attempt", "endeavor", "essay", "seek", "strive"]], "ants": [], "offensive": false}, "hwi": {"hw": "try"}, "fl": "verb", "def": [{"sseq": [[["sense", {"sn": "1", "dt": [["text", "to subject (a personal quality or faculty) to often excessive stress "], ["vis", [{"t": "you're {it}trying{/it} my patience"}]]], "syn_list": [[{"wd": "strain"}, {"wd": "stretch"}, {"wd": "tax"}, {"wd": "test"}]], "rel_list": [[{"wd": "demand"}, {"wd": "exact"}, {"wd": "importune"}, {"wd": "press"}, {"wd": "pressure"}, {"wd": "push"}], [{"wd": "aggravate"}, {"wd": "agitate"}, {"wd": "annoy"}, {"wd": "bother"}, {"wd": "exasperate"}, {"wd": "gall"}, {"wd": "get (to)"}, {"wd": "gnaw (at)"}, {"wd": "grate"}, {"wd": "harass"}, {"wd": "harry"}, {"wd": "hassle"}, {"wd": "irk"}, {"wd": "irritate"}, {"wd": "nettle"}, {"wd": "pain"}, {"wd": "peeve"}, {"wd": "pester"}, {"wd": "rile"}, {"wd": "spite"}, {"wd": "vex"}]]}]], [["sense", {"sn": "2", "dt": [["text", "to make an effort to do "], ["vis", [{"t": "{it}try{/it} to unlock the door"}, {"t": "will {it}try{/it} to call later tonight"}]]], "syn_list": [[{"wd": "assay"}, {"wd": "attempt"}, {"wd": "endeavor"}, {"wd": "essay"}, {"wd": "seek"}, {"wd": "strive"}]], "rel_list": [[{"wd": "fight"}, {"wd": "strain"}, {"wd": "struggle"}, {"wd": "toil"}, {"wd": "trouble"}, {"wd": "work"}], [{"wd": "aim"}, {"wd": "aspire"}, {"wd": "hope"}], [{"wd": "assume"}, {"wd": "take up"}, {"wd": "undertake"}]], "phrase_list": [[{"wd": "have a go at"}, {"wd": "shoot at", "wvrs": [{"wvl": "or", "wva": "shoot for"}]}, {"wd": "try one's hand (at)"}]], "near_list": [[{"wd": "drop"}, {"wd": "give up"}, {"wd": "quit"}]]}]]]}], "shortdef": ["to subject (a personal quality or faculty) to often excessive stress", "to make an effort to do"]}, {"meta": {"id": "try", "uuid": "022d1a24-cb87-435d-b892-ea99e93f46bd", "src": "coll_thes", "section": "alpha", "target": {"tuuid": "6d12373c-f02d-4650-8da1-894a1020675f", "tsrc": "collegiate"}, "stems": ["try", "tries"], "syns": [["assay", "attempt", "bash", "bid", "crack", "endeavor", "essay", "fling", "go", "offer", "pass", "shot", "stab", "trial", "whack", "whirl"]], "ants": [], "offensive": false}, "hwi": {"hw": "try"}, "fl": "noun", "def": [{"sseq": [[["sense", {"dt": [["text", "an effort to do or accomplish something "], ["vis", [{"t": "was granted another {it}try{/it} at the field goal"}]]], "syn_list": [[{"wd": "assay", "wsls": ["archaic"]}, {"wd": "attempt"}, {"wd": "bash", "wsls": ["chiefly British"]}, {"wd": "bid"}, {"wd": "crack"}, {"wd": "endeavor"}, {"wd": "essay"}, {"wd": "fling"}, {"wd": "go"}, {"wd": "offer"}, {"wd": "pass"}, {"wd": "shot"}, {"wd": "stab"}, {"wd": "trial"}, {"wd": "whack"}, {"wd": "whirl"}]], "rel_list": [[{"wd": "striving"}, {"wd": "struggle"}, {"wd": "throes"}, {"wd": "undertaking"}], [{"wd": "trial and error"}]]}]]]}], "shortdef": ["an effort to do or accomplish something"]}, {"meta": {"id": "try (out)", "uuid": "26214e97-b896-46e8-aada-36ffc301e011", "src": "coll_thes", "section": "alpha", "stems": ["try (out)", "try", "try out", "tried", "tries", "try one's hand", "trying"], "syns": [["sample", "test"]], "ants": [], "offensive": false}, "hwi": {"hw": "try (out)"}, "fl": "verb", "def": [{"sseq": [[["sense", {"dt": [["text", "to put (something) to a test "], ["vis", [{"t": "want to {it}try out{/it} my new skateboard?"}, {"t": "{it}tried out{/it} his skill at archery"}]]], "syn_list": [[{"wd": "sample"}, {"wd": "test"}]], "rel_list": [[{"wd": "check (out)"}, {"wd": "examine"}, {"wd": "experiment (with)"}, {"wd": "explore"}, {"wd": "feel (out)"}, {"wd": "investigate"}, {"wd": "research"}, {"wd": "study"}], [{"wd": "resample"}, {"wd": "retest"}]]}]]]}], "shortdef": ["to put (something) to a test"]}, {"meta": {"id": "try one's hand (at)", "uuid": "e94d892e-65a3-4169-a204-063f25e0b3ca", "src": "CTenhance", "section": "phrases", "stems": ["try one's hand (at)", "try her hand at", "try his hand at", "try their hand at", "trying one's hand at", "trying her hand at", "trying his hand at", "trying their hand at", "tried one's hand at", "tried her hand at", "tried his hand at", "tried their hand at", "tries one's hand at", "tries her hand at", "tries his hand at", "tries their hand at", "try one's hand", "try her hand", "try his hand", "try their hand", "trying one's hand", "trying her hand", "trying his hand", "trying their hand", "tried one's hand", "tried her hand", "tried his hand", "tried their hand", "tries one's hand", "tries her hand", "tries his hand", "tries their hand"], "syns": [["assay", "attempt", "endeavor", "essay", "seek", "strive", "try"]], "ants": [], "offensive": false}, "hwi": {"hw": "try one's hand (at)"}, "fl": "phrase", "def": [{"sseq": [[["sense", {"dt": [["text", "to make an effort to do "], ["vis", [{"t": "She decided to {it}try her hand at{/it} at roller derby after discovering her love of skating."}]]], "syn_list": [[{"wd": "assay"}, {"wd": "attempt"}, {"wd": "endeavor"}, {"wd": "essay"}, {"wd": "seek"}, {"wd": "strive"}, {"wd": "try"}]], "rel_list": [[{"wd": "fight"}, {"wd": "strain"}, {"wd": "struggle"}, {"wd": "toil"}, {"wd": "trouble"}, {"wd": "work"}], [{"wd": "aim"}, {"wd": "aspire"}, {"wd": "hope"}], [{"wd": "assume"}, {"wd": "take up"}, {"wd": "undertake"}]], "phrase_list": [[{"wd": "have a go at"}, {"wd": "shoot at", "wvrs": [{"wvl": "or", "wva": "shoot for"}]}]], "near_list": [[{"wd": "drop"}, {"wd": "give up"}, {"wd": "quit"}]]}]]]}], "shortdef": ["to make an effort to do"]}]