[{"meta": {"id": "two", "uuid": "a658a125-1e0c-47c1-9120-e34c442137d8", "src": "CTcompile", "section": "alpha", "stems": ["two"], "syns": [["C-note", "fifty", "fin", "five", "fiver", "hundred", "one", "sawbuck", "ten", "tenner", "twenty", "buck", "dollar", "simoleon", "smacker", "cash", "chips", "currency", "dough", "legal tender", "lucre", "money", "pelf", "dead presidents", "paper money", "scrip", "check", "draft", "money order", "banknote", "bill", "greenback", "note"]], "ants": [], "offensive": false}, "hwi": {"hw": "two"}, "fl": "noun", "def": [{"sseq": [[["sense", {"dt": [["text", "as in {it}one{/it}, {it}five{/it}"]], "sim_list": [[{"wd": "C-note"}, {"wd": "fifty"}, {"wd": "fin", "wsls": ["slang"]}, {"wd": "five"}, {"wd": "fiver", "wsls": ["slang"]}, {"wd": "hundred"}, {"wd": "one"}, {"wd": "sawbuck", "wsls": ["slang"]}, {"wd": "ten"}, {"wd": "tenner"}, {"wd": "twenty"}], [{"wd": "buck"}, {"wd": "dollar"}, {"wd": "simoleon", "wsls": ["slang"]}, {"wd": "smacker", "wsls": ["slang"]}], [{"wd": "cash"}, {"wd": "chips"}, {"wd": "currency"}, {"wd": "dough"}, {"wd": "legal tender"}, {"wd": "lucre"}, {"wd": "money"}, {"wd": "pelf"}], [{"wd": "dead presidents", "wsls": ["slang"]}, {"wd": "paper money"}, {"wd": "scrip"}], [{"wd": "check"}, {"wd": "draft"}, {"wd": "money order"}], [{"wd": "banknote"}, {"wd": "bill"}, {"wd": "greenback"}, {"wd": "note"}]]}]]]}], "shortdef": ["as in one, five"]}, {"meta": {"id": "two cents", "uuid": "661f524a-3691-44f5-9ee3-1d09e1f911b2", "src": "coll_thes", "section": "alpha", "stems": ["two cents"], "syns": [["chicken feed", "chump change", "dime", "hay", "mite", "peanuts", "pin money", "pittance", "shoestring", "song"]], "ants": [["big buck(s)", "boodle", "bundle", "fortune", "king's ransom", "megabuck(s)", "mint", "wad"]], "offensive": false}, "hwi": {"hw": "two cents"}, "fl": "plural noun", "def": [{"sseq": [[["sense", {"dt": [["text", "a very small sum of money "], ["vis", [{"t": "a passionate environmentalist who would work for {it}two cents{/it} if her job did something to reduce global warming"}]]], "syn_list": [[{"wd": "chicken feed", "wsls": ["slang"]}, {"wd": "chump change"}, {"wd": "dime"}, {"wd": "hay"}, {"wd": "mite"}, {"wd": "peanuts"}, {"wd": "pin money"}, {"wd": "pittance"}, {"wd": "shoestring"}, {"wd": "song"}]], "rel_list": [[{"wd": "petty cash"}, {"wd": "pocket money"}, {"wd": "spending money"}]], "near_list": [[{"wd": "bankroll"}, {"wd": "capital"}, {"wd": "funds"}, {"wd": "means"}, {"wd": "wherewithal"}], [{"wd": "opulence"}, {"wd": "pelf"}, {"wd": "riches"}, {"wd": "treasure"}, {"wd": "wealth"}], [{"wd": "heap"}, {"wd": "pile"}, {"wd": "pot"}], [{"wd": "bonanza"}, {"wd": "mine"}, {"wd": "treasure trove"}, {"wd": "treasury"}]], "ant_list": [[{"wd": "big buck(s)"}, {"wd": "boodle"}, {"wd": "bundle"}, {"wd": "fortune"}, {"wd": "king's ransom"}, {"wd": "megabuck(s)"}, {"wd": "mint"}, {"wd": "wad"}]]}]]]}], "shortdef": ["a very small sum of money"]}, {"meta": {"id": "two-faced", "uuid": "32b94a15-150b-4b34-8151-e4210f71eb86", "src": "coll_thes", "section": "alpha", "target": {"tuuid": "d7e1d735-717d-405b-a0d7-45b0460d1d15", "tsrc": "collegiate"}, "stems": ["two-faced", "two-facedness", "two-facednesses"], "syns": [["artificial", "backhanded", "counterfeit", "double", "double-dealing", "double-faced", "fake", "feigned", "hypocritical", "insincere", "Janus-faced", "jive", "left-handed", "lip", "mealy", "mealymouthed", "Pecksniffian", "phony", "phony-baloney", "pretended", "unctuous"]], "ants": [["artless", "candid", "genuine", "heartfelt", "honest", "sincere", "undesigning", "unfeigned"]], "offensive": false}, "hwi": {"hw": "two-faced"}, "fl": "adjective", "def": [{"sseq": [[["sense", {"dt": [["text", "not being or expressing what one appears to be or express "], ["vis", [{"t": "a {it}two-faced{/it} friend who was just using me to advance her career"}]]], "syn_list": [[{"wd": "artificial"}, {"wd": "backhanded"}, {"wd": "counterfeit"}, {"wd": "double"}, {"wd": "double-dealing"}, {"wd": "double-faced"}, {"wd": "fake"}, {"wd": "feigned"}, {"wd": "hypocritical"}, {"wd": "insincere"}, {"wd": "Janus-faced"}, {"wd": "jive", "wsls": ["slang"]}, {"wd": "left-handed"}, {"wd": "lip"}, {"wd": "mealy"}, {"wd": "mealymouthed"}, {"wd": "Pecksniffian"}, {"wd": "phony", "wvrs": [{"wvl": "also", "wva": "phoney"}]}, {"wd": "phony-baloney", "wvrs": [{"wvl": "or", "wva": "phoney-baloney"}]}, {"wd": "pretended"}, {"wd": "unctuous"}]], "rel_list": [[{"wd": "affected"}, {"wd": "assumed"}, {"wd": "claptrap"}, {"wd": "contrived"}, {"wd": "forced"}, {"wd": "mechanical"}, {"wd": "put-on"}, {"wd": "simulated"}, {"wd": "strained"}, {"wd": "unnatural"}], [{"wd": "empty"}, {"wd": "hollow"}, {"wd": "meaningless"}], [{"wd": "deceitful"}, {"wd": "devious"}, {"wd": "dishonest"}, {"wd": "false"}, {"wd": "untruthful"}], [{"wd": "facile"}, {"wd": "glib"}, {"wd": "superficial"}], [{"wd": "bogus"}, {"wd": "sham"}], [{"wd": "campy"}, {"wd": "facetious"}, {"wd": "jocular"}, {"wd": "tongue-in-cheek"}], [{"wd": "canting"}, {"wd": "pharisaical"}, {"wd": "pious"}, {"wd": "sanctimonious"}, {"wd": "self-righteous"}, {"wd": "simon-pure"}]], "near_list": [[{"wd": "direct"}, {"wd": "forthright"}, {"wd": "frank"}, {"wd": "heart-to-heart"}, {"wd": "open"}, {"wd": "plain"}, {"wd": "straightforward"}]], "ant_list": [[{"wd": "artless"}, {"wd": "candid"}, {"wd": "genuine"}, {"wd": "heartfelt"}, {"wd": "honest"}, {"wd": "sincere"}, {"wd": "undesigning"}, {"wd": "unfeigned"}]]}]]]}], "shortdef": ["not being or expressing what one appears to be or express"]}, {"meta": {"id": "two-time", "uuid": "96900004-3329-4ec8-92e2-45968832a8fc", "src": "coll_thes", "section": "alpha", "target": {"tuuid": "2e4c0b33-70b4-411c-9229-a6fd568d5c47", "tsrc": "collegiate"}, "stems": ["two-time", "two-timed", "two-timer", "two-timers", "two-times", "two-timing"], "syns": [["backstab", "betray", "cross", "double-cross", "sell (out)"]], "ants": [["stand by"]], "offensive": false}, "hwi": {"hw": "two-time"}, "fl": "verb", "def": [{"sseq": [[["sense", {"dt": [["text", "to be unfaithful or disloyal to "], ["vis", [{"t": "an entrepreneur who's supposedly {it}two-timed{/it} every business partner she's ever had"}]]], "syn_list": [[{"wd": "backstab"}, {"wd": "betray"}, {"wd": "cross"}, {"wd": "double-cross"}, {"wd": "sell (out)"}]], "rel_list": [[{"wd": "give away"}], [{"wd": "inform (on)"}, {"wd": "peach"}, {"wd": "rat (on)"}, {"wd": "shop", "wsls": ["British"]}, {"wd": "snitch (on)"}, {"wd": "split (on)", "wsls": ["British"]}, {"wd": "tell (on)"}, {"wd": "turn in"}]], "phrase_list": [[{"wd": "go back on"}, {"wd": "sell down the river"}, {"wd": "stab in the back"}]], "near_list": [[{"wd": "defend"}, {"wd": "guard"}, {"wd": "protect"}, {"wd": "safeguard"}, {"wd": "save"}, {"wd": "shield"}]], "ant_list": [[{"wd": "stand by"}]]}]]]}], "shortdef": ["to be unfaithful or disloyal to"]}, {"meta": {"id": "two-timing", "uuid": "0db02d5c-b64f-4f65-a9f9-388b401e672b", "src": "coll_thes", "section": "alpha", "stems": ["two-timing"], "syns": [["adulterate", "adulterine", "adulterous", "extracurricular", "extramarital"]], "ants": [], "offensive": false}, "hwi": {"hw": "two-timing"}, "fl": "adjective", "def": [{"sseq": [[["sense", {"dt": [["text", "relating to or being a sexual encounter or relationship between a married person and someone other than their spouse "], ["vis", [{"t": "her husband's compulsive {it}two-timing{/it} behavior is the reason she left"}]]], "syn_list": [[{"wd": "adulterate"}, {"wd": "adulterine"}, {"wd": "adulterous"}, {"wd": "extracurricular"}, {"wd": "extramarital"}]], "rel_list": [[{"wd": "premarital"}], [{"wd": "promiscuous"}]]}]]]}], "shortdef": ["relating to or being a sexual encounter or relationship between a married person and someone other than their spouse"]}, {"meta": {"id": "two-timing", "uuid": "a5ac9bd7-c2f4-4fc4-906b-79c0e82a8731", "src": "coll_thes", "section": "alpha", "stems": ["two-timing"], "syns": [["adultery", "cheating", "infidelity", "misconduct", "unfaithfulness"], ["backstabbing", "betrayal", "business", "disloyalty", "double cross", "faithlessness", "falseness", "falsity", "infidelity", "perfidy", "sellout", "treachery", "treason", "unfaithfulness"]], "ants": [["faithfulness", "fidelity"], ["allegiance", "devotion", "faithfulness", "fealty", "fidelity", "loyalty", "staunchness", "steadfastness"]], "offensive": false}, "hwi": {"hw": "two-timing"}, "fl": "noun", "def": [{"sseq": [[["sense", {"sn": "1", "dt": [["text", "a sexual encounter or relationship between a married person and someone other than their spouse "], ["vis", [{"t": "he found out about the {it}two-timing{/it} when he found a love letter stuffed in the dresser"}]]], "syn_list": [[{"wd": "adultery"}, {"wd": "cheating"}, {"wd": "infidelity"}, {"wd": "misconduct"}, {"wd": "unfaithfulness"}]], "rel_list": [[{"wd": "criminal conversation"}], [{"wd": "free love"}, {"wd": "promiscuity"}], [{"wd": "disloyalty"}, {"wd": "faithlessness"}, {"wd": "falseness"}, {"wd": "inconstancy"}, {"wd": "perfidiousness"}, {"wd": "perfidy"}, {"wd": "treachery"}], [{"wd": "affair", "wvrs": [{"wvl": "also", "wva": "affaire"}]}, {"wd": "amour"}, {"wd": "fling"}, {"wd": "love"}, {"wd": "love affair"}, {"wd": "romance"}], [{"wd": "intrigue"}], [{"wd": "attachment"}, {"wd": "infatuation"}], [{"wd": "entanglement"}, {"wd": "flirtation"}], [{"wd": "liaison"}, {"wd": "passion"}]], "near_list": [[{"wd": "allegiance"}, {"wd": "constancy"}, {"wd": "dedication"}, {"wd": "devotedness"}, {"wd": "devotion"}, {"wd": "fealty"}, {"wd": "loyalty"}, {"wd": "steadfastness"}]], "ant_list": [[{"wd": "faithfulness"}, {"wd": "fidelity"}]]}]], [["sense", {"sn": "2", "dt": [["text", "the act or fact of violating the trust or confidence of another "], ["vis", [{"t": "this repudiation of her campaign pledges is an unconscionable {it}two-timing{/it} of the electorate"}]]], "syn_list": [[{"wd": "backstabbing"}, {"wd": "betrayal"}, {"wd": "business"}, {"wd": "disloyalty"}, {"wd": "double cross"}, {"wd": "faithlessness"}, {"wd": "falseness"}, {"wd": "falsity"}, {"wd": "infidelity"}, {"wd": "perfidy"}, {"wd": "sellout"}, {"wd": "treachery"}, {"wd": "treason"}, {"wd": "unfaithfulness"}]], "rel_list": [[{"wd": "abandonment"}, {"wd": "desertion"}], [{"wd": "deceit"}, {"wd": "deception"}, {"wd": "double-dealing"}, {"wd": "duplicity"}, {"wd": "guile"}, {"wd": "two-facedness"}], [{"wd": "fraud"}, {"wd": "informing"}, {"wd": "lying"}, {"wd": "snitching"}, {"wd": "talebearing"}, {"wd": "trickery"}]], "near_list": [[{"wd": "dependability"}, {"wd": "reliability"}, {"wd": "trustworthiness"}], [{"wd": "defense"}, {"wd": "protection"}, {"wd": "safeguard"}, {"wd": "shield"}]], "ant_list": [[{"wd": "allegiance"}, {"wd": "devotion"}, {"wd": "faithfulness"}, {"wd": "fealty"}, {"wd": "fidelity"}, {"wd": "loyalty"}, {"wd": "staunchness"}, {"wd": "steadfastness"}]]}]]]}], "shortdef": ["a sexual encounter or relationship between a married person and someone other than their spouse", "the act or fact of violating the trust or confidence of another"]}, {"meta": {"id": "two-wheeler", "uuid": "752df6e0-f3d9-4d0d-b640-75c159f9c32b", "src": "coll_thes", "section": "alpha", "target": {"tuuid": "6887f92d-7dd0-424b-91e2-b624c310267f", "tsrc": "collegiate"}, "stems": ["two-wheeler", "two-wheelers"], "syns": [["bicycle", "bike", "cycle", "push-bike", "velocipede"]], "ants": [], "offensive": false}, "hwi": {"hw": "two-wheeler"}, "fl": "noun", "def": [{"sseq": [[["sense", {"dt": [["text", "a two-wheeled vehicle that is propelled by the use of pedals and steered through the use of handlebars "], ["vis", [{"t": "a committed environmentalist, he doggedly rides his {it}two-wheeler{/it} to work"}]]], "syn_list": [[{"wd": "bicycle"}, {"wd": "bike"}, {"wd": "cycle"}, {"wd": "push-bike", "wvrs": [{"wvl": "also", "wva": "push bicycle"}], "wsls": ["British"]}, {"wd": "velocipede", "wsls": ["archaic"]}]], "rel_list": [[{"wd": "mountain bike"}, {"wd": "tandem bicycle"}, {"wd": "ten-speed"}]]}]]]}], "shortdef": ["a two-wheeled vehicle that is propelled by the use of pedals and steered through the use of handlebars"]}, {"meta": {"id": "two-bit", "uuid": "8eec7e10-e000-464d-b039-a2939b492103", "src": "CTcompile", "section": "alpha", "stems": ["two-bit"], "syns": [["jerkwater", "one-horse", "second-class", "second-rate", "minute", "petty", "associate", "auxiliary", "secondary", "subsidiary", "little", "mean", "small", "inferior", "junior", "less", "lesser", "lower", "minor", "smaller", "subordinate"]], "ants": [["greater", "higher", "major", "more", "primary", "prime", "senior", "superior", "superordinate", "choice", "exceptional", "first-class", "first-rate"]], "offensive": false}, "hwi": {"hw": "two-bit"}, "fl": "adjective", "def": [{"sseq": [[["sense", {"dt": [["text", "as in {it}second-class{/it}, {it}second-rate{/it}"]], "sim_list": [[{"wd": "jerkwater"}, {"wd": "one-horse"}, {"wd": "second-class"}, {"wd": "second-rate"}], [{"wd": "minute"}, {"wd": "petty"}], [{"wd": "associate"}, {"wd": "auxiliary"}, {"wd": "secondary"}, {"wd": "subsidiary"}], [{"wd": "little"}, {"wd": "mean"}, {"wd": "small"}], [{"wd": "inferior"}, {"wd": "junior"}, {"wd": "less"}, {"wd": "lesser"}, {"wd": "lower"}, {"wd": "minor"}, {"wd": "smaller"}, {"wd": "subordinate"}]], "opp_list": [[{"wd": "greater"}, {"wd": "higher"}, {"wd": "major"}, {"wd": "more"}, {"wd": "primary"}, {"wd": "prime"}, {"wd": "senior"}, {"wd": "superior"}, {"wd": "superordinate"}], [{"wd": "choice"}, {"wd": "exceptional"}, {"wd": "first-class"}, {"wd": "first-rate"}]]}]]]}], "shortdef": ["as in second-class, second-rate"]}, {"meta": {"id": "two bits", "uuid": "c5351288-ebd6-408b-b4a8-8d87a261c4ec", "src": "CTcompile", "section": "alpha", "stems": ["two bits"], "syns": [["peanuts", "pittance", "song", "straw", "naught", "nothingness", "smoke", "zero", "bunk", "claptrap", "drivel", "folly", "fribble", "fudge", "hogwash", "humbug", "humbuggery", "nonsense", "piffle", "rot", "trash", "trivia", "bagatelle", "child's play", "frippery", "nonproblem", "nothing", "picayune", "shuck(s)", "small beer", "small change", "trifle", "triviality", "bit", "crumb", "dab", "dram", "lick", "mite", "ounce", "particle", "pinhead", "scintilla", "shred", "smidgen", "soup\u00e7on", "speck", "spot", "tad", "touch", "trace"]], "ants": [], "offensive": false}, "hwi": {"hw": "two bits"}, "fl": "plural noun", "def": [{"sseq": [[["sense", {"dt": [["text", "as in {it}song{/it}, {it}straw{/it}"]], "sim_list": [[{"wd": "peanuts"}, {"wd": "pittance"}, {"wd": "song"}, {"wd": "straw"}], [{"wd": "naught", "wvrs": [{"wvl": "also", "wva": "nought"}]}, {"wd": "nothingness"}, {"wd": "smoke"}, {"wd": "zero"}], [{"wd": "bunk"}, {"wd": "claptrap"}, {"wd": "drivel"}, {"wd": "folly"}, {"wd": "fribble"}, {"wd": "fudge"}, {"wd": "hogwash"}, {"wd": "humbug"}, {"wd": "humbuggery"}, {"wd": "nonsense"}, {"wd": "piffle"}, {"wd": "rot"}, {"wd": "trash"}, {"wd": "trivia"}], [{"wd": "bagatelle"}, {"wd": "child's play"}, {"wd": "frippery"}, {"wd": "nonproblem"}, {"wd": "nothing"}, {"wd": "picayune"}, {"wd": "shuck(s)"}, {"wd": "small beer"}, {"wd": "small change"}, {"wd": "trifle"}, {"wd": "triviality"}], [{"wd": "bit"}, {"wd": "crumb"}, {"wd": "dab"}, {"wd": "dram"}, {"wd": "lick"}, {"wd": "mite"}, {"wd": "ounce"}, {"wd": "particle"}, {"wd": "pinhead"}, {"wd": "scintilla"}, {"wd": "shred"}, {"wd": "smidgen", "wvrs": [{"wvl": "also", "wva": "smidgeon"}, {"wvl": "or", "wva": "smidgin"}, {"wvl": "or", "wva": "smidge"}]}, {"wd": "soup\u00e7on"}, {"wd": "speck"}, {"wd": "spot"}, {"wd": "tad"}, {"wd": "touch"}, {"wd": "trace"}]]}]]]}], "shortdef": ["as in song, straw"]}, {"meta": {"id": "two-dimensional", "uuid": "79e608d2-a256-4a01-b921-879c8be02ace", "src": "CTcompile", "section": "alpha", "stems": ["two-dimensional"], "syns": [["skin-deep", "superficial", "surface", "depthless", "shallow", "shoal", "external"]], "ants": [["deep", "deep-seated"]], "offensive": false}, "hwi": {"hw": "two-dimensional"}, "fl": "adjective", "def": [{"sseq": [[["sense", {"dt": [["text", "as in {it}shallow{/it}, {it}superficial{/it}"]], "sim_list": [[{"wd": "skin-deep"}, {"wd": "superficial"}, {"wd": "surface"}], [{"wd": "depthless"}, {"wd": "shallow"}, {"wd": "shoal"}], [{"wd": "external"}]], "opp_list": [[{"wd": "deep"}, {"wd": "deep-seated"}]]}]]]}], "shortdef": ["as in shallow, superficial"]}]