[{"meta": {"id": "upset:1", "uuid": "a892f151-3cf5-4632-97f1-248510c13325", "sort": "212459000", "src": "collegiate", "section": "alpha", "stems": ["upset", "upset the apple cart", "upsets", "upsets the apple cart", "upsetter", "upsetters", "upsetting", "upsetting the apple cart"], "offensive": false}, "hom": 1, "hwi": {"hw": "up*set", "prs": [{"mw": "(\u02cc)\u0259p-\u02c8set", "sound": {"audio": "upset001", "ref": "c", "stat": "1"}}]}, "fl": "verb", "ins": [{"ifc": "-set", "if": "up*set"}, {"ifc": "-set*ting", "if": "up*set*ting"}], "def": [{"vd": "transitive verb", "sseq": [[["sense", {"sn": "1", "dt": [["text", "{bc}to thicken and shorten (something, such as a heated bar of iron) by hammering on the end {bc}{sx|swage||}"]]}]], [["sense", {"sn": "2", "dt": [["text", "{bc}to force out of the usual upright, level, or proper position {bc}{sx|overturn||}"]]}]], [["sense", {"sn": "3 a", "dt": [["text", "{bc}to trouble mentally or emotionally {bc}disturb the poise of "], ["vis", [{"t": "the news {wi}upset{/wi} me"}]]]}], ["sense", {"sn": "b", "dt": [["text", "{bc}to throw into disorder"]]}], ["sense", {"sn": "c", "dt": [["text", "{bc}{sx|invalidate||}"]]}], ["sense", {"sn": "d", "dt": [["text", "{bc}to defeat unexpectedly "], ["vis", [{"t": "was {wi}upset{/wi} in the primary"}]]]}]], [["sense", {"sn": "4", "dt": [["text", "{bc}to cause a physical disorder in"]], "sdsense": {"sd": "specifically", "dt": [["text", "{bc}to make somewhat ill "], ["vis", [{"t": "spicy food {wi}upsets{/wi} my stomach"}]]]}}]]]}, {"vd": "intransitive verb", "sseq": [[["sense", {"dt": [["text", "{bc}to become overturned"]]}]]]}], "uros": [{"ure": "up*set*ter", "fl": "noun"}], "dros": [{"drp": "upset the apple cart", "def": [{"sseq": [[["sense", {"dt": [["text", "{bc}to disturb or overturn a natural or stable order"]]}]]]}]}], "syns": [{"pl": "synonyms", "pt": [["text", "{sc}discompose{/sc} {sc}disquiet{/sc} {sc}disturb{/sc} {sc}perturb{/sc} {sc}agitate{/sc} {sc}upset{/sc} {sc}fluster{/sc} mean to destroy capacity for collected thought or decisive action. {sc}discompose{/sc} implies some degree of loss of self-control or self-confidence especially through emotional stress. "], ["vis", [{"t": "{it}discomposed{/it} by the loss of his beloved wife"}]], ["text", " {sc}disquiet{/sc} suggests loss of sense of security or peace of mind. "], ["vis", [{"t": "the {it}disquieting{/it} news of factories closing"}]], ["text", " {sc}disturb{/sc} implies interference with one's mental processes caused by worry, perplexity, or interruption. "], ["vis", [{"t": "the discrepancy in accounts {it}disturbed{/it} me"}]], ["text", " {sc}perturb{/sc} implies deep disturbance of mind and emotions. "], ["vis", [{"t": "{it}perturbed{/it} by her husband's strange behavior"}]], ["text", " {sc}agitate{/sc} suggests obvious external signs of nervous or emotional excitement. "], ["vis", [{"t": "in his {it}agitated{/it} state we could see he was unable to work"}]], ["text", " {sc}upset{/sc} implies the disturbance of normal or habitual functioning by disappointment, distress, or grief. "], ["vis", [{"t": "the family's constant bickering {it}upsets{/it} the youngest child"}]], ["text", " {sc}fluster{/sc} suggests bewildered agitation. "], ["vis", [{"t": "his declaration of love completely {it}flustered{/it} her"}]]]}], "date": "1677{ds|t|1||}", "shortdef": ["to thicken and shorten (something, such as a heated bar of iron) by hammering on the end : swage", "to force out of the usual upright, level, or proper position : overturn", "to trouble mentally or emotionally : disturb the poise of"]}, {"meta": {"id": "upset:2", "uuid": "d0d320d8-a06d-4044-b5fc-d092d35dd5a9", "sort": "212460000", "src": "collegiate", "section": "alpha", "stems": ["upset", "upsets"], "offensive": false}, "hom": 2, "hwi": {"hw": "up*set", "prs": [{"mw": "\u02c8\u0259p-\u02ccset", "sound": {"audio": "upset002", "ref": "c", "stat": "1"}}]}, "fl": "noun", "def": [{"sseq": [[["sense", {"sn": "1", "dt": [["text", "{bc}an act of overturning {bc}{sx|overturn||}"]]}]], [["pseq", [["sense", {"sn": "2 a (1)", "dt": [["text", "{bc}an act of throwing into disorder {bc}{sx|derangement||}"]]}], ["sense", {"sn": "(2)", "dt": [["text", "{bc}a state of disorder {bc}{sx|confusion||}"]]}]]], ["sense", {"sn": "b", "dt": [["text", "{bc}an unexpected defeat"]]}]], [["sense", {"sn": "3 a", "dt": [["text", "{bc}a minor physical disorder "], ["vis", [{"t": "a stomach {wi}upset{/wi}"}]]]}], ["sense", {"sn": "b", "dt": [["text", "{bc}an emotional disturbance "], ["vis", [{"t": "went through a big {wi}upset{/wi} after his father's death"}]]]}]], [["sense", {"sn": "4 a", "dt": [["text", "{bc}a part of a rod (such as the head on a bolt) that is upset"]]}], ["sense", {"sn": "b", "dt": [["text", "{bc}the expansion of a bullet on striking"]]}]]]}], "date": "1804{ds||1||}", "shortdef": ["an act of overturning : overturn", "an act of throwing into disorder : derangement", "a state of disorder : confusion"]}, {"meta": {"id": "upset:3", "uuid": "ae280e17-8592-41d0-ac10-38884f6be96c", "sort": "212461000", "src": "collegiate", "section": "alpha", "stems": ["upset"], "offensive": false}, "hom": 3, "hwi": {"hw": "up*set", "prs": [{"mw": "(\u02cc)\u0259p-\u02c8set", "sound": {"audio": "upset003", "ref": "c", "stat": "1"}}]}, "fl": "adjective", "def": [{"sseq": [[["sense", {"sn": "1", "dt": [["text", "{bc}emotionally disturbed or agitated "], ["vis", [{"t": "was too {wi}upset{/wi} to speak to him"}]]]}]], [["sense", {"sn": "2", "dt": [["text", "{bc}affected with minor physicial disturbance or disorder "], ["vis", [{"t": "an {wi}upset{/wi} stomach"}]]]}]]]}], "date": "1805{ds||1||}", "shortdef": ["emotionally disturbed or agitated", "affected with minor physicial disturbance or disorder"]}, {"meta": {"id": "upset price", "uuid": "6a1b5751-e207-4602-9b1d-cd936e24eb82", "sort": "212462000", "src": "collegiate", "section": "alpha", "stems": ["upset price", "upset prices"], "offensive": false}, "hwi": {"hw": "up*set price", "prs": [{"mw": "\u02c8\u0259p-\u02ccset-", "sound": {"audio": "upset004", "ref": "c", "stat": "1"}}]}, "fl": "noun", "def": [{"sseq": [[["sense", {"dt": [["text", "{bc}the minimum price set for property offered at auction or public sale"]]}]]]}], "date": "1814", "shortdef": ["the minimum price set for property offered at auction or public sale"]}]