[{"meta": {"id": "wait", "uuid": "446419dc-6206-44e0-b6c9-a07e2dd9b567", "src": "coll_thes", "section": "alpha", "target": {"tuuid": "e128f553-e7a2-41ce-833c-ca0111af582a", "tsrc": "collegiate"}, "stems": ["wait", "wait up", "waited", "waiting", "waits"], "syns": [["await", "bide", "hold on", "stay"]], "ants": [], "offensive": false}, "hwi": {"hw": "wait"}, "fl": "verb", "def": [{"sseq": [[["sense", {"dt": [["text", "to remain in place in readiness or expectation of something "], ["vis", [{"t": "please {it}wait{/it} here, and we'll seat you shortly"}]]], "syn_list": [[{"wd": "await"}, {"wd": "bide"}, {"wd": "hold on"}, {"wd": "stay"}]], "rel_list": [[{"wd": "hang around"}, {"wd": "linger"}, {"wd": "remain"}, {"wd": "stick around"}, {"wd": "tarry"}], [{"wd": "stand by"}], [{"wd": "anticipate"}, {"wd": "expect"}, {"wd": "watch (for)"}]], "phrase_list": [[{"wd": "bide one's time"}, {"wd": "cool one's heels"}, {"wd": "hold one's breath"}, {"wd": "sit tight"}]]}]]]}], "shortdef": ["to remain in place in readiness or expectation of something"]}, {"meta": {"id": "wait", "uuid": "9e8c6ab7-5c07-48ab-94f8-19d1e57c64e6", "src": "coll_thes", "section": "alpha", "target": {"tuuid": "4ae0122e-4133-4da0-8ba2-994ccee413b3", "tsrc": "collegiate"}, "stems": ["wait", "waits"], "syns": [["delay", "detainment", "detention", "holdback", "holding pattern", "holdup"]], "ants": [], "offensive": false}, "hwi": {"hw": "wait"}, "fl": "noun", "def": [{"sseq": [[["sense", {"dt": [["text", "an instance or period of being prevented from going about one's business "], ["vis", [{"t": "there was a long {it}wait{/it} for the manager to come and help us"}]]], "syn_list": [[{"wd": "delay"}, {"wd": "detainment"}, {"wd": "detention"}, {"wd": "holdback"}, {"wd": "holding pattern"}, {"wd": "holdup"}]], "rel_list": [[{"wd": "deferment"}, {"wd": "deferral"}, {"wd": "postponement"}], [{"wd": "reprieve"}, {"wd": "respite"}], [{"wd": "foot-dragging"}, {"wd": "hesitation"}, {"wd": "lag"}, {"wd": "pause"}, {"wd": "setback"}, {"wd": "slowdown"}]], "near_list": [[{"wd": "haste"}, {"wd": "rush"}], [{"wd": "dispatch"}, {"wd": "promptitude"}, {"wd": "promptness"}]]}]]]}], "shortdef": ["an instance or period of being prevented from going about one's business"]}, {"meta": {"id": "wait on", "uuid": "8ac3ee30-cb73-4dc5-b933-2f6cf7915fe0", "src": "CTenhance", "section": "phrases", "stems": ["wait on", "waiting on", "waited on", "waits on", "wait upon", "waiting upon", "waited upon", "waits upon"], "syns": [["slave (for)", "serve", "work (for)"], ["administer (to)", "care (for)", "minister (to)", "mother", "nurse"]], "ants": [], "offensive": false}, "hwi": {"hw": "wait on"}, "vrs": [{"vl": "also", "va": "wait upon"}], "fl": "phrase", "def": [{"sseq": [[["sense", {"sn": "1", "dt": [["text", "to be a servant for "], ["vis", [{"t": "They {it}waited on{/it} wealthy hotel patrons to save up extra money for college."}]]], "syn_list": [[{"wd": "slave (for)"}, {"wd": "serve"}, {"wd": "work (for)"}]], "rel_list": [[{"wd": "attend"}, {"wd": "minister (to)"}, {"wd": "tend (to)"}]], "phrase_list": [[{"wd": "dance attendance (upon)"}]]}]], [["sense", {"sn": "2", "dt": [["text", "to attend to the needs and comforts of "], ["vis", [{"t": "He {it}waited on{/it} his wife hand and foot when she was sick."}]]], "syn_list": [[{"wd": "administer (to)"}, {"wd": "care (for)"}, {"wd": "minister (to)"}, {"wd": "mother"}, {"wd": "nurse"}]], "rel_list": [[{"wd": "cure"}, {"wd": "heal"}, {"wd": "remedy"}], [{"wd": "doctor"}, {"wd": "treat"}], [{"wd": "aid"}, {"wd": "conserve"}, {"wd": "preserve"}, {"wd": "provide (for)"}, {"wd": "support"}], [{"wd": "baby"}, {"wd": "coddle"}, {"wd": "mollycoddle"}, {"wd": "pamper"}, {"wd": "spoil"}], [{"wd": "cater (to)"}, {"wd": "humor"}], [{"wd": "indulge"}]], "phrase_list": [[{"wd": "do for", "wsls": ["chiefly British"]}, {"wd": "look after"}, {"wd": "look out for"}, {"wd": "look to"}, {"wd": "see to"}, {"wd": "take care of"}]], "near_list": [[{"wd": "brush (aside or off)"}, {"wd": "forget"}, {"wd": "ignore"}, {"wd": "neglect"}, {"wd": "overlook"}, {"wd": "slight"}]]}]]]}], "shortdef": ["to be a servant for", "to attend to the needs and comforts of"]}, {"meta": {"id": "wait (for)", "uuid": "beaef1d2-54aa-4365-b343-8baac41a4d7d", "src": "CTcompile", "section": "alpha", "stems": ["wait (for)", "wait for"], "syns": [["bank on", "count (on or upon)", "depend (on or upon)", "rely (on or upon)", "anticipate", "await", "expect", "hope (for)", "watch (for)", "envisage", "envision", "foresee", "foretell", "predict", "prophesy", "assume", "presume", "presuppose", "contemplate", "eye", "view"]], "ants": [["doubt", "question"]], "offensive": false}, "hwi": {"hw": "wait (for)"}, "fl": "verb", "def": [{"sseq": [[["sense", {"dt": [["text", "as in {it}bank on{/it}, {it}count (on or upon){/it}"]], "sim_list": [[{"wd": "bank on"}, {"wd": "count (on or upon)"}, {"wd": "depend (on or upon)"}, {"wd": "rely (on or upon)"}], [{"wd": "anticipate"}, {"wd": "await"}, {"wd": "expect"}, {"wd": "hope (for)"}, {"wd": "watch (for)"}], [{"wd": "envisage"}, {"wd": "envision"}, {"wd": "foresee"}], [{"wd": "foretell"}, {"wd": "predict"}, {"wd": "prophesy"}], [{"wd": "assume"}, {"wd": "presume"}, {"wd": "presuppose"}], [{"wd": "contemplate"}, {"wd": "eye"}, {"wd": "view"}]], "opp_list": [[{"wd": "doubt"}, {"wd": "question"}]]}]]]}], "shortdef": ["as in bank on, count (on or upon)"]}, {"meta": {"id": "wait-list", "uuid": "2fd4b9f7-b33b-4442-a1bf-f51e1e1e0fcc", "src": "CTcompile", "section": "alpha", "stems": ["wait-list"], "syns": [["enroll", "inscribe", "list", "matriculate", "register", "conscript", "draft", "muster", "book", "schedule", "enlist", "impanel", "induct", "check in"]], "ants": [["delist", "check off", "exclude", "expel", "expunge", "reject", "omit", "overlook"]], "offensive": false}, "hwi": {"hw": "wait-list"}, "fl": "verb", "def": [{"sseq": [[["sense", {"dt": [["text", "as in {it}check in{/it}, {it}schedule{/it}"]], "sim_list": [[{"wd": "enroll", "wvrs": [{"wvl": "also", "wva": "enrol"}]}, {"wd": "inscribe"}, {"wd": "list"}, {"wd": "matriculate"}, {"wd": "register"}], [{"wd": "conscript"}, {"wd": "draft"}, {"wd": "muster"}], [{"wd": "book"}, {"wd": "schedule"}], [{"wd": "enlist"}, {"wd": "impanel"}, {"wd": "induct"}], [{"wd": "check in"}]], "opp_list": [[{"wd": "delist"}], [{"wd": "check off"}], [{"wd": "exclude"}, {"wd": "expel"}, {"wd": "expunge"}, {"wd": "reject"}], [{"wd": "omit"}, {"wd": "overlook"}]]}]]]}], "shortdef": ["as in check in, schedule"]}, {"meta": {"id": "wait-listed", "uuid": "994f4a92-84dd-4342-bac8-496266fcf193", "src": "CTcompile", "section": "alpha", "stems": ["wait-listed"], "syns": [["enrolled", "inscribed", "listed", "matriculated", "registered", "conscripted", "drafted", "mustered", "booked", "scheduled", "enlisted", "impaneled", "inducted", "checked in"]], "ants": [["delisted", "checked off", "excluded", "expelled", "expunged", "rejected", "omitted", "overlooked"]], "offensive": false}, "hwi": {"hw": "wait-listed"}, "fl": "verb", "sls": ["past tense of {d_link|wait-list|wait-list}"], "def": [{"sseq": [[["sense", {"dt": [["text", "as in {it}checked in{/it}, {it}scheduled{/it}"]], "sim_list": [[{"wd": "enrolled"}, {"wd": "inscribed"}, {"wd": "listed"}, {"wd": "matriculated"}, {"wd": "registered"}], [{"wd": "conscripted"}, {"wd": "drafted"}, {"wd": "mustered"}], [{"wd": "booked"}, {"wd": "scheduled"}], [{"wd": "enlisted"}, {"wd": "impaneled", "wvrs": [{"wvl": "or", "wva": "impanelled"}, {"wvl": "or", "wva": "empaneled"}, {"wvl": "or", "wva": "empanelled"}]}, {"wd": "inducted"}], [{"wd": "checked in"}]], "opp_list": [[{"wd": "delisted"}], [{"wd": "checked off"}], [{"wd": "excluded"}, {"wd": "expelled"}, {"wd": "expunged"}, {"wd": "rejected"}], [{"wd": "omitted"}, {"wd": "overlooked"}]]}]]]}], "shortdef": ["as in checked in, scheduled"]}, {"meta": {"id": "wait-listing", "uuid": "c2262f5e-1ab7-40f9-be1f-bb5e337cf587", "src": "CTcompile", "section": "alpha", "stems": ["wait-listing"], "syns": [["enrolling", "inscribing", "listing", "matriculating", "registering", "conscripting", "drafting", "mustering", "booking", "scheduling", "enlisting", "impaneling", "inducting", "checking in"]], "ants": [["delisting", "checking off", "excluding", "expelling", "expunging", "rejecting", "omitting", "overlooking"]], "offensive": false}, "hwi": {"hw": "wait-listing"}, "fl": "verb", "sls": ["present participle of {d_link|wait-list|wait-list}"], "def": [{"sseq": [[["sense", {"dt": [["text", "as in {it}checking in{/it}, {it}scheduling{/it}"]], "sim_list": [[{"wd": "enrolling"}, {"wd": "inscribing"}, {"wd": "listing"}, {"wd": "matriculating"}, {"wd": "registering"}], [{"wd": "conscripting"}, {"wd": "drafting"}, {"wd": "mustering"}], [{"wd": "booking"}, {"wd": "scheduling"}], [{"wd": "enlisting"}, {"wd": "impaneling", "wvrs": [{"wvl": "or", "wva": "impanelling"}, {"wvl": "or", "wva": "empaneling"}, {"wvl": "or", "wva": "empanelling"}]}, {"wd": "inducting"}], [{"wd": "checking in"}]], "opp_list": [[{"wd": "delisting"}], [{"wd": "checking off"}], [{"wd": "excluding"}, {"wd": "expelling"}, {"wd": "expunging"}, {"wd": "rejecting"}], [{"wd": "omitting"}, {"wd": "overlooking"}]]}]]]}], "shortdef": ["as in checking in, scheduling"]}, {"meta": {"id": "wait-lists", "uuid": "db3382a8-94f8-4342-8b90-7ea67c3f2ef8", "src": "CTcompile", "section": "alpha", "stems": ["wait-lists"], "syns": [["enrolls", "inscribes", "lists", "matriculates", "registers", "conscripts", "drafts", "musters", "books", "schedules", "enlists", "impanels", "inducts", "checks in"]], "ants": [["delists", "checks off", "excludes", "expels", "expunges", "rejects", "omits", "overlooks"]], "offensive": false}, "hwi": {"hw": "wait-lists"}, "fl": "verb", "sls": ["present tense third-person singular of {d_link|wait-list|wait-list}"], "def": [{"sseq": [[["sense", {"dt": [["text", "as in {it}checks in{/it}, {it}schedules{/it}"]], "sim_list": [[{"wd": "enrolls", "wvrs": [{"wvl": "also", "wva": "enrols"}]}, {"wd": "inscribes"}, {"wd": "lists"}, {"wd": "matriculates"}, {"wd": "registers"}], [{"wd": "conscripts"}, {"wd": "drafts"}, {"wd": "musters"}], [{"wd": "books"}, {"wd": "schedules"}], [{"wd": "enlists"}, {"wd": "impanels"}, {"wd": "inducts"}], [{"wd": "checks in"}]], "opp_list": [[{"wd": "delists"}], [{"wd": "checks off"}], [{"wd": "excludes"}, {"wd": "expels"}, {"wd": "expunges"}, {"wd": "rejects"}], [{"wd": "omits"}, {"wd": "overlooks"}]]}]]]}], "shortdef": ["as in checks in, schedules"]}]