[{"meta": {"id": "wait:1", "uuid": "e128f553-e7a2-41ce-833c-ca0111af582a", "sort": "230009500", "src": "collegiate", "section": "alpha", "stems": ["wait", "wait on", "wait up", "wait upon", "waited", "waited on", "waited up", "waited upon", "waiting", "waiting on", "waiting up", "waiting upon", "waits", "waits on", "waits up", "waits upon"], "offensive": false}, "hom": 1, "hwi": {"hw": "wait", "prs": [{"mw": "\u02c8w\u0101t", "sound": {"audio": "wait0001", "ref": "c", "stat": "1"}}]}, "fl": "verb", "ins": [{"if": "wait*ed"}, {"if": "wait*ing"}, {"if": "waits"}], "def": [{"vd": "transitive verb", "sseq": [[["sense", {"sn": "1", "dt": [["text", "{bc}to stay in place in expectation of {bc}{sx|await||} "], ["vis", [{"t": "{wi}waited{/wi} the result of the advertisement", "aq": {"auth": "W. M. Thackeray"}}, {"t": "{wi}wait{/wi} your turn"}]]]}]], [["sense", {"sn": "2", "dt": [["text", "{bc}to delay serving (a meal)"]]}]], [["sense", {"sn": "3", "dt": [["text", "{bc}to serve as {a_link|waiter} for "], ["vis", [{"t": "{wi}wait{/wi} tables"}]]]}]]]}, {"vd": "intransitive verb", "sseq": [[["sense", {"sn": "1 a", "dt": [["text", "{bc}to remain stationary in readiness or expectation "], ["vis", [{"t": "{wi}wait{/wi} for a train"}]]]}], ["sense", {"sn": "b", "dt": [["text", "{bc}to pause for another to catch up "], ["uns", [[["text", "usually used with {it}up{/it}"]]]]]}]], [["sense", {"sn": "2 a", "dt": [["text", "{bc}to look forward expectantly "], ["vis", [{"t": "just {wi}waiting{/wi} to see his rival lose"}]]]}], ["sense", {"sn": "b", "dt": [["text", "{bc}to hold back expectantly "], ["vis", [{"t": "{wi}waiting{/wi} for a chance to strike"}]]]}]], [["sense", {"sn": "3", "dt": [["text", "{bc}to serve at meals "], ["uns", [[["text", "usually used in such phrases as {it}wait on tables{/it} or {it}wait on table{/it}"]]]]]}]], [["sense", {"sn": "4 a", "dt": [["text", "{bc}to be ready and available "], ["vis", [{"t": "slippers {wi}waiting{/wi} by the bed"}]]]}], ["sense", {"sn": "b", "dt": [["text", "{bc}to remain temporarily neglected or unrealized "], ["vis", [{"t": "the chores can {wi}wait{/wi}"}]]]}]], [["sense", {"sn": "5", "dt": [["text", "{bc}{sx|pause||}, {sx|stop||} "], ["uns", [[["text", "used to preface an interjected question, correction, etc. "], ["vis", [{"t": "\"{wi}Wait{/wi}, Mom. {wi}Wait{/wi}. What did you say?\" I said. \"He left you what?\"", "aq": {"auth": "Frederick Busch"}}, {"t": "So {wi}wait{/wi}, what's so bad about wanting to eat right?", "aq": {"auth": "Annie Daly"}}]]]]]]}]]]}], "dros": [{"drp": "wait on", "vrs": [{"vl": "or less commonly", "va": "wait upon"}], "def": [{"sseq": [[["sense", {"sn": "1 a", "dt": [["text", "{bc}to attend as a servant"]]}], ["sense", {"sn": "b", "dt": [["text", "{bc}to supply the wants of {bc}{sx|serve||}"]]}]], [["sense", {"sn": "2", "dt": [["text", "{bc}to make a formal call on"]]}]], [["sense", {"sn": "3", "dt": [["text", "{bc}to wait for"]]}]]]}]}, {"drp": "wait up", "def": [{"sseq": [[["sense", {"dt": [["text", "{bc}to delay going to bed {bc}stay up"]]}]]]}]}], "usages": [{"pl": "Can {parahw}wait on{/parahw} mean 'to wait for'?", "pt": [["text", "American dialectologists have evidence showing {it}wait on{/it} (sense 3) to be more a Southern than a Northern form in speech. Handbook writers universally denigrate {it}wait on{/it} and prescribe {it}wait for{/it} in writing. Our evidence from printed sources does not show a regional preference; it does show that the handbooks' advice is not based on current usage. "], ["vis", [{"t": "settlement of the big problems still {it}waited on{/it} Russia", "aq": {"source": "{it}Time{/it}"}}, {"t": "I couldn't make out \u2026 whether Harper was {it}waiting on{/it} me for approval", "aq": {"auth": "E. B. White"}}, {"t": "the staggering bill that {it}waited on{/it} them at the white commissary downtown", "aq": {"auth": "Maya Angelou"}}]], ["text", " One reason for the continuing use of {it}wait on{/it} may lie in its being able to suggest protracted or irritating waits better than {it}wait for{/it}. "], ["vis", [{"t": "for two days I've been {it}waiting on{/it} weather", "aq": {"auth": "Charles A. Lindbergh"}}, {"t": "the boredom of black Africans sitting there, {it}waiting on{/it} the whims of a colonial bureaucracy", "aq": {"auth": "Vincent Canby"}}, {"t": "doesn't care to sit around {it}waiting on{/it} a House that's virtually paralyzed", "aq": {"auth": "Glenn A. Briere"}}]], ["text", " {it}Wait on{/it} is less common than {it}wait for{/it}, but if it seems natural, there is no reason to avoid it."]]}], "et": [["text", "Middle English, from Anglo-French {it}waiter, guaiter{/it} to watch over, await, of Germanic origin; akin to Old High German {it}wahta{/it} watch, Old English {it}w\u00e6ccan{/it} to watch {ma}{mat|wake|}{/ma}"]], "date": "14th century{ds|t|1||}", "shortdef": ["to stay in place in expectation of : await", "to delay serving (a meal)", "to serve as waiter for"]}, {"meta": {"id": "wait:2", "uuid": "4ae0122e-4133-4da0-8ba2-994ccee413b3", "sort": "230009600", "src": "collegiate", "section": "alpha", "stems": ["wait", "waits"], "offensive": false}, "hom": 2, "hwi": {"hw": "wait"}, "fl": "noun", "def": [{"sseq": [[["sense", {"sn": "1 a", "dt": [["text", "{bc}a hidden or concealed position "], ["uns", [[["text", "used chiefly in the expression {it}lie in wait{/it}"]]]]]}], ["sense", {"sn": "b", "dt": [["text", "{bc}a state or attitude of watchfulness and expectancy "], ["vis", [{"t": "anchored in {wi}wait{/wi} for early morning fishing", "aq": {"auth": "Fred Zimmer"}}]]]}]], [["sense", {"sn": "2 a", "dt": [["text", "{bc}one of a band of public musicians in England employed to play for processions or public entertainments"]]}], ["pseq", [["sense", {"sn": "b (1)", "dt": [["text", "{bc}one of a group who serenade for gratuities especially at the Christmas season"]]}], ["sense", {"sn": "(2)", "dt": [["text", "{bc}a piece of music by such a group"]]}]]]], [["sense", {"sn": "3", "dt": [["text", "{bc}an act or period of {a_link|waiting} "], ["vis", [{"t": "a long {wi}wait{/wi} in line"}]]]}]]]}], "et": [["text", "Middle English {it}waite{/it} watchman, observation, from Anglo-French, of Germanic origin; akin to Old High German {it}wahta{/it} watch"]], "date": "13th century{ds||1|a|}", "shortdef": ["a hidden or concealed position \u2014used chiefly in the expression lie in wait", "a state or attitude of watchfulness and expectancy", "one of a band of public musicians in England employed to play for processions or public entertainments"]}, {"meta": {"id": "wait-list", "uuid": "8be7ae24-4a29-4924-bf0b-97b37996a83d", "sort": "230010100", "src": "collegiate", "section": "alpha", "stems": ["wait-list", "wait-listed", "wait-listing", "wait-lists"], "offensive": false}, "hwi": {"hw": "wait-list", "prs": [{"mw": "\u02c8w\u0101t-\u02cclist", "sound": {"audio": "waitl01v", "ref": "c", "stat": "1"}}]}, "fl": "verb", "ins": [{"if": "wait-list*ed"}, {"if": "wait-list*ing"}, {"if": "wait-lists"}], "def": [{"vd": "transitive verb", "sseq": [[["sense", {"dt": [["text", "{bc}to put on a waiting list"]]}]]]}], "date": "1960", "shortdef": ["to put on a waiting list"]}, {"meta": {"id": "wait out", "uuid": "1b358a70-32ea-471d-b974-32193db7e8ea", "sort": "230010200", "src": "collegiate", "section": "alpha", "stems": ["wait out", "waited out", "waiting out", "waits out"], "offensive": false}, "hwi": {"hw": "wait out"}, "fl": "verb", "ins": [{"if": "wait*ed out"}, {"if": "wait*ing out"}, {"if": "waits out"}], "def": [{"vd": "transitive verb", "sseq": [[["sense", {"dt": [["text", "{bc}to await an end to "], ["vis", [{"t": "{it}wait{/it} the storm {it}out{/it}"}]]]}]]]}], "date": "1849", "shortdef": ["to await an end to"]}, {"meta": {"id": "wait a minute/moment/second", "uuid": "ef9a0f1a-4364-4825-9356-cac46a0a4418", "sort": "3022051000", "src": "ld", "section": "idioms", "stems": ["wait a minute", "wait a minute/moment/second", "wait a moment", "wait a second"], "offensive": false}, "hwi": {"hw": "wait a minute/moment/second"}, "fl": "idiom", "def": [{"sseq": [[["sense", {"sn": "1", "dt": [["uns", [[["text", "used to tell someone to stop and wait briefly "], ["vis", [{"t": "{it}Wait a minute{/it}. I need to tie my shoe."}, {"t": "If you will just {it}wait a second{/it}, I can explain what happened."}]]]]]]}]], [["sense", {"sn": "2", "dt": [["uns", [[["text", "used to interrupt someone or something because one has noticed, thought of, or remembered something "], ["vis", [{"t": "{it}Wait a second{/it}\u2014that's not what she said."}, {"t": "{it}Wait a minute{/it}. I just remembered where I put the keys."}]]]]]]}]]]}], "shortdef": ["\u2014used to tell someone to stop and wait briefly", "\u2014used to interrupt someone or something because one has noticed, thought of, or remembered something"]}, {"meta": {"id": "wait at table", "uuid": "0b1bb561-3449-475d-a478-cac69a723d66", "sort": "3022052000", "src": "ld", "section": "idioms", "stems": ["wait at table"], "offensive": false}, "hwi": {"hw": "wait at table"}, "fl": "idiom", "def": [{"sls": ["British", "formal"], "sseq": [[["sense", {"dt": [["text", "{bc}to serve food or drinks as a waiter or waitress "], ["vis", [{"t": "He {it}waited at table{/it} for two years."}]]]}]]]}], "shortdef": ["to serve food or drinks as a waiter or waitress"]}, {"meta": {"id": "wait for it", "uuid": "369f0bbb-d593-429e-a297-cf2dffe1f88b", "sort": "3022053000", "src": "ld", "section": "idioms", "stems": ["wait for it"], "offensive": false}, "hwi": {"hw": "wait for it"}, "fl": "idiom", "def": [{"sls": ["chiefly British", "informal"], "sseq": [[["sense", {"dt": [["uns", [[["text", "used to emphasize that the following statement is foolish, surprising, funny, etc. "], ["vis", [{"t": "He says he was fired because\u2014{it}wait for it{/it}\u2014he refused to compromise his principles."}]]]]]]}]]]}], "shortdef": ["\u2014used to emphasize that the following statement is foolish, surprising, funny, etc."]}, {"meta": {"id": "wait in", "uuid": "ace293f8-ce1a-419d-99f6-4a25f4c4f1cf", "sort": "3022054000", "src": "ld", "section": "idioms", "stems": ["wait in", "waited in", "waiting in", "waits in"], "offensive": false}, "hwi": {"hw": "wait in"}, "fl": "phrasal verb", "ins": [{"if": "wait*ed in"}, {"if": "wait*ing in"}, {"if": "waits in"}], "def": [{"sls": ["British"], "sseq": [[["sense", {"dt": [["text", "{bc}to stay at home and wait for someone or something to arrive "], ["vis", [{"t": "I can't go out. I've got to {it}wait in{/it} for a delivery."}]]]}]]]}], "shortdef": ["to stay at home and wait for someone or something to arrive"]}, {"meta": {"id": "wait on (someone) hand and foot", "uuid": "a75ca27f-3dd7-4212-91b6-2f482119f2e5", "sort": "3022055500", "src": "ld", "section": "idioms", "stems": ["wait on (someone) hand and foot", "wait on hand and foot", "wait on someone hand and foot", "waited on hand and foot", "waiting on hand and foot", "waits on hand and foot"], "offensive": false}, "hwi": {"hw": "wait on (someone) hand and foot"}, "fl": "idiom", "def": [{"sseq": [[["sense", {"dt": [["text", "{bc}to provide everything that someone needs or wants {bc}to act as a servant to (someone) "], ["vis", [{"t": "I can't stand the way they {it}wait on her hand and foot{/it}!"}, {"t": "She {it}waited on her children hand and foot{/it}."}]]]}]]]}], "shortdef": ["to provide everything that someone needs or wants : to act as a servant to (someone)"]}, {"meta": {"id": "wait one's turn", "uuid": "cda4037e-d082-473d-b6cb-38d87ff6190f", "sort": "3022060000", "src": "ld", "section": "idioms", "stems": ["wait her turn", "wait his turn", "wait one's turn", "wait their turn"], "offensive": false}, "hwi": {"hw": "wait one's turn"}, "fl": "idiom", "def": [{"sseq": [[["sense", {"dt": [["text", "{bc}to not do something until it is one's turn "], ["vis", [{"t": "You will have to {it}wait your turn{/it}."}]]]}]]]}], "shortdef": ["to not do something until it is one's turn"]}]