[{"meta": {"id": "when:1", "uuid": "0c8aabdd-18f6-4db3-a417-fafa056901fa", "sort": "230112000", "src": "collegiate", "section": "alpha", "stems": ["when"], "offensive": false}, "hom": 1, "hwi": {"hw": "when", "prs": [{"mw": "\u02c8(h)wen", "sound": {"audio": "when0001", "ref": "c", "stat": "1"}}, {"mw": "(h)w\u0259n"}]}, "fl": "adverb", "def": [{"sseq": [[["sense", {"sn": "1", "dt": [["text", "{bc}at what time "], ["vis", [{"t": "{wi}when{/wi} will you return"}]]]}]], [["sense", {"sn": "2 a", "dt": [["text", "{bc}at or during which time"]]}], ["sense", {"sn": "b", "dt": [["text", "{bc}and then"]]}]], [["sense", {"sn": "3", "dt": [["text", "{bc}at a former and usually less prosperous time "], ["vis", [{"t": "brag fondly of having known him {wi}when{/wi}", "aq": {"auth": "Vance Packard"}}]]]}]]]}], "et": [["text", "Middle English, from Old English {it}hwanne, hwenne{/it}; akin to Old High German {it}hwanne{/it} when, Old English {it}hw\u0101{/it} who {ma}{mat|who|}{/ma}"]], "date": "before 12th century{ds||1||}", "shortdef": ["at what time", "at or during which time", "and then"]}, {"meta": {"id": "when:2", "uuid": "f465f4a6-3120-46e3-ab62-16b72a7ba42d", "sort": "230112100", "src": "collegiate", "section": "alpha", "stems": ["when"], "offensive": false}, "hom": 2, "hwi": {"hw": "when", "prs": [{"mw": "\u02c8(h)wen", "sound": {"audio": "when0001", "ref": "c", "stat": "1"}}, {"mw": "(h)w\u0259n"}]}, "fl": "conjunction", "def": [{"sseq": [[["sense", {"sn": "1 a", "dt": [["text", "{bc}at or during the time that {bc}{sx|while||} "], ["vis", [{"t": "went fishing {wi}when{/wi} he was a boy"}]]]}], ["sense", {"sn": "b", "dt": [["text", "{bc}just at the moment that "], ["vis", [{"t": "stop writing {wi}when{/wi} the bell rings"}]]]}], ["sense", {"sn": "c", "dt": [["text", "{bc}at any or every time that "], ["vis", [{"t": "{wi}when{/wi} he listens to music, he falls asleep"}]]]}]], [["sense", {"sn": "2", "dt": [["text", "{bc}in the event that {bc}{sx|if||} "], ["vis", [{"t": "a contestant is disqualified {wi}when{/wi} he disobeys the rules"}]]]}]], [["sense", {"sn": "3 a", "dt": [["text", "{bc}considering that "], ["vis", [{"t": "why use water at all {wi}when{/wi} you can drown in it", "aq": {"auth": "Stuart Chase"}}]]]}], ["sense", {"sn": "b", "dt": [["text", "{bc}in spite of the fact that {bc}{sx|although||} "], ["vis", [{"t": "quit politics {wi}when{/wi} I might have had a great career in it"}]]]}]], [["sense", {"sn": "4", "dt": [["text", "{bc}the time or occasion at or in which "], ["vis", [{"t": "tomorrow is {wi}when{/wi} we must decide"}, {"t": "humor is {wi}when{/wi} you laugh", "aq": {"auth": "Earl Rovit"}}]]]}]]]}], "et": [["text", "Middle English, from Old English {it}hwanne, hwenne{/it}, from {it}hwanne, hwenne{/it}, adverb"]], "date": "before 12th century{ds||1|a|}", "shortdef": ["at or during the time that : while", "just at the moment that", "at any or every time that"]}, {"meta": {"id": "when:3", "uuid": "c1802def-6b77-4c9f-9737-538c2b63d7b6", "sort": "230112200", "src": "collegiate", "section": "alpha", "stems": ["when"], "offensive": false}, "hom": 3, "hwi": {"hw": "when", "prs": [{"mw": "\u02c8(h)wen", "sound": {"audio": "when0001", "ref": "c", "stat": "1"}}]}, "fl": "pronoun", "def": [{"sseq": [[["sense", {"dt": [["text", "{bc}what or which time "], ["vis", [{"t": "life-long homes for those \u2026 who have lived here since {wi}when{/wi}", "aq": {"auth": "Kim Waller"}}]]]}]]]}], "date": "14th century", "shortdef": ["what or which time"]}, {"meta": {"id": "when:4", "uuid": "5ea5b1e8-2d73-439d-9c35-c8849433c2d4", "sort": "230112300", "src": "collegiate", "section": "alpha", "stems": ["when", "whens"], "offensive": false}, "hom": 4, "hwi": {"hw": "when", "prs": [{"mw": "\u02c8(h)wen", "sound": {"audio": "when0001", "ref": "c", "stat": "1"}}]}, "fl": "noun", "def": [{"sseq": [[["sense", {"dt": [["text", "{bc}the time in which something is done or comes about "], ["vis", [{"t": "troubled his head very little about the hows and {wi}whens{/wi} of life", "aq": {"auth": "Laurence Sterne"}}]]]}]]]}], "date": "1616", "shortdef": ["the time in which something is done or comes about"]}, {"meta": {"id": "when all is said and done", "uuid": "ca5e459c-c9e9-40af-8f45-5a024ade776c", "sort": "3022492000", "src": "ld", "section": "idioms", "stems": ["when all is said and done"], "offensive": false}, "hwi": {"hw": "when all is said and done"}, "fl": "idiom", "def": [{"sseq": [[["sense", {"dt": [["text", "{bc}after considering or doing everything "], ["uns", [[["text", "used for a final general statement or judgment "], ["vis", [{"t": "It won't be easy, but {it}when all is said and done{/it}, we'll be glad we did it."}, {"t": "The candidates claim to have different views but, {it}when all is said and done{/it}, they're very much alike."}]]]]]]}]]]}], "shortdef": ["after considering or doing everything \u2014used for a final general statement or judgment"]}, {"meta": {"id": "when hell freezes over", "uuid": "2d5577c6-cdea-487e-a96e-176d47dd7b72", "sort": "3022494000", "src": "ld", "section": "idioms", "stems": ["when hell freezes over"], "offensive": false}, "hwi": {"hw": "when hell freezes over"}, "fl": "idiom", "def": [{"sls": ["informal + impolite"], "sseq": [[["sense", {"dt": [["uns", [[["text", "used to say that one thinks that something will never happen "], ["vis", [{"t": "I'll apologize {it}when hell freezes over{/it}."}]]]]]]}]]]}], "shortdef": ["\u2014used to say that one thinks that something will never happen"]}, {"meta": {"id": "when it comes (right) down to it", "uuid": "c7fccf45-2c7a-41d4-9797-860bab9851b8", "sort": "3022495000", "src": "ld", "section": "idioms", "stems": ["when it comes (right) down to it", "when it comes down to it", "when it comes right down to it"], "offensive": false}, "hwi": {"hw": "when it comes (right) down to it"}, "fl": "idiom", "def": [{"sseq": [[["sense", {"dt": [["text", "{bc}when really necessary or important "], ["vis", [{"t": "{it}When it comes down to it{/it}, he can be generous."}]]]}]]]}], "shortdef": ["when really necessary or important"]}, {"meta": {"id": "when it comes to", "uuid": "a8c4b275-085d-4fc0-b1ae-8f85bb4c3e67", "sort": "3022496000", "src": "ld", "section": "idioms", "stems": ["when it comes to"], "offensive": false}, "hwi": {"hw": "when it comes to"}, "fl": "idiom", "def": [{"sseq": [[["sense", {"dt": [["uns", [[["text", "used to identify the specific topic that is being talked about "], ["vis", [{"t": "{it}When it comes to{/it} playing chess, he's the best I know."}]]]]]]}]]]}], "shortdef": ["\u2014used to identify the specific topic that is being talked about"]}, {"meta": {"id": "when it rains, it pours", "uuid": "97c483e1-58d4-4461-b96e-a0d2874f92cb", "sort": "3022497000", "src": "ld", "section": "idioms", "stems": ["when it rains, it pours"], "offensive": false}, "hwi": {"hw": "when it rains, it pours"}, "fl": "idiom", "def": [{"sls": ["US", "informal"], "sseq": [[["sense", {"dt": [["uns", [[["text", "used to say that when something bad happens other bad things usually happen at the same time "], ["vis", [{"t": "The team not only lost the game but three of its best players were injured. {it}When it rains, it pours{/it}."}]]]]]]}]]]}], "shortdef": ["\u2014used to say that when something bad happens other bad things usually happen at the same time"]}, {"meta": {"id": "when opportunity knocks", "uuid": "3eb571db-0880-43df-8b98-66c1bdd0a3a0", "sort": "3022498000", "src": "ld", "section": "idioms", "stems": ["when opportunity knocks"], "offensive": false}, "hwi": {"hw": "when opportunity knocks"}, "fl": "idiom", "def": [{"sseq": [[["sense", {"dt": [["text", "{bc}when a person gets the chance to do something he or she wants to do "], ["vis", [{"t": "You need to be ready {it}when opportunity knocks{/it}."}]]]}]]]}], "shortdef": ["when a person gets the chance to do something he or she wants to do"]}]