[{"meta": {"id": "why", "uuid": "69e03dd2-deb1-4259-997f-1fd2629d8715", "src": "coll_thes", "section": "alpha", "target": {"tuuid": "f04c6f7a-11d3-4516-9290-70f286be2399", "tsrc": "collegiate"}, "stems": ["why"], "syns": [["ah", "aha", "come on", "fie", "indeed", "my word", "no", "pshaw", "well", "what"]], "ants": [], "offensive": false}, "hwi": {"hw": "why"}, "fl": "interjection", "def": [{"sseq": [[["sense", {"dt": [["text", "how surprising, doubtful, or unbelievable "], ["vis", [{"t": "{it}why{/it}, what a strange thing to say!"}, {"t": "{it}why{/it}, that's not possible!"}]]], "syn_list": [[{"wd": "ah"}, {"wd": "aha"}, {"wd": "come on"}, {"wd": "fie"}, {"wd": "indeed"}, {"wd": "my word"}, {"wd": "no"}, {"wd": "pshaw"}, {"wd": "well"}, {"wd": "what"}]], "rel_list": [[{"wd": "gee"}, {"wd": "gee whiz"}, {"wd": "ha"}, {"wd": "hello"}, {"wd": "hey"}, {"wd": "lo"}, {"wd": "oh"}], [{"wd": "fiddlesticks"}, {"wd": "phooey"}, {"wd": "pooh"}], [{"wd": "there"}], [{"wd": "oops", "wvrs": [{"wvl": "or", "wva": "whoops"}, {"wvl": "also", "wva": "woops"}]}, {"wd": "ugh"}], [{"wd": "egad"}, {"wd": "gad"}, {"wd": "gadzooks", "wsls": ["archaic"]}, {"wd": "(the) deuce"}, {"wd": "the devil"}, {"wd": "the dickens"}, {"wd": "zounds"}]]}]]]}], "shortdef": ["how surprising, doubtful, or unbelievable"]}, {"meta": {"id": "why", "uuid": "2478bf6b-5a11-4a04-9396-5d24f924cd19", "src": "coll_thes", "section": "alpha", "target": {"tuuid": "71eea8f8-1c10-44e7-ae91-ef1806503331", "tsrc": "collegiate"}, "stems": ["why", "whys"], "syns": [["account", "authority", "grounds", "motive", "reason", "subject", "wherefore"], ["closed book", "conundrum", "enigma", "head-scratcher", "mystery", "mystification", "puzzle", "puzzlement", "riddle", "secret"]], "ants": [], "offensive": false}, "hwi": {"hw": "why"}, "fl": "noun", "def": [{"sseq": [[["sense", {"sn": "1", "dt": [["text", "something (as a belief) that serves as the basis for another thing "], ["vis", [{"t": "asked the {it}whys{/it} behind the surprising decision"}]]], "syn_list": [[{"wd": "account"}, {"wd": "authority"}, {"wd": "grounds"}, {"wd": "motive"}, {"wd": "reason"}, {"wd": "subject"}, {"wd": "wherefore"}]], "rel_list": [[{"wd": "antecedent"}, {"wd": "cause"}, {"wd": "consideration"}, {"wd": "impetus"}, {"wd": "incentive"}, {"wd": "inspiration"}, {"wd": "instigation"}, {"wd": "occasion"}, {"wd": "stimulus"}]]}]], [["sense", {"sn": "2", "dt": [["text", "something hard to understand or explain "], ["vis", [{"t": "how one decides that a certain person is {ldquo}the one{rdquo} is one of the great {it}whys{/it} of life"}]]], "syn_list": [[{"wd": "closed book"}, {"wd": "conundrum"}, {"wd": "enigma"}, {"wd": "head-scratcher"}, {"wd": "mystery"}, {"wd": "mystification"}, {"wd": "puzzle"}, {"wd": "puzzlement"}, {"wd": "riddle"}, {"wd": "secret"}]], "rel_list": [[{"wd": "brainteaser"}, {"wd": "case"}, {"wd": "challenge"}, {"wd": "knot"}, {"wd": "matter"}, {"wd": "perplexity"}, {"wd": "poser"}, {"wd": "problem"}, {"wd": "stumper"}, {"wd": "trouble"}]]}]]]}], "shortdef": ["something (as a belief) that serves as the basis for another thing", "something hard to understand or explain"]}]