[{"meta": {"id": "why:1", "uuid": "d1b1b2bb-00bb-451b-9b09-39685b02b895", "sort": "230151200", "src": "collegiate", "section": "alpha", "stems": ["why"], "offensive": false}, "hom": 1, "hwi": {"hw": "why", "prs": [{"mw": "\u02c8(h)w\u012b", "sound": {"audio": "why00001", "ref": "c", "stat": "1"}}]}, "fl": "adverb", "def": [{"sseq": [[["sense", {"dt": [["text", "{bc}for what cause, reason, or purpose "], ["vis", [{"t": "{wi}why{/wi} did you do it?"}]]]}]]]}], "et": [["text", "Middle English, from Old English {it}hw\u0233{/it}, instrumental case of {it}hw\u00e6t{/it} what {ma}{mat|what:1|}{/ma}"]], "date": "before 12th century", "shortdef": ["for what cause, reason, or purpose"]}, {"meta": {"id": "why:2", "uuid": "01440670-2ac2-4401-b5ff-d29931049131", "sort": "230151300", "src": "collegiate", "section": "alpha", "stems": ["why"], "offensive": false}, "hom": 2, "hwi": {"hw": "why"}, "fl": "conjunction", "def": [{"sseq": [[["sense", {"sn": "1", "dt": [["text", "{bc}the cause, reason, or purpose for which "], ["vis", [{"t": "know {wi}why{/wi} you did it"}, {"t": "that is {wi}why{/wi} you did it"}]]]}]], [["sense", {"sn": "2", "dt": [["text", "{bc}for which {bc}on account of which "], ["vis", [{"t": "know the reason {wi}why{/wi} you did it"}]]]}]]]}], "date": "before 12th century{ds||1||}", "shortdef": ["the cause, reason, or purpose for which", "for which : on account of which"]}, {"meta": {"id": "why:3", "uuid": "71eea8f8-1c10-44e7-ae91-ef1806503331", "sort": "230151400", "src": "collegiate", "section": "alpha", "stems": ["why", "whys"], "offensive": false}, "hom": 3, "hwi": {"hw": "why"}, "fl": "noun", "ins": [{"il": "plural", "if": "whys"}], "def": [{"sseq": [[["sense", {"sn": "1", "dt": [["text", "{bc}{sx|reason||}, {sx|cause||} "], ["vis", [{"t": "wants to know the {wi}whys{/wi} and wherefores"}]]]}]], [["sense", {"sn": "2", "dt": [["text", "{bc}a baffling problem {bc}{sx|enigma||}"]]}]]]}], "date": "13th century{ds||1||}", "shortdef": ["reason, cause", "a baffling problem : enigma"]}, {"meta": {"id": "why:4", "uuid": "f04c6f7a-11d3-4516-9290-70f286be2399", "sort": "230151500", "src": "collegiate", "section": "alpha", "stems": ["why"], "offensive": false}, "hom": 4, "hwi": {"hw": "why"}, "fl": "interjection", "def": [{"sseq": [[["sense", {"dt": [["uns", [[["text", "used to express mild surprise, hesitation, approval, disapproval, or impatience "], ["vis", [{"t": "{wi}why{/wi}, here's what I was looking for"}]]]]]]}]]]}], "date": "1519", "shortdef": ["\u2014used to express mild surprise, hesitation, approval, disapproval, or impatience"]}, {"meta": {"id": "why bother", "uuid": "8a3bf0e6-304e-4ed4-97f5-7cf4b8ed913d", "sort": "3022596000", "src": "ld", "section": "idioms", "stems": ["why bother"], "offensive": false}, "hwi": {"hw": "why bother"}, "fl": "idiom", "def": [{"sseq": [[["sense", {"dt": [["uns", [[["text", "used to say that something is not worth the trouble "], ["vis", [{"t": "\"I'll try calling again.\" \"{it}Why bother{/it}?\""}]]]]]]}]]]}], "shortdef": ["\u2014used to say that something is not worth the trouble"]}, {"meta": {"id": "not see why not", "uuid": "2e074a0e-8205-48ec-bada-19027560a473", "sort": "3013018000", "src": "ld", "section": "idioms", "stems": ["not see why not"], "offensive": false}, "hwi": {"hw": "not see why not"}, "fl": "idiom", "def": [{"sseq": [[["sense", {"dt": [["text", "{bc}to see no reason not to do something "], ["vis", [{"t": "\"Can we do it?\" \"I do{it}n't see why not{/it}.\""}]]]}]]]}], "shortdef": ["to see no reason not to do something"]}, {"meta": {"id": "how/why should I/we know", "uuid": "c059e614-873d-48a9-8200-41c7f2406210", "sort": "3009015000", "src": "ld", "section": "idioms", "stems": ["how should i know", "how should we know", "how/why should i/we know", "why should i know", "why should we know"], "offensive": false}, "hwi": {"hw": "how/why should I/we know"}, "fl": "idiom", "def": [{"sseq": [[["sense", {"dt": [["uns", [[["text", "used to say that one does not know the answer to a question and is surprised to be asked it "], ["vis", [{"t": "\"Where did they go?\" \"{it}How should I know{/it}?\""}]]]]]]}]]]}], "shortdef": ["\u2014used to say that one does not know the answer to a question and is surprised to be asked it"]}]