[{"meta": {"id": "wink:1", "uuid": "eb72f436-b0b8-4547-814e-481ffd96c46b", "sort": "230180300", "src": "collegiate", "section": "alpha", "stems": ["wink", "winked", "winking", "winks"], "offensive": false}, "hom": 1, "hwi": {"hw": "wink", "prs": [{"mw": "\u02c8wi\u014bk", "sound": {"audio": "wink0001", "ref": "c", "stat": "1"}}]}, "fl": "verb", "ins": [{"if": "winked"}, {"if": "wink*ing"}, {"if": "winks"}], "def": [{"vd": "intransitive verb", "sseq": [[["sense", {"sn": "1", "dt": [["text", "{bc}to shut one eye briefly as a signal or in teasing"]]}]], [["sense", {"sn": "2", "dt": [["text", "{bc}to close and open the eyelids quickly"]]}]], [["sense", {"sn": "3", "dt": [["text", "{bc}to avoid seeing or noting something "], ["uns", [[["text", "usually used with {it}at{/it}"]]]]]}]], [["sense", {"sn": "4", "dt": [["text", "{bc}to gleam or flash intermittently {bc}{sx|twinkle||} "], ["vis", [{"t": "her glasses {wi}winking{/wi} in the sunlight", "aq": {"auth": "Harper Lee"}}]]]}]], [["sense", {"sn": "5 a", "dt": [["text", "{bc}to come to an end "], ["uns", [[["text", "usually used with {it}out{/it}"]]]]]}], ["sense", {"sn": "b", "dt": [["text", "{bc}to stop shining "], ["uns", [[["text", "usually used with {it}out{/it}"]]]]]}]], [["sense", {"sn": "6", "dt": [["text", "{bc}to signal a message with a light"]]}]]]}, {"vd": "transitive verb", "sseq": [[["sense", {"sn": "1", "dt": [["text", "{bc}to cause to open and shut"]]}]], [["sense", {"sn": "2", "dt": [["text", "{bc}to affect or influence by or as if by blinking the eyes"]]}]]]}], "et": [["text", "Middle English, from Old English {it}wincian{/it}; akin to Old High German {it}winchan{/it} to stagger, wink and perhaps to Latin {it}vacillare{/it} to sway, Sanskrit {it}va\u00f1cati{/it} he goes crookedly"]], "date": "before 12th century{ds|i|1||}", "shortdef": ["to shut one eye briefly as a signal or in teasing", "to close and open the eyelids quickly", "to avoid seeing or noting something \u2014usually used with at"]}, {"meta": {"id": "wink:2", "uuid": "be964d88-c1ba-441b-9760-15ec0735e717", "sort": "230180400", "src": "collegiate", "section": "alpha", "stems": ["wink", "winks"], "offensive": false}, "hom": 2, "hwi": {"hw": "wink"}, "fl": "noun", "def": [{"sseq": [[["sense", {"sn": "1", "dt": [["text", "{bc}a brief period of sleep {bc}{sx|nap||} "], ["vis", [{"t": "catching a {wi}wink{/wi}"}]]]}]], [["sense", {"sn": "2 a", "dt": [["text", "{bc}a hint or sign given by {a_link|winking}"]]}], ["sense", {"sn": "b", "dt": [["text", "{bc}an act of winking"]]}]], [["sense", {"sn": "3", "dt": [["text", "{bc}the time of a wink {bc}{sx|instant||} "], ["vis", [{"t": "quick as a {wi}wink{/wi}"}]]]}]], [["sense", {"sn": "4", "dt": [["text", "{bc}a flicker of the eyelids {bc}{sx|blink||}"]]}]]]}], "date": "14th century{ds||1||}", "shortdef": ["a brief period of sleep : nap", "a hint or sign given by winking", "an act of winking"]}, {"meta": {"id": "wink at", "uuid": "a4729a80-9798-4bb2-ab69-dfe2bc24543e", "sort": "3022663000", "src": "ld", "section": "idioms", "stems": ["wink at", "winked at", "winking at", "winks at"], "offensive": false}, "hwi": {"hw": "wink at"}, "fl": "phrasal verb", "ins": [{"if": "winked at"}, {"if": "wink*ing at"}, {"if": "winks at"}], "def": [{"sseq": [[["sense", {"dt": [["text", "{bc}to pretend not to have seen or noticed (something) {bc}to ignore "], ["vis", [{"t": "The city cops {it}wink at{/it} the mayor's parking violations."}]]]}]]]}], "shortdef": ["to pretend not to have seen or noticed (something) : to ignore"]}, {"meta": {"id": "(as) quick as a wink", "uuid": "beba39fe-f7a4-450f-b4af-9ef2f30c26e7", "sort": "3000903000", "src": "ld", "section": "idioms", "stems": ["(as) quick as a wink", "as quick as a wink", "quick as a wink"], "offensive": false}, "hwi": {"hw": "(as) quick as a wink"}, "fl": "idiom", "def": [{"sseq": [[["sense", {"dt": [["text", "{bc}without delay {bc}instantly "], ["vis", [{"t": "She said hello, and {it}(as) quick as a wink{/it}, she was gone."}]]]}]]]}], "shortdef": ["without delay : instantly"]}, {"meta": {"id": "give (someone) a wink", "uuid": "c668b619-44b6-4886-b997-67b67e936fd3", "sort": "3007256000", "src": "ld", "section": "idioms", "stems": ["give (someone) a wink", "give a wink", "give someone a wink"], "offensive": false}, "hwi": {"hw": "give (someone) a wink"}, "fl": "idiom", "def": [{"sseq": [[["sense", {"dt": [["text", "{bc}to wink at (someone) "], ["vis", [{"t": "He told her that he was working late, then {it}gave me a wink{/it}."}]]]}]]]}], "shortdef": ["to wink at (someone)"]}, {"meta": {"id": "in a wink", "uuid": "08907375-8b69-4a93-bb09-acc6f19e7be6", "sort": "3009329000", "src": "ld", "section": "idioms", "stems": ["in a wink"], "offensive": false}, "hwi": {"hw": "in a wink"}, "fl": "idiom", "def": [{"sseq": [[["sense", {"dt": [["text", "{bc}in an instant "], ["vis", [{"t": "It all disappeared {it}in a wink{/it}."}]]]}]]]}], "shortdef": ["in an instant"]}, {"meta": {"id": "not get a wink of sleep", "uuid": "501d8633-e60a-4f40-b832-ef4bc87ec337", "sort": "3012910000", "src": "ld", "section": "idioms", "stems": ["not get a wink of sleep"], "offensive": false}, "hwi": {"hw": "not get a wink of sleep"}, "fl": "idiom", "def": [{"sseq": [[["sense", {"dt": [["text", "{bc}to not sleep at all "], ["vis", [{"t": "I did{it}n't get a wink of sleep{/it} last night."}]]]}]]]}], "shortdef": ["to not sleep at all"]}, {"meta": {"id": "not sleep a wink", "uuid": "8328a949-f970-4b53-bc6a-d2250e79e190", "sort": "3013020000", "src": "ld", "section": "idioms", "stems": ["not sleep a wink"], "offensive": false}, "hwi": {"hw": "not sleep a wink"}, "fl": "idiom", "def": [{"sseq": [[["sense", {"dt": [["text", "{bc}to not sleep at all "], ["vis", [{"t": "I did{it}n't sleep a wink{/it} last night."}]]]}]]]}], "shortdef": ["to not sleep at all"]}, {"meta": {"id": "sleep a wink", "uuid": "60f0d3d7-d55c-49eb-83d3-c3f8e1cffced", "sort": "3017731000", "src": "ld", "section": "idioms", "stems": ["sleep a wink"], "offensive": false}, "hwi": {"hw": "sleep a wink"}, "fl": "idiom", "def": [{"sls": ["informal"], "sseq": [[["sense", {"dt": [["text", "{bc}to sleep for even a very brief time "], ["uns", [[["text", "used in negative statements "], ["vis", [{"t": "I didn't/couldn't {it}sleep a wink{/it} last night."}]]]]]]}]]]}], "shortdef": ["to sleep for even a very brief time \u2014used in negative statements"]}, {"meta": {"id": "tip (someone) the wink", "uuid": "4e3cbdad-6a6d-4dfd-862e-7e2c0cf2c50a", "sort": "3021024000", "src": "ld", "section": "idioms", "stems": ["tip (someone) the wink", "tip someone the wink", "tip the wink"], "offensive": false}, "hwi": {"hw": "tip (someone) the wink"}, "fl": "idiom", "def": [{"sls": ["British", "informal"], "sseq": [[["sense", {"dt": [["text", "{bc}to give secret information to (someone) "], ["vis", [{"t": "How could he have known about the plan? Someone must have {it}tipped{/it} him {it}the wink{/it}."}]]]}]]]}], "shortdef": ["to give secret information to (someone)"]}]