[{"meta": {"id": "wonder:1", "uuid": "84da2401-66c0-4910-86af-df1df3bdc6d8", "sort": "230206700", "src": "collegiate", "section": "alpha", "stems": ["wonder", "wonders"], "offensive": false}, "hom": 1, "hwi": {"hw": "won*der", "prs": [{"mw": "\u02c8w\u0259n-d\u0259r", "sound": {"audio": "wonder01", "ref": "c", "stat": "1"}}]}, "fl": "noun", "def": [{"sseq": [[["sense", {"sn": "1 a", "dt": [["text", "{bc}a cause of astonishment or admiration {bc}{sx|marvel||} "], ["vis", [{"t": "it's a {wi}wonder{/wi} you weren't killed"}, {"t": "the pyramid is a {wi}wonder{/wi} to behold"}]]]}], ["sense", {"sn": "b", "dt": [["text", "{bc}{sx|miracle||}"]]}]], [["sense", {"sn": "2", "dt": [["text", "{bc}the quality of exciting amazed admiration"]]}]], [["sense", {"sn": "3 a", "dt": [["text", "{bc}rapt attention or astonishment at something awesomely mysterious or new to one's experience"]]}], ["sense", {"sn": "b", "dt": [["text", "{bc}a feeling of doubt or uncertainty"]]}]]]}], "et": [["text", "Middle English, from Old English {it}wundor{/it}; akin to Old High German {it}wuntar{/it} wonder"]], "date": "before 12th century{ds||1|a|}", "shortdef": ["a cause of astonishment or admiration : marvel", "miracle", "the quality of exciting amazed admiration"]}, {"meta": {"id": "wonder:2", "uuid": "3d0c1ed1-bc32-4bdf-abe4-d2c841f92b25", "sort": "230206800", "src": "collegiate", "section": "alpha", "stems": ["wonder", "wondered", "wonderer", "wonderers", "wondering", "wonders"], "offensive": false}, "hom": 2, "hwi": {"hw": "wonder"}, "fl": "verb", "ins": [{"if": "won*dered"}, {"if": "won*der*ing", "prs": [{"mw": "\u02c8w\u0259n-d(\u0259-)ri\u014b", "sound": {"audio": "wonder09", "ref": "c", "stat": "1"}}]}], "def": [{"vd": "intransitive verb", "sseq": [[["sense", {"sn": "1 a", "dt": [["text", "{bc}to be in a state of wonder"]]}], ["sense", {"sn": "b", "dt": [["text", "{bc}to feel surprise"]]}]], [["sense", {"sn": "2", "dt": [["text", "{bc}to feel curiosity or doubt "], ["vis", [{"t": "{wi}wondering{/wi} about the future"}]]]}]]]}, {"vd": "transitive verb", "sseq": [[["sense", {"dt": [["text", "{bc}to be curious or in doubt about "], ["vis", [{"t": "{wi}wonders{/wi} why birds sing"}]]]}]]]}], "uros": [{"ure": "won*der*er", "prs": [{"mw": "\u02c8w\u0259n-d\u0259r-\u0259r", "sound": {"audio": "wonder02", "ref": "c", "stat": "1"}}], "fl": "noun"}], "date": "before 12th century{ds|i|1|a|}", "shortdef": ["to be in a state of wonder", "to feel surprise", "to feel curiosity or doubt"]}, {"meta": {"id": "wonder:3", "uuid": "310395b4-d5d8-4ccf-90fb-8c4889f88617", "sort": "230206900", "src": "collegiate", "section": "alpha", "stems": ["wonder"], "offensive": false}, "hom": 3, "hwi": {"hw": "wonder"}, "fl": "adjective", "def": [{"sseq": [[["bs", {"sense": {"dt": [["text", "{bc}{sx|wondrous||}, {sx|wonderful||}: such as"]]}}], ["sense", {"sn": "a", "dt": [["text", "{bc}exciting amazement or admiration "], ["vis", [{"t": "{wi}wonder{/wi} toys"}]]]}], ["sense", {"sn": "b", "dt": [["text", "{bc}effective or efficient far beyond anything previously known or anticipated "], ["vis", [{"t": "a {wi}wonder{/wi} fabric"}]]]}]]]}], "date": "12th century", "shortdef": ["wondrous, wonderful: such as", "exciting amazement or admiration", "effective or efficient far beyond anything previously known or anticipated"]}, {"meta": {"id": "Wonder:b", "uuid": "8b6cfc2c-4d47-44ae-a8e2-0099823760d1", "sort": "306134000", "src": "collegiate", "section": "biog", "stems": ["Stevie Wonder", "Wonder"], "offensive": false}, "hwi": {"hw": "Won*der", "prs": [{"mw": "\u02c8w\u0259n-d\u0259r", "sound": {"audio": "wonder01", "ref": "c", "stat": "1"}}]}, "fl": "biographical name", "def": [{"sseq": [[["sense", {"dt": [["text", "Stevie 1950\u2013\u2002\u2002\u2002\u2002 born {it}Stevland Hardaway Judkins{/it} American singer, songwriter and instrumentalist"]]}]]]}], "shortdef": ["Stevie 1950\u2014 born Stevland Hardaway Judkins American singer, songwriter and instrumentalist"]}, {"meta": {"id": "wonder drug", "uuid": "4868037c-2467-4213-b9e6-2bd00da5ce0c", "sort": "230207000", "src": "collegiate", "section": "alpha", "stems": ["wonder drug", "wonder drugs"], "offensive": false}, "hwi": {"hw": "wonder drug"}, "fl": "noun", "def": [{"sseq": [[["sense", {"dt": [["text", "{bc}a drug usually newly discovered that elicits a dramatic positive response in a patient's condition {bc}{sx|miracle drug||} "], ["vis", [{"t": "So far, Prozac is acting as something of a {wi}wonder drug{/wi}; it is highly effective, causes few dangerous side effects, and is already the most widely prescribed antidepressant after just 4 years on the market.", "aq": {"auth": "Ruth Levy Guyer and Daniel E. Koshland Jr."}}, {"t": "Stodgy old aspirin suddenly appears to be a {wi}wonder drug{/wi}. But as often happens in medicine, the news hype may have overreached in search of hope.", "aq": {"auth": "Steven Findlay"}}]]]}]]]}], "date": "1939", "shortdef": ["a drug usually newly discovered that elicits a dramatic positive response in a patient's condition : miracle drug"]}, {"meta": {"id": "wonder-worker", "uuid": "b9751126-5fb3-4a3d-84b8-86c4ddb96a02", "sort": "230207500", "src": "collegiate", "section": "alpha", "stems": ["wonder-worker", "wonder-workers"], "offensive": false}, "hwi": {"hw": "won*der-work*er", "prs": [{"mw": "\u02c8w\u0259n-d\u0259r-\u02ccw\u0259r-k\u0259r", "sound": {"audio": "wonder09", "ref": "c", "stat": "1"}}, {"mw": "\u02c8w\u0259n-d\u0259-"}]}, "fl": "noun", "def": [{"sseq": [[["sense", {"dt": [["text", "{bc}one that performs wonders"]]}]]]}], "date": "1599", "shortdef": ["one that performs wonders"]}, {"meta": {"id": "wonder-working", "uuid": "2c5d354e-970d-423c-8693-3768888c3420", "sort": "230207600", "src": "collegiate", "section": "alpha", "stems": ["wonder-working"], "offensive": false}, "hwi": {"hw": "won*der-work*ing", "prs": [{"mw": "\u02c8w\u0259n-d\u0259r-\u02ccw\u0259r-ki\u014b", "sound": {"audio": "wonder10", "ref": "c", "stat": "1"}}, {"mw": "\u02c8w\u0259n-d\u0259-"}]}, "fl": "adjective", "def": [{"sseq": [[["sense", {"dt": [["text", "{bc}producing wonders"]]}]]]}], "date": "1593", "shortdef": ["producing wonders"]}, {"meta": {"id": "boy wonder", "uuid": "c6d0488f-3513-497e-a5b7-8d6e4946ce51", "sort": "020384600", "src": "collegiate", "section": "alpha", "stems": ["boy wonder"], "offensive": false}, "hwi": {"hw": "boy wonder"}, "fl": "noun", "def": [{"sseq": [[["sense", {"dt": [["text", "{bc}a young man of noteworthy achievements"]]}]]]}], "date": "1857", "shortdef": ["a young man of noteworthy achievements"]}, {"meta": {"id": "nine days' wonder", "uuid": "87e60a6c-3e5f-4ed4-b55e-9cd7055cb848", "sort": "140990000", "src": "collegiate", "section": "alpha", "stems": ["nine day wonder", "nine day wonders", "nine days' wonder", "nine days' wonders"], "offensive": false}, "hwi": {"hw": "nine days' wonder"}, "fl": "noun", "def": [{"sseq": [[["sense", {"dt": [["text", "{bc}something or someone that creates a short-lived sensation "], ["ca", {"intro": "called also", "cats": [{"cat": "nine day wonder"}]}]]}]]]}], "date": "1592", "shortdef": ["something or someone that creates a short-lived sensation \u2014called also nine day wonder"]}, {"meta": {"id": "one-hit wonder", "uuid": "be80d625-a2e0-4032-8e6c-66bf9ec26efe", "sort": "150735500", "src": "collegiate", "section": "alpha", "stems": ["one-hit wonder", "one-hit wonders", "one hit wonder", "one hit wonders", "one-hit-wonder", "one-hit-wonders"], "offensive": false}, "hwi": {"hw": "one-hit wonder"}, "vrs": [{"vl": "or less commonly", "va": "one hit wonder"}, {"vl": "or", "va": "one-hit-wonder"}], "fl": "noun", "ins": [{"il": "plural", "if": "one-hit wonders"}, {"il": "also", "if": "one hit wonders"}, {"il": "or", "if": "one-hit-wonders"}], "def": [{"sseq": [[["sense", {"sn": "1", "dt": [["text", "{bc}a musical group that has achieved recognition on the basis of only one widely popular song "], ["vis", [{"t": "Such folks as John Lennon, the Byrds, Lou Rawls, the Hollies, Cyndi Lauper and {wi}one-hit wonder{/wi} Peter McCann will entertain you via a radio played at an unobtrusive level.", "aq": {"auth": "Pete Bishop"}}]]], "sdsense": {"sd": "also", "dt": [["text", "{bc}the widely popular song of a one-hit wonder "], ["vis", [{"t": "Their 1994 hit {ldquo}Macarena{rdquo} has often been voted as the top {wi}one-hit-wonder{/wi} of all time.", "aq": {"auth": "Kathryn Williams"}}]]]}}]], [["sense", {"sn": "2", "dt": [["text", "{bc}a person, group, or organization that is known only for a single notable event, product, etc. "], ["vis", [{"t": "But without Pat Croce or Maurice Cheeks to mediate the Larry Brown-Allen Iverson relationship, the Sixers could easily be a {wi}one-hit wonder{/wi}.", "aq": {"auth": "Mike Wise"}}, {"t": "Years later, [Steve] Jobs famously described how devastated he felt, only to realize that getting fired from Apple helped him develop the sustained creativity that turned him from a {wi}one-hit wonder{/wi} into a great business leader.", "aq": {"auth": "Rick Newman"}}]]], "sdsense": {"sd": "also", "dt": [["text", "{bc}the notable event, product, etc. of a one-hit wonder "], ["vis", [{"t": "For readers who aren't as head-over-heels for poetry as I am, {it}The Bell Jar{/it} might seem like writer Sylvia Plath's {wi}one hit wonder{/wi}.", "aq": {"auth": "E. Ce Miller"}}]]]}}]]]}], "date": "1957{ds||1||}", "shortdef": ["a musical group that has achieved recognition on the basis of only one widely popular song; also : the widely popular song of a one-hit wonder", "a person, group, or organization that is known only for a single notable event, product, etc.; also : the notable event, product, etc. of a one-hit wonder"]}]