[{"meta": {"id": "in-your-face", "uuid": "7c3cd29f-e3e7-423f-b58f-d5229f32e5be", "src": "coll_thes", "section": "alpha", "target": {"tuuid": "f2a593c4-3a33-4656-8c37-56d020118abe", "tsrc": "collegiate"}, "stems": ["in-your-face"], "syns": [["aggressive", "ambitious", "assertive", "enterprising", "fierce", "go-getting", "high-pressure", "militant", "pushy", "self-asserting", "self-assertive"]], "ants": [["ambitionless", "low-pressure", "nonassertive", "unaggressive", "unambitious", "unassertive", "unenterprising"]], "offensive": false}, "hwi": {"hw": "in-your-face"}, "fl": "adjective", "def": [{"sseq": [[["sense", {"dt": [["text", "having or showing a bold forcefulness in the pursuit of a goal "], ["vis", [{"t": "an {it}in-your-face{/it} attitude that sometimes puts people off"}]]], "syn_list": [[{"wd": "aggressive"}, {"wd": "ambitious"}, {"wd": "assertive"}, {"wd": "enterprising"}, {"wd": "fierce"}, {"wd": "go-getting"}, {"wd": "high-pressure"}, {"wd": "militant"}, {"wd": "pushy"}, {"wd": "self-asserting"}, {"wd": "self-assertive"}]], "rel_list": [[{"wd": "argumentative"}, {"wd": "bellicose"}, {"wd": "belligerent"}, {"wd": "combative"}, {"wd": "contentious"}, {"wd": "discordant"}, {"wd": "disputatious"}, {"wd": "gladiatorial"}, {"wd": "pugnacious"}, {"wd": "quarrelsome"}, {"wd": "trigger-happy"}, {"wd": "truculent"}, {"wd": "warlike"}], [{"wd": "hyperaggressive"}, {"wd": "overambitious"}], [{"wd": "dynamic"}, {"wd": "energetic"}, {"wd": "gung ho"}, {"wd": "hustling"}, {"wd": "strenuous"}, {"wd": "vigorous"}], [{"wd": "emphatic"}, {"wd": "obtrusive"}], [{"wd": "adventuresome"}, {"wd": "adventurous"}, {"wd": "daring"}, {"wd": "dashing"}, {"wd": "emboldened"}, {"wd": "gutsy"}, {"wd": "venturesome"}, {"wd": "venturous"}], [{"wd": "audacious"}, {"wd": "bold"}, {"wd": "brash"}, {"wd": "brassy"}, {"wd": "bumptious"}, {"wd": "cheeky"}, {"wd": "cocksure"}, {"wd": "cocky"}, {"wd": "confident"}, {"wd": "determined"}, {"wd": "forward"}, {"wd": "impudent"}, {"wd": "insolent"}, {"wd": "overconfident"}, {"wd": "presumptuous"}, {"wd": "unapologetic"}, {"wd": "unsubdued"}, {"wd": "unyielding"}], [{"wd": "bare-knuckle", "wvrs": [{"wvl": "also", "wva": "bare-knuckled"}, {"wvl": "or", "wva": "bare-knuckles"}]}, {"wd": "feisty"}, {"wd": "scrappy"}], [{"wd": "dominating"}, {"wd": "domineering"}, {"wd": "imperious"}, {"wd": "lordly"}, {"wd": "magisterial"}, {"wd": "overbearing"}]], "near_list": [[{"wd": "easygoing"}, {"wd": "laid-back"}, {"wd": "relaxed"}], [{"wd": "acquiescent"}, {"wd": "amenable"}, {"wd": "compliant"}, {"wd": "deferential"}, {"wd": "docile"}, {"wd": "resigned"}, {"wd": "submissive"}, {"wd": "tractable"}, {"wd": "yielding"}], [{"wd": "cowering"}, {"wd": "cringing"}, {"wd": "groveling", "wvrs": [{"wvl": "or", "wva": "grovelling"}]}, {"wd": "shrinking"}], [{"wd": "bashful"}, {"wd": "demure"}, {"wd": "diffident"}, {"wd": "humble"}, {"wd": "lowly"}, {"wd": "meek"}, {"wd": "mild"}, {"wd": "modest"}, {"wd": "mousy", "wvrs": [{"wvl": "or", "wva": "mousey"}]}, {"wd": "overmodest"}, {"wd": "passive"}, {"wd": "quiet"}, {"wd": "reserved"}, {"wd": "retiring"}, {"wd": "shy"}, {"wd": "subdued"}, {"wd": "timid"}, {"wd": "unobtrusive"}], [{"wd": "obsequious"}, {"wd": "servile"}, {"wd": "slavish"}, {"wd": "subservient"}]], "ant_list": [[{"wd": "ambitionless"}, {"wd": "low-pressure"}, {"wd": "nonassertive"}, {"wd": "unaggressive"}, {"wd": "unambitious"}, {"wd": "unassertive"}, {"wd": "unenterprising"}]]}]]]}], "shortdef": ["having or showing a bold forcefulness in the pursuit of a goal"]}, {"meta": {"id": "a feather in one's cap", "uuid": "1a159029-bb54-4587-9252-934114a71854", "src": "CTenhance", "section": "phrases", "stems": ["a feather in one's cap", "a feather in my cap", "a feather in your cap", "a feather in his cap", "a feather in her cap", "a feather in its cap", "a feather in their cap", "a feather in our cap", "a feather in our caps", "a feather in your caps", "a feather in their caps", "feathers in our caps", "feathers in your caps", "feathers in their caps"], "syns": [["boast", "credit", "crown jewel", "glory", "honor", "jewel", "pride", "treasure", "trophy"], ["accomplishment", "achievement", "acquirement", "attainment", "baby", "coup", "success", "triumph"]], "ants": [["nonachievement"]], "offensive": false}, "hwi": {"hw": "a feather in one's cap"}, "fl": "phrase", "def": [{"sseq": [[["sense", {"sn": "1", "dt": [["text", "an asset that brings praise or renown "], ["vis", [{"t": "Breaking the story for her newspaper was a {it}a feather in her cap{/it}."}]]], "syn_list": [[{"wd": "boast"}, {"wd": "credit"}, {"wd": "crown jewel"}, {"wd": "glory"}, {"wd": "honor"}, {"wd": "jewel"}, {"wd": "pride"}, {"wd": "treasure"}, {"wd": "trophy"}]], "rel_list": [[{"wd": "pi\u00e8ce de r\u00e9sistance"}, {"wd": "showpiece"}], [{"wd": "attraction"}, {"wd": "feature"}, {"wd": "highlight"}], [{"wd": "distinction"}, {"wd": "excellence"}, {"wd": "merit"}, {"wd": "value"}, {"wd": "virtue"}]], "near_list": [[{"wd": "disgrace"}, {"wd": "dishonor"}], [{"wd": "blemish"}, {"wd": "blot"}, {"wd": "defect"}, {"wd": "shame"}, {"wd": "slur"}, {"wd": "smirch"}, {"wd": "smudge"}, {"wd": "stain"}, {"wd": "stigma"}], [{"wd": "eyesore"}, {"wd": "fright"}, {"wd": "horror"}, {"wd": "mess"}]]}]], [["sense", {"sn": "2", "dt": [["text", "a successful result brought about by hard work "], ["vis", [{"t": "Winning the lawsuit for her client would be a significant {it}feather in her cap{/it}."}]]], "syn_list": [[{"wd": "accomplishment"}, {"wd": "achievement"}, {"wd": "acquirement"}, {"wd": "attainment"}, {"wd": "baby"}, {"wd": "coup"}, {"wd": "success"}, {"wd": "triumph"}]], "rel_list": [[{"wd": "blockbuster"}, {"wd": "hit"}, {"wd": "jackpot"}, {"wd": "megahit"}, {"wd": "miracle"}, {"wd": "smash"}, {"wd": "winner"}], [{"wd": "conquest"}, {"wd": "gain"}, {"wd": "victory"}, {"wd": "win"}], [{"wd": "skill"}], [{"wd": "deed"}, {"wd": "feat"}, {"wd": "performance"}], [{"wd": "arrival"}, {"wd": "completion"}, {"wd": "consummation"}, {"wd": "culmination"}, {"wd": "execution"}, {"wd": "fruition"}, {"wd": "fulfillment", "wvrs": [{"wvl": "or", "wva": "fulfilment"}]}, {"wd": "implementation"}, {"wd": "realization"}]], "near_list": [[{"wd": "botch"}, {"wd": "cock-up", "wsls": ["British"]}, {"wd": "mess"}, {"wd": "muddle"}, {"wd": "shambles"}], [{"wd": "bummer"}, {"wd": "bust"}, {"wd": "catastrophe"}, {"wd": "debacle", "wvrs": [{"wvl": "also", "wva": "d\u00e9b\u00e2cle"}]}, {"wd": "disaster"}, {"wd": "dud"}, {"wd": "failure"}, {"wd": "fiasco"}, {"wd": "fizzle"}, {"wd": "flop"}, {"wd": "washout"}], [{"wd": "disappointment"}, {"wd": "letdown"}, {"wd": "loss"}, {"wd": "setback"}]], "ant_list": [[{"wd": "nonachievement"}]]}]]]}], "shortdef": ["an asset that brings praise or renown", "a successful result brought about by hard work"]}, {"meta": {"id": "bee in one's bonnet", "uuid": "744d5354-8bea-46f2-ac31-bd499c522cd3", "src": "CTenhance", "section": "phrases", "stems": ["bee in one's bonnet", "bee in my bonnet", "bee in your bonnet", "bee in his bonnet", "bee in her bonnet", "bee in its bonnet", "bee in our bonnet", "bee in our bonnets", "bee in your bonnets", "bee in their bonnet", "bee in their bonnets"], "syns": [["bee", "caprice", "crank", "fancy", "freak", "humor", "kink", "maggot", "megrim", "notion", "vagary", "vagrancy", "whim", "whimsy"]], "ants": [], "offensive": false}, "hwi": {"hw": "bee in one's bonnet"}, "fl": "phrase", "def": [{"sseq": [[["sense", {"dt": [["text", "a sudden impulsive and apparently unmotivated idea or action "], ["vis", [{"t": "She suddenly got a {it}bee in her bonnet{/it} to quit her job and become a painter."}]]], "syn_list": [[{"wd": "bee"}, {"wd": "caprice"}, {"wd": "crank"}, {"wd": "fancy"}, {"wd": "freak"}, {"wd": "humor"}, {"wd": "kink"}, {"wd": "maggot"}, {"wd": "megrim"}, {"wd": "notion"}, {"wd": "vagary"}, {"wd": "vagrancy"}, {"wd": "whim"}, {"wd": "whimsy", "wvrs": [{"wvl": "also", "wva": "whimsey"}]}]], "rel_list": [[{"wd": "capriciousness"}, {"wd": "fancifulness"}, {"wd": "fantasy", "wvrs": [{"wvl": "also", "wva": "phantasy"}]}, {"wd": "freakishness"}, {"wd": "impetuosity"}, {"wd": "whimsicality"}], [{"wd": "conceit"}], [{"wd": "concept"}, {"wd": "conception"}, {"wd": "image"}, {"wd": "impression"}, {"wd": "mind's eye"}, {"wd": "picture"}, {"wd": "thought"}], [{"wd": "brainstorm"}, {"wd": "inspiration"}]]}]]]}], "shortdef": ["a sudden impulsive and apparently unmotivated idea or action"]}, {"meta": {"id": "blow one's cool", "uuid": "9f177c89-c0cc-4ba5-851a-6dbe9f895f94", "src": "CTenhance", "section": "phrases", "stems": ["blow one's cool", "blow my cool", "blow your cool", "blow his cool", "blow her cool", "blow its cool", "blow our cool", "blow our cools", "blow your cools", "blow their cool", "blow their cools", "blows his cool", "blows her cool", "blows its cool", "blew my cool", "blew your cool", "blew his cool", "blew her cool", "blew its cool", "blew our cool", "blew our cools", "blow your cools", "blew their cool", "blew their cools", "blowing my cool", "blowing your cool", "blowing his cool", "blowing her cool", "blowing its cool", "blowing our cool", "blowing our cools", "blowing your cools", "blowing their cool", "blowing their cools", "blown my cool", "blown your cool", "blown his cool", "blown her cool", "blown its cool", "blown our cool", "blown our cools", "blown your cools", "blown their cool"], "syns": [["blow up", "flare (up)", "flip (out)"], ["break down", "break up", "crack", "flip (out)", "freak (out)", "melt down", "wig (out)"]], "ants": [["calm (down)", "simmer down"]], "offensive": false}, "hwi": {"hw": "blow one's cool"}, "fl": "phrase", "def": [{"sseq": [[["sense", {"sn": "1", "dt": [["text", "to become very angry "], ["vis", [{"t": "He {it}blew his cool{/it} when the tailgater rear-ended him."}]]], "syn_list": [[{"wd": "blow up"}, {"wd": "flare (up)"}, {"wd": "flip (out)", "wsls": ["slang"]}]], "rel_list": [[{"wd": "anger"}, {"wd": "fulminate"}, {"wd": "rage"}, {"wd": "rant"}, {"wd": "rave"}, {"wd": "snap"}, {"wd": "snarl"}, {"wd": "sputter"}, {"wd": "storm"}, {"wd": "tee off"}, {"wd": "vent"}, {"wd": "vituperate"}], [{"wd": "bristle"}, {"wd": "burn"}, {"wd": "foam"}, {"wd": "fume"}, {"wd": "glare"}, {"wd": "glower"}, {"wd": "seethe"}, {"wd": "sizzle"}, {"wd": "smolder", "wvrs": [{"wvl": "or", "wva": "smoulder"}]}, {"wd": "steam"}, {"wd": "warm"}], [{"wd": "burst"}, {"wd": "explode"}, {"wd": "flare (out)"}, {"wd": "flash"}, {"wd": "inflame", "wvrs": [{"wvl": "also", "wva": "enflame"}]}, {"wd": "madden"}]], "phrase_list": [[{"wd": "blow a gasket"}, {"wd": "blow one's stack"}, {"wd": "blow one's top"}, {"wd": "fly into a rage"}, {"wd": "fly off the handle"}, {"wd": "forget oneself"}, {"wd": "go ballistic"}, {"wd": "have a fit"}, {"wd": "hit the ceiling"}, {"wd": "hit the roof"}, {"wd": "lose one's cool"}, {"wd": "lose one's temper"}]], "near_list": [[{"wd": "chill out", "wsls": ["slang"]}, {"wd": "cool (off or down)"}, {"wd": "relax"}], [{"wd": "hush"}, {"wd": "quiet (down)"}]], "ant_list": [[{"wd": "calm (down)"}, {"wd": "simmer down"}]]}]], [["sense", {"sn": "2", "dt": [["text", "to yield to mental or emotional stress "], ["vis", [{"t": "The movie star tolerated the constant attention of the paparazzi, but finally {it}blew her cool{/it} when one asked about her recent divorce."}]]], "syn_list": [[{"wd": "break down"}, {"wd": "break up"}, {"wd": "crack"}, {"wd": "flip (out)", "wsls": ["slang"]}, {"wd": "freak (out)"}, {"wd": "melt down"}, {"wd": "wig (out)", "wsls": ["slang"]}]], "rel_list": [[{"wd": "choke"}]], "phrase_list": [[{"wd": "fall apart"}, {"wd": "go off the deep end"}, {"wd": "go to pieces"}, {"wd": "lose it"}]]}]]]}], "shortdef": ["to become very angry", "to yield to mental or emotional stress"]}, {"meta": {"id": "burn one's ears", "uuid": "d809d557-2481-4557-8ac2-9cae95c733ff", "src": "CTenhance", "section": "phrases", "stems": ["burn one's boats", "burn one's bridges", "burn one's ears", "burn my ears", "burn your ears", "burn his ears", "burn her ears", "burn its ears", "burn our ears", "burn their ears", "burning my ears", "burning your ears", "burning his ears", "burning her ears", "burning its ears", "burning our ears", "burning their ears", "burnt my ears", "burnt your ears", "burnt his ears", "burnt her ears", "burnt its ears", "burnt our ears", "burnt their ears", "burns my ears", "burns your ears", "burns his ears", "burns her ears", "burns its ears", "burns our ears", "burns their ears"], "syns": [["admonish", "chide", "rebuke", "reprimand", "reproach", "reprove", "tick off"]], "ants": [], "offensive": false}, "hwi": {"hw": "burn one's ears"}, "fl": "phrase", "def": [{"sseq": [[["sense", {"dt": [["text", "to criticize (someone) so as to correct a fault "], ["vis", [{"t": "She {it}burned his ears{/it} for not wearing a seatbelt."}]]], "syn_list": [[{"wd": "admonish"}, {"wd": "chide"}, {"wd": "rebuke"}, {"wd": "reprimand"}, {"wd": "reproach"}, {"wd": "reprove"}, {"wd": "tick off"}]], "rel_list": [[{"wd": "berate"}, {"wd": "castigate"}, {"wd": "chew out"}, {"wd": "dress down"}, {"wd": "flay"}, {"wd": "harangue"}, {"wd": "jaw"}, {"wd": "keelhaul"}, {"wd": "lambaste", "wvrs": [{"wvl": "or", "wva": "lambast"}]}, {"wd": "lecture"}, {"wd": "rail (at or against)"}, {"wd": "rate"}, {"wd": "scold"}, {"wd": "score"}, {"wd": "upbraid"}], [{"wd": "abuse"}, {"wd": "assail"}, {"wd": "attack"}, {"wd": "bad-mouth"}, {"wd": "blame"}, {"wd": "blast"}, {"wd": "censure"}, {"wd": "condemn"}, {"wd": "criticize"}, {"wd": "crucify"}, {"wd": "denounce"}, {"wd": "dis", "wvrs": [{"wvl": "also", "wva": "diss"}], "wsls": ["slang"]}, {"wd": "excoriate"}, {"wd": "fault"}, {"wd": "knock"}, {"wd": "lash"}, {"wd": "pan"}, {"wd": "reprehend"}, {"wd": "slam"}], [{"wd": "belittle"}, {"wd": "deprecate"}, {"wd": "disparage"}, {"wd": "minimize"}, {"wd": "mock"}, {"wd": "put down"}], [{"wd": "deride"}, {"wd": "ridicule"}, {"wd": "scoff"}, {"wd": "scorn"}]], "phrase_list": [[{"wd": "get after"}, {"wd": "get on"}]], "near_list": [[{"wd": "approve"}, {"wd": "endorse", "wvrs": [{"wvl": "also", "wva": "indorse"}]}, {"wd": "OK", "wvrs": [{"wvl": "or", "wva": "okay"}]}, {"wd": "sanction"}], [{"wd": "applaud"}, {"wd": "extol", "wvrs": [{"wvl": "also", "wva": "extoll"}]}, {"wd": "hail"}, {"wd": "laud"}, {"wd": "praise"}, {"wd": "salute"}, {"wd": "tout"}]]}]]]}], "shortdef": ["to criticize (someone) so as to correct a fault"]}, {"meta": {"id": "chip on one's shoulder", "uuid": "9b08e2e3-8643-46fb-a8bf-3b74f74f6d11", "src": "CTenhance", "section": "phrases", "stems": ["chip on one's shoulder", "a chip on one's shoulder", "chip on my shoulder", "chip on your shoulder", "chip on his shoulder", "chip on her shoulder", "chip on its shoulder", "chip on our shoulder", "chip on our shoulders", "chip on your shoulders", "chip on their shoulder", "chip on their shoulders"], "syns": [["aggression", "aggressiveness", "assaultiveness", "bellicosity", "belligerence", "belligerency", "combativeness", "contentiousness", "defiance", "disputatiousness", "feistiness", "fight", "militance", "militancy", "militantness", "pugnacity", "quarrelsomeness", "scrappiness", "truculence"]], "ants": [["nonaggression", "pacifism"]], "offensive": false}, "hwi": {"hw": "chip on one's shoulder"}, "fl": "phrase", "def": [{"sseq": [[["sense", {"dt": [["text", "an inclination to fight or quarrel "], ["vis", [{"t": "It was clear from the tone of his writing that the man had a {it}chip on his shoulder{/it}."}]]], "syn_list": [[{"wd": "aggression"}, {"wd": "aggressiveness"}, {"wd": "assaultiveness"}, {"wd": "bellicosity"}, {"wd": "belligerence"}, {"wd": "belligerency"}, {"wd": "combativeness"}, {"wd": "contentiousness"}, {"wd": "defiance"}, {"wd": "disputatiousness"}, {"wd": "feistiness"}, {"wd": "fight"}, {"wd": "militance"}, {"wd": "militancy"}, {"wd": "militantness"}, {"wd": "pugnacity"}, {"wd": "quarrelsomeness"}, {"wd": "scrappiness"}, {"wd": "truculence"}]], "rel_list": [[{"wd": "antagonism"}, {"wd": "fierceness"}, {"wd": "hostility"}, {"wd": "hyperaggressiveness"}, {"wd": "unfriendliness"}], [{"wd": "imperialism"}, {"wd": "jingoism"}, {"wd": "militarism"}], [{"wd": "acidity"}, {"wd": "biliousness"}, {"wd": "captiousness"}, {"wd": "crankiness"}, {"wd": "crossness"}, {"wd": "disagreeableness"}, {"wd": "fractiousness"}, {"wd": "fretfulness"}, {"wd": "grouchiness"}, {"wd": "grumpiness"}, {"wd": "huffiness"}, {"wd": "irascibility"}, {"wd": "irascibleness"}, {"wd": "irritability"}, {"wd": "irritableness"}, {"wd": "orneriness"}, {"wd": "peevishness"}, {"wd": "pettishness"}, {"wd": "petulance"}, {"wd": "querulousness"}, {"wd": "rudeness"}, {"wd": "surliness"}, {"wd": "testiness"}, {"wd": "waspishness"}]], "near_list": [[{"wd": "antiaggression"}, {"wd": "anti-imperialism"}, {"wd": "antimilitarism"}], [{"wd": "affability"}, {"wd": "amiability"}, {"wd": "amicability"}, {"wd": "benevolence"}, {"wd": "cordiality"}, {"wd": "friendliness"}, {"wd": "geniality"}, {"wd": "graciousness"}, {"wd": "pleasantness"}, {"wd": "sociability"}], [{"wd": "gentleness"}, {"wd": "kindliness"}, {"wd": "mildness"}], [{"wd": "amenability"}, {"wd": "complaisance"}, {"wd": "placability"}]], "ant_list": [[{"wd": "nonaggression"}, {"wd": "pacifism"}]]}]]]}], "shortdef": ["an inclination to fight or quarrel"]}, {"meta": {"id": "close one's eyes to", "uuid": "62be4bc7-57e2-49b6-9df6-2000709f809a", "src": "CTenhance", "section": "phrases", "stems": ["close one's eyes to", "close my eyes to", "close your eyes to", "close his eyes to", "close her eyes to", "close its eyes to", "close our eyes to", "close their eyes to", "closes my eyes to", "closes your eyes to", "closes his eyes to", "closes her eyes to", "closes its eyes to", "closes our eyes to", "closes their eyes to", "closed my eyes to", "closed your eyes to", "closed his eyes to", "closed her eyes to", "closed its eyes to", "closed our eyes to", "closed their eyes to", "closing my eyes to", "closing your eyes to", "closing his eyes to", "closing her eyes to", "closing its eyes to", "closing our eyes to", "closing their eyes to"], "syns": [["blink (at)", "brush (aside or off)", "condone", "discount", "disregard", "excuse", "forgive", "gloss (over)", "gloze (over)", "ignore", "overlook", "overpass", "paper over", "pardon", "pass over", "remit", "shrug off", "whitewash", "wink (at)"]], "ants": [], "offensive": false}, "hwi": {"hw": "close one's eyes to"}, "fl": "phrase", "def": [{"sseq": [[["sense", {"dt": [["text", "to dismiss as of little importance "], ["vis", [{"t": "They {it}closed their eyes to{/it} the injustices taking place in their community."}]]], "syn_list": [[{"wd": "blink (at)"}, {"wd": "brush (aside or off)"}, {"wd": "condone"}, {"wd": "discount"}, {"wd": "disregard"}, {"wd": "excuse"}, {"wd": "forgive"}, {"wd": "gloss (over)"}, {"wd": "gloze (over)"}, {"wd": "ignore"}, {"wd": "overlook"}, {"wd": "overpass"}, {"wd": "paper over"}, {"wd": "pardon"}, {"wd": "pass over"}, {"wd": "remit"}, {"wd": "shrug off"}, {"wd": "whitewash"}, {"wd": "wink (at)"}]], "rel_list": [[{"wd": "explain"}, {"wd": "justify"}, {"wd": "rationalize"}], [{"wd": "absolve"}, {"wd": "acquit"}, {"wd": "clear"}, {"wd": "exculpate"}, {"wd": "exonerate"}, {"wd": "vindicate"}], [{"wd": "waive"}, {"wd": "wave (aside or off)"}]], "phrase_list": [[{"wd": "forgive and forget"}]], "near_list": [[{"wd": "heed"}, {"wd": "mark"}, {"wd": "mind"}, {"wd": "note"}, {"wd": "object (to)"}]]}]]]}], "shortdef": ["to dismiss as of little importance"]}, {"meta": {"id": "cut of one's jib", "uuid": "1aca4f7e-c081-42a8-af5c-a3f5a7acfb30", "src": "CTenhance", "section": "phrases", "stems": ["cut of one's jib", "cut of my jib", "cut of your jib", "cut of his jib", "cut of her jib", "cut of its jib", "cut of our jib", "cuts of our jibs", "cuts of your jibs", "cuts of their jibs"], "syns": [["appearance", "aspect", "dress", "figure", "garb", "look", "mien", "outside", "presence", "regard"]], "ants": [], "offensive": false}, "hwi": {"hw": "cut of one's jib"}, "fl": "phrase", "def": [{"sseq": [[["sense", {"dt": [["text", "the outward form of someone or something especially as indicative of a quality "], ["vis", [{"t": "By the {it}cut of his jib{/it} we guessed that the man was a seasoned outdoorsman."}]]], "syn_list": [[{"wd": "appearance"}, {"wd": "aspect"}, {"wd": "dress"}, {"wd": "figure"}, {"wd": "garb"}, {"wd": "look"}, {"wd": "mien"}, {"wd": "outside"}, {"wd": "presence"}, {"wd": "regard", "wsls": ["archaic"]}]], "rel_list": [[{"wd": "air"}, {"wd": "attitude"}, {"wd": "bearing"}, {"wd": "behavior"}, {"wd": "comportment"}, {"wd": "demeanor"}, {"wd": "deportment"}, {"wd": "manner"}, {"wd": "poise"}, {"wd": "pose"}], [{"wd": "carriage"}, {"wd": "posture"}, {"wd": "stance"}], [{"wd": "cast"}, {"wd": "mold"}, {"wd": "shape"}, {"wd": "turn"}], [{"wd": "color"}, {"wd": "coloring"}, {"wd": "complexion"}], [{"wd": "countenance"}, {"wd": "face"}, {"wd": "features"}, {"wd": "habit"}, {"wd": "habitus"}, {"wd": "person", "wsls": ["archaic"]}, {"wd": "physiognomy"}, {"wd": "superficies"}, {"wd": "visage"}]]}]]]}], "shortdef": ["the outward form of someone or something especially as indicative of a quality"]}, {"meta": {"id": "in one's cups", "uuid": "ac42a1ae-770b-4036-bb72-4d0ff0c70851", "src": "CTenhance", "section": "phrases", "stems": ["in one's cups", "in my cups", "in your cups", "in his cups", "in her cups", "in its cups", "in their cups", "in our cups"], "syns": [["besotted", "blasted", "blind", "blitzed", "blotto", "bombed", "boozy", "canned", "cockeyed", "crocked", "drunk", "drunken", "fried", "gassed", "hammered", "high", "impaired", "inebriate", "inebriated", "intoxicated", "juiced", "lit", "lit up", "loaded", "looped", "oiled", "pickled", "pie-eyed", "plastered", "potted", "ripped", "sloshed", "smashed", "sottish", "soused", "sozzled", "squiffed", "stewed", "stiff", "stinking", "stoned", "tanked", "tiddly", "tight", "tipsy", "wasted", "wet", "wiped out"]], "ants": [["sober", "straight"]], "offensive": false}, "hwi": {"hw": "in one's cups"}, "fl": "phrase", "def": [{"sseq": [[["sense", {"dt": [["text", "being under the influence of alcohol "], ["vis", [{"t": "He's a quiet boy, but when he's {it}in his cups{/it} he's quite the unapologetic dancer."}]]], "syn_list": [[{"wd": "besotted"}, {"wd": "blasted", "wsls": ["slang"]}, {"wd": "blind"}, {"wd": "blitzed", "wsls": ["slang"]}, {"wd": "blotto", "wsls": ["slang"]}, {"wd": "bombed"}, {"wd": "boozy"}, {"wd": "canned", "wsls": ["slang"]}, {"wd": "cockeyed"}, {"wd": "crocked"}, {"wd": "drunk"}, {"wd": "drunken"}, {"wd": "fried"}, {"wd": "gassed"}, {"wd": "hammered", "wsls": ["slang"]}, {"wd": "high"}, {"wd": "impaired"}, {"wd": "inebriate"}, {"wd": "inebriated"}, {"wd": "intoxicated"}, {"wd": "juiced", "wsls": ["slang"]}, {"wd": "lit"}, {"wd": "lit up"}, {"wd": "loaded", "wsls": ["slang"]}, {"wd": "looped"}, {"wd": "oiled", "wsls": ["slang"]}, {"wd": "pickled"}, {"wd": "pie-eyed"}, {"wd": "plastered"}, {"wd": "potted", "wsls": ["slang"]}, {"wd": "ripped", "wsls": ["slang"]}, {"wd": "sloshed", "wsls": ["slang"]}, {"wd": "smashed", "wsls": ["slang"]}, {"wd": "sottish"}, {"wd": "soused"}, {"wd": "sozzled"}, {"wd": "squiffed", "wvrs": [{"wvl": "or", "wva": "squiffy"}]}, {"wd": "stewed"}, {"wd": "stiff"}, {"wd": "stinking", "wsls": ["slang"]}, {"wd": "stoned"}, {"wd": "tanked", "wsls": ["slang"]}, {"wd": "tiddly", "wsls": ["chiefly British"]}, {"wd": "tight"}, {"wd": "tipsy"}, {"wd": "wasted", "wsls": ["slang"]}, {"wd": "wet"}, {"wd": "wiped out", "wsls": ["slang"]}]], "rel_list": [[{"wd": "maudlin"}], [{"wd": "beery"}], [{"wd": "befuddled"}, {"wd": "bleary-eyed"}, {"wd": "crapulous"}, {"wd": "dopey", "wvrs": [{"wvl": "also", "wva": "dopy"}]}, {"wd": "rocky"}, {"wd": "strung out"}, {"wd": "stupefied"}], [{"wd": "debauched"}, {"wd": "dissipated"}, {"wd": "dissolute"}], [{"wd": "alcoholic"}, {"wd": "bibulous"}, {"wd": "dipsomaniacal"}]], "phrase_list": [[{"wd": "in the bag", "wsls": ["slang"]}, {"wd": "three sheets in the wind", "wvrs": [{"wvl": "or", "wva": "three sheets to the wind"}]}, {"wd": "under the influence"}, {"wd": "under the weather"}]], "near_list": [[{"wd": "abstemious"}, {"wd": "abstinent"}, {"wd": "dry"}, {"wd": "temperate"}, {"wd": "teetotal"}], [{"wd": "clearheaded"}, {"wd": "cool"}, {"wd": "level"}, {"wd": "steady"}]], "ant_list": [[{"wd": "sober"}, {"wd": "straight"}]]}]]]}], "shortdef": ["being under the influence of alcohol"]}, {"meta": {"id": "keep one's eyes open (for)", "uuid": "30abc30f-c795-4f82-80c5-81cc67fb4a8b", "src": "CTenhance", "section": "phrases", "stems": ["keep one's eyes open (for)", "keep one's eyes open for", "keep your eyes open for", "keep his eyes open for", "keep her eyes open for", "keep their eyes open for", "keeping one's eyes open for", "keeping your eyes open for", "keeping his eyes open for", "keeping her eyes open for", "keeping their eyes open for", "kept one's eyes open for", "kept your eyes open for", "kept his eyes open for", "kept her eyes open for", "kept their eyes open for", "keeps one's eyes open for", "keeps your eyes open for", "keeps his eyes open for", "keeps her eyes open for", "keeps their eyes open for", "keep one's eyes open", "keep your eyes open", "keep his eyes open", "keep her eyes open", "keep their eyes open", "keeping one's eyes open", "keeping your eyes open", "keeping his eyes open", "keeping her eyes open", "keeping their eyes open", "kept one's eyes open", "kept your eyes open", "kept his eyes open", "kept her eyes open", "kept their eyes open", "keeps one's eyes open", "keeps your eyes open", "keeps his eyes open", "keeps her eyes open", "keeps their eyes open", "keep one's eyes peeled (for)", "keep one's eyes peeled for", "keep your eyes peeled for", "keep his eyes peeled for", "keep her eyes peeled for", "keep their eyes peeled for", "keeping one's eyes peeled for", "keeping your eyes peeled for", "keeping his eyes peeled for", "keeping her eyes peeled for", "keeping their eyes peeled for", "kept one's eyes peeled for", "kept your eyes peeled for", "kept his eyes peeled for", "kept her eyes peeled for", "kept their eyes peeled for", "keeps one's eyes peeled for", "keeps your eyes peeled for", "keeps his eyes peeled for", "keeps her eyes peeled for", "keeps their eyes peeled for", "keep one's eyes peeled", "keep your eyes peeled", "keep his eyes peeled", "keep her eyes peeled", "keep their eyes peeled", "keeping one's eyes peeled", "keeping your eyes peeled", "keeping his eyes peeled", "keeping her eyes peeled", "keeping their eyes peeled", "kept one's eyes peeled", "kept your eyes peeled", "kept his eyes peeled", "kept her eyes peeled", "kept their eyes peeled", "keeps one's eyes peeled", "keeps your eyes peeled", "keeps his eyes peeled", "keeps her eyes peeled", "keeps their eyes peeled"], "syns": [["beware (of)", "guard (against)", "look out (for)", "mind", "ware", "watch out (for)"]], "ants": [], "offensive": false}, "hwi": {"hw": "keep one's eyes open (for)"}, "vrs": [{"vl": "or", "va": "keep one's eyes peeled (for)"}], "fl": "phrase", "def": [{"sseq": [[["sense", {"dt": [["text", "to be cautious of or on guard against "], ["vis", [{"t": "Mother always warned us to {it}keep our eyes open for{/it} for other dangerous drivers."}, {"t": "The officer {it}kept her eyes peeled{/it} for any signs of suspicious activity in the neighborhood."}]]], "syn_list": [[{"wd": "beware (of)"}, {"wd": "guard (against)"}, {"wd": "look out (for)"}, {"wd": "mind"}, {"wd": "ware"}, {"wd": "watch out (for)"}]], "rel_list": [[{"wd": "attend"}, {"wd": "heed"}, {"wd": "mark"}, {"wd": "note"}, {"wd": "notice"}], [{"wd": "behold"}, {"wd": "discern"}, {"wd": "observe"}, {"wd": "perceive"}, {"wd": "see"}, {"wd": "watch"}]], "phrase_list": [[{"wd": "be on the lookout for", "wvrs": [{"wvl": "or", "wva": "keep a lookout for"}]}]], "near_list": [[{"wd": "discount"}, {"wd": "disregard"}, {"wd": "ignore"}, {"wd": "miss"}, {"wd": "overlook"}]]}]]]}], "shortdef": ["to be cautious of or on guard against"]}]